Wavelength [nm],#33-Jaune.csv
400.08,0.0965212702391536
400.29,0.05664500083071956
400.5,0.09615777183627343
400.71,0.06590088355296579
400.92,0.07244659791100248
401.13,0.10108484185452454
401.34,0.054709351893862015
401.54,0.10074928131733638
401.75,0.07976063018190663
401.96,0.052025314608435985
402.17,0.05506657997261742
402.38,0.0946426351771287
402.59,0.021773760217594997
402.8,0.0466895278290689
403.01,0.09369375488165183
403.22,0.06353117054915446
403.43,0.0819759917890134
403.63,0.07336475991608817
403.84,0.018831184028834276
404.05,0.05266542838356064
404.26,0.03201065296462035
404.47,0.014256818638182468
404.68,0.07871342588056895
404.89,0.05487837593955628
405.1,0.08880423388643167
405.31,0.09890985606518483
405.52,0.06177358578884551
405.72,0.08283315477818075
405.93,0.08291784343118692
406.14,0.03976294033968254
406.35,0.0592389136246292
406.56,0.08935068298051406
406.77,0.03323563018530483
406.98,0.07019529080667593
407.19,0.041919135037729524
407.39,0.0661942660885893
407.6,0.06331917721276355
407.81,0.07520692893858992
408.02,0.012399739311561067
408.23,0.08557824615048601
408.44,0.045182058983815616
408.65,0.06454204024922393
408.86,0.04396924451305985
409.06,0.05941487086761553
409.27,0.034404775312535246
409.48,0.05588326212243762
409.69,0.05609274254824918
409.9,0.07799102723965502
410.11,0.08815419000899832
410.32,0.05354938472133793
410.52,0.08412494937136991
410.73,0.057453473373871425
410.94,0.045500317462885194
411.15,0.03708999469966846
411.36,0.011577176537028316
411.57,0.07731590558390462
411.78,0.08241569792074378
411.98,0.036195819008493585
412.19,0.0469412267665561
412.4,0.06464685833369793
412.61,0.03551431831973959
412.82,0.08138524990809978
413.03,0.050461607840026096
413.23,0.0972324066120551
413.44,0.05988708131568268
413.65,0.03968268692048254
413.86,0.05879374923368393
414.07,0.06629047588634635
414.28,0.02590428641922072
414.48,0.04927716461992854
414.69,0.06983811493494288
414.9,0.06779508839867435
415.11,0.08036204362353067
415.32,0.06386811527580012
415.53,0.052168190454236214
415.73,0.06257145386726617
415.94,0.05945392366635581
416.15,0.045881312239699046
416.36,0.01725690898195924
416.57,0.08478787502329341
416.78,0.06340695996111509
416.98,0.07151017845605766
417.19,0.07481002092208965
417.4,0.06290114555948277
417.61,0.06935129759246406
417.82,0.045592590496670665
418.02,0.030430664660983937
418.23,0.07252492143042262
418.44,0.0462720112722219
418.65,0.06860518278743992
418.86,0.06243562159217004
419.07,0.03845287796739058
419.27,0.0242757734369599
419.48,0.01592920353982305
419.69,0.06541260823926155
419.9,0.06386470502112711
420.11,0.0433714149508677
420.31,0.043756902076506725
420.52,0.05874143661981517
420.73,0.06962198935644925
420.94,0.05448412051128105
421.15,0.0906367483128317
421.35,0.06765089428292234
421.56,0.05331488773012667
421.77,0.06831537790026794
421.98,0.03925268857368368
422.19,0.0603747655393987
422.39,0.05830415383943952
422.6,0.0346239330344133
422.81,0.04940829464218714
423.02,0.055334479182739094
423.22,0.05597443180856362
423.43,0.04864831129926464
423.64,0.05539821621492671
423.85,0.04524654870509934
424.06,0.04428060722597543
424.26,0.07099538249155046
424.47,0.048766107401992394
424.68,0.0751876695563118
424.89,0.058267419594992216
425.09,0.02023575447586905
425.3,0.07597734631049079
425.51,0.039163070554558664
425.72,0.06045744684331582
425.93,0.05890259106082449
426.13,0.03951342523195723
426.34,0.04859625183957347
426.55,0.07542380592308588
426.76,0.04621096682833803
426.96,0.06494601723918142
427.17,0.03051363536499708
427.38,0.04703951293288319
427.59,0.059951465966503595
427.79,0.06772319717986056
428.0,0.036503887832552706
428.21,0.04995676218608013
428.42,0.05296544909467421
428.62,0.03556357171828752
428.83,0.0389378663893787
429.04,0.04647767102000747
429.25,0.03394106726329322
429.45,0.04598705968557359
429.66,0.04976661918526358
429.87,0.08484388376488075
430.08,0.041227400417777164
430.28,0.07041117024881952
430.49,0.049918225742938555
430.7,0.05542113951802391
430.91,0.053571054951952565
431.11,0.05844891592383681
431.32,0.04767435380793588
431.53,0.03497095873207693
431.74,0.05053853907219675
431.94,0.06027528066896752
432.15,0.04948328475326743
432.36,0.04423263979155777
432.56,0.06384172863757545
432.77,0.048787682142646484
432.98,0.04156613442910044
433.19,0.04681036606255542
433.39,0.05165499763024436
433.6,0.05330839064066914
433.81,0.03871556008907098
434.02,0.05854704098109675
434.22,0.023530392639389837
434.43,0.03407433763811282
434.64,0.03399790757281138
434.84,0.04358554582769832
435.05,0.021406279613367895
435.26,0.04326486722436782
435.47,0.04439903000486074
435.67,0.04027532866827845
435.88,0.03969400021106987
436.09,0.030522530627228078
436.29,0.023749160489604966
436.5,0.0641341562948998
436.71,0.03218967000593987
436.92,0.01990338747356486
437.12,0.05027587222287384
437.33,0.03952430382017867
437.54,0.04372497883645646
437.74,0.04952008750261159
437.95,0.05705042876084327
438.16,0.049467051832524554
438.36,0.06832586823095423
438.57,0.042657869980325384
438.78,0.03848236588816884
438.99,0.03524570513521757
439.19,0.030143911483110995
439.4,0.037367664769326604
439.61,0.040498732347789904
439.81,0.05735680620885389
440.02,0.06419688313256092
440.23,0.03815485872961106
440.43,0.014779117606005358
440.64,0.02567203411681223
440.85,0.05577870241503395
441.05,0.04875386882651447
441.26,0.049384981706254744
441.47,0.039608633258985816
441.67,0.014738867919413994
441.88,0.037279117502035414
442.09,0.02319357104132022
442.29,0.0429624064627993
442.5,0.04058163823849232
442.71,0.03945994033242027
442.91,0.009461585679914794
443.12,0.06278165743575632
443.33,0.03883915024574636
443.53,0.01650447459927432
443.74,0.0392044877366051
443.95,0.04750894936022835
444.15,0.0348486429251639
444.36,0.031300541864558426
444.57,0.030418637199905212
444.77,0.04588927356418473
444.98,0.03464052138067975
445.19,0.03957704271731825
445.39,0.027714205907137367
445.6,0.05524017219250124
445.81,0.028248756879172745
446.01,0.054900901584637146
446.22,0.036239396270162434
446.43,0.04785762724917587
446.63,0.025562418676348668
446.84,0.02551634563226814
447.05,0.03957704271731825
447.25,0.030432377915866893
447.46,0.038598908731261206
447.67,0.035314255597506596
447.87,0.04074525173865674
448.08,0.028238878911268122
448.28,0.05409620253164559
448.49,0.03937243117018919
448.7,0.037177074608682435
448.9,0.022772335667331986
449.11,0.01624102299092572
449.32,0.025701641535350393
449.52,0.03616434400859214
449.73,0.03834573204262253
449.93,0.03376026931523038
450.14,0.030731795424426757
450.35,0.035384109694005295
450.55,0.025863313340850586
450.76,0.04287949921752741
450.97,0.025019823318848014
451.17,0.036506051044627695
451.38,0.050084548699433
451.58,0.03265950124424209
451.79,0.03399382752856467
452.0,0.038683802791456896
452.2,0.04387109329234755
452.41,0.04389009328925557
452.62,0.030853645367470747
452.82,0.015305963273175797
453.03,0.01511222658309166
453.23,0.026322009497410793
453.44,0.04059777978018477
453.65,0.03753674726884494
453.85,0.027630281003955814
454.06,0.020857589178626405
454.26,0.029191690164239552
454.47,0.024757202325454895
454.68,0.029783667170754435
454.88,0.018093212797539886
455.09,0.006229379464730482
455.29,0.04611413544486819
455.5,0.02971432681406166
455.71,0.0430050116105025
455.91,0.029327024565020208
456.12,0.01744384904799911
456.32,0.02158700805602827
456.53,0.02258201626124549
456.73,0.042347851945984206
456.94,0.0436888959172473
457.15,0.020317828205590985
457.35,0.029776999690830586
457.56,0.02106262250336506
457.76,0.02513179895291787
457.97,0.03698509177890822
458.18,0.03193056063717714
458.38,0.012105649955780498
458.59,0.032115639956493476
458.79,0.023080152569473617
459.0,0.042024169350418944
459.2,0.019221707408932077
459.41,0.018500483486221093
459.62,0.04012278162685658
459.82,0.021441104824559087
460.03,0.01736007532642843
460.23,0.030915057348692262
460.44,0.03488434507226379
460.64,0.013685450126531551
460.85,0.029594709510167367
461.06,0.03872849847886717
461.26,0.03974827251517493
461.47,0.03240173309556751
461.67,0.014904207346361411
461.88,0.03322126015542941
462.08,0.041946364351784816
462.29,0.028612964357103934
462.49,0.01757173677987003
462.7,0.03649356869301905
462.91,0.02490953707229693
463.11,0.023396148016639376
463.32,0.022968651341635678
463.52,0.011429908880333827
463.73,0.0274060152155697
463.93,0.021309620539612887
464.14,0.02291488426942911
464.34,0.011032106894054912
464.55,0.03516189932841648
464.75,0.016063379748805364
464.96,0.02473359732991446
465.16,0.028281770491895345
465.37,0.01272350481730596
465.58,0.024116417555019046
465.78,0.019545010620061344
465.99,0.025580896348849295
466.19,0.020617627273799052
466.4,0.026072552779318057
466.6,0.012379272500361705
466.81,0.00729087540199205
467.01,0.022151420494327327
467.22,0.02084248050705739
467.42,0.006922024439396915
467.63,0.019365853593775115
467.83,0.008606108907822426
468.04,0.026796817952684286
468.24,0.015715698527992646
468.45,0.019146219356475324
468.65,0.020194026642946516
468.86,0.02269689832638514
469.06,0.027389974572562432
469.27,0.024007085526762083
469.47,0.0122740168170553
469.68,0.021332367048881314
469.88,0.0204554177599084
470.09,0.01048526561913883
470.29,0.019913542967747853
470.5,0.013447951491275159
470.7,0.025657008779719038
470.91,0.005387204594947876
471.11,0.02000059486630381
471.32,0.018058677987673046
471.52,0.018430812735912714
471.73,0.017862233735104104
471.93,0.012978124391421774
472.14,0.01371099663407954
472.34,0.016177489921646707
472.55,0.010680567118832605
472.75,0.017334254817994135
472.96,0.013410954480435111
473.16,0.024643066046413267
473.37,0.02077569022758933
473.57,0.022594732820127486
473.78,0.01580951326994774
473.98,0.020320147980945648
474.19,0.024968108604472253
474.39,0.014822649264979339
474.6,0.02554622565714165
474.8,0.016684444704583516
475.01,0.017922275524641745
475.21,0.021052120808811817
475.42,0.022858038372847975
475.62,0.028285376198522585
475.83,0.0112552131741379
476.03,0.012637618744378732
476.24,0.016475057110460607
476.44,0.024345296638489552
476.64,0.015122130822474694
476.85,0.01673197880158106
477.05,0.01666583994336195
477.26,0.020943877988485165
477.46,0.014700602403645723
477.67,0.025177784127836916
477.87,0.009467576096915412
478.08,0.02363987595865635
478.28,0.018347332199432475
478.49,0.027126336067666134
478.69,0.030656188392692886
478.9,0.02022495732306003
479.1,0.025821904964732783
479.3,0.031195601256735393
479.51,0.027596734313993725
479.71,0.0297279996616365
479.92,0.028691076719897363
480.12,0.035884016891448774
480.33,0.0332631510622675
480.53,0.04457420916790172
480.74,0.04080768202660746
480.94,0.03396952223722648
481.14,0.034876511036210825
481.35,0.045392946896089664
481.55,0.05445978963501889
481.76,0.0472213761329269
481.96,0.05208983472536173
482.17,0.05777483405035465
482.37,0.04749563932046789
482.57,0.06397164910859302
482.78,0.06450017564701732
482.98,0.06722053769068763
483.19,0.07676038678392652
483.39,0.08262670602626357
483.6,0.0772733286532999
483.8,0.07699669759512442
484.0,0.08409581833484536
484.21,0.09926796368687271
484.41,0.10467053496698007
484.62,0.10276677280872329
484.82,0.09922865040688988
485.02,0.11910634742484816
485.23,0.11178509591577572
485.43,0.12747384806755052
485.64,0.1335138627714234
485.84,0.135573699589503
486.05,0.1446493247396379
486.25,0.15321730446828574
486.45,0.152267384920133
486.66,0.15756730637399974
486.86,0.1690213871674333
487.07,0.1805320096188973
487.27,0.18158268820910897
487.47,0.18561330078983107
487.68,0.19885784079092875
487.88,0.20447245337509595
488.09,0.22529596414081127
488.29,0.2228264752286313
488.49,0.23274426549633148
488.7,0.23026331659339822
488.9,0.23302203402575786
489.1,0.25706311396034826
489.31,0.260669800107981
489.51,0.2622068621306763
489.72,0.2746361046970459
489.92,0.2801496620887159
490.12,0.2935428039721934
490.33,0.29295544767070025
490.53,0.30637613364854616
490.74,0.3177803464458083
490.94,0.31538715593407074
491.14,0.3346515303424026
491.35,0.33955313767832446
491.55,0.34332082004189507
491.75,0.3493701147199182
491.96,0.34879858758421706
492.16,0.36371783335675656
492.36,0.381347907187772
492.57,0.3921688238152611
492.77,0.389103748478064
492.98,0.3940118646261307
493.18,0.3900143814582716
493.38,0.4088311051291439
493.59,0.41997595815138344
493.79,0.42014153041493163
493.99,0.43646780618263736
494.2,0.4334196289965061
494.4,0.4540545762741637
494.6,0.45192285728175413
494.81,0.4561787051917964
495.01,0.46013508123332814
495.22,0.45878668052775534
495.42,0.4770537280670168
495.62,0.47610747304102147
495.83,0.49398892774059605
496.03,0.49123548636818204
496.23,0.5084284925193849
496.44,0.5030676500739162
496.64,0.5081535699907749
496.84,0.5178507046473175
497.05,0.5334101101306208
497.25,0.5380265310403274
497.45,0.5331194800634314
497.66,0.5439835886699825
497.86,0.5311583971750893
498.06,0.5518762613681821
498.27,0.5513432495664079
498.47,0.564094691049214
498.67,0.556529683947639
498.88,0.5714375874999932
499.08,0.5799631441894597
499.28,0.5917071960213989
499.49,0.5895682161392838
499.69,0.5867813306213855
499.89,0.5842130744855005
500.1,0.5995396982747482
500.3,0.6147283550035676
500.5,0.6002093156300753
500.7,0.61607576506447
500.91,0.6259114933760966
501.11,0.6258230275468594
501.31,0.6278395246063092
501.52,0.6343273515224319
501.72,0.6469434903773822
501.92,0.6355313477182922
502.13,0.6328536277050563
502.33,0.6393762685078014
502.53,0.6578681400395281
502.74,0.6398485983294229
502.94,0.6690590770001039
503.14,0.6586200153824093
503.34,0.6446541987689265
503.55,0.6543767732321087
503.75,0.6752185292971763
503.95,0.6682205803446704
504.16,0.6991280225087579
504.36,0.6717659807697024
504.56,0.6934620698829326
504.76,0.7005342795512326
504.97,0.6875663480920041
505.17,0.7174671782363958
505.37,0.7068316156075255
505.58,0.6996209788294805
505.78,0.7039550366816507
505.98,0.7157890530574499
506.18,0.7192469331391687
506.39,0.7101148512823139
506.59,0.7092822638929732
506.79,0.7110990374171846
507.0,0.7157462779503505
507.2,0.7157731981643186
507.4,0.7384243613745101
507.6,0.7320510116618266
507.81,0.735490404401062
508.01,0.7189934095255746
508.21,0.7357721489319793
508.41,0.7274628172289729
508.62,0.7135569676342122
508.82,0.7411041978888019
509.02,0.7464525228246794
509.23,0.7400998347372845
509.43,0.7392634148574954
509.63,0.7423394862243543
509.83,0.7466719867574452
510.04,0.7668893801966152
510.24,0.7541783994581532
510.44,0.7560800841143499
510.64,0.7606758866971447
510.85,0.7679262738910604
511.05,0.7631552099364995
511.25,0.7607235262536954
511.45,0.7740660632431612
511.66,0.7536421499791501
511.86,0.7708393002489
512.06,0.7594786197701824
512.26,0.7583588443564685
512.46,0.7684132325265534
512.67,0.7802103042576447
512.87,0.7719644430011999
513.07,0.7927961845592989
513.27,0.7829388709267452
513.48,0.7719791072491197
513.68,0.7683896362888883
513.88,0.7851791852318969
514.08,0.7799071282578268
514.29,0.7541749670215356
514.49,0.7631686561995497
514.69,0.7857445888742507
514.89,0.7797354411465146
515.09,0.7748796823390424
515.3,0.791464878625141
515.5,0.800872747606729
515.7,0.798162118567224
515.9,0.7964874534372203
516.11,0.7974069869138443
516.31,0.793604098398077
516.51,0.7924232331641712
516.71,0.8017966982096792
516.91,0.7803063749330073
517.12,0.7903902080648811
517.32,0.7845001258856803
517.52,0.7981142219929855
517.72,0.7748525130044017
517.92,0.8117767427668351
518.13,0.8016828001946417
518.33,0.8037887944221801
518.53,0.7965750934851584
518.73,0.8013969446008763
518.93,0.8022708538754345
519.14,0.8152277913184997
519.34,0.8031057606072779
519.54,0.8155762859315796
519.74,0.8120799057166621
519.94,0.8128969496048505
520.15,0.8266512566918658
520.35,0.8041903094370214
520.55,0.8280378958263176
520.75,0.8206032037115077
520.95,0.8232690996294162
521.16,0.8151409422031809
521.36,0.8412638209669957
521.56,0.8206353237054929
521.76,0.8227913532884239
521.96,0.8093297809090337
522.16,0.8024076520738469
522.37,0.7992348592970893
522.57,0.8301785337609549
522.77,0.817977066074893
522.97,0.8289883312635895
523.17,0.8241595579087693
523.37,0.8048640404740245
523.58,0.8153515298065653
523.78,0.8244813428133064
523.98,0.8155178909810376
524.18,0.8128203427237637
524.38,0.8227523579282937
524.58,0.824627738501848
524.79,0.8264869763443338
524.99,0.8304123729788865
525.19,0.8388807637483099
525.39,0.8119440560415918
525.59,0.82358297778572
525.79,0.8363760060386829
526.0,0.8279692895724707
526.2,0.8097746969758647
526.4,0.8215800103013314
526.6,0.8212765003896363
526.8,0.8275610600656766
527.0,0.8297867116488962
527.2,0.8130686074111253
527.41,0.8140022981631879
527.61,0.8226521276797532
527.81,0.826238536938259
528.01,0.8526264473270725
528.21,0.8506435895400619
528.41,0.8189247485401202
528.61,0.8391367034222661
528.82,0.8328204917304534
529.02,0.8315284026296782
529.22,0.8527483391039659
529.42,0.8174003190333583
529.62,0.8286633348409751
529.82,0.8489976654671737
530.02,0.8254256136235845
530.22,0.8279666983242284
530.43,0.8370270887292882
530.63,0.8403836123470427
530.83,0.8306180124138968
531.03,0.8381333623260767
531.23,0.8502392598543784
531.43,0.8356305179052496
531.63,0.8432191679673919
531.83,0.8342830746701781
532.03,0.8474782658165355
532.24,0.8445266791765229
532.44,0.8321307014189046
532.64,0.8447028481189067
532.84,0.8314892988379137
533.04,0.8213428255088104
533.24,0.8364633482002783
533.44,0.8482790753726569
533.64,0.8330206256182122
533.84,0.8398489261990864
534.04,0.8471604067626336
534.25,0.848073437572272
534.45,0.8305812674340197
534.65,0.8407254247727768
534.85,0.856374899399285
535.05,0.8418238663182721
535.25,0.8414021163510939
535.45,0.853615733004515
535.65,0.8540804747316234
535.85,0.8558804917475262
536.05,0.8773140631642187
536.25,0.847693228519973
536.46,0.8492301390058403
536.66,0.8415690565725605
536.86,0.8488611497583906
537.06,0.8390429862359647
537.26,0.8493518486914442
537.46,0.8598171872834646
537.66,0.8405478946955135
537.86,0.8445308127915365
538.06,0.8353715359746
538.26,0.8378774114048569
538.46,0.8568099874911089
538.66,0.8461036639199244
538.86,0.8289811304008169
539.07,0.8426973452115574
539.27,0.8515961153825443
539.47,0.8392899649743258
539.67,0.8385606321320543
539.87,0.8491243983886864
540.07,0.8479820505711583
540.27,0.8618406051026792
540.47,0.850018207261954
540.67,0.8538759127336627
540.87,0.8436164789303001
541.07,0.867775370518642
541.27,0.8593186115361292
541.47,0.8548789756544836
541.67,0.8543148428494746
541.87,0.8512807703750002
542.07,0.8536162967842086
542.27,0.8579074185891364
542.47,0.8613192745579973
542.67,0.8547190448554203
542.87,0.8401891389124361
543.08,0.844709152076226
543.28,0.8460301712896868
543.48,0.856335659025108
543.68,0.8583342400869244
543.88,0.8599544349285388
544.08,0.8620206305104112
544.28,0.8532027285024896
544.48,0.8386082769348252
544.68,0.8663974272108713
544.88,0.8652330201415614
545.08,0.8760402205072346
545.28,0.8730308387046375
545.48,0.8610120329018045
545.68,0.8445080498465537
545.88,0.8481478805754037
546.08,0.8525694548489358
546.28,0.8606021198280178
546.48,0.8528339138907012
546.68,0.8487993298761888
546.88,0.8607409442164881
547.08,0.8720808248862045
547.28,0.845091473966035
547.48,0.8458049989713817
547.68,0.8871439635972644
547.88,0.871157677659955
548.08,0.8779881760147522
548.28,0.8629944560911698
548.48,0.8617644394621747
548.68,0.8614887303940081
548.88,0.8527699223735922
549.08,0.8663037638068444
549.28,0.8676816534219468
549.48,0.8566266416354937
549.68,0.8663318339796281
549.88,0.8667705150959591
550.08,0.8547452667679024
550.28,0.8664921554502626
550.48,0.8664363438826933
550.68,0.8628262285079663
550.88,0.8593688770457347
551.08,0.874470929732406
551.28,0.8602375412333081
551.48,0.868002329521629
551.68,0.8622939902700285
551.88,0.8503172039234965
552.08,0.8665269045254886
552.28,0.8630926745196719
552.48,0.8277826109559768
552.68,0.8527521176595216
552.88,0.8498445258963211
553.08,0.8742733715747215
553.28,0.8469211788821173
553.48,0.8694258857070493
553.68,0.8643625365230605
553.88,0.8828076553821994
554.08,0.857866043470371
554.28,0.8837460636121035
554.47,0.872939573026757
554.67,0.8812681959337018
554.87,0.876524891921645
555.07,0.8802441667578214
555.27,0.8563904397557913
555.47,0.8502696442236138
555.67,0.8664603507987024
555.87,0.8627056651951095
556.07,0.8624620286356035
556.27,0.8544161792495604
556.47,0.8553104619907309
556.67,0.8540864656199898
556.87,0.8623835024693951
557.07,0.8630202484030891
557.27,0.8617498117301352
557.47,0.8814447941478256
557.67,0.8675459211745072
557.87,0.8763655098930844
558.07,0.8784391945320508
558.26,0.8634542305405475
558.46,0.8572363931496704
558.66,0.8616797724429252
558.86,0.8629024186518804
559.06,0.8791476431073402
559.26,0.861383740213003
559.46,0.8616756803202277
559.66,0.8619990963234423
559.86,0.873587881715999
560.06,0.8667268579738168
560.26,0.9032075421482318
560.46,0.8581448753433428
560.66,0.857135424685315
560.86,0.867536097613579
561.05,0.8579983080279621
561.25,0.8614654423248719
561.45,0.8748933846501955
561.65,0.8550663411249053
561.85,0.8628629175718413
562.05,0.8432667761286027
562.25,0.8529248132111513
562.45,0.8660511132962027
562.65,0.8730342891527901
562.85,0.875091996800974
563.05,0.8589339222348972
563.24,0.8689930726552807
563.44,0.8755077542964231
563.64,0.8582665335120596
563.84,0.8640284263800839
564.04,0.8611120945693437
564.24,0.8443661390550374
564.44,0.871167392607336
564.64,0.8665818922559276
564.84,0.8621026356231067
565.03,0.8569521909452262
565.23,0.8692397983988762
565.43,0.8761849788215799
565.63,0.8664250873825475
565.83,0.8449482243208405
566.03,0.8698836001012933
566.23,0.8736509655867367
566.43,0.8594500956906386
566.63,0.8627090608993768
566.82,0.8635177055772948
567.02,0.8626870496647405
567.22,0.85858645338449
567.42,0.8510724943694173
567.62,0.8592245375741918
567.82,0.8715228851948764
568.02,0.8724572520126667
568.22,0.8518728165581916
568.41,0.878976518130073
568.61,0.8790323117040966
568.81,0.8683837308102719
569.01,0.8794989559538314
569.21,0.8707897420442692
569.41,0.8763424334330312
569.61,0.8673777524649474
569.8,0.8841492793313858
570.0,0.8679576353473387
570.2,0.8780778267503495
570.4,0.8812906172193792
570.6,0.8850593899445816
570.8,0.867158658687876
571.0,0.8721248913444604
571.19,0.8822364751119477
571.39,0.8539561298762799
571.59,0.8554456205974267
571.79,0.8715592779541874
571.99,0.8833872643931611
572.19,0.879797890074127
572.38,0.8660551165713853
572.58,0.8755183304997075
572.78,0.876421954371045
572.98,0.861841401367339
573.18,0.8773887329189736
573.38,0.8831446633572012
573.57,0.8556775739816532
573.77,0.8694420907334638
573.97,0.8771344074950206
574.17,0.8726025856140172
574.37,0.8860908691964182
574.57,0.8784019613275165
574.76,0.8701049796432669
574.96,0.8734245977407048
575.16,0.8678515184832437
575.36,0.8762655569279196
575.56,0.8763517563364416
575.75,0.8753722653030866
575.95,0.88227978592961
576.15,0.8680194667924517
576.35,0.8725142103263379
576.55,0.8781819171490516
576.74,0.8709246544217237
576.94,0.8732744940216125
577.14,0.8806465262956317
577.34,0.8715030239393644
577.54,0.8821280465761241
577.74,0.8706766239825419
577.93,0.8767900794625894
578.13,0.8663783421543205
578.33,0.8627603515966815
578.53,0.8584507515747272
578.72,0.8570033741354091
578.92,0.8662892254817495
579.12,0.8967609461887744
579.32,0.8736559515272098
579.52,0.8914105995836468
579.71,0.8766227300428029
579.91,0.8776032103131619
580.11,0.8776341860870274
580.31,0.8906062357091671
580.51,0.8788332325045034
580.7,0.8853153055594231
580.9,0.8803029199491181
581.1,0.8963050134029248
581.3,0.8873075483797414
581.49,0.8732926325726053
581.69,0.8570184106981662
581.89,0.8703639591700371
582.09,0.8871154499386846
582.29,0.8791594545739185
582.48,0.8806221032648954
582.68,0.873637178658974
582.88,0.8815344269213947
583.08,0.876264807723929
583.27,0.8714673380556226
583.47,0.8749234823192302
583.67,0.8651187455913374
583.87,0.8704248316859927
584.06,0.8835030461726928
584.26,0.8768316661658009
584.46,0.8793867699841322
584.66,0.8673079644464942
584.85,0.8651022778989119
585.05,0.8666163861677001
585.25,0.8829759137700217
585.45,0.8817226551992988
585.64,0.8777451504954819
585.84,0.8806528839522441
586.04,0.8598528335861161
586.24,0.8674779851479127
586.43,0.890881262470302
586.63,0.8670156916488165
586.83,0.8749586851204777
587.03,0.8686107458430107
587.22,0.8635450340427597
587.42,0.8840549438961951
587.62,0.8736592240032045
587.82,0.8780404490623516
588.01,0.8645023047332018
588.21,0.8755456176751915
588.41,0.8725189195871772
588.6,0.8873209793269715
588.8,0.8869812973625795
589.0,0.8746560172386109
589.2,0.8805675180911376
589.39,0.8685824331777197
589.59,0.88963795916747
589.79,0.8664295140669261
589.98,0.8746198300161334
590.18,0.889176780084187
590.38,0.8752467395980803
590.58,0.8896456686840224
590.77,0.8750758644840186
590.97,0.8587958109756078
591.17,0.87453054620472
591.36,0.8614087605557469
591.56,0.8772633475068315
591.76,0.8671204382146893
591.96,0.8748322385155447
592.15,0.8810948336604467
592.35,0.8834875203164921
592.55,0.8799272456394984
592.74,0.8973995828034677
592.94,0.8784154207793005
593.14,0.8873680715121236
593.33,0.8799905153783774
593.53,0.8714931205882362
593.73,0.8857828501530194
593.92,0.8769624220058271
594.12,0.8921479146801979
594.32,0.8606226534973719
594.51,0.8678536609816504
594.71,0.873024312003996
594.91,0.8928419461256201
595.11,0.8836205792082815
595.3,0.8772785441737599
595.5,0.8662350130436792
595.7,0.8855646340501184
595.89,0.8885811764316923
596.09,0.8731010588723963
596.29,0.8693473112253036
596.48,0.8775809993179321
596.68,0.8793929082186532
596.88,0.8942650326412325
597.07,0.8855990559736685
597.27,0.8811064886009975
597.47,0.8928993121192578
597.66,0.8833897704473102
597.86,0.8679075724865976
598.06,0.883374260597004
598.25,0.8824185492749129
598.45,0.8870478212054006
598.64,0.8840360440836862
598.84,0.8788352398060176
599.04,0.8811493108563229
599.23,0.8799060316814457
599.43,0.8806981668781115
599.63,0.873364732247505
599.82,0.8962543893227807
600.02,0.893635610884276
600.22,0.8822432837322848
600.41,0.8764247191064329
600.61,0.8847714297528079
600.81,0.876220275798244
601.0,0.8906095383118078
601.2,0.8575391106828149
601.39,0.8782517379428918
601.59,0.8862490637567935
601.79,0.8890677484410551
601.98,0.8868414332420698
602.18,0.8686047838744297
602.38,0.8989126162182257
602.57,0.8730360110895132
602.77,0.896477889837083
602.96,0.8998161213700566
603.16,0.8978614092267709
603.36,0.9019596032268692
603.55,0.890279358110042
603.75,0.8891880337246095
603.95,0.8844289824630499
604.14,0.8779565482822451
604.34,0.8825608028362988
604.53,0.883396629225005
604.73,0.8754420568643433
604.93,0.8868394800559446
605.12,0.8851012268820886
605.32,0.8823471415938314
605.51,0.8825981009438573
605.71,0.8907805741191425
605.91,0.8860228796630966
606.1,0.8728667553796572
606.3,0.8799210338369549
606.49,0.8877309192853616
606.69,0.884466379376074
606.89,0.8918965119583057
607.08,0.8866740380963167
607.28,0.8722622830466505
607.47,0.8984253268376031
607.67,0.8773908693054591
607.87,0.9020476640150036
608.06,0.8824050043148927
608.26,0.8833277451447112
608.45,0.9083693981332858
608.65,0.886078516190917
608.84,0.9054328055141518
609.04,0.8756515733189433
609.24,0.872071504520998
609.43,0.8843001807980672
609.63,0.8875381117213542
609.82,0.8936138996411697
610.02,0.889050426515426
610.21,0.8685048120784254
610.41,0.8933812718228459
610.61,0.8924422316456049
610.8,0.8984724588284223
611.0,0.8883277104963728
611.19,0.907223034750473
611.39,0.8863464481730777
611.58,0.8751461027358547
611.78,0.8926977200233492
611.98,0.8855945938581774
612.17,0.8958011471889901
612.37,0.8944289108740607
612.56,0.8879162628416359
612.76,0.9101561936420272
612.95,0.9043825791357785
613.15,0.887457172765521
613.34,0.8726714273556513
613.54,0.8845906058227977
613.73,0.876041497046904
613.93,0.8834412874733601
614.13,0.8800251258195836
614.32,0.8723098922378745
614.52,0.8653107695711401
614.71,0.8903116064757237
614.91,0.8815926382416512
615.1,0.885399310727577
615.3,0.8994178401689977
615.49,0.8850772685435979
615.69,0.8861443786409089
615.88,0.8820796856523438
616.08,0.8953156169339287
616.27,0.8682145166874813
616.47,0.8956446757215324
616.66,0.8932048443870467
616.86,0.8964835523330472
617.06,0.8925716456475535
617.25,0.8872768407804215
617.45,0.8781092677875111
617.64,0.8669621735957386
617.84,0.9073957034295057
618.03,0.8893383530558877
618.23,0.8897486855305978
618.42,0.878868728587726
618.62,0.8921314687075836
618.81,0.8781888798337775
619.01,0.8812863915663405
619.2,0.883343376096995
619.4,0.8899313061964164
619.59,0.8736281200280848
619.79,0.8713094988694402
619.98,0.8735388822594944
620.18,0.8680302593546777
620.37,0.8681813187317652
620.57,0.875178518659004
620.76,0.8822220348485453
620.96,0.898219008845678
621.15,0.8770177682151742
621.35,0.8863343939669621
621.54,0.8866367087891311
621.74,0.8769365536301484
621.93,0.8874762877189047
622.13,0.9004522508461598
622.32,0.8893856291001744
622.51,0.8986256866415021
622.71,0.8797195290497354
622.9,0.8793945882194751
623.1,0.8943421972014228
623.29,0.8822892703312366
623.49,0.8867064838517121
623.68,0.8846262981499914
623.88,0.8836594689999624
624.07,0.8767711196422403
624.27,0.8714643505844872
624.46,0.8904198215257562
624.66,0.8932841659961439
624.85,0.8764344626989765
625.05,0.8875634678592728
625.24,0.877079303065818
625.43,0.8987661271605432
625.63,0.8755582259942168
625.82,0.8702524605701123
626.02,0.8782598481756837
626.21,0.8673118233327892
626.41,0.8775524364766308
626.6,0.8811141570899813
626.8,0.8809172751563947
626.99,0.8939105247442578
627.19,0.8670953409566057
627.38,0.8837157492050242
627.57,0.8897122264236789
627.77,0.8929346355587892
627.96,0.873816994258082
628.16,0.8793506467505386
628.35,0.8910841932254004
628.55,0.8737672852631758
628.74,0.8770756881119424
628.93,0.8811645479715111
629.13,0.8831305342707404
629.32,0.8794969578271978
629.52,0.8859014125566316
629.71,0.8988069286467575
629.91,0.8860914115928301
630.1,0.8888253362590653
630.29,0.8824447785178098
630.49,0.8927277167032216
630.68,0.9086751727634543
630.88,0.894226690401493
631.07,0.8970488321976504
631.27,0.8787615602218722
631.46,0.8961389203025506
631.65,0.8860696045456694
631.85,0.8881698964069913
632.04,0.9088186984664125
632.24,0.881591703037126
632.43,0.866724669852435
632.62,0.8652850853316117
632.82,0.8883896576005219
633.01,0.8892063899058101
633.21,0.8663105256416188
633.4,0.8824606775611924
633.59,0.87110392689094
633.79,0.868582296381065
633.98,0.8872652179062996
634.18,0.899474613404803
634.37,0.901891893184307
634.56,0.8840396593129215
634.76,0.8855733802476278
634.95,0.8758163934550348
635.14,0.8882189887308827
635.34,0.8882227356850071
635.53,0.9100744769948078
635.73,0.9107325524616123
635.92,0.8967171429189861
636.11,0.8886556448985945
636.31,0.9003725583275625
636.5,0.8772182947562093
636.7,0.8888836535894228
636.89,0.8797762270679849
637.08,0.8839817727882455
637.28,0.8749611315820753
637.47,0.88758607221456
637.66,0.8824318255995677
637.86,0.8790280402762003
638.05,0.893919636997444
638.24,0.8789589183021959
638.44,0.8835549837689051
638.63,0.8792098090990267
638.83,0.8925814573906578
639.02,0.8999770683874183
639.21,0.8861420953311682
639.41,0.8799583580182632
639.6,0.8847103519308521
639.79,0.8942352479139158
639.99,0.8923686070772922
640.18,0.8855486784284943
640.37,0.8928064894030355
640.57,0.8760865329034307
640.76,0.8808990754154226
640.95,0.8748460745868284
641.15,0.9024568900556487
641.34,0.887768307889139
641.53,0.8823579812371621
641.73,0.8966668524626822
641.92,0.8837811343928619
642.11,0.8826604804960915
642.31,0.8705319387814628
642.5,0.8862308182422031
642.69,0.8787931235510154
642.89,0.8700164415135329
643.08,0.8795905128186009
643.27,0.8843890742100746
643.47,0.8749047402168082
643.66,0.8826886019792785
643.85,0.8648224563118629
644.05,0.8764482522030951
644.24,0.8863459019976054
644.43,0.8890958293693377
644.63,0.8883051085217151
644.82,0.8780229095757597
645.01,0.8822025791596741
645.2,0.8778123081783199
645.4,0.8738915643933509
645.59,0.8685988657978461
645.78,0.8787040210859851
645.98,0.8843040863670647
646.17,0.901275542473525
646.36,0.8874331646069528
646.56,0.8970757462597401
646.75,0.891688420169846
646.94,0.8954392000239103
647.13,0.8839236736867033
647.33,0.8961350996300409
647.52,0.9129692884969614
647.71,0.8728989636507292
647.91,0.8900337485896149
648.1,0.8886760412851997
648.29,0.8991849283107175
648.49,0.8846204356658245
648.68,0.886022100131124
648.87,0.9043673889932012
649.06,0.907651589317655
649.26,0.9013762026143682
649.45,0.9082111846142208
649.64,0.8793156163570558
649.83,0.8959720768981686
650.03,0.8962568569958761
650.22,0.8899602635424411
650.41,0.9000139697767807
650.61,0.8889875585202164
650.8,0.8983016203422478
650.99,0.8947710501173787
651.18,0.8933990687482881
651.38,0.8949598771639858
651.57,0.8948790528811813
651.76,0.907388818308108
651.95,0.9019448196927605
652.15,0.8972069506619702
652.34,0.9044324582983713
652.53,0.8674453082941339
652.72,0.8846060218654979
652.92,0.8923125113792758
653.11,0.8817721533536778
653.3,0.8844731893987826
653.49,0.8928149528873446
653.69,0.8931294793598534
653.88,0.891110711636657
654.07,0.9036635597435169
654.26,0.8929531891075891
654.46,0.8864391757520669
654.65,0.898727822000741
654.84,0.8906061214720303
655.03,0.8934969907935874
655.23,0.8979754288203017
655.42,0.9009926505646484
655.61,0.8925024364032983
655.8,0.9001575218127633
655.99,0.9065669772701391
656.19,0.8866397499727195
656.38,0.8891046633560016
656.57,0.8911735326717817
656.76,0.8869968163099393
656.96,0.888293280111719
657.15,0.9036762412944804
657.34,0.889334480466525
657.53,0.881603023431388
657.72,0.8866501631789486
657.92,0.9077599794222698
658.11,0.9015877855410124
658.3,0.8927432882612046
658.49,0.8945654988207843
658.68,0.8763302683596349
658.88,0.8922433512693665
659.07,0.8964543608597965
659.26,0.8972853273295298
659.45,0.886740153045164
659.64,0.8817871411213165
659.84,0.8882375462509593
660.03,0.8820951236669285
660.22,0.8855179324236229
660.41,0.912207723123791
660.6,0.8935157265186553
660.8,0.8810405616479322
660.99,0.882489155026157
661.18,0.8997816443923958
661.37,0.8985483145703991
661.56,0.9018402178888043
661.76,0.9117111984843209
661.95,0.8860105454109208
662.14,0.884669022410425
662.33,0.8988429494221711
662.52,0.8859803543785868
662.71,0.8700330333327132
662.91,0.8850152664672074
663.1,0.8976530674856196
663.29,0.8868449668105288
663.48,0.9014636607579293
663.67,0.8897337170553321
663.86,0.8901192327849264
664.06,0.8843173154488421
664.25,0.9130132153245402
664.44,0.9004366571621417
664.63,0.8866268935532037
664.82,0.8914046140689479
665.01,0.8962779873698741
665.21,0.9043135304276688
665.4,0.8921455244701821
665.59,0.9101743498134445
665.78,0.8950932646825934
665.97,0.8936636389435814
666.16,0.9043857366925263
666.35,0.9186374205677247
666.55,0.9172881683683389
666.74,0.9146076214147195
666.93,0.9042681712437434
667.12,0.8973222348557277
667.31,0.8810047279024068
667.5,0.8941272402218252
667.69,0.9076677374173182
667.89,0.9173385723414539
668.08,0.909586723221936
668.27,0.8913242972528711
668.46,0.9187275032582266
668.65,0.9104129469983703
668.84,0.9111883821848982
669.03,0.914908229968175
669.22,0.9077607087162812
669.42,0.8944499195591478
669.61,0.9110711568554017
669.8,0.9117718395277224
669.99,0.9162095849484518
670.18,0.8985757762995057
670.37,0.9019477368272962
670.56,0.9145245293125132
670.75,0.9170476710957339
670.94,0.8909051624066643
671.14,0.9012087004278218
671.33,0.897517243008399
671.52,0.893721423832948
671.71,0.8774513603873522
671.9,0.9098890891559831
672.09,0.8880950381434594
672.28,0.8919959305023237
672.47,0.8912335349029368
672.66,0.8978585186225639
672.85,0.9141200632907037
673.05,0.9181082392209211
673.24,0.9116539748252958
673.43,0.8914222718887342
673.62,0.9022769001985086
673.81,0.9062544531310338
674.0,0.8942991596908234
674.19,0.9037225063822442
674.38,0.888826859269241
674.57,0.8886253887995986
674.76,0.9053660229192348
674.95,0.9015507622491058
675.15,0.8928333837754253
675.34,0.9205869529264956
675.53,0.8980030241749463
675.72,0.8940281201797501
675.91,0.9005645655232455
676.1,0.8968038602844363
676.29,0.9091780880291398
676.48,0.9007314274523287
676.67,0.8925275716669128
676.86,0.8983865597137768
677.05,0.9000048981282793
677.24,0.8951257749511262
677.43,0.905242995168195
677.62,0.8914233646061849
677.81,0.8839974329361867
678.0,0.892084213673618
678.2,0.9058240158227251
678.39,0.8863439468125492
678.58,0.9081203770025339
678.77,0.8960269604730745
678.96,0.8835602726529944
679.15,0.8953868033367054
679.34,0.9094213221393864
679.53,0.9044337717610555
679.72,0.8940816445050923
679.91,0.9070993036713445
680.1,0.8875272223687195
680.29,0.9066989066552281
680.48,0.9152583642217512
680.67,0.9082021550770504
680.86,0.8904664170564919
681.05,0.9035958955825368
681.24,0.887193106084348
681.43,0.907838452078049
681.62,0.891464649852797
681.81,0.9081603699421965
682.0,0.8874786487260361
682.19,0.8921882235731483
682.38,0.9136368117834615
682.57,0.9103705245458737
682.76,0.8896123953196494
682.95,0.8894945532378963
683.14,0.9004400036222878
683.33,0.9092552525883763
683.52,0.8896769902353684
683.71,0.8952323603813754
683.9,0.8990837054105175
684.09,0.8872548212194784
684.28,0.9070777626112295
684.47,0.9015999967212418
684.66,0.9052293268676019
684.85,0.8887452188888555
685.04,0.9094609326691635
685.23,0.8893740622546422
685.42,0.9055590287871662
685.61,0.9105918439326531
685.8,0.8960001042269616
685.99,0.9280318626229718
686.18,0.9011651642151828
686.37,0.90891596602552
686.56,0.891874708996292
686.75,0.8857749797028994
686.94,0.8820206827301086
687.13,0.8903232515905734
687.32,0.8955957984258872
687.51,0.8941423122622202
687.7,0.8993746685579843
687.89,0.8942169642940577
688.08,0.8843657425351795
688.27,0.8968073740387261
688.46,0.91135968282136
688.65,0.9198182932544976
688.84,0.9135229997828247
689.03,0.9177759942540514
689.22,0.9089983851800795
689.41,0.9035377041733138
689.6,0.9069988066527859
689.79,0.8983670612957233
689.98,0.9289512501135764
690.17,0.9194919527343731
690.36,0.9080834725597746
690.55,0.8934212141528408
690.74,0.9112307512552764
690.93,0.9236444329334141
691.12,0.9207074511246596
691.31,0.9108830537611591
691.49,0.9146423831071472
691.68,0.9125732511124182
691.87,0.8967181889709869
692.06,0.9055822531664878
692.25,0.9282878984972661
692.44,0.9119514017575402
692.63,0.9295326832373622
692.82,0.9160991594730962
693.01,0.8828199057033351
693.2,0.9224386081278069
693.39,0.9088626409841724
693.58,0.9065916866842226
693.77,0.9267814414718701
693.96,0.9181190515180674
694.15,0.9078896099101313
694.33,0.8990506436543716
694.52,0.9218504375601662
694.71,0.9229823226480304
694.9,0.9309638166941495
695.09,0.9208066301354506
695.28,0.9124334935610484
695.47,0.8951824869154964
695.66,0.8934547770902661
695.85,0.8777522974804755
696.04,0.8937388175582377
696.23,0.907975504270921
696.42,0.9115489383422811
696.6,0.9101689509129463
696.79,0.9202461323129263
696.98,0.9244538942794821
697.17,0.9171330043553837
697.36,0.9050332506358109
697.55,0.8939591933768258
697.74,0.9108203693332307
697.93,0.9021325656795867
698.12,0.9269789809884762
698.31,0.90897801267434
698.49,0.8923374651575864
698.68,0.9146937228517772
698.87,0.885282750122334
699.06,0.9069144662024421
699.25,0.8960648537416047
699.44,0.9058820592648469
699.63,0.9078625852821275
699.82,0.9055772435143774
700.0,0.9142838897074926
700.19,0.8948732717772329
700.38,0.8961244584633953
700.57,0.9059821447837934
700.76,0.9012062064614116
700.95,0.8988828210463768
701.14,0.9031781813377467
701.33,0.9167254459218437
701.51,0.9126639575568437
701.7,0.8865576223348183
701.89,0.9114896413636365
702.08,0.9035494575420032
702.27,0.9162545581990147
702.46,0.9096771375202967
702.65,0.903515641697651
702.83,0.9038868551915266
703.02,0.896833237474674
703.21,0.9046040534648917
703.4,0.9087962877059474
703.59,0.9006310338140439
703.78,0.8978349959714115
703.97,0.9072844712479526
704.15,0.9120380325557726
704.34,0.906410868767992
704.53,0.9114934009874205
704.72,0.8965419809680253
704.91,0.8848536865523146
705.1,0.8946453324899579
705.28,0.9059194231033645
705.47,0.9002128125500038
705.66,0.9283606361238748
705.85,0.9083941314953314
706.04,0.9111582460159222
706.23,0.9288637254320294
706.41,0.9272017677229054
706.6,0.9294693981269091
706.79,0.923913405528835
706.98,0.9292989547354401
707.17,0.9209737586228012
707.35,0.9284377445116365
707.54,0.9113971238375934
707.73,0.9252861407325641
707.92,0.9031227679944115
708.11,0.9100763454179884
708.3,0.8945100098556502
708.48,0.8775213038670431
708.67,0.9059944768937264
708.86,0.8868876859925525
709.05,0.8888206586987832
709.24,0.8922039115357325
709.42,0.8923201443081915
709.61,0.8879809719876478
709.8,0.9025114208747737
709.99,0.9051398031444894
710.18,0.9060993527426976
710.36,0.8927288366749405
710.55,0.9020845131512347
710.74,0.8981802781879556
710.93,0.9094798326497746
711.12,0.9180002965791974
711.3,0.910341825729864
711.49,0.9129689007812196
711.68,0.9146927409683476
711.87,0.94079804163199
712.05,0.9227186109668707
712.24,0.8969080464957983
712.43,0.9062444669902394
712.62,0.8969126599202016
712.81,0.8996534550575677
712.99,0.8926902536041063
713.18,0.9196166338076057
713.37,0.9112831343858456
713.56,0.8961576207155417
713.74,0.9064946848869316
713.93,0.8881169690955429
714.12,0.8964260409881345
714.31,0.9086124945024856
714.49,0.9211323127673832
714.68,0.9065629210219373
714.87,0.9166711614545655
715.06,0.8852317927381993
715.24,0.8949265816042555
715.43,0.8846341973869106
715.62,0.8878448475745092
715.81,0.8872709178040712
715.99,0.8973335280051334
716.18,0.904918653835218
716.37,0.9296678032619075
716.56,0.9176705253164006
716.74,0.9068309078017318
716.93,0.9096441918265799
717.12,0.8973642683410096
717.31,0.9124525376660164
717.49,0.8804540122141206
717.68,0.8824606902480404
717.87,0.8731428972226749
718.06,0.8881082676680441
718.24,0.8963150391025855
718.43,0.8925292806865756
718.62,0.887365004261185
718.8,0.9065927615004349
718.99,0.9244781223869349
719.18,0.906940587046563
719.37,0.9280651444059598
719.55,0.9216315076986448
719.74,0.9062699961862424
719.93,0.9090851812625824
720.11,0.9073035566548182
720.3,0.8941444501565481
720.49,0.8899844882403621
720.68,0.889067048465732
720.86,0.8977317039075318
721.05,0.8905906968986144
721.24,0.9010754436264411
721.42,0.8922109099559156
721.61,0.9023142201443923
721.8,0.9048489282504326
721.98,0.9145296163448644
722.17,0.9095179676659757
722.36,0.913751902930524
722.55,0.8773117982866576
722.73,0.8720063112043405
722.92,0.8671902596511959
723.11,0.8842455391785108
723.29,0.889570166089176
723.48,0.893543545301694
723.67,0.8982880894470947
723.85,0.9063100110739688
724.04,0.898512543793343
724.23,0.9136536940585351
724.41,0.8936230811476219
724.6,0.8862275104317581
724.79,0.8918915105674246
724.97,0.8805329796139723
725.16,0.8933635567085771
725.35,0.8934626858228044
725.53,0.8772877548998117
725.72,0.9040360310188531
725.91,0.8876730144311875
726.09,0.8917127315268711
726.28,0.8927448754249764
726.47,0.9037759170777604
726.65,0.8985601324186364
726.84,0.9231103066008567
727.03,0.9363924334272121
727.21,0.9248769642479461
727.4,0.9188972091111333
727.59,0.9278354358351826
727.77,0.8922988999802794
727.96,0.8984799210679726
728.15,0.911157346235829
728.33,0.8923652289818573
728.52,0.920946375698601
728.7,0.9039223101614825
728.89,0.8878136851757424
729.08,0.9066556633005403
729.26,0.912790026678288
729.45,0.9119158197634696
729.64,0.9077129144871073
729.82,0.9070113821753935
730.01,0.8953018071612278
730.2,0.903034487396465
730.38,0.8989242358854873
730.57,0.8795221142940792
730.75,0.9075674704521833
730.94,0.9313968103875736
731.13,0.9321600772117139
731.31,0.915781130517831
731.5,0.9196804571668143
731.68,0.9256222056751992
731.87,0.919851186679384
732.06,0.8982349655808195
732.24,0.8968423921770236
732.43,0.9130486569103414
732.62,0.9050641504776142
732.8,0.897098418406347
732.99,0.9085219998154732
733.17,0.9193472907029764
733.36,0.9159552936995318
733.55,0.9157536874662281
733.73,0.9131727468896536
733.92,0.8838853750491082
734.1,0.8998663771123669
734.29,0.883375987381114
734.48,0.8996425981197289
734.66,0.9103627291558898
734.85,0.8887263589267059
735.03,0.8823525096502083
735.22,0.9033981066730381
735.4,0.8958235938312666
735.59,0.8993058497010515
735.78,0.8812515438227303
735.96,0.8936018831621416
736.15,0.9050714217853083
736.33,0.9133819242118697
736.52,0.8961502488937669
736.7,0.8900207441042526
736.89,0.9031608007318447
737.08,0.9002269735412499
737.26,0.9088450736793325
737.45,0.8853337599305777
737.63,0.9067610767249811
737.82,0.9033232936994526
738.0,0.8949368936373046
738.19,0.8883290992414382
738.38,0.8940436921220948
738.56,0.8803556724521576
738.75,0.9089997177119233
738.93,0.8853382833841681
739.12,0.8806139820378687
739.3,0.8908656982657501
739.49,0.9121999698984431
739.67,0.9024321856290994
739.86,0.8901718486539052
740.04,0.8921853536936203
740.23,0.8764659336396187
740.42,0.8926179291451128
740.6,0.8862722800891794
740.79,0.8958809889646744
740.97,0.8975462285495623
741.16,0.8940822415876961
741.34,0.9026835150961267
741.53,0.9010625246177426
741.71,0.935179142848441
741.9,0.9279227255250602
742.08,0.9329513789809313
742.27,0.9233305657461894
742.45,0.8894280910218297
742.64,0.9064536386053405
742.82,0.9129662739419792
743.01,0.8822180316760793
743.19,0.8982583915580649
743.38,0.9249944915019238
743.57,0.9116362382849943
743.75,0.9232930075615141
743.94,0.9143474500845896
744.12,0.9083051984627815
744.31,0.9283973499467619
744.49,0.9207849202224869
744.68,0.9176411013010123
744.86,0.9165589307127264
745.05,0.9053967573136225
745.23,0.9132344452594712
745.42,0.9219556259574186
745.6,0.9194392548798846
745.79,0.9079229911294692
745.97,0.8959706873475649
746.16,0.9133045522151955
746.34,0.8892019560342825
746.52,0.8747357063478964
746.71,0.8738341434947765
746.89,0.9051846007495388
747.08,0.8923230162240549
747.26,0.8983399867414753
747.45,0.8760984712721845
747.63,0.8894779603816787
747.82,0.8978471950101647
748.0,0.8904067207097964
748.19,0.9332719305590443
748.37,0.9240754722374942
748.56,0.9146105241745808
748.74,0.9043065054774642
748.93,0.8892337286763898
749.11,0.8915326429824459
749.3,0.9062518306607596
749.48,0.9000209532016133
749.67,0.9099647281226475
749.85,0.9062968410948138
750.03,0.9233565681058467
750.22,0.9326210395006964
750.4,0.9221182827364567
750.59,0.9084749256803638
750.77,0.9266342355973504
750.96,0.9362774725347107
751.14,0.9306748686637516
751.33,0.8866571483363401
751.51,0.9106101481641672
751.69,0.9044438846057753
751.88,0.9034937745558032
752.06,0.9063794831767273
752.25,0.9086475192598201
752.43,0.9084010550120223
752.62,0.9255011176470899
752.8,0.8994351837643412
752.99,0.8920166306093812
753.17,0.8967813253688773
753.35,0.9048173734592081
753.54,0.9046499093537165
753.72,0.9070723985285667
753.91,0.9088667875995993
754.09,0.9014342025680777
754.28,0.91809446442706
754.46,0.9408316597188328
754.64,0.9185603992617706
754.83,0.9060082805328112
755.01,0.9183455914649559
755.2,0.896743822579829
755.38,0.9159647741518467
755.56,0.8928067312525391
755.75,0.9131280529176905
755.93,0.9244576959130962
756.12,0.9110143482033678
756.3,0.9152142355166154
756.48,0.9372256625193084
756.67,0.9130170666807403
756.85,0.9372761201181795
757.04,0.9324004619568321
757.22,0.940546521233504
757.4,0.9329476794507621
757.59,0.9326942530410489
757.77,0.9419518342122472
757.96,0.9319944677292508
758.14,0.9612881256937902
758.32,0.9370599534177125
758.51,0.9578467111111362
758.69,0.9280064361413412
758.87,0.9153206464009996
759.06,0.9143845023131
759.24,0.921851588771049
759.43,0.9214422170669347
759.61,0.9306609153079702
759.79,0.9120334438428777
759.98,0.9522655996175322
760.16,0.9272724006429095
760.34,0.9398481788942024
760.53,0.9254975175390348
760.71,0.9307275148681161
760.9,0.9475303816804308
761.08,0.9327480103581495
761.26,0.9379745031080922
761.45,0.9442638581398541
761.63,0.9530697926461378
761.81,0.9293986421438845
762.0,0.9226726196440588
762.18,0.9448587562959108
762.36,0.9374265739761052
762.55,0.9292949586636577
762.73,0.9104912774617767
762.91,0.9145728726535146
763.1,0.9378292611810799
763.28,0.905652786269842
763.46,0.9114567516972528
763.65,0.9109725393279269
763.83,0.9139568299607939
764.01,0.9195182676162353
764.2,0.9237407817666574
764.38,0.9258806922425586
764.56,0.918672729442313
764.75,0.8953280649993142
764.93,0.9057689681619973
765.11,0.8945014454386389
765.3,0.9229208640466924
765.48,0.9125155392796888
765.66,0.9207071450485235
765.85,0.9320233127416655
766.03,0.9166355737401262
766.21,0.9048523987870983
766.4,0.9062888630960958
766.58,0.8905548102272494
766.76,0.9061187538942785
766.95,0.8978424442990007
767.13,0.9268054181101769
767.31,0.9286483526796663
767.49,0.9334543989834256
767.68,0.9538561964239829
767.86,0.9397018909992908
768.04,0.9232693138533679
768.23,0.9494546242265597
768.41,0.9303521926603873
768.59,0.9298020651214101
768.78,0.9317970883289344
768.96,0.9496130224987632
769.14,0.9326345631708429
769.32,0.9241876725639808
769.51,0.939160539890884
769.69,0.9228748536997703
769.87,0.8986899154045987
770.06,0.8931324803109931
770.24,0.9160254394049584
770.42,0.9257714691539605
770.6,0.9209004968034064
770.79,0.9235401066161505
770.97,0.928793356500236
771.15,0.9409746557701858
771.33,0.9322077918215761
771.52,0.9150581110367427
771.7,0.9358998481292145
771.88,0.9284887634334336
772.07,0.919342682636859
772.25,0.935617032777658
772.43,0.9264151914494178
772.61,0.9228218934983166
772.8,0.9249171448867425
772.98,0.9143566707726433
773.16,0.9436333326074701
773.34,0.9160883002592535
773.53,0.9336625047055208
773.71,0.9180838693484459
773.89,0.9308562127624433
774.07,0.918712066109269
774.26,0.9252308718646196
774.44,0.8918030858140559
774.62,0.9058508814112854
774.8,0.9080240468204036
774.99,0.9146033784206764
775.17,0.9242369558075916
775.35,0.9066903702734843
775.53,0.9212203714405228
775.71,0.9024965009742293
775.9,0.8863556960238278
776.08,0.9043836868943227
776.26,0.9121038912597821
776.44,0.9023353655140504
776.63,0.9262906350141336
776.81,0.9177841353454571
776.99,0.9191848387567981
777.17,0.9373684264424266
777.35,0.9017172454034474
777.54,0.9133218705396112
777.72,0.9066654034054606
777.9,0.9184329568271027
778.08,0.9243927536690206
778.27,0.9090722427471483
778.45,0.9087386940687674
778.63,0.8888958807183224
778.81,0.9056792136435865
778.99,0.9166152463299603
779.18,0.9275702857499054
779.36,0.9245280060137672
779.54,0.9056302426889145
779.72,0.9290475019871428
779.9,0.9426601573933788
780.08,0.9534030631492861
780.27,0.9487321475758294
780.45,0.9419266091794046
780.63,0.9105365597711345
780.81,0.9227386900011086
780.99,0.9054816607222279
781.18,0.9049811032827862
781.36,0.9003539896447655
781.54,0.9032140697465533
781.72,0.8980169829894846
781.9,0.9004978088032547
782.08,0.9118496587618723
782.27,0.9092658982562996
782.45,0.9290501057432294
782.63,0.9423955694695682
782.81,0.9399542350531187
782.99,0.9331365412138457
783.17,0.9256610831208503
783.36,0.9354411950913115
783.54,0.9315752205915013
783.72,0.9284003101061337
783.9,0.9231049255641309
784.08,0.9477062639075471
784.26,0.9569988284588106
784.45,0.9584318489790197
784.63,0.926658671186523
784.81,0.9423030358934151
784.99,0.9537410842932038
785.17,0.9600909500413435
785.35,0.9549470009402923
785.53,0.9496160840404834
785.72,0.9604593048586808
785.9,0.9335237051886989
786.08,0.9500588519644996
786.26,0.9334205737306384
786.44,0.9534623918936693
786.62,0.9507223536189265
786.8,0.9544534748136361
786.99,0.9381601910664819
787.17,0.932818286510114
787.35,0.9464439346552663
787.53,0.9711684255962642
787.71,0.959951171060513
787.89,0.9501514414215144
788.07,0.9356604286868572
788.25,0.939802858164508
788.43,0.954308200501295
788.62,0.9241224157734098
788.8,0.9300970759441864
788.98,0.9189609969308455
789.16,0.9264786878278143
789.34,0.9165369698956609
789.52,0.9612237855749329
789.7,0.9443570376890407
789.88,0.9280081138036962
790.06,0.9473726179106459
790.25,0.9539520696333973
790.43,0.9328675137763763
790.61,0.9444488513434549
790.79,0.9407215786235494
790.97,0.9629082126025539
791.15,0.9472012480691617
791.33,0.9764502487854435
791.51,0.9686054062193167
791.69,0.962637748688383
791.87,0.9377782240721932
792.05,0.9596252621144299
792.24,0.9341092029084871
792.42,0.9400355811745474
792.6,0.9284904872294184
792.78,0.924800040513759
792.96,0.9095635863003626
793.14,0.9316533925884672
793.32,0.898380100366094
793.5,0.9038375761680312
793.68,0.9420592279237385
793.86,0.9297204449102827
794.04,0.9300057864710162
794.22,0.9179789914077631
794.4,0.8900513389057529
794.58,0.9135159216296015
794.76,0.9090496695173205
794.95,0.9040527425243531
795.13,0.8962383535723316
795.31,0.9133888656815302
795.49,0.9088689664394504
795.67,0.8719780993212088
795.85,0.8920748493237324
796.03,0.9065046764445207
796.21,0.9191750608629367
796.39,0.914119826927058
796.57,0.9156785621069033
796.75,0.9180099554658391
796.93,0.906772199467251
797.11,0.8958613324570771
797.29,0.8742492398160481
797.47,0.8904940039041942
797.65,0.9303764459669454
797.83,0.9325485145835375
798.01,0.9085010258306995
798.19,0.9134459288732023
798.37,0.9141214936908911
798.55,0.9077660472832019
798.73,0.9273067502333971
798.91,0.9264191238976474
799.09,0.9323411452634507
799.27,0.9151017399213173
799.45,0.921746256032016
799.63,0.9042066099594419
799.81,0.9220724659153116
799.99,0.9095754746523235
800.17,0.915075436470373
800.35,0.9228943414098942
800.53,0.8877516855280946
800.71,0.9359104179403498
800.89,0.9140174911956719
801.07,0.8865575647576878
801.25,0.9184213575551639
801.43,0.9137841714448834
801.61,0.9171443383573691
801.79,0.9224192806562533
801.97,0.9062219988966467
802.15,0.9103357447521145
802.33,0.8989013929543114
802.51,0.9132473325213669
802.69,0.9325972880711032
802.87,0.9019965279602923
803.05,0.9067766586667808
803.23,0.9180930495575157
803.41,0.9391963904943247
803.59,0.8980254072967655
803.77,0.9235677243811564
803.95,0.9111728406167353
804.13,0.9305338647409388
804.31,0.917264613962897
804.49,0.9203474074195201
804.67,0.9170410020371227
804.85,0.8750361908726089
805.03,0.900406944441465
805.21,0.9073377073703855
805.39,0.8987975129175262
805.57,0.9052959025823518
805.75,0.9240265311288274
805.93,0.9052615124523918
806.11,0.9352506725868651
806.29,0.9035916949463282
806.47,0.9091744346685846
806.65,0.9131870924659347
806.83,0.9105000363120984
807.0,0.9228611260085615
807.18,0.950697065890481
807.36,0.9273826326863217
807.54,0.914977968578322
807.72,0.9283654063687976
807.9,0.9354698282062074
808.08,0.9449108613636172
808.26,0.9349745504240573
808.44,0.92665982080615
808.62,0.9318297953355545
808.8,0.9339608634973424
808.98,0.9265585916594233
809.16,0.9146066973685505
809.34,0.9138384258121985
809.51,0.878876356729583
809.69,0.8934062920809359
809.87,0.9057800731788653
810.05,0.9060629779317374
810.23,0.9354196906257729
810.41,0.9369757931285639
810.59,0.9156817109731042
810.77,0.9148325230733124
810.95,0.9050131716950065
811.13,0.9122509107733763
811.31,0.9014371997937495
811.48,0.8831348568520452
811.66,0.8983933302888799
811.84,0.9033905179088473
812.02,0.9246119840661743
812.2,0.9555853278953759
812.38,0.9212014985903674
812.56,0.9441993435503702
812.74,0.9175114538465918
812.92,0.9293393651003136
813.1,0.9344143103377347
813.27,0.951010650545245
813.45,0.9395124689718631
813.63,0.9544150013060305
813.81,0.9394429387098531
813.99,0.9385001106113119
814.17,0.9416497422933582
814.35,0.9715449985191922
814.53,0.9307785641894283
814.7,0.9528576649112648
814.88,0.9083645407863862
815.06,0.9450662310909154
815.24,0.9387391707777114
815.42,0.904938353146552
815.6,0.8910435276017994
815.78,0.9011801344177143
815.95,0.9465092530236606
816.13,0.9152516465753027
816.31,0.9014690569258501
816.49,0.9174620032557126
816.67,0.9094908646946688
816.85,0.9204499127324441
817.03,0.9533694373074205
817.2,0.9302631498442883
817.38,0.9322404952781065
817.56,0.9384235132595651
817.74,0.931092979123799
817.92,0.9420568064686476
818.1,0.9504763092380388
818.27,0.9272940390503014
818.45,0.9041039448846814
818.63,0.8913062303031575
818.81,0.884964613427779
818.99,0.9255540437825103
819.17,0.9169691736168822
819.34,0.9210752114573492
819.52,0.9137466846819797
819.7,0.8974351518235639
819.88,0.9112761853662598
820.06,0.8967224347784609
820.24,0.9028353564530458
820.41,0.9009743321110529
820.59,0.9203121187299358
820.77,0.9017223157281942
820.95,0.9002123927326512
821.13,0.9176874290524893
821.3,0.9300496302018049
821.48,0.9241257156209838
821.66,0.9302228074595577
821.84,0.943806459021154
822.02,0.9113242616513305
822.19,0.8891321384049463
822.37,0.8993079698415603
822.55,0.9140001360403499
822.73,0.9026807585209388
822.91,0.9376583828753524
823.08,0.9488959275931
823.26,0.9018284445109268
823.44,0.9072788987542312
823.62,0.9154998182967066
823.8,0.897821005834268
823.97,0.9076833113725323
824.15,0.9049042938742772
824.33,0.8960893332710368
824.51,0.9218051188465921
824.69,0.929771274499107
824.86,0.8939446766138403
825.04,0.9033600267225198
825.22,0.8841314424451101
825.4,0.8894679029092005
825.57,0.8774794178260357
825.75,0.8946195456973975
825.93,0.8968191704019363
826.11,0.9013630421618386
826.28,0.9472424531492109
826.46,0.9478037036476236
826.64,0.9450591223454939
826.82,0.926369510845629
826.99,0.8926128556746322
827.17,0.9374722119061194
827.35,0.9197952931701524
827.53,0.9504007506005749
827.7,0.9271997454937145
827.88,0.9715679495961792
828.06,0.9617123770854601
828.24,0.9092342279312307
828.41,0.919136806072241
828.59,0.8931245710696211
828.77,0.8976178678886622
828.95,0.9135530305760489
829.12,0.9286427698329816
829.3,0.9437781867454041
829.48,0.9524300969472057
829.66,0.9875756966324775
829.83,0.9520043579759861
830.01,0.9387901466543965
830.19,0.9434939402011411
830.36,0.9455697185803775
830.54,0.9125119844090288
830.72,0.9302354510260351
830.9,0.9253567650844966
831.07,0.9147313611406687
831.25,0.958884975432869
831.43,0.9552623602224316
831.6,0.9399162751415642
831.78,0.9493032517918232
831.96,0.9345370128680044
832.14,0.9125980117262885
832.31,0.9258444823269258
832.49,0.9151069193628835
832.67,0.9414051157289325
832.84,0.9192664731355503
833.02,0.936721910320313
833.2,0.9452567011651002
833.37,0.9633198243337159
833.55,0.91535324236184
833.73,0.9200880610039183
833.91,0.9424185082079967
834.08,0.916279786159199
834.26,0.9216051032185071
834.44,0.9120662563759474
834.61,0.8949019964011421
834.79,0.9161252053606093
834.97,0.9302208035576135
835.14,0.9174524474582826
835.32,0.9511949202101475
835.5,0.9059421141240934
835.67,0.9408356626769597
835.85,0.9496622969017945
836.03,0.9499415081942191
836.2,0.9745458230122851
836.38,0.891715637511181
836.56,0.9292939303877048
836.73,0.861466480717675
836.91,0.9141751645418476
837.09,0.9297064358706685
837.26,0.9301202149597397
837.44,0.9061086392842814
837.62,0.929179208949933
837.79,0.8995392845374287
837.97,0.8950475340632186
838.14,0.9113472584042555
838.32,0.9498018069271725
838.5,0.8964780207529571
838.67,0.9435193728889604
838.85,0.9313769172190866
839.03,0.9230632575148738
839.2,0.9521136430549634
839.38,0.9390681137491517
839.56,0.9117792617797025
839.73,0.9804593586681332
839.91,0.9415522455646661
840.08,0.9237855600413106
840.26,0.9577132353035961
840.44,0.9171526344142852
840.61,0.9301949554809591
840.79,0.8846474462103434
840.97,0.907158481807404
841.14,0.8850563014209255
841.32,0.8881255164785936
841.49,0.9173044449373718
841.67,0.9009365467019786
841.85,0.9022479854763193
842.02,0.9190681006354445
842.2,0.9386540752106355
842.37,0.9258983797503247
842.55,0.9307415755947009
842.73,0.9086119202637178
842.9,0.9051949942747115
843.08,0.9011545441871828
843.25,0.9258299488195476
843.43,0.909957647705086
843.61,0.8783451098670014
843.78,0.929256054262653
843.96,0.9004771156479918
844.13,0.9215091539041734
844.31,0.9219187785406114
844.49,0.9197252006596279
844.66,0.9202876090788563
844.84,0.9257708251878957
845.01,0.9102385128929371
845.19,0.920429640670954
845.37,0.9034445090226669
845.54,0.92227005645536
845.72,0.9272015121314563
845.89,0.9196887250763045
846.07,0.9147352720805002
846.24,0.898894863645041
846.42,0.9392970653255144
846.59,0.9224918284514197
846.77,0.9379177169646911
846.95,0.9457620894104956
847.12,0.9505967112057602
847.3,0.9478502747152092
847.47,0.9777271021048868
847.65,0.9598767023020381
847.82,0.908593476075403
848.0,0.9345341272384473
848.17,0.9518923303102396
848.35,0.9356681617390202
848.53,0.9534097205760901
848.7,0.9679140434922447
848.88,0.9397557215773126
849.05,0.9169627219283041
849.23,0.9802699687880411
849.4,0.906521971137891
849.58,0.9416262969079718
849.75,0.907863601823141
849.93,0.9358459295312221
850.1,0.9225152135896579
850.28,0.9142306209024296
850.45,0.9514494534315657
850.63,0.9058034659402489
850.8,0.8874445520487749
850.98,0.9234847175861294
851.16,0.9343974918671094
851.33,0.9448357547743023
851.51,0.9541615917444821
851.68,0.9269740644099259
851.86,0.9416176518276139
852.03,0.9528401719661561
852.21,0.961023738219332
852.38,0.9481261393159081
852.56,0.9509250893474706
852.73,0.9178504337547755
852.91,0.9299742420918347
853.08,0.9616002289940405
853.26,0.906871421554022
853.43,0.9245528930924928
853.61,0.9953193846506123
853.78,0.9667201489745529
853.96,0.9612272717461509
854.13,0.9412724030994651
854.31,0.9279392369403928
854.48,0.924717848798329
854.66,0.9554001006037899
854.83,0.9432482226792759
855.0,0.9198091066896293
855.18,0.9155385857441067
855.35,0.965525021744934
855.53,0.9523917431970289
855.7,0.9280085474629436
855.88,0.9298406728509412
856.05,0.9109752682997984
856.23,0.9111409364524988
856.4,0.9497239900446955
856.58,0.9599310270882147
856.75,0.9744279636656318
856.93,0.9458915080273489
857.1,0.9685231547297042
857.28,0.9816276965045261
857.45,0.9818316816405221
857.62,0.9594005743066243
857.8,0.963516062884484
857.97,0.9677658385284468
858.15,0.9114127285110734
858.32,0.9883688423422824
858.5,1.0072408628756941
858.67,0.9380978720922629
858.85,0.951837066674934
859.02,0.9789037267368148
859.19,0.9602574742349388
859.37,0.97911741010815
859.54,1.014169723307175
859.72,0.979770784064035
859.89,0.956118814291338
860.07,0.9807225945137983
860.24,0.9432726346905193
860.41,1.0038388321743847
860.59,0.9178349760341304
860.76,0.9291840469309278
860.94,0.9645094068730372
861.11,0.970627051928068
861.29,0.9458598906760801
861.46,0.9335626298874484
861.63,0.9494000233744686
861.81,0.9253278813655943
861.98,0.9944211098780471
862.16,0.9381488776921292
862.33,0.9303871468553828
862.5,0.9652558140472461
862.68,0.9941808743340974
862.85,0.9398697778218006
863.03,0.9463001740538519
863.2,1.0131541874665284
863.37,1.0040805114688374
863.55,0.9540618306277873
863.72,0.9675638960827904
863.9,0.9011129776109122
864.07,0.938634634548825
864.24,0.9410576845884187
864.42,0.9581510001233559
864.59,0.9485986259450004
864.77,0.9685401075906526
864.94,0.924802002931426
865.11,0.9337737369468802
865.29,0.9653241270250672
865.46,0.9434660358369388
865.63,0.9573438104438292
865.81,0.982235521465228
865.98,0.9406997864744147
866.16,0.9637950120466237
866.33,0.9641657873061856
866.5,0.9403752730422688
866.68,0.9541522361654597
866.85,0.9082765275313599
867.02,0.9448266340493187
867.2,0.9211220377236821
867.37,0.9623798442217633
867.54,0.8833167060729223
867.72,0.9538987517179496
867.89,0.8895073878086887
868.06,0.9495638238362336
868.24,0.91322537082758
868.41,0.8729375747841366
868.59,0.9226373455691533
868.76,0.9221968268352979
868.93,0.9170006884673914
869.11,0.8943954010083509
869.28,0.9800189655212388
869.45,0.9338153768714331
869.63,0.9663750613487657
869.8,0.9447433533697507
869.97,0.9678787778749814
870.15,0.9003978688912528
870.32,0.9048496161874545
870.49,0.9395086018722328
870.66,0.9469808203565708
870.84,0.9496277368023694
871.01,0.9728381704966006
871.18,0.9530170622988684
871.36,0.9580364077256249
871.53,0.9952070264106145
871.7,0.9261217131488412
871.88,0.9897922465135749
872.05,0.9248559795921815
872.22,0.9353562779947809
872.4,0.9265616187001564
872.57,0.9353966972441897
872.74,0.915626444221161
872.92,0.9052925186483743
873.09,0.89110978449893
873.26,0.9159020548763976
873.43,0.9620911962788161
873.61,0.926332447552794
873.78,0.9410721180172655
873.95,0.9535870506073238
874.13,0.9766673923135634
874.3,0.9941753421069862
874.47,0.9378375216130835
874.64,0.9902363642749271
874.82,0.926318016050399
874.99,0.909451209184644
875.16,0.9479945853675013
875.34,0.9778347707068157
875.51,0.957445894304904
875.68,1.0121814621588683
875.85,1.0068677585908743
876.03,0.9879560808523888
876.2,0.9523267248470688
876.37,1.005441241027964
876.54,0.911515505435912
876.72,0.955439077364494
876.89,0.9123635188168381
877.06,0.9564043942257694
877.23,0.9844897663143389
877.41,0.9198737411189246
877.58,0.9492336984690082
877.75,0.9478945896302448
877.92,0.9308474913559365
878.1,0.9103188397736279
878.27,1.028369475500863
878.44,0.974662256523337
878.61,0.9634186459635502
878.79,0.991799724494341
878.96,0.9991592902958512
879.13,1.0565969775272102
879.3,0.9843295249905805
879.48,0.9798463684315835
879.65,0.9454897245362561
879.82,0.9812927707706126
879.99,0.9757374054151551
880.16,0.913770473912007
880.34,0.9792612220660597
880.51,0.9751599873057737
880.68,1.0181586878963853
880.85,0.9555727861119085
881.03,0.9845290543987386
881.2,0.9712518872412153
881.37,1.0336831764224315
881.54,1.0070084990656385
881.71,1.002625886709046
881.89,1.023183831618923
882.06,1.0317888872301295
882.23,1.0307839618555055
882.4,0.911127754993926
882.57,1.0571180503776167
882.75,0.9841335772695421
882.92,0.9814072288235725
883.09,1.0236692591076546
883.26,0.9918216852819753
883.43,0.9552295218281552
883.61,0.9490544874326609
883.78,0.9652618326882406
883.95,0.9669191310080885
884.12,0.9238861161599335
884.29,0.9726893164142448
884.47,0.9211322378592034
884.64,0.9521432260285764
884.81,0.9375266656461798
884.98,0.9750340097588883
885.15,0.9654693378572292
885.32,0.9962876038686372
885.5,0.9402428975746068
885.67,0.9856934556994597
885.84,0.9792545054289019
886.01,0.9245263028946593
886.18,0.938532606292329
886.35,0.9309333452953172
886.53,0.9105704950992711
886.7,0.9867858610070858
886.87,0.93539015745744
887.04,0.9922138938582886
887.21,0.9182339430592046
887.38,0.977680114217495
887.55,1.0097898009994049
887.73,0.9779158564427052
887.9,0.9544795543471958
888.07,0.9438450014308079
888.24,0.9742694305313783
888.41,0.9435182800068208
888.58,1.0010666994094783
888.75,1.0194379123932331
888.93,0.9477634322344719
889.1,0.9717203180850355
889.27,0.9796638686198131
889.44,0.983183937030498
889.61,1.007205565984989
889.78,0.9270651270207853
889.95,0.9337662759594108
890.12,0.9566811974809877
890.3,1.0291743269032692
890.47,0.9701483694907598
890.64,0.9649654732737564
890.81,1.0553377667461539
890.98,1.0105321780771577
891.15,0.973189521153275
891.32,1.0266674852369568
891.49,0.9746694153691956
891.66,1.0083466251336999
891.84,0.9978824129827889
892.01,0.9371987150279699
892.18,1.0366882220969154
892.35,1.010747242636399
892.52,0.9121077881734463
892.69,0.9674433674644473
892.86,0.9477245119387436
893.03,0.9639135719427432
893.2,0.9934316485853236
893.37,0.9777647138806573
893.55,0.9463214764297216
893.72,0.9464171219755884
893.89,0.9625456631111351
894.06,0.9349573206159557
894.23,1.0231891794950931
894.4,1.0206310529505622
894.57,0.9828663700124496
894.74,0.9977438635930189
894.91,0.9380168415185237
895.08,0.9197335790818445
895.25,1.005678777306135
895.42,0.9642646249512937
895.59,1.0250754884737798
895.76,0.8578205925795875
895.94,0.992578585570955
896.11,1.001211429268654
896.28,0.9713764774019177
896.45,0.998788570731346
896.62,0.9735726600612721
896.79,0.9882556218817198
896.96,0.9270134192663231
897.13,0.9878118820996883
897.3,1.0305938564674917
897.47,0.9557665595878541
897.64,0.986658115295175
897.81,0.9650642478535427
897.98,0.9789986357556447
898.15,0.9570502194255268
898.32,0.9768988878052194
898.49,0.9103376207861907
898.66,0.9149939936660478
898.83,1.0050095731501296
899.0,0.9581007939216895
899.17,0.9762639811981252
899.34,0.9375360716189604
899.51,0.9411375154859781
899.68,0.9537555160224569
899.85,0.9442664929171242
900.02,0.9883036561592797
900.19,0.9287028746518607
900.36,0.9906725270932891
900.53,1.0082819024542833
900.7,0.9329283298189065
900.87,1.077084952886477
901.04,1.032810586725285
901.21,1.0739191573134252
901.38,1.023400789269109
901.55,1.0425547705966667
901.72,0.9511532598526905
901.89,0.8683338069527328
902.06,1.024200279588503
902.23,1.0794456950620936
902.4,0.9918751065539833
902.57,1.0711822029430813
902.74,0.9577927643339553
