Wavelength [nm],#7-632-âˆ†10.csv
400.08,0.06545996861807818
400.29,0.04544790885244916
400.5,0.03525569214377118
400.71,-0.007027120555025251
400.92,0.020368485805853907
401.13,-0.021766896425357108
401.34,0.010355538492987504
401.54,0.02640740950255337
401.75,0.04525165381372813
401.96,0.02362664357673435
402.17,-0.015472773310919691
402.38,0.03382473586078315
402.59,-0.027137551771525253
402.8,0.009304803430208859
403.01,0.0006355243561071509
403.22,0.038923230505190635
403.43,-0.02967557677718768
403.63,0.024878032237278826
403.84,0.02663889343974541
404.05,0.025979947492956717
404.26,0.02154590326694057
404.47,0.008810723713531542
404.68,0.0064788744393282196
404.89,0.019622762990386216
405.1,-0.016388413059596495
405.31,0.08273006066304037
405.52,-0.022809932829358434
405.72,0.0030795160632399506
405.93,0.030662449894502425
406.14,0.018283953478859652
406.35,0.004424920787039846
406.56,0.01736259467857841
406.77,-0.030796815088136018
406.98,0.028406315112593943
407.19,0.041919135037729524
407.39,0.02291394415168404
407.6,0.03726737177493902
407.81,0.0417651767166196
408.02,0.034899025826045885
408.23,-0.00671398929780491
408.44,-0.008842080360273539
408.65,0.07057725289277733
408.86,-0.011487772829183838
409.06,0.027630392161014303
409.27,0.03941434846266476
409.48,0.012326754265243342
409.69,0.037987104617589
409.9,0.024385854404751238
410.11,-0.005220665375668088
410.32,-0.009065668706766936
410.52,0.03885355903611444
410.73,0.04607006121655103
410.94,0.04774884439465696
411.15,0.024525332708798184
411.36,0.008260321424736464
411.57,0.04988772204002546
411.78,0.029693861493207054
411.98,0.015493581230633068
412.19,0.04580932798599381
412.4,-0.008323954136722793
412.61,-0.004805215127840054
412.82,0.012882193972151236
413.03,0.01099424190672645
413.23,0.030835306195135283
413.44,0.013346837816459052
413.65,0.016989904012051405
413.86,-0.018174051646739107
414.07,0.028691434646870354
414.28,0.027057062411624005
414.48,0.016035107438807154
414.69,-0.0016307455001016399
414.9,0.04066456128571377
415.11,0.010723534677428308
415.32,-0.0005493951047774541
415.53,-0.006748290618946482
415.73,0.05294033866727234
415.94,0.016748047767963316
416.15,0.033216019924296826
416.36,0.018304609505432633
416.57,0.0004786559632860313
416.78,0.026273315201864142
416.98,0.017728800814714542
417.19,0.018555255636136355
417.4,0.00578676842653928
417.61,0.006751609089715002
417.82,0.0004942183992605999
418.02,0.012877226215016661
418.23,-0.01981668923678914
418.44,0.0366921542425902
418.65,0.016748047767963316
418.86,-0.018274519473598348
419.07,0.03332189012303301
419.27,0.015230821162910859
419.48,0.03133970818237616
419.69,-0.000512643461703403
419.9,-0.0005005124293919594
420.11,0.03310515696497457
420.31,0.022618896753987403
420.52,0.025295700865189317
420.73,0.033016952872112836
420.94,0.012032387146481423
421.15,0.037787982182715694
421.35,0.006125318778749709
421.56,0.030006352768936605
421.77,0.016245179459564357
421.98,0.024805360582310504
422.19,-0.017066874663398107
422.39,0.019105714256938487
422.6,0.005340533632019364
422.81,0.02945312525490481
423.02,0.015433084428050145
423.22,0.023973565090209842
423.43,0.025515139537544633
423.64,-0.009975427798282976
423.85,0.0013189251243949903
424.06,0.005213314001912614
424.26,0.008355944843782265
424.47,-0.002395874869215186
424.68,-0.017697411667290074
424.89,-0.0031892171300946658
425.09,0.013932124219739533
425.3,-0.02628238904298431
425.51,-0.007864456702367925
425.72,0.004976231216444828
425.93,-0.007445649272549669
426.13,0.0021957229745494643
426.34,0.005669195062537653
426.55,-0.011800363329453183
426.76,0.02155160124310577
426.96,0.014058725660361359
427.17,-0.020240309189985328
427.38,0.024627460085585053
427.59,-0.007255623796977147
427.79,0.031079776228063485
428.0,-0.0228014036389494
428.21,0.011128908118902535
428.42,0.013964921483532771
428.62,0.02036929963093053
428.83,-0.011335654113356507
429.04,0.019532190438075143
429.25,-0.002231002364291233
429.45,0.01767340275950652
429.66,0.021205583368736163
429.87,-0.008557721817506305
430.08,0.019600950803140563
430.28,0.015676692821385146
430.49,-0.0060159409500759944
430.7,0.04489883858720498
430.91,0.002884342354998314
431.11,0.010645778382345298
431.32,0.003645599617549356
431.53,0.0036816212165640696
431.74,0.008082945290872216
431.94,0.024627934576507048
432.15,0.03918602033809449
432.36,0.025555792480772575
432.56,-0.001169262429259593
432.77,0.01364436990653736
432.98,0.01485818435347824
433.19,0.03264239462500463
433.39,0.0035276722188008493
433.6,0.03271214739120429
433.81,0.017654555145795538
434.02,0.006163259644650816
434.22,-0.009367511437077888
434.43,0.010094802187701353
434.64,0.022035033363186757
434.84,0.026729199125811013
435.05,0.015083707119843352
435.26,0.0003486741068220642
435.47,0.013043373176895239
435.67,0.030663294209640254
435.88,0.00033719694103174775
436.09,-0.0032546680833132704
436.29,0.023749160489604966
436.5,0.011215328571838367
436.71,-0.014460713153682005
436.92,-0.0038650039857067503
437.12,0.005183053884295898
437.33,0.0217113272589802
437.54,0.0016760062746552498
437.74,0.021504504172350676
437.95,0.026515438790107277
438.16,0.0056269577870644745
438.36,-0.0003595969578586346
438.57,-0.005823792809544017
438.78,0.005183053884295898
438.99,0.035892756976173154
439.19,0.0029640757830478016
439.4,-0.0037244083230954243
439.61,0.018026381863387536
439.81,0.0236446699797345
440.02,0.004821788820971672
440.23,0.016621012283259066
440.43,0.018725262662323095
440.64,0.025037706014023695
440.85,0.018357334640965943
441.05,0.024535438329876924
441.26,-0.0016330797374992487
441.47,0.012968096040094993
441.67,-0.010379325377732878
441.88,0.016239522056715656
442.09,-0.003515979750518679
442.29,0.019402598770932086
442.5,-0.008549316275610489
442.71,0.001612573850953134
442.91,0.014038330828588455
443.12,0.015601958558372632
443.33,-0.003008212252192815
443.53,0.00689181216408091
443.74,0.009709132363398333
443.95,0.008064309788588108
444.15,-0.02254207076278991
444.36,0.006493897610129701
444.57,0.00657132860029123
444.77,0.00864942017705331
444.98,0.006023145532280928
445.19,0.03704294520469904
445.39,0.015315930680449856
445.6,0.005981304165104919
445.81,0.015752262019688747
446.01,0.0002924178941893906
446.22,-0.030077249774270114
446.43,0.022879501293189226
446.63,0.017136151759405423
446.84,0.005690229359681734
447.05,0.016136640725590536
447.25,0.0008870958996215439
447.46,-0.0027981819596163645
447.67,0.01262339467406085
447.87,-0.0020998734938598267
448.08,0.003187483103824793
448.28,0.0021715893108298417
448.49,0.007616147903088001
448.7,0.014799908629110355
448.9,0.013656405962736201
449.11,-0.00031261364143850994
449.32,0.00815216799778838
449.52,0.003935139107933081
449.73,0.0066174868490677845
449.93,0.031281142360298324
450.14,0.008164433269000137
450.35,-0.006976688500109905
450.55,0.01888442364538205
450.76,-0.005797957910633943
450.97,0.011782194001453387
451.17,0.007528789421909735
451.38,0.023173140495016696
451.58,0.009697675649917956
451.79,0.0014125542558594496
452.0,0.010913758987645265
452.2,0.003572357617025016
452.41,0.005711146643646837
452.62,0.003099015690677099
452.82,-0.002618590536883834
453.03,0.007399250044284545
453.23,-0.004631501634015633
453.44,0.004243876823365251
453.65,0.00805087883257256
453.85,0.009199378805868819
454.06,0.00513492588193768
454.26,0.001374833148888248
454.47,0.007547035307668806
454.68,0.012602193650812065
454.88,0.006361339495900103
455.09,0.013288952178915457
455.29,-0.0013643465013148362
455.5,0.0076145446699133895
455.71,-0.0022786629189689893
455.91,0.010294221125118642
456.12,0.0201298964808914
456.32,0.012289623560193995
456.53,0.0051572945455685285
456.73,0.030537664597328783
456.94,0.013173830941107545
457.15,0.0277116559172469
457.35,-0.0076609530384906255
457.56,0.007531324356149479
457.76,0.012431587891856352
457.97,0.020654155338486947
458.18,0.016085707089
458.38,0.010126893120439047
458.59,0.004219847798780475
458.79,0.03350990183029774
459.0,-0.0028172525097742147
459.2,0.008508141154213361
459.41,0.0055164134490471445
459.62,0.0094728755156006
459.82,0.007137572586611615
460.03,0.00716767629633952
460.23,0.010296228781643163
460.44,0.007928496356077638
460.64,0.003933752599533981
460.85,0.008019946665786037
461.06,0.012430890230120983
461.26,0.011248699942623877
461.47,-0.0007452100527959213
461.67,0.005121726783763212
461.88,0.002966448951189648
462.08,0.01478129923973416
462.29,-0.009876863702049946
462.49,0.0006899145956577736
462.7,0.014541465750908538
462.91,0.021586443965922093
463.11,0.0028314611693195063
463.32,0.019029008806722918
463.52,0.009634956377166026
463.73,0.0006454229413927736
463.93,-0.0057120292815539715
464.14,0.0074872245473674645
464.34,-0.011056092994109897
464.55,-0.000651799503405444
464.75,0.0005839411889842291
464.96,0.011425057933137172
465.16,0.006037618250143551
465.37,0.013936375204508286
465.58,0.007765282744947847
465.78,0.0134693793923003
465.99,0.0036449212666551456
466.19,0.016761791160703775
466.4,0.011951977628313406
466.6,0.013191794694931543
466.81,0.0021595757519824663
467.01,-0.001360114133124795
467.22,0.0055371656263548865
467.42,0.007671517251140767
467.63,0.0064482039422064765
467.83,-0.0029994244040051224
468.04,0.0016532706961426933
468.24,0.007575001297773036
468.45,0.004906378780247174
468.65,0.003961781049791241
468.86,0.01268427964842641
469.06,0.0015410192546822697
469.27,0.003369976872205832
469.47,0.0008799175157379855
469.68,0.013478439778164032
469.88,0.004712736973906929
470.09,0.004821376567127165
470.29,0.009198556078430441
470.5,0.0034794228771755486
470.7,0.007020246867116348
470.91,0.0008082571646056433
471.11,0.011070461913684913
471.32,0.001090731943300036
471.52,-0.0017427351076651873
471.73,0.007294928655038767
471.93,0.00014746589429060565
472.14,-0.0013962747522693502
472.34,0.010319568363674687
472.55,0.0032444047670793902
472.75,0.007682534791651535
472.96,0.024825524425470726
473.16,0.01576226507791907
473.37,0.015774863877012064
473.57,0.012844317518756329
473.78,0.0027488904734710782
473.98,0.005739909771160066
474.19,0.013652991834810028
474.39,0.007047206859295167
474.6,0.0023920067362160086
474.8,-0.0018316256661718307
475.01,-0.0009964155448950606
475.21,0.009214449603744018
475.42,0.006351347799805528
475.62,0.007167031072717278
475.83,0.0038349896332308675
476.03,0.00716241145460634
476.24,0.0009457159069415654
476.44,0.00811015498191925
476.64,0.002228992807593919
476.85,0.005572568724928134
477.05,0.003377540483137109
477.26,0.005889196460886269
477.46,0.0018783851856273336
477.67,0.0038770416216328384
477.87,0.0008542506716711983
478.08,-0.0006070806501894118
478.28,-0.0028026881320804943
478.49,-0.0018486998596471916
478.69,-0.0006129668204460524
478.9,-0.003865954444837995
479.1,0.003885206940936209
479.3,0.003878802458918502
479.51,0.005561280193916097
479.71,0.003272202868444114
479.92,-0.0038408010933118145
480.12,0.005612059286708346
480.33,-0.0021492813416578343
480.53,0.006552843044492637
480.74,-0.005379886085579742
480.94,0.012135807564543863
481.14,-0.0009721594835740483
481.35,0.004322643448595848
481.55,0.008870460994333668
481.76,0.004994191963404181
481.96,-0.0024973137319529064
482.17,0.005013642486182717
482.37,0.004424801721588133
482.57,0.006612336023665052
482.78,0.001582728221103407
482.98,0.002552194099256581
483.19,0.0027540227484485263
483.39,0.0096261786543482
483.6,0.005119358926995101
483.8,0.00050811918242367
484.0,0.0016783103156577522
484.21,9.384162542292193e-05
484.41,-0.0009107698718194412
484.62,-0.0007062538381404351
484.82,0.003195521385009739
485.02,0.004457274876224474
485.23,0.0027630171900465523
485.43,0.0043902216193993475
485.64,-0.0002930672696267075
485.84,-0.00434794984063996
486.05,0.002606927535767819
486.25,0.005817926576406739
486.45,-0.0008701704331430494
486.66,0.0030624358369866615
486.86,0.0028626709965037015
487.07,0.003404538013805127
487.27,0.0027245225313205033
487.47,0.003608808613138791
487.68,0.0006371003680657639
487.88,0.013296322474922972
488.09,0.006707273524940577
488.29,0.005470325835922281
488.49,0.00854019457549899
488.7,0.00026664806432412597
488.9,0.005177228283982321
489.1,0.006640924081047714
489.31,-0.0025685230960401178
489.51,0.002179342199469849
489.72,0.007685219513653116
489.92,0.003913844056464114
490.12,0.0025551861132018018
490.33,0.0019820786280460773
490.53,0.0006075506265956143
490.74,0.00042855030850008695
490.94,-0.0012824825627102043
491.14,0.0031838860026202798
491.35,0.0007658208546018631
491.55,-8.954018374619626e-05
491.75,0.004453832117340538
491.96,0.005499429465415498
492.16,0.003800648184820898
492.36,0.004982900737916944
492.57,0.0005869033579994994
492.77,0.001246352304251586
492.98,-0.002906219118067158
493.18,0.0012287243451289751
493.38,0.003355128996485699
493.59,0.0002411259461540476
493.79,-0.0015442543420129808
493.99,0.002064610948571721
494.2,0.002825014846305123
494.4,0.0012161240364544515
494.6,-0.003179820643824353
494.81,0.002485548164213776
495.01,0.004770758447526613
495.22,-0.0025170353207048103
495.42,0.004720326556950144
495.62,0.0015262697515130885
495.83,-0.0051777040950411815
496.03,0.0018192491275990253
496.23,0.005877404463261573
496.44,0.0058163448526294655
496.64,0.004600227175871526
496.84,0.004033146874097589
497.05,0.0003899383420639095
497.25,0.0006990140134595406
497.45,-0.002251311964728139
497.66,-0.0008631335284977204
497.86,0.006730884371928013
498.06,0.005093148707868122
498.27,0.005679634174201261
498.47,0.0002270941663450948
498.67,0.001888871999638249
498.88,0.00266554271536318
499.08,0.00037622499021103695
499.28,0.0002301493382221841
499.49,-0.0002351794086870233
499.69,0.0020465297249562474
499.89,-0.0027802321232045964
500.1,0.00022487267752983737
500.3,0.004890633897017678
500.5,0.006402563845334192
500.7,0.000814476585003034
500.91,-0.0006683090401139306
501.11,-7.83899242817265e-05
501.31,0.001560662930582941
501.52,0.0021450062622666104
501.72,0.0072146209178497005
501.92,0.003965446353853181
502.13,0.00035989709143429777
502.33,0.0002148877828677226
502.53,0.001392525633207802
502.74,0.0027141725262312807
502.94,0.00836180701104948
503.14,0.007751169975622797
503.34,-0.0016354101766906284
503.55,0.002675642792568649
503.75,0.00210384292561245
503.95,0.003369653289788639
504.16,0.006361514024545922
504.36,6.83479568395753e-05
504.56,0.006279726071957301
504.76,0.005938140107594819
504.97,0.007860805142045268
505.17,0.0049868161341168945
505.37,0.0026768060360803274
505.58,0.002490739852811998
505.78,0.003334230978148401
505.98,0.0009336002146398326
506.18,0.002354555182412471
506.39,0.00277230765291098
506.59,0.0024668258396578495
506.79,0.003852651832166243
507.0,0.0032898335823187005
507.2,0.0034923320107418483
507.4,0.004903117007108323
507.6,-0.001187773993310187
507.81,0.0024170011171849976
508.01,0.003943125336585483
508.21,0.001590250056723412
508.41,0.001691822791444174
508.62,0.0003312422161695434
508.82,0.0030928789519363595
509.02,0.002141206094944897
509.23,0.0047692585232177965
509.43,0.0031448132270121437
509.63,0.0026572909574052953
509.83,0.002495615056116109
510.04,0.0025033943297021574
510.24,0.0027710731322767505
510.44,-0.0021043210968791945
510.64,0.004260080624545646
510.85,-0.0002032010136144627
511.05,0.006246576084302431
511.25,-0.000730887436201891
511.45,-0.0007356527374466336
511.66,0.004635869623982603
511.86,0.004259375036863158
512.06,0.0012448260292980944
512.26,0.0073050169119587074
512.46,-0.0005972692602732396
512.67,-0.0019052956274432334
512.87,0.0012355695750494772
513.07,-0.00033544957639350625
513.27,0.005006359176195294
513.48,0.0005676682990365216
513.68,0.003342971424158527
513.88,0.002873384784721528
514.08,-0.0028415032790938717
514.29,0.002706750824291563
514.49,0.003970896131723557
514.69,0.005029685920679297
514.89,0.004184179439918021
515.09,0.004776974047117629
515.3,0.004194666800102606
515.5,0.0018319230000368894
515.7,-0.0004410160181872979
515.9,0.0020439637451986543
516.11,-0.0019078360931476508
516.31,-0.0006812638263978382
516.51,0.002505513141506685
516.71,0.0026253345443269906
516.91,-0.0013885958371586465
517.12,0.0037566494928802326
517.32,-0.0016242059809301501
517.52,-6.430876607226515e-05
517.72,0.002782773501854974
517.92,0.0024526799978796068
518.13,5.6262269791761276e-05
518.33,0.0005378933534470011
518.53,0.0031583026794715524
518.73,-0.0004144446420672672
518.93,-0.0011214981759249138
519.14,0.0011312338698208934
519.34,-0.0023706732720400496
519.54,-6.235231091661251e-05
519.74,0.0011054864119219596
519.94,0.0015723686337439171
520.15,-0.00041303784917170924
520.35,0.0012089427710330546
520.55,-0.0005279850973165814
520.75,-0.000992240769252333
520.95,-0.0020103027500265012
521.16,0.003052679567373211
521.36,0.003284457234623952
521.56,0.0017474753835934006
521.76,0.004213340559823818
521.96,0.0019711490658652787
522.16,-0.0017394373603101206
522.37,0.0014925783583710573
522.57,-0.0002857222982477416
522.77,0.0034216294970232956
522.97,-0.0006119646454049056
523.17,0.003020983115010576
523.37,0.0007106180718194354
523.58,-0.0018374553782258894
523.78,-0.00027950096950655914
523.98,0.003906749870151382
524.18,0.004800547862276516
524.38,0.0011470949259471655
524.58,0.00419054992788493
524.79,-0.0007160732201635129
524.99,0.0008259628312749259
525.19,0.0024646332817418732
525.39,0.002528008591742308
525.59,0.0018909332146682266
525.79,0.005065827525022306
526.0,0.004175540585122274
526.2,0.0033918543545726496
526.4,-0.0017808358805681114
526.6,0.00015801810524315312
526.8,0.0038934564583168038
527.0,-0.0017627929084701869
527.2,0.002180463947248945
527.41,0.003447244781874989
527.61,0.0034943582005545646
527.81,0.00185224238786345
528.01,0.0004950713910470585
528.21,0.0026600684352752566
528.41,0.0009930539028753346
528.61,0.003913863352550732
528.82,0.00317869972441958
529.02,-0.0013233498875551497
529.22,0.003834946038136347
529.42,0.005077928777856542
529.62,0.00015351671511764706
529.82,-0.0019801051520021854
530.02,0.003954967210257937
530.22,0.0019530826566640477
530.43,0.0038772481366149704
530.63,0.0013306227060958834
530.83,0.003514402744247491
531.03,0.001313386426925979
531.23,0.003606241103087342
531.43,0.0020728464014306627
531.63,0.0013438135544934463
531.83,0.0007962110016656454
532.03,0.003950748709548082
532.24,0.0022086946734791737
532.44,0.0032560043510765305
532.64,0.002543624624157538
532.84,0.0005791203690835814
533.04,0.0014283267904905896
533.24,-0.00016361980916155015
533.44,0.0035712270782296426
533.64,-0.0014480940487223348
533.84,0.0006960196881878266
534.04,0.003243181986116842
534.25,0.0013475889352337217
534.45,0.003214443327554094
534.65,0.0014380853381727795
534.85,0.0016459673799192021
535.05,0.00263855722155232
535.25,0.0034819927320585997
535.45,0.00048518658605465665
535.65,0.0009055801038475468
535.85,0.001977758973768411
536.05,-0.0011301249932914473
536.25,0.002062308146860118
536.46,0.00047946349462156556
536.66,0.0017373844225786407
536.86,-0.0009181122125962166
537.06,0.004339858228469181
537.26,-0.0012291499919654585
537.46,0.0035041627217177775
537.66,0.0026861376557351033
537.86,0.001228251872901163
538.06,0.0026143152880377537
538.26,0.001002938728557094
538.46,0.00048392628903286413
538.66,0.0009123094367661132
538.86,0.004623382724654896
539.07,0.0022913706803593605
539.27,0.003927772984871163
539.47,0.004511270151607261
539.67,0.0002677534781644548
539.87,0.0031357464764474596
540.07,0.0033549725033371453
540.27,0.0023266283767586667
540.47,0.0011169934572808561
540.67,0.0028483676751490704
540.87,0.004146288984130127
541.07,0.0032046229805849096
541.27,-0.0003772289095008193
541.47,0.0037028121357030653
541.67,0.0002651108352380579
541.87,0.0022972544941556486
542.07,0.0006929638553288732
542.27,0.0002620466107303361
542.47,0.003352113701367248
542.67,0.0014327321724313296
542.87,-0.0021626377890543278
543.08,-0.002177548622825452
543.28,0.0035738963074603254
543.48,0.002899805401300493
543.68,0.002957242921804027
543.88,0.003198920274719697
544.08,0.000798508630390466
544.28,0.002397321385741564
544.48,0.005564008603673005
544.68,-0.0015417648799015123
544.88,0.00026431687553599614
545.08,0.004776987001324949
545.28,0.0019858388612616056
545.48,0.0006860580720128391
545.68,0.001622151475984355
545.88,0.0012189849742614174
546.08,0.0006893467759147873
546.28,0.0007883971623775549
546.48,0.0027865996327701733
546.68,0.0036371751715636173
546.88,0.0015348429962058173
547.08,0.0028288863936292243
547.28,0.0012088369048165123
547.48,0.001102875850125579
547.68,-0.0003781992242482333
547.88,0.004878116547662649
548.08,-0.0016319503905226622
548.28,0.0015298131026990234
548.48,0.000687588886820733
548.68,0.0037277421359610914
548.88,0.00350246678302661
549.08,0.00026347146473643877
549.28,0.005972964715792425
549.48,-0.0002646417868252017
549.68,0.0033935643703936267
549.88,0.0017170990288771922
550.08,0.003789426159262047
550.28,0.002869815158651518
550.48,0.0031845445642632564
550.68,0.0024099073229050558
550.88,0.0019255958753623891
551.08,-0.0015172910700714953
551.28,0.004309382972162264
551.48,0.0038268016521033864
551.68,0.002435665761706411
551.88,0.0045939109777862535
552.08,0.0017215858441203505
552.28,0.0017044830621881374
552.48,0.0030796211676966645
552.68,0.0007666353786909362
552.88,0.0024878050742739495
553.08,0.001200864441646992
553.28,0.004121947511206125
553.48,0.0022798446333508427
553.68,0.0025318189312173722
553.88,0.0010946897207093449
554.08,0.0005598607452221391
554.28,0.002553748657527031
554.47,0.0016086581038629903
554.67,0.002756996548415658
554.87,0.001606653435403085
555.07,0.0009897331629774432
555.27,0.0031145615218738146
555.47,0.00247072483432561
555.67,0.0012840422108044026
555.87,0.0031104284724458526
556.07,0.002085607767212315
556.27,-0.0011671789993725236
556.47,0.001989606118268543
556.67,-0.0014835165844225208
556.87,-0.0005673757818028482
557.07,0.0027874083744887025
557.27,-0.00025687280922753964
557.47,0.0009679851680996539
557.67,0.004716707308212858
557.87,-0.0014906704843184303
558.07,-0.0011727593435621327
558.26,0.0008574571280538531
558.46,0.004600734093874488
558.66,-0.002267966199590437
558.86,0.0016665423159442536
559.06,0.0018602423640401969
559.26,0.0018621177083223827
559.46,-0.000552575371532334
559.66,0.000450388917896242
559.86,0.0035929426604827722
560.06,0.003884227855815432
560.26,0.0002504667540930573
560.46,0.0020668668281856608
560.66,0.0018174128323149136
560.86,0.0015408861474657818
561.05,-0.002825058996393424
561.25,0.0005437255819490295
561.45,0.0034473045876886334
561.65,0.0010317013361081683
561.85,-0.00014985848070298404
562.05,-0.00034395310457120654
562.25,0.0016236650151072866
562.45,0.004214054104214594
562.65,-0.0003478522340729912
562.85,0.002706132186956638
563.05,0.0004432451823385198
563.24,0.0029472781474416134
563.44,0.002592810385898554
563.64,0.0015312779816040185
563.84,0.0029080178307315727
564.04,0.0002456857475444875
564.24,0.0008133307500152861
564.44,-0.002414137734364126
564.64,0.0024805272828225013
564.84,0.0050843452692919296
565.03,0.002019561104764869
565.23,0.0007301484518005386
565.43,0.0017168252765318824
565.63,-0.000540633895881013
565.83,0.003484243925253882
566.03,0.0031530139103554907
566.23,0.00024129570525255824
566.43,0.0007292220005259424
566.63,0.001127340716725689
566.82,0.001126344487640413
567.02,0.003709689000069723
567.22,0.0005395432718315529
567.42,0.0027920329087066957
567.62,0.0023387289456811935
567.82,0.002851188029812719
568.02,0.002364490174836031
568.22,0.00023769825054779963
568.41,0.0017024381985490933
568.61,-0.000246098395249422
568.81,0.0011109636329242418
569.01,0.0023838382564166215
569.21,0.0010296723194297543
569.41,0.0017956812031169008
569.61,0.004314464921547097
569.8,-0.0031641328760858628
570.0,0.0026342521769574545
570.2,0.000816466340611733
570.4,0.0013075720116043999
570.6,0.0007283688990337666
570.8,0.003252642400544476
571.0,0.003254856487238553
571.19,0.0016259088702756273
571.39,0.00013934053429770529
571.59,-0.0005317424650501243
571.79,0.0014862640656872774
571.99,-0.0009259806253672511
572.19,0.00331216126212596
572.38,4.547400050056493e-05
572.58,0.0015711611804124722
572.78,-5.0773291038372205e-05
572.98,0.0011113941776049057
573.18,-0.0021801751311046518
573.38,0.0031229923435312375
573.57,0.002143490695356346
573.77,-0.0006249145691859581
573.97,0.0013923378158327848
574.17,0.00721834735247561
574.37,0.003222889198073821
574.57,0.0012888074728120164
574.76,0.00316199650600236
574.96,0.0009006941125802683
575.16,0.0015659331734000006
575.36,0.001869093046165877
575.56,-0.0002431406158616876
575.75,0.002978122424693401
575.95,0.0025211958258946274
576.15,0.0007997400080890937
576.35,0.0007193918177753201
576.55,0.003470980052905148
576.74,0.0023157122934265874
576.94,0.0010880962137732068
577.14,0.002334712608649251
577.34,-0.0008046417409854465
577.54,0.00023586063554657043
577.74,0.0006139988320711525
577.93,0.0005241904772407975
578.13,-0.0014581735236626364
578.33,0.0015440606941630227
578.53,-0.00023752254859329183
578.72,0.0012492473659894525
578.92,0.0012491315283799718
579.12,0.002915496045615419
579.32,0.0025071075596498466
579.52,0.0037564911845870586
579.71,0.0022327027131529664
579.91,0.0008075159677281682
580.11,0.0009963605969675216
580.31,0.002502840736139235
580.51,0.0009865973913294021
580.7,0.002529870103082155
580.9,0.0007036062785935364
581.1,0.004247871947545624
581.3,0.0010918245315750968
581.49,0.002296803145772897
581.69,0.0007744430504834961
581.89,0.00200825710266605
582.09,-4.978377922553003e-05
582.29,0.00023329995140433698
582.48,0.0002337633967352784
582.68,0.0024037457834306898
582.88,0.0008961772068746665
583.08,0.0019454767409384612
583.27,0.0006005512787001957
583.47,0.0007942661739405859
583.67,0.002196965998373744
583.87,0.0028631717561676865
584.06,0.002488956292249944
584.26,0.00042690937191431277
584.46,0.0016373431553696094
584.66,0.0032211667258821774
584.85,-0.00014232472877092353
585.05,0.0012609406381470774
585.25,-0.0023938155436443774
585.45,0.0026035443248563347
585.64,0.0009024964498264454
585.84,-0.000708626040805074
586.04,0.0005051227953183356
586.24,0.0039776480904964665
586.43,0.002694487347824448
586.63,0.00032485446351716423
586.83,0.0006061200265897716
587.03,-0.0034970766075306608
587.22,-0.0013523354488337368
587.42,-0.0005177983497156789
587.62,0.005007854566378417
587.82,0.004262605642042966
588.01,0.004309886116121727
588.21,0.0022046011800444607
588.41,-0.00014277666001383054
588.6,0.0025924878616099666
588.8,-0.0008066203424139037
589.0,0.004703542088002602
589.2,-0.0007008421825960055
589.39,0.00041321888200855986
589.59,0.0017423263840467408
589.79,0.002848184790740293
589.98,0.0023814961015235087
590.18,-0.0012760022351243582
590.38,0.003904512560942907
590.58,0.0005213930552913206
590.77,0.002013719200031581
590.97,0.0015311426524045396
591.17,0.00022899778635473555
591.36,-0.0004206761491993584
591.56,0.0018962787819699278
591.76,0.0004172290419608929
591.96,0.002630021588440004
592.15,-0.00042102813130057864
592.35,0.0033383199932563333
592.55,0.0018081696666427307
592.74,-0.00023694390226720904
592.94,0.002762718774247135
593.14,-0.0011623890549206264
593.33,0.00306865105001951
593.53,0.002292070339572094
593.73,0.002083278447322272
593.92,0.00031967879734517887
594.12,-0.0019086822467133137
594.32,0.0019701132922411765
594.51,-0.002263539160820819
594.71,0.0026234783245668645
594.91,0.001713714555560565
595.11,-4.891793201605077e-05
595.3,0.0005102100717011232
595.5,-0.0006860263993971585
595.7,0.0019107927389204443
595.89,0.0033267356393887424
596.09,0.0028307217688886637
596.29,0.00041052516506051394
596.48,-0.0008843846515694702
596.68,0.0012575271140642607
596.88,0.0006972370011625129
597.07,0.0004182437731981486
597.27,-0.000889254124255888
597.47,0.0015666779003984306
597.66,-0.0007023459293633917
597.86,0.0005068072443114172
598.06,0.0010711287964361577
598.25,0.002005256196759007
598.45,0.0049627700436316495
598.64,0.001069331511881856
598.84,0.001154371846245798
599.04,0.0022651259503923137
599.23,0.0032567889401944466
599.43,0.0011614674221285877
599.63,-0.0008807877547559676
599.82,0.0027153730282225828
600.02,0.002285220972436604
600.22,0.001252033928280692
600.41,0.0025776492797129217
600.61,0.0026607447866714706
600.81,0.0015102247725015776
601.0,0.00032097944966493765
601.2,0.001772452234982703
601.39,0.002069464711932967
601.59,0.0013350487974771164
601.79,-4.871961859498224e-05
601.98,0.003495622334533444
602.18,0.0011403333641413049
602.38,0.0012679429158217984
602.57,0.0030839187144649245
602.77,0.0024146838421469957
602.96,0.00023268487524602476
603.16,0.000600328428704579
603.36,0.0006053828937436963
603.55,0.002835727013655748
603.75,0.003697193570149577
603.95,0.002900447581927122
604.14,0.004492290787390493
604.34,0.0028378397844970433
604.53,0.001974461339888191
604.73,0.0050991744965222414
604.93,0.0008799413149658571
605.12,0.002689600768438607
605.32,-0.00042220567083584617
605.51,0.0028257341621619855
605.71,-0.00014186248418232938
605.91,0.001417496340908368
606.1,0.003137035382079652
606.3,0.0029696198708921034
606.49,0.0023382099700005156
606.69,0.0012254954093825535
606.89,0.0004054989970179711
607.08,0.003081363562155627
607.28,0.0008448550317967788
607.47,0.002536709545262349
607.67,0.0029231045721474507
607.87,0.0036167432171644543
608.06,-0.00040315027194230663
608.26,0.0012202779235920326
608.45,0.0010521672368517898
608.65,0.0015808956716267832
608.84,0.0024979581636981984
609.04,-0.0014991447208083535
609.24,0.0036868319435894603
609.43,0.00031061088631609724
609.63,0.005117436470855407
609.82,-0.0012074444843608455
610.02,0.0026895538566411633
610.21,0.0003914409530374813
610.41,0.0020698692699119077
610.61,0.0019991353187720027
610.8,-4.628054004037712e-05
611.0,0.0010070894168450186
611.19,-0.0009224060206294954
611.39,0.002053570332659514
611.58,-0.0008267581250286709
611.78,0.0014534537699175416
611.98,0.0020435576883024915
612.17,0.00021638538141939705
612.37,0.0014370950029956512
612.56,0.0015925566970343124
612.76,0.00048765426755195023
612.95,0.002518357922454943
613.15,0.0015055595973147322
613.34,0.0037399518773258682
613.54,0.002247996918359439
613.73,0.002747497743898638
613.93,0.004114889548424848
614.13,-0.00012953024409288419
614.32,-0.0015483910530592188
614.52,-0.0006325921255730094
614.71,0.0025078751810962627
614.91,4.005475576842325e-05
615.1,0.0007963379945166733
615.3,0.0017390539070041644
615.49,0.0015360082510713952
615.69,0.0018909645674952092
615.88,0.0005362534454805552
616.08,-0.0008063978491186668
616.27,0.00028484234345256987
616.47,0.0028732073935244778
616.66,-0.0006296295293541797
616.86,0.0018835151270656665
617.06,0.002108113692259466
617.25,-0.0001270859666293151
617.45,-0.00020659147285614007
617.64,0.0023395612265981096
617.84,0.0024367516758802064
618.03,0.0012911546152398305
618.23,0.0031511908672919972
618.42,0.001255223653655167
618.62,0.0021550278859261396
618.81,0.0009365432479460837
619.01,-0.0032796982689236114
619.2,0.0025982495596577316
619.4,0.0023334254124915384
619.59,0.0031858982818192927
619.79,0.0005198407825063061
619.98,0.0006127232258093097
620.18,-0.0005279417920176914
620.37,0.002097178656461052
620.57,-0.0013511109542901048
620.76,0.0006967342247389497
620.96,0.002861757948970944
621.15,0.002292043634364271
621.35,0.0029996553310523088
621.54,0.0011212497638489348
621.74,0.0022344371322080524
621.93,0.0022064002096365064
622.13,0.0027789699026061422
622.32,0.003216530712229226
622.51,0.004439482815931251
622.71,0.004764070138610381
622.9,0.00305672471901136
623.1,0.0031198795056232437
623.29,0.0030232776575934575
623.49,0.004665575279258328
623.68,0.005940849838434841
623.88,0.0036306282624206723
624.07,0.004146341535490955
624.27,0.006416117243616731
624.46,0.007283519931660656
624.66,0.008209717726662437
624.85,0.00965246764102563
625.05,0.00888966908334933
625.24,0.014633002052717926
625.43,0.01597962464427456
625.63,0.014153892372976833
625.82,0.020875094321481054
626.02,0.02390186384602527
626.21,0.030433348667766834
626.41,0.03409000746668276
626.6,0.037582742530702526
626.8,0.0432434268530267
626.99,0.05106993097988874
627.19,0.053497732337142404
627.38,0.06500721244851336
627.57,0.07253723899259983
627.77,0.07858898480897353
627.96,0.08735828732055934
628.16,0.08875059100016479
628.35,0.09632316118911813
628.55,0.1027661067137054
628.74,0.10682362460881982
628.93,0.11086705379710068
629.13,0.12017300083615423
629.32,0.11881610522956668
629.52,0.12492770189991491
629.71,0.12465371697285846
629.91,0.1288737772114327
630.1,0.13434448193524376
630.29,0.13421580033472022
630.49,0.13955603146028392
630.68,0.1415988593399993
630.88,0.1487934743800417
631.07,0.1474549394670895
631.27,0.14617914649171224
631.46,0.15649026919134773
631.65,0.15218030395673487
631.85,0.15510967541648488
632.04,0.16454351043417112
632.24,0.15941320429924732
632.43,0.1641195314710827
632.62,0.16792224541215114
632.82,0.16885173144388665
633.01,0.16847591598093728
633.21,0.17677731398036065
633.4,0.18334658263870168
633.59,0.18130715807747477
633.79,0.1857153553101114
633.98,0.18843316226516232
634.18,0.19191357360349043
634.37,0.19448547168217342
634.56,0.18916551978989238
634.76,0.19312534873538473
634.95,0.19026324913159365
635.14,0.19271253682479314
635.34,0.19190098507143324
635.53,0.20026959349561715
635.73,0.19506164358927086
635.92,0.1871190091823855
636.11,0.18811407738558483
636.31,0.18159964505328563
636.5,0.18045203522205158
636.7,0.17700835970481887
636.89,0.17032188821192257
637.08,0.16310646813127655
637.28,0.1538948452791315
637.47,0.14508361025981759
637.66,0.13618803159987694
637.86,0.131682318250744
638.05,0.12164395082415452
638.24,0.11313111088864418
638.44,0.10286016750222564
638.63,0.10024176682287492
638.83,0.0861757567440338
639.02,0.08292664787122546
639.21,0.07002586139287467
639.41,0.06464558904949042
639.6,0.057236916922054105
639.79,0.0513521769135166
639.99,0.04567441245422378
640.18,0.04090515754178172
640.37,0.0307085951792314
640.57,0.029723865651624992
640.76,0.02620685688628097
640.95,0.025801844583871796
641.15,0.023175427557281934
641.34,0.02075567501320267
641.53,0.01677091737241784
641.73,0.01645548036130619
641.92,0.01437637620215004
642.11,0.011979210186572628
642.31,0.010552346698639725
642.5,0.008858314855802598
642.69,0.006930023639568751
642.89,0.008932058602135279
643.08,0.005990842721818258
643.27,0.005873583751248177
643.47,0.0029907795279614617
643.66,0.00684206698840459
643.85,0.0060893235140659085
644.05,0.003559663205837942
644.24,0.003292378042543412
644.43,0.0034091180571987015
644.63,0.002600237257276972
644.82,0.004415518113127052
645.01,0.0031404649382475763
645.2,0.0017701962782383624
645.4,0.0046798524974857566
645.59,4.28210508285909e-05
645.78,0.0030757005771607534
645.98,0.0015220872173593103
646.17,-0.0009769246199356001
646.36,0.0025430498683521358
646.56,0.002851116263681306
646.75,0.0011574788927864762
646.94,0.003684948799260126
647.13,0.0040595171912239224
647.33,0.001535710895967748
647.52,0.002217934027594842
647.71,0.0029629815268312596
647.91,0.00023049290252968844
648.1,0.003963172404209351
648.29,4.338482438585168e-05
648.49,0.0010656559698956401
648.68,0.000322710203896002
648.87,0.002927699639232718
649.06,0.0024868518564202143
649.26,0.002731733015025702
649.45,0.002100414400632112
649.64,0.003287882248403325
649.83,0.001369800978779495
650.03,0.0014604488647650194
650.22,0.0028005229830543273
650.41,0.0008043722327289706
650.61,0.0030445183660983625
650.8,0.002396283172244405
650.99,0.0018228971098678613
651.18,0.002940281929650339
651.38,0.0025902878282249493
651.57,0.0001373502286427987
651.76,0.002119232706813471
651.95,0.0014572848827615874
652.15,0.0007013605449068328
652.34,0.0006045345806213603
652.53,0.0008853702734156599
652.72,0.0032445118724486704
652.92,0.004033174026318283
653.11,0.00098409391859708
653.3,0.0036863253890160102
653.49,0.00032579965245786664
653.69,0.0026050256494570827
653.88,0.0016442774776641344
654.07,-0.0011938454746469754
654.26,0.0031679820345968867
654.46,-0.0017418403857410495
654.65,0.0016771078746033005
654.84,0.002993703607260582
655.03,0.0007066676147875594
655.23,-0.0014792874063195038
655.42,0.0030853068371315536
655.61,0.0008044486179367826
655.8,0.0015752181276336092
655.99,0.00370183589600524
656.19,0.002486151168396458
656.38,4.470182687153443e-05
656.57,0.0004227518732193357
656.76,-0.0013704491266143626
656.96,0.0020360610320295054
657.15,0.0037643728338046414
657.34,-0.0017495705892802335
657.53,0.0008055961394327888
657.72,0.0008069006278749085
657.92,0.0016769469001341388
658.11,0.0035526262389600737
658.3,0.0004243970608369639
658.49,0.003295064555138781
658.68,-0.00023927557023656598
658.88,0.0006192871278812465
659.07,0.002239947271126311
659.26,0.004176924642887636
659.45,0.0036554067379109293
659.64,-0.0007165847427364872
659.84,0.004210095799275456
660.03,0.0023287139015970367
660.22,0.005241006992592784
660.41,0.0002410603285929519
660.6,0.0031780097357573135
660.8,0.000817964231170936
660.99,0.003720811460447204
661.18,0.004697975111714191
661.37,0.0018053340149187076
661.56,0.0010116663092876984
661.76,0.006310517752578275
661.95,0.00023751548431551146
662.14,4.559279508544852e-05
662.33,0.0032400480383694154
662.52,0.0017939372258219397
662.71,-0.0035293063000130204
662.91,0.0011000963489840965
663.1,0.0024547095514582526
663.29,0.0024592125310440457
663.48,4.583671422838472e-05
663.67,0.00421213548123779
663.86,0.001412175033882727
664.06,0.00179865375932647
664.25,0.005668069049902213
664.44,0.0007335896835462971
664.63,-0.00043585867100840147
664.82,0.002188583978808541
665.01,0.001408052886508421
665.21,0.002126817317117409
665.4,0.002101422411956953
665.59,0.003212278326284497
665.78,0.0008321051978838066
665.97,0.004260434715932831
666.16,-0.0017296192956371176
666.35,-0.0019448123232823262
666.55,0.005778090745350605
666.74,-0.0006543518725820037
666.93,0.0009347396911489456
667.12,0.002109681526096047
667.31,0.0007347439804587147
667.5,0.0012339839243963324
667.69,-0.0011384792120089804
667.89,0.001049171205206142
668.08,0.001549063088754728
668.27,0.00661776405873535
668.46,0.0005489629076482736
668.65,0.00024875234585773425
668.84,0.0031369362863823158
669.03,0.0021418808577427294
669.22,0.0035181080349220694
669.42,0.0016308995449223998
669.61,-0.0013427438458168725
669.8,0.0019566175277217646
669.99,0.00226035186517926
670.18,-0.0020513450921739364
670.37,0.001749839589030884
670.56,0.001049276338151742
670.75,0.0018572496573944074
670.94,0.00024575904666953956
671.14,0.0026125140095575664
671.33,0.0025343312225240204
671.52,0.0016375473624544296
671.71,0.000444037519205609
671.9,0.002130827602874283
672.09,0.001622545408416192
672.28,0.0002446399110607547
672.47,0.003739094010019498
672.66,0.00352440006390455
672.85,-0.0003552768388835793
673.05,0.0031935983483376645
673.24,0.002451173792653689
673.43,-0.00025236108383879945
673.62,0.0036667499662763198
673.81,-0.0006581115787389672
674.0,0.0018719307717349064
674.19,-0.0029831654114162638
674.38,0.0013602526546719906
674.57,0.0027688658671749305
674.76,-0.0007644614892937001
674.95,0.0008449700600736078
675.15,0.002673733646134862
675.34,0.0012713450845662708
675.53,0.0024615293322898194
675.72,0.0011522531444876343
675.91,0.0034065768716677915
676.1,0.0006534297799078555
676.29,0.0016677234864198398
676.48,-0.0006681467743603881
676.67,-0.0013781711035519104
676.86,0.003866660062553489
677.05,0.0030633866406729396
677.24,0.00035655418644495927
677.43,-0.0004624281702866904
677.62,0.0019611501694675806
677.81,0.0022766109655607512
678.0,0.003159294678164688
678.2,0.0014878184173650602
678.39,0.001951518835419512
678.58,0.0028328233608331515
678.77,0.0006583490479555539
678.96,0.0039723582080258835
679.15,0.0020731462535285602
679.34,0.00045814193406663477
679.53,0.0022063696772579105
679.72,0.0036476248639215132
679.91,0.0011880541877885655
680.1,0.0007660065684049069
680.29,0.001813219365944407
680.48,0.0007721020245280906
680.67,-0.002305566527724038
680.86,0.0014731272371083098
681.05,0.0015650465893373828
681.24,0.0019611501694675806
681.43,0.0032528241049869107
681.62,0.0023919787878221377
681.81,0.0005626820809248595
682.0,0.004124888317118162
682.19,0.0038438050607455553
682.38,0.00335846508435228
682.57,0.0018019983371306305
682.76,0.002818292292743704
682.95,0.0012713450845662708
683.14,4.8818899398413614e-05
683.33,0.0027390244546981624
683.52,-0.0006763139214469723
683.71,0.0005664101994054409
683.9,0.0028758236879454563
684.09,-0.0007660950419046261
684.28,-0.001817871847682256
684.47,-0.00015834911546183696
684.66,0.0048556880783254585
684.85,0.0015967045740147416
685.04,0.001904746360858746
685.23,0.0024131283055697263
685.42,0.003377328016108815
685.61,0.001386003694282748
685.8,0.00046269326191305274
685.99,-0.0021380866016861132
686.18,0.00462836339883927
686.37,0.0003605165286554642
686.56,-0.0018224077997408272
686.75,0.004828496360791165
686.94,-0.0005672011593488328
687.13,0.0005629136499343308
687.32,0.0027526961197795042
687.51,0.0018096509501133262
687.7,0.0008751741522238198
687.89,-0.0008862474652612259
688.08,0.0006711166538026689
688.27,0.000775628896116146
688.46,0.0010958353363416458
688.65,-0.0006888006330134701
688.84,0.0007927471838772745
689.03,-0.00048048281844580376
689.22,0.003788660298828136
689.41,0.0017421622672535552
689.6,0.00026386531576843414
689.79,-0.00016051043072312746
689.98,0.0031677663438841814
690.17,0.00015564427406026854
690.36,0.003018426703714061
690.55,0.0009945137439684275
690.74,0.0007904825444936672
690.93,0.00015623931584752223
691.12,0.0006981221329552107
691.31,0.0003630807457716184
691.49,0.0017662617392374374
691.68,0.003335062681567274
691.87,0.003377328016108815
692.06,0.0027647712761341182
692.25,0.006184504838219369
692.44,0.0011002106311867991
692.63,0.002302921573733812
692.82,0.0008940160148448458
693.01,0.0006764482817875272
693.2,0.0018461748981791063
693.39,0.0029316799942878924
693.58,0.00036349897711764935
693.77,0.0021597600013662202
693.96,0.001223013829759087
694.15,0.002154985529296788
694.33,0.0014284782491777233
694.52,0.0008020230906965749
694.71,0.0041038285900442196
694.9,-5.686097260112998e-05
695.09,-0.0002698953781088316
695.28,0.004011276396081683
695.47,-0.0026705218712241726
695.66,0.0036184671337987076
695.85,0.0013109014290602727
696.04,0.003735593757114812
696.23,0.004893010142419588
696.42,0.0017364686091299838
696.6,-0.005432962551812254
696.79,0.002811161675603636
696.98,-0.001437477378172737
697.17,0.0021832545031782104
697.36,-0.002274213534401418
697.55,0.0035564283445619176
697.74,0.0024741784874256793
697.93,0.002603191099787976
698.12,0.0006918525611812684
698.31,0.002635999232797523
698.49,0.00036711264195181083
698.68,0.0016685113007599314
698.87,-0.0010056256574624103
699.06,-0.000696145120367898
699.25,-0.0010147283083149837
699.44,0.0027618652751119745
699.63,-0.001886747890137295
699.82,0.001460378887405767
700.0,-0.002235891882658572
700.19,0.0017832809331478046
700.38,-0.001343068620665052
700.57,0.003432548595730995
700.76,-0.001031088746419502
700.95,0.0007051204917264991
701.14,0.001355203696848716
701.33,0.002558318888470239
701.51,0.0033223920438300073
701.7,0.005467245244291377
701.89,0.006717086414143423
702.08,0.003917226330220755
702.27,0.001789091892276277
702.46,0.0031955885043062284
702.65,0.004521270442091546
702.83,0.001582337603901137
703.02,0.0025408710300593848
703.21,0.002809076797168474
703.4,0.005649057299498739
703.59,-0.0017050591320194421
703.78,0.0035957808988872635
703.97,0.001388086478548323
704.15,0.003354579133179291
704.34,-0.002445996131240986
704.53,-0.000610141205808921
704.72,0.0016902028361297108
704.91,-5.7063467385895034e-05
705.1,-0.0003820895429375516
705.28,0.00235160075500213
705.47,0.00212812550003873
705.66,0.0019435206574597904
705.85,0.001705481133238884
706.04,-0.00028402146927578124
706.23,0.0011748955771699791
706.41,0.0031643583308979344
706.6,0.0017293100973455678
706.79,0.000498827174242383
706.98,0.0005033760210778123
707.17,0.0011804584850471924
707.35,0.00016658866732732348
707.54,0.0022005183190202796
707.73,-0.002994059380215495
707.92,0.0012817766252015254
708.11,0.0008482824220934119
708.3,0.0031416621714899064
708.48,0.0034788396763474334
708.67,0.0026080669008131216
708.86,0.00489799702308909
709.05,0.0003855427463028891
709.24,0.0016081868422893621
709.42,0.0010503191845406463
709.61,0.0024972267471493003
709.8,-0.0007208167509075695
709.99,0.0011713470249354917
710.18,0.004476176722050953
710.36,0.0007134384600833406
710.55,-0.000388226871710604
710.74,0.0008313856280363932
710.93,0.002610097095611961
711.12,0.001513200400664762
711.3,-0.0006211780073078295
711.49,0.005863347012700713
711.68,0.0027797243157436716
711.87,0.001676565054516499
712.05,0.0018474876548365366
712.24,0.0007315033145354511
712.43,0.00016420868876752785
712.62,0.0039746022072524746
712.81,0.00436702976235927
712.99,0.0037610350303732424
713.18,-0.0009724422738005304
713.37,0.001080022133685661
713.56,0.003653184243594184
713.74,-6.05183084350538e-05
713.93,0.0028299877184687814
714.12,0.0006119613703911326
714.31,0.00016640024996654131
714.49,0.002346683160661826
714.68,0.002205253579717701
714.87,0.0005117882160248635
715.06,0.0061989608771242264
715.24,0.0007303475016959615
715.43,-0.0011668211399128926
715.62,0.0034277880266567113
715.81,0.003565549835986342
715.99,0.002213778264729932
716.18,0.0021007999404330188
716.37,0.0017926278440409654
716.56,-0.00017627927946984695
716.74,0.002835773176495309
716.93,-0.003077059157557524
717.12,-0.0004087794661865164
717.31,-0.0009902822032797466
717.49,-0.00029464438769500874
717.68,0.0035010425427711225
717.87,-0.0015517372980131858
718.06,0.003304662308604109
718.24,0.005327324272260368
718.43,-0.0025149055954443397
718.62,0.0035863386365647403
718.8,0.002548370584058877
718.99,0.0002971837620868836
719.18,0.0010042382692816993
719.37,0.0006625785151184259
719.55,0.002322572894162679
719.74,-0.00018069643381769435
719.93,0.0027966998513141534
720.11,0.008352445251544275
720.3,0.003726402256370858
720.49,-6.399743661967676e-05
720.68,0.0024366235958159137
720.86,0.006313108908594307
721.05,0.0013466293095621706
721.24,0.0017394402400885895
721.42,0.00017561660105018336
721.61,0.0021227488133016897
721.8,-0.0028776199825873367
721.98,0.0028455240234183405
722.17,0.0039649962906398994
722.36,0.003950043998773027
722.55,0.0004102871967860741
722.73,0.001263195533208682
722.92,0.003692301199607521
723.11,0.0014036418983365416
723.29,0.0007861563074513594
723.48,0.0005390606467079834
723.67,0.0022662766993654915
723.85,0.0037963411535302076
724.04,0.0006641872090905923
724.23,0.001782505920640165
724.41,0.0028372686212874768
724.6,0.003998194678020653
724.79,0.00042547469086949433
724.97,0.0067553330596914615
725.16,0.002955293528893288
725.35,0.0035842293906810084
725.53,0.0008909723524029489
725.72,-0.00031071891871583765
725.91,0.004213328151125838
726.09,0.0017726801046070784
726.28,0.0009179002931359049
726.47,0.0014133263959645126
726.65,0.004958207130634286
726.84,0.002434368078432259
727.03,0.0018119670900295017
727.21,0.004396575415054984
727.4,0.0026186106930039844
727.59,0.0033049900904190367
727.77,0.0017591045576243435
727.96,-0.0003111777435762552
728.15,0.0035082649225367177
728.33,0.004872105563915255
728.52,0.004519094612164165
728.7,0.001403985487307122
728.89,0.0035859738656780814
729.08,-0.0025280277972315234
729.26,0.0017926633148363325
729.45,0.0027878299419272804
729.64,-0.003281854570455294
729.82,0.005322561086384897
730.01,-0.002287652671170908
730.2,0.002177514262337347
730.38,0.002172099897812476
730.57,0.0016663084882065898
730.75,-0.001457775675386783
730.94,0.0032661815749720413
731.13,0.0013302752083953165
731.31,0.00247710632977777
731.5,-0.0018406068215012356
731.68,0.002876695359941504
731.87,0.001852797687664278
732.06,0.001804735917743883
732.24,0.0029348305691952138
732.43,-0.002468100853447358
732.62,-0.0007026494501550854
732.8,0.0013237167200746169
732.99,0.0004385919063658597
733.17,0.001216369103578015
733.36,0.0018568392193244257
733.55,0.0022644401769592215
733.73,0.0008386246555648787
733.92,0.00555296452949137
734.1,0.0009481883758587728
734.29,0.0013202119414099877
734.48,0.004475345901787108
734.66,0.0016084696341624712
734.85,-0.00273156830358426
735.03,-0.00019486107780641862
735.22,0.005477704346857876
735.4,0.0023697852609971238
735.59,0.00349708149156914
735.78,0.001830069640905132
735.96,5.940431529271631e-05
736.15,-0.0015985739050135871
736.33,0.001749402423751518
736.52,0.003016683996225567
736.7,0.0027522017844817184
736.89,0.0035517907080467154
737.08,-0.0009780844592052744
737.26,-0.000991741489526532
737.45,0.004621014380793649
737.63,0.002669531178538682
737.82,0.0038039796693931744
738.0,-0.0003321014558137308
738.19,0.0030691482631443087
738.38,-0.0012542037605280387
738.56,0.004415724087975348
738.75,0.002461034420453957
738.93,0.002664319605993437
739.12,0.006153529081801328
739.3,0.002031818437346916
739.49,0.002852003067491996
739.67,-0.0004677921972642926
739.86,0.0009862387172533897
740.04,-0.0013792908456461811
740.23,0.0034313723204497997
740.42,0.001518870139698908
740.6,0.005308765762683879
740.79,0.0029616221743815705
740.97,-0.0019010574661572654
741.16,0.0005912383518196447
741.34,0.0012678213647882772
741.53,0.0030043865871717027
741.71,0.003813079707196226
741.9,0.0006103666078888096
742.08,0.006687096013796018
742.27,0.0006024712469022222
742.45,0.0037883483519129176
742.64,0.0042359977011639
742.82,-0.0006158692733084943
743.01,0.0011389923762476371
743.19,0.004844160112239504
743.38,0.0060381133106797965
743.57,0.0004800161563987203
743.75,0.0036324291666440483
743.94,0.0009071632616528176
744.12,0.0037373417551167672
744.31,-0.00021255239416515626
744.49,0.005456747086510805
744.68,0.0006117026642776032
744.86,0.004812612646907678
745.05,0.00047250209198465614
745.23,0.0018523583811426508
745.42,0.0014464071613799901
745.6,-7.408463892809562e-05
745.79,0.0030137286472857057
745.97,0.007154056703758693
746.16,0.0018836995355888488
746.34,0.002955241630239816
746.52,0.005510433875038391
746.71,-0.0014329796822378517
746.89,6.54161038468219e-05
747.08,0.0034761273359295935
747.26,-7.343644076051632e-05
747.45,0.0006094514495677754
747.63,0.0011674025516296845
747.82,0.004909871176252979
748.0,6.537072938265126e-05
748.19,-0.0024728571827290686
748.37,0.00943326395833621
748.56,0.004166444181700299
748.74,-0.00021482233687275748
748.93,0.0022748827409480436
749.11,0.0021850555611721625
749.3,0.004881592225314293
749.48,0.002203416140317808
749.67,0.0002095917163614319
749.85,0.0007875128728065804
750.03,0.00663261455622475
750.22,0.007522247794300795
750.4,-0.001071945301596645
750.59,0.005341988273984466
750.77,0.0017940408039496898
750.96,0.0025593344571149504
751.14,0.0010813017060827311
751.33,0.0027830062328440034
751.51,0.004946031329854309
751.69,0.002678358601703828
751.88,-0.0036936820185813437
752.06,0.0005061957839399085
752.25,-0.002840767870700841
752.43,0.006843593249321553
752.62,0.0019794695444471577
752.8,0.0003622712668262405
752.99,0.0031079557732009815
753.17,-0.0002241453601119298
753.35,-0.002130796846272946
753.54,0.0049024334088323945
753.72,-0.006420674348554374
753.91,0.006036452641129114
754.09,0.003786714040254364
754.28,0.003185891342370973
754.46,-0.002599370027497947
754.64,0.003919646970782417
754.83,-0.003902168018095472
755.01,0.005014812694994301
755.2,0.002678747024556317
755.38,-7.878704397977965e-05
755.56,0.0011000890346493676
755.75,0.004429450738376956
755.93,-0.001568773317883206
756.12,0.0020146984219720004
756.3,0.003390106446194887
756.48,0.0005340777584009385
756.67,-0.0015762889945731872
756.85,0.006465922066115935
757.04,0.002642162427982448
757.22,0.0005346535860296463
757.4,-0.0014687968009173128
757.59,0.007240232355471372
757.77,0.00194605274605612
757.96,0.006842283240529257
758.14,-0.0008665154633828093
758.32,-0.001318922900028308
758.51,0.001484175465277459
758.69,0.000839856810211693
758.87,0.005017595211745636
759.06,0.005780391725999339
759.24,0.0030251394509369163
759.43,-8.291326764571391e-05
759.61,0.008545214358307622
759.79,0.00022625598347502136
759.98,0.00147746128047019
760.16,0.002414559891583404
760.34,0.0024172006220315448
760.53,0.0030412043011719347
760.71,0.008966609104220211
760.9,0.004815703137569028
761.08,0.0031795161168671968
761.26,0.00085695789525282
761.45,-0.0019838229858045245
761.63,0.00476673604909553
761.81,0.003650000475478995
762.0,-0.002059340321182617
762.18,0.0018021011516155397
762.36,-0.004919859336366258
762.55,0.002548355589936812
762.73,0.0020861452658985776
762.91,0.006986467553354654
763.1,-0.0005554092958870776
763.28,0.0017456095647799656
763.46,-0.00023338427517158636
763.65,0.0026497761847478355
763.83,0.0003763395799130042
764.01,0.0014247858627476186
764.2,0.0005304864808406484
764.38,0.0011324373792662061
764.56,0.0029765816217393348
764.75,0.001135017954268127
764.93,-7.934267561852964e-05
765.11,0.003790094797866077
765.3,0.00261997426955474
765.48,-0.00412387021960026
765.66,0.0015695523028637513
765.85,0.0044029804625467265
766.03,0.008332196650243592
766.21,0.0010970199824540242
766.4,0.0003652699036208567
766.58,-0.0030037110858360254
766.76,0.006386748962450573
766.95,-0.0013749104024506462
767.13,0.0009607676741998957
767.31,-7.62204211618943e-05
767.49,-0.0005138393542280646
767.68,0.0025839380876304593
767.86,0.0010855436629494126
768.04,0.0003537661157973877
768.23,-0.0007984403141189854
768.41,0.002892040156213877
768.59,-0.0011998046711922845
768.78,0.0010528081897021526
768.96,0.0033313915107464876
769.14,0.0016132859077528333
769.32,0.002884704577561353
769.51,0.001634433291391939
769.69,0.001626323076805395
769.87,0.002005582528748932
770.06,0.0025242631584898125
770.24,0.003945310961783575
770.42,0.0024240433962160624
770.6,0.0061821645826926445
770.79,0.007406529006040325
770.97,0.003660052312039981
771.15,0.002863319871218534
771.33,0.0037852334755996975
771.52,0.00131026640756601
771.7,0.003534002735969925
771.88,0.00060672236667606
772.07,0.002066005538489626
772.25,0.001030020357407647
772.43,0.0026533078116460318
772.61,0.0018208117076491163
772.8,0.0031638894747943523
772.98,0.0015471397320910988
773.16,0.0015431852330383962
773.34,0.001545055893814113
773.53,0.00209453507019201
773.71,0.0040652845051280416
773.89,0.0014224361821637012
774.07,0.0010105162779722586
774.26,0.004852173571805618
774.44,0.0033324156366109276
774.62,-0.0007310807294825257
774.8,0.008375875049132973
774.99,-0.001015690550680915
775.17,-0.0011642632560775127
775.35,0.0013998079411570996
775.53,0.0046341811358894
775.71,-0.0005967183806797798
775.9,0.00548019566898649
776.08,-0.0015246737887881954
776.26,0.0008737255336209541
776.44,-0.0025843778666053484
776.63,0.0008736075816900839
776.81,0.0012640986851549353
776.99,0.004887939915797659
777.17,0.0008772789625188834
777.35,-7.013449123628458e-05
777.54,0.0004636041886758604
777.72,0.002494940881804914
777.9,-0.0011479655445718994
778.08,0.00263356986647271
778.27,0.004092584889370735
778.45,0.0022368829214795037
778.63,0.002066005538489626
778.81,-0.0006146155479671013
778.99,-0.00048079444297684254
779.18,0.010217493677679254
779.36,0.00047288830868189166
779.54,0.0019849502972984893
779.72,0.0008898244933713323
779.9,0.0020337687509384057
780.08,0.00034788949571215355
780.27,0.00399906427453741
780.45,0.0016169243148606504
780.63,-0.002157232625832318
780.81,0.0007630214042302845
780.99,0.0027265002425290773
781.18,0.004397589543900253
781.36,0.00353989644765568
781.54,-7.438687754755527e-05
781.72,0.0007612166855094126
781.9,0.005820137605439202
782.08,0.002189074781257942
782.27,0.0016391041208897168
782.45,-0.00022046049788798275
782.63,0.000650409737204123
782.81,0.0021245370563517272
782.99,0.002368436433679906
783.17,0.005899189969017592
783.36,0.0010912516504064799
783.54,0.0018117636607345878
783.72,0.001517684860637329
783.9,0.0037521294831747705
784.08,0.00097804748232964
784.26,0.0032510131843317453
784.45,0.005420857189191275
784.63,0.005442482491719827
784.81,0.0038878630699129093
784.99,-0.0023786237922988067
785.17,0.00023116186247508844
785.35,0.0038281319020182863
785.53,0.004568848073672612
785.72,0.003980829503450414
785.9,-0.0005455349273037112
786.08,0.0007044101287716181
786.26,-0.0008540668194762737
786.44,0.00324041413073372
786.62,0.0007061902145784311
786.8,0.0023372834178369125
786.99,0.0008565554083223908
787.17,0.0016670016704376127
787.35,0.002299767850926116
787.53,0.004102656210619634
787.71,-0.0004100184479139446
787.89,0.002536901865369025
788.07,0.0005597418574961099
788.25,0.0036559551336410555
788.43,-0.0012463890151025601
788.62,0.002519139544868043
788.8,-0.000413978700413089
788.98,0.003385647969949778
789.16,0.007626395747305915
789.34,0.004486950125349071
789.52,-0.0016064778231467372
789.7,0.003545170484748171
789.88,0.0031642665279292036
790.06,0.0038025776204885166
790.25,0.002073191369257096
790.43,0.006472854259404407
790.61,0.004961091791400417
790.79,0.007383683312386937
790.97,0.00580143686097688
791.15,0.0065949109116639655
791.33,0.005753569160621973
791.51,0.0030472330534128513
791.69,8.188815328462817e-05
791.87,0.004787919079025775
792.05,-0.0007780773763651049
792.24,-0.002161076182433788
792.42,0.00144721357615386
792.6,-9.17781167255248e-05
792.78,0.00231286626815786
792.96,0.0036637366185227147
793.14,0.0037435848227081194
793.32,0.004193529894388147
793.5,0.0024413822483655913
793.68,0.0069302822323176186
793.86,0.00216948516183534
794.04,0.008503020386425211
794.22,0.010291563703544724
794.4,0.0030735001262432175
794.58,0.0030648734706395036
794.76,0.0027753705064776997
794.95,0.006560695407261299
795.13,0.005720318441832664
795.31,0.0009670792489971629
795.49,0.008927452842497617
795.67,0.003801918092837127
795.85,0.006338140876284459
796.03,0.003135273799064912
796.21,0.0022550018829623525
796.39,0.004716500445116132
796.57,-0.004800310344131801
796.75,-0.0019183442074459471
796.93,0.0019141354729216645
797.11,0.006297872340425539
797.29,0.0038461860641641073
797.47,0.006008687897579162
797.65,0.0006427629883083816
797.83,-0.0032481924305717957
798.01,0.005199775847944502
798.19,-0.002322091335592526
798.37,0.0045985822333711275
798.55,0.0071395431893965
798.73,0.004253922467887898
798.91,0.004781109452363453
799.09,0.009565336545639362
799.27,0.0013819037803751105
799.45,0.003375774353428361
799.63,0.006189810660310781
799.81,0.0060855454210948495
799.99,-0.0012222806612302603
800.17,-0.0015883830314333627
800.35,-0.0018052152935604372
800.53,0.007643801121939487
800.71,0.005382621782242864
800.89,0.0004774875397993238
801.07,0.004039382798008535
801.25,-0.006390729226016246
801.43,0.0030315097990153486
801.61,0.0033980979886366336
801.79,0.0032350615961662583
801.97,0.011423571702150843
802.15,0.006412761291594225
802.33,-0.00010461568680197609
802.51,0.005967178055211374
802.69,0.006853846357405602
802.87,0.005547273776007891
803.05,0.0018471528380419554
803.23,0.003899336183577845
803.41,0.003959600806696437
803.59,0.0026726118304286747
803.77,0.009218750797643286
803.95,0.0028951298058759053
804.13,0.005612704982791485
804.31,0.00252276638397422
804.49,0.0024649261695246475
804.67,-0.002904319951218347
804.85,0.0028478411834787064
805.03,0.001882770540111315
805.21,0.005545852955379747
805.39,-0.001924822213712661
805.57,0.005811080772921473
805.75,-0.004053740245524189
805.93,-0.0011386694976593113
806.11,0.006283411452557693
806.29,0.010944946880377223
806.47,0.00543951085056388
806.65,0.0048630193648784995
806.83,0.003636450758174161
807.0,0.0025860647881209677
807.18,0.009832739967159387
807.36,0.005539684511240848
807.54,-0.0009507304161994111
807.72,-0.0011787252741859082
807.9,-0.0037086393106634144
808.08,0.0039288176286467885
808.26,0.003085238632433282
808.44,0.006709607953059594
808.62,0.003910518800571165
808.8,0.012376247046793718
808.98,0.001576715921642465
809.16,-0.006210738396193503
809.34,0.0022276964424965896
809.51,0.004935625077060055
809.69,-0.0020233220519189398
809.87,0.0009662346465470217
810.05,0.00834612500224359
810.23,-0.0016537780492372229
810.41,-0.001459116989025663
810.59,0.0057378103692268196
810.77,0.006233476169062278
810.95,-0.0014388580461496786
811.13,0.001215429967340822
811.31,0.0027376362204985633
811.48,-0.002556569586154791
811.66,-0.0007710694127532122
811.84,0.004682446356611169
812.02,0.008134595095494652
812.2,-0.00011921551326332524
812.38,0.0032212166318228747
812.56,0.0055283818167190775
812.74,0.00010505541071453792
812.92,0.004183295981021613
813.1,0.008512421048743044
813.27,0.0028818731260967126
813.45,0.006342238377476551
813.63,-0.00447346368369834
813.81,0.011056606777062388
813.99,0.003333253240248607
814.17,-0.0010570212151462064
814.35,-0.0005898061693893023
814.53,0.009369485506902416
814.7,0.0048253062767984346
814.88,0.008670941234541603
815.06,0.0012899351979300067
815.24,0.0026924775268044716
815.42,0.001271646627711873
815.6,0.008008236374591261
815.78,0.0019422856619730248
815.95,-0.0003751166171365531
816.13,-0.0003629168954466218
816.31,0.009046792089576362
816.49,0.0029409993290076615
816.67,-0.005604129629232968
816.85,0.0044258656726066156
817.03,0.008614807754637424
817.2,0.010562878626974376
817.38,0.001594497697772233
817.56,-0.0008622606699264302
817.74,0.0106222428094404
817.92,0.007661946076503871
818.1,-0.0023595010220941477
818.27,0.004192284022279448
818.45,0.003746538524189617
818.63,0.0027893746605123833
818.81,-0.0018271640720005562
818.99,-0.00038320290909614523
819.17,0.005135173911042664
819.34,0.005648205494500537
819.52,0.01150159453717479
819.7,0.004161006129282898
819.88,-0.005279395371856474
820.06,-0.0014098731481082191
820.24,0.013346459898860798
820.41,0.0021454437788963137
820.59,0.004658014642584696
820.77,-0.003198179709601967
820.95,0.003126817851812112
821.13,0.006056353323476107
821.3,0.005778935147711147
821.48,0.0011618179693889574
821.66,0.0025033157286759532
821.84,0.006192164942192236
822.02,0.02040613970839286
822.19,-0.0014288197688416791
822.37,0.008992169502817393
822.55,0.0021943494802047414
822.73,0.011372544222117044
822.91,0.002534126005638032
823.08,0.002801686594155833
823.26,-0.008035006764477819
823.44,0.005852686923877605
823.62,0.0075893486392389084
823.8,0.0035567855775906466
823.97,0.012507491037379198
824.15,0.003134666820008798
824.33,0.0075471014458205945
824.51,-0.00041079908638282136
824.69,0.016251315940798157
824.86,0.0020059822117571716
825.04,0.007955581578939714
825.22,-0.006624974375465724
825.4,0.0028024364156924992
825.57,-0.003070679276411903
825.75,0.002343048111582827
825.93,0.012139094403723334
826.11,0.00894654373221619
826.28,0.004902866314370951
826.46,-0.0029546406634061535
826.64,0.0062989220141627545
826.82,0.01156646377617103
826.99,0.0009657117295446854
827.17,0.011479294273952695
827.35,0.015437627113460403
827.53,0.008015012011498306
827.7,0.0049683964160441366
827.88,-0.0013412751595627262
828.06,0.0010145410542185573
828.24,0.007051268098479371
828.41,0.0055245799410697976
828.59,0.0035354570549551065
828.77,-0.0012915483089334203
828.95,-0.0015826026967055598
829.12,0.010206162199422273
829.3,-0.0028196058938171854
829.48,0.0004374121031608221
829.66,0.002505929636049645
829.83,0.00759321554073111
830.01,0.0019228282141639554
830.19,0.00846735068739056
830.36,0.00013939566128345194
830.54,0.006531437574951577
830.72,0.00465234006972562
830.9,0.00345261772083925
831.07,-0.0051186813486932175
831.25,0.01323941038885634
831.43,0.004434303853975509
831.6,0.002610167349965265
831.78,0.01798521063420467
831.96,0.011261864166745357
832.14,0.007584516126155165
832.31,0.005132067520479528
832.49,0.002034674288118487
832.67,0.00918544096955565
832.84,-0.005132409462398247
833.02,0.007824127837917584
833.2,-0.0017394453466724638
833.37,-0.004277913069985553
833.55,0.004605045518179239
833.73,0.01568786252445348
833.91,0.006719266587943156
834.08,-0.0008080524785831484
834.26,0.009632211224124318
834.44,0.008056762571837867
834.61,0.003936037963977374
834.79,0.015341561799454206
834.97,-0.0001684823408730011
835.14,0.007509658975164621
835.32,0.00477208915016958
835.5,0.008204689685218479
835.67,0.008749454570962857
835.85,0.01134119078361085
836.03,-0.0015013493063861473
836.2,0.00015992792256071573
836.38,0.0020980007766917956
836.56,0.006131584886329863
836.73,0.011878765210509703
836.91,0.006502391097261993
837.09,0.006852358229873694
837.26,0.005123818668521944
837.44,0.0038193217679783117
837.62,0.006838623623352994
837.79,-0.003926065029356663
837.97,0.0021290621120438297
838.14,0.0011568926223818692
838.32,-0.0005256290543005597
838.5,0.0004774417526898542
838.67,0.016295744482726523
838.85,0.011484492540942446
839.03,0.0035179990791084645
839.2,0.001178895210264831
839.38,0.006741013331340806
839.56,0.0005150491311536861
839.73,-0.0020006638507246897
839.91,0.009500776906531129
840.08,0.007820235971583276
840.26,-0.0037731179205698594
840.44,0.008664001538455673
840.61,-0.0023017250890570904
840.79,0.013286688092667675
840.97,-0.0023313137177581743
841.14,0.0037033880084525422
841.32,0.0033320383140114057
841.49,0.0015937511619766758
841.67,0.0008743138799555728
841.85,0.0033544606172564396
842.02,0.003033593668484261
842.2,-0.0001896977353703546
842.37,0.008484173927515912
842.55,0.00017359661711876119
842.73,-0.00418092376891035
842.9,0.001265728147826569
843.08,0.002300902838973906
843.25,-0.009373617302294851
843.43,0.0034112447998922222
843.61,0.0023570536698107295
843.78,0.0013062128355376668
843.96,0.017875593209542327
844.13,0.012884168861533181
844.31,0.020366333690012495
844.49,0.0020815228919619975
844.66,0.00852969006653624
844.84,-0.01042570611578758
845.01,0.008852150767389912
845.19,0.005947105193657726
845.37,-0.007992605404496964
845.54,0.004751899320589431
845.72,0.009475893788644264
845.89,0.007554390073366778
846.07,-0.0005952089183303186
846.24,0.001732044495289495
846.42,0.009312236064113869
846.59,-0.0056587886353478695
846.77,0.0152045691065692
846.95,0.01215217257204012
847.12,0.006264994253568411
847.3,0.008747799860187633
847.47,0.001844205441222088
847.65,-0.0022635996388844135
847.82,0.005044031617218102
848.0,0.0030956337702792492
848.17,0.007727021703375679
848.35,0.012895551778978895
848.53,0.007752967944836932
848.7,-0.003648719562584526
848.88,0.00618303821864565
849.05,0.016972829292650454
849.23,0.01993214523203771
849.4,0.009132894061645223
849.58,0.003507068492824301
849.75,0.004345859341059653
849.93,0.0035289833680737306
850.1,0.007694832099812553
850.28,-0.0006427561383211044
850.45,0.0002024613739245374
850.63,0.024156958556437833
850.8,0.006378646291382985
850.98,0.010827432349572714
851.16,0.015962378006641176
851.33,0.013030403248755968
851.51,-0.0036881656703485932
851.68,0.021452463093007388
851.86,0.005782953182014028
852.03,0.008745328850537776
852.21,0.0011199887838095773
852.38,0.005972686720221509
852.56,0.008240669267519263
852.73,0.004275037708982468
852.91,0.00744135403716616
853.08,0.01132155855740413
853.26,0.020806725666567365
853.43,0.010152028536837077
853.61,0.009581792069555983
853.78,0.011311092452343956
853.96,-0.008552514698337463
854.13,0.01149708897019682
854.31,0.01471635917241471
854.48,0.002970534085186151
854.66,0.012762643573473372
854.83,0.002114582110601339
855.0,0.005443122020492374
855.18,0.0011726010749696794
855.35,-0.0012108268242061835
855.53,0.0011883901033224945
855.7,-0.003589454241747066
855.88,0.00461454607272863
856.05,0.006278911074188412
856.23,0.008128149302237644
856.4,0.013153747448737952
856.58,0.013423703550066021
856.75,0.01350952140879704
856.93,0.005694408979631213
857.1,0.007729925288771409
857.28,0.01759210475590796
857.45,0.014368728998328055
857.62,0.013433955650969094
857.8,-0.0012813852813852616
857.97,0.004266605792800598
858.15,0.010450972873693648
858.32,-0.00027955856371555976
858.5,0.003346945609808301
858.67,0.0036705127230892585
858.85,0.0012528563117879935
859.02,0.02442599739026627
859.19,-0.0018213312984922292
859.37,-0.005496703292575956
859.54,0.014941827867877639
859.72,0.0087684191377115
859.89,0.011880288078443773
860.07,0.009355551403525352
860.24,0.004408717091407421
860.41,-0.008516052670513368
860.59,-0.010476692251066098
860.76,0.003369601660264007
860.94,0.012269492820372839
861.11,-0.008293199269230231
861.29,0.013388493194198403
861.46,0.010348934803431438
861.63,-0.005075325182924355
861.81,0.002401983423802266
861.98,0.0024944461948156675
862.16,0.0002512557995017289
862.33,0.014710386260803593
862.5,-0.006460612437838001
862.68,0.0020199482976964445
862.85,0.004760528246811681
863.03,0.005981945252152064
863.2,-0.0021099179046213633
863.37,0.012516224541361856
863.55,0.004864405974440719
863.72,0.020545504928546003
863.9,-0.01459228173775013
864.07,0.011004789816015367
864.24,0.011142514260071616
864.42,0.011317377914282332
864.59,0.01586582708180553
864.77,0.013091523306767505
864.94,0.0037722713938532545
865.11,0.013516620782658974
865.29,0.012031483544710588
865.46,0.0014255921810315537
865.63,0.00989576917507885
865.81,-0.0021616166512789877
865.98,-0.002712701432625221
866.16,0.006698636956562859
866.33,0.014255471151514381
866.5,0.008377113800061241
866.68,0.0068302587530762095
866.85,0.010655627146429298
867.02,-0.0021162446042234054
867.2,0.00565962706217424
867.37,0.026193016822363583
867.54,-0.002655440277903719
867.72,0.01482263945207349
867.89,-0.00031077632772312806
868.06,0.023699732829950713
868.24,0.0002839597427455025
868.41,0.013468151390041741
868.59,0.003281149890951945
868.76,0.018198052921617126
868.93,0.020112605637411653
869.11,0.006730077261877902
869.28,0.0073937710550904595
869.45,-0.004745612066053091
869.63,0.019703711629399982
869.8,0.00665062839413943
869.97,-0.018046080819466067
870.15,0.021808700036933935
870.32,0.020326640351094494
870.49,0.006667567586138997
870.66,-0.008003198522062193
870.84,0.008053893954352775
871.01,0.021511654231197285
871.18,0.0035701962551669517
871.36,0.02942272062171173
871.53,0.02976520340581908
871.7,-0.005010929236485668
871.88,-0.0030819092660453623
872.05,0.004341729596405007
872.22,0.021855600365473578
872.4,-0.009612341113165716
872.57,-0.008344333735017665
872.74,0.009249913203026768
872.92,0.019382953505042717
873.09,0.007524722571572194
873.26,0.017953027911481522
873.43,0.01226505859804095
873.61,0.012717100847724198
873.78,0.01506254400286668
873.95,0.021757835877441074
874.13,0.01930133317946125
874.3,0.03965952988934724
874.47,0.026362111777018006
874.64,0.01462384066956823
874.82,0.008127139139986113
874.99,-0.0003830409280534201
875.16,-0.011216395631919281
875.34,-0.012950978698523618
875.51,0.018269315981556157
875.68,0.013301565131660056
875.85,0.02401519580797728
876.03,0.0041184354819057195
876.2,-0.0011387782115554882
876.37,-0.0011883491453672252
876.54,0.00911991624513033
876.72,0.007776789316064669
876.89,0.004063379096439163
877.06,-0.004228603185345948
877.23,-0.0027366077779916176
877.41,0.014369223278421571
877.58,0.02200213227059967
877.75,0.01801341995461325
877.92,0.024181266911547282
878.1,-0.0011819180444122782
878.27,0.017915509867186947
878.44,0.01509739066519665
878.61,0.017074921977132392
878.79,-0.005353776993802565
878.96,-0.03491364580718713
879.13,0.014341868295356702
879.3,0.0012134086101576568
879.48,0.01166590788485465
879.65,-0.0012255007972963696
879.82,0.01339699759796137
879.99,0.0197911787722662
880.16,-0.009204823844658155
880.34,0.019470579283303674
880.51,0.026100191953955732
880.68,0.010783859358816079
880.85,0.01766493736331059
881.03,-0.0013139791927529844
881.2,0.0028511745952957417
881.37,0.033201801064265284
881.54,0.019686193193814656
881.71,0.0030383461321696653
881.89,0.020928957016252452
882.06,0.021608693028234587
882.23,-0.007722045446403237
882.4,0.013094879265883015
882.57,0.004119153899940718
882.75,0.010111515205321818
882.92,0.03406126888179039
883.09,0.028650020466639413
883.26,0.004971709307000634
883.43,-0.005051550796514821
883.61,0.038183857564890476
883.78,0.012567594163238181
883.95,0.01830286072651844
884.12,0.013270614314318642
884.29,0.0022496930004093684
884.47,0.0075068135090767445
884.64,-0.017633665392348206
884.81,-0.0050058135179762734
884.98,0.01523038493392631
885.15,0.02132833874304994
885.32,-0.004203153533620184
885.5,-0.007722045446403237
885.67,0.012848443262715536
885.84,0.0013873295094145432
886.01,0.03080727985458835
886.18,0.014630396255489411
886.35,-0.004344270497261933
886.53,0.0023020859512440676
886.7,0.03914332180095273
886.87,0.006148598536503709
887.04,0.011164520002660758
887.21,0.042694029974057766
887.38,0.030540613185976978
887.55,0.004377238360525307
887.73,0.0014126391484100415
887.9,0.017517047993641365
888.07,0.00886427525375801
888.24,-0.011409307574285054
888.41,0.02367312583218751
888.58,0.003702751547289743
888.75,0.019919996172770033
888.93,0.017550706256030044
889.1,0.03946597633655
889.27,-0.01273934273330769
889.44,0.0068012808637891746
889.61,0.019013659472208993
889.78,0.010756581986143227
889.95,0.027568506131348428
890.12,0.012119991334719313
890.3,0.02752243655769377
890.47,0.04989465655073337
890.64,0.011820260868598326
890.81,0.0332830952100455
890.98,-0.005823006368557997
891.15,0.025170989133076457
891.32,0.012236346823115954
891.49,0.028994255819162748
891.66,0.034921468915952075
891.84,0.02802755910010173
892.01,0.0175324401833268
892.18,-0.009481989818158506
892.35,-0.018838601930637716
892.52,0.0004815910887267647
892.69,0.017874918510826877
892.86,0.021402863493281323
893.03,-0.0005782324966662697
893.2,0.015842013034318498
893.37,0.014976824913118462
893.55,-0.005935531707015625
893.72,-0.00932645748024368
893.89,0.028327488711732525
894.06,0.051460925649354484
894.23,-0.022642815733607997
894.4,0.014294136806474666
894.57,-0.00288847527128243
894.74,0.0332455496086253
894.91,0.0038420958334163236
895.08,-0.011576811571274276
895.25,0.003942460503899608
895.42,0.01057680333894381
895.59,0.03996701271814348
895.76,0.01641559194983344
895.94,0.010478076127338705
896.11,0.03691373142003046
896.28,0.02322229134044064
896.45,0.03691373142003046
896.62,0.03059712133847827
896.79,0.020518864935427088
896.96,0.020567174670658474
897.13,-0.0018632914056231464
897.3,-0.005773031368790731
897.47,0.017300323816650157
897.64,0.013913430452481036
897.81,0.03053287793581054
897.98,0.017877377984562313
898.15,-0.00409622153835871
898.32,0.0030046315936793876
898.49,0.02088681898520253
898.66,0.01514469804521136
898.83,0.014366482712017167
899.0,0.038782919379934354
899.17,-0.01065469530087938
899.34,-0.012895466100388093
899.51,0.03315238202500286
899.68,0.01730471547720819
899.85,-0.05006994026600078
900.02,0.004511179778695128
900.19,0.0005894183655564195
900.36,-0.015362050701956991
900.53,-0.0021101969682675486
900.7,0.014046448337925463
900.87,0.01854336771324878
901.04,0.03618901494475021
901.21,0.04047247718149981
901.38,0.01579033368158889
901.55,0.007055352744444134
901.72,0.013823921890804839
901.89,0.021908280220300728
902.06,0.05191845847393841
902.23,0.022957329148638607
902.4,0.026366935385664585
902.57,-0.010508135897860663
902.74,0.04693338818608802
