Wavelength [nm],#1-IF@650-80.csv
400.08,-0.0128685311220251
400.29,-0.01193718753618659
400.5,0.004804652297520057
400.71,-0.01633707852625815
400.92,-0.009189361605176364
401.13,-0.03075604800681186
401.34,0.00619736848665552
401.54,-0.01219317778589165
401.75,-0.006511810738539622
401.96,-0.003419709786791014
402.17,-0.008124924010551243
402.38,0.0006513362336855731
402.59,-0.03242526117575447
402.8,-0.03814503907603658
403.01,-0.02094319576575828
403.22,0.04029033828541085
403.43,-0.04483813547136314
403.63,-0.010140159975194586
403.84,0.0058183350106490546
404.05,-0.016716821932009567
404.26,-0.03601022007029822
404.47,-0.007527561060421235
404.68,-0.005362855305137475
404.89,-0.002072998824487672
405.1,0.009198987548896842
405.31,-0.008125713518232441
405.52,-0.017604793222084344
405.72,0.005571817273081851
405.93,-0.043801485895272996
406.14,0.010703134586804516
406.35,-0.01087200744670602
406.56,0.006564381433288064
406.77,-0.013219281091505195
406.98,0.02608470535181161
407.19,-0.014438562901227565
407.39,-0.02167790269240018
407.6,0.007663047413774789
407.81,0.009609645733955828
408.02,-0.000626163407351197
408.23,-0.0030708747406355315
408.44,-0.011190955983929588
408.65,-0.019950936760523584
408.86,-0.0030486614944945814
409.06,-0.0229893331865358
409.27,-0.0432436085144723
409.48,-0.015926115696179972
409.69,0.02712372185919289
409.9,-0.02921931843015254
410.11,-0.021359529269314136
410.32,-0.016290482563855957
410.52,-0.006417831299141042
410.73,0.01533484839178597
410.94,-0.0005944846384360163
411.15,-0.030302283251363044
411.36,0.010471558166264366
411.57,-0.009357154414753557
411.78,-0.027514939736673225
411.98,0.012043208267656315
412.19,-0.024368396408867853
412.4,-0.010535190878250692
412.61,0.015354551595949768
412.82,0.006144188470254658
413.03,-0.0319555386677467
413.23,0.012197523621964806
413.44,-0.04133794829512871
413.65,0.036588216523878295
413.86,0.03460386895697955
414.07,0.003625407153886365
414.28,-0.02827618522373387
414.48,-0.011666606878793995
414.69,-0.054965715974015464
414.9,0.005937486581124222
415.11,-0.005661996839301659
415.32,0.01815246274764829
415.53,-0.012950025468755188
415.73,0.025117116978401244
415.94,-0.007655309888260965
416.15,-0.03327676473156486
416.36,-0.029889614574343356
416.57,-0.021868365956233995
416.78,-0.023238211143803783
416.98,-0.021846175185519064
417.19,-0.020622170188009686
417.4,-0.027001114742372722
417.61,-0.024548235161659524
417.82,-0.03201856148491875
418.02,-0.0005459914201347859
418.23,-0.0005365727238548154
418.44,0.009017011712543068
418.65,-0.015789762440335725
418.86,0.01710526839084807
419.07,0.02203371686544634
419.27,-0.008512178556467869
419.48,0.009324701550157435
419.69,-0.01505497839573979
419.9,0.020323528510481855
420.11,0.020039010437474226
420.31,0.002487463113492807
420.52,-0.02343951409155122
420.73,-0.023924214992410486
420.94,-0.019806412877118297
421.15,-0.01597196957033333
421.35,-0.020378006053816965
421.56,0.0022154072382869158
421.77,0.009736404654476408
421.98,-0.0031863374009750292
422.19,-0.029457537095845594
422.39,0.006972863909973884
422.6,-0.03175177227767962
422.81,-0.004107841441888201
423.02,-0.02047817085116991
423.22,0.007031929768728433
423.43,-0.04195661143413872
423.64,0.014658119221187342
423.85,-0.0031634854450646372
424.06,-0.014796763015290293
424.26,-0.012817949572364732
424.47,-0.019449868959617714
424.68,-0.017697411667290074
424.89,-0.0031892171300946658
425.09,-0.05180573416561116
425.3,0.01609551930169906
425.51,0.0050450605838472185
425.72,0.013161984341720875
425.93,-0.01355667140851834
426.13,0.0101923734582797
426.34,-0.016232364517582663
426.55,-0.017033813484605528
426.76,-0.018079522018874642
426.96,0.015876128931033504
427.17,0.010728199352037834
427.38,0.006697817807746543
427.59,0.00975882930770152
427.79,0.014888497202850827
428.0,-0.005611464081992268
428.21,-0.0012629602004094638
428.42,-0.02333993101408078
428.62,-0.0004228621728211497
428.83,-0.03228295432282951
429.04,-0.00915170824591734
429.25,-0.0004665111629456501
429.45,-0.033448477801447905
429.66,-0.008127372334724424
429.87,-0.0013729829265534544
430.08,-0.014040193041849712
430.28,-0.013933762180341643
430.49,0.018754904299687594
430.7,-0.007712666066889659
430.91,-0.005424954792043367
431.11,-0.009841280564008207
431.32,-0.005323220680492344
431.53,-0.016903469254168076
431.74,-0.011986971769390292
431.94,-0.001917961449793305
432.15,0.006710032567164465
432.36,-0.00042938638640682193
432.56,-0.005758273563389125
432.77,-0.010565467411671144
432.98,-0.0248221986160176
433.19,0.016113094614528714
433.39,0.004316644766529432
433.6,0.008438003561477857
433.81,-0.01092823727722113
434.02,-0.022211288579257395
434.22,-0.016096628179991742
434.43,-0.015383454228360838
434.64,-0.004881433608468652
434.84,0.0003453521141613108
435.05,-0.017934171457451485
435.26,-0.015189947539185882
435.47,0.021255569012790968
435.67,0.012178612558412953
435.88,-0.006103007230429036
436.09,-0.016190616525648256
436.29,0.013414818504667829
436.5,0.00251634319270498
436.71,0.004791825928066705
436.92,0.008019191743929054
437.12,-0.01077286645089322
437.33,-0.01391462586341673
437.54,-0.007140713778625648
437.74,-0.015394068994334424
437.95,-0.012743834029410428
438.16,0.0036342262395435616
438.36,0.002360619485262667
438.57,-0.011286515377416626
438.78,-0.010079130784145867
438.99,0.011951838860816381
439.19,-0.012283149121865697
439.4,-0.009113532663085198
439.61,-0.005807929256433155
439.81,-0.012660707497778695
440.02,0.012566366339874617
440.23,0.014010849077640644
440.43,-0.0102131344173403
440.64,-0.005410042919825922
440.85,0.0036560830154392246
441.05,-0.009774004873692921
441.26,0.00611649921598237
441.47,-0.01300642774832356
441.67,-0.02168251236144897
441.88,0.0003004345981400826
442.09,-0.0066956881781185485
442.29,0.00284705823070107
442.5,0.0064629198259209255
442.71,-0.009480619772925164
442.91,0.002923378324666706
443.12,-0.02265185134220874
443.33,-0.008986406894755553
443.53,-0.011131929901906732
443.74,-0.01727597999932275
443.95,0.00418450917498415
444.15,-0.010199981797638553
444.36,0.026339213013672678
444.57,-0.010372811720487124
444.77,0.010575619490180797
444.98,-0.01687075514643813
445.19,-0.006036712509827579
445.39,-0.019921272595398856
445.6,-0.006017650867209571
445.81,-0.006265371780354493
446.01,0.006497927404467544
446.22,0.00772943628844377
446.43,-0.013992970356124387
446.63,-0.0015220106995403422
446.84,0.011698143381677614
447.05,-0.017440151316614038
447.25,0.006916745290692024
447.46,-0.013301921388645001
447.67,-0.017847189994566293
447.87,-0.013406225985773922
448.08,-0.010794691300329623
448.28,-0.009714767932489427
448.49,-0.011315482506145396
448.7,-0.007577257350461725
448.9,-0.01369138315105115
449.11,0.003825795516652548
449.32,0.017229481896527354
449.52,-0.003970137565813482
449.73,-0.00838131996970355
449.93,-0.01148379761227968
450.14,0.008164433269000137
450.35,-0.0033457629406143164
450.55,0.016558127080225873
450.76,-0.01614191755036823
450.97,-0.01239086823031071
451.17,0.002699245818123407
451.38,-0.0008753519429723431
451.58,0.0061650870969450116
451.79,0.0008409529703733932
452.0,-0.0032666889121734407
452.2,-0.014644879058120787
452.41,-0.012832913155648834
452.62,0.0008333316354286379
452.82,-0.011869973148527514
453.03,-0.003280255932525304
453.23,0.0078585116295424
453.44,-0.0065486881169405445
453.65,-0.008082898236331194
453.85,0.013108964120614545
454.06,-0.0024553253647396343
454.26,-0.0025195268332609344
454.47,-0.014356813624058945
454.68,-0.006190043011624899
454.88,-0.00026971932676586173
455.09,0.014918084343727375
455.29,-0.00028529009344704004
455.5,-0.010275755161063781
455.71,-0.009322790067997888
455.91,-0.017726295050291992
456.12,0.005088030856694559
456.32,-0.004117525550101786
456.53,0.0051572945455685285
456.73,0.0028093986483117028
456.94,-0.003893917265885878
457.15,-0.007673090988534987
457.35,-0.013988494344854774
457.56,0.0002452407384180117
457.76,0.008875528794759127
457.97,-0.004862932849671287
458.18,0.00024085354082285665
458.38,-0.0002615802651035717
458.59,0.0012310129247397957
458.79,0.012650403308649494
459.0,-0.02829533311215669
459.2,-0.004640326522032335
459.41,-0.0002542843452523886
459.62,0.0094728755156006
459.82,-0.012098212147179814
460.03,-0.002561431868745347
460.23,-0.004366049310480643
460.44,0.0011895341770311008
460.64,-0.0072110445741775265
460.85,0.0052657216218224626
461.06,-0.0025963144834482655
461.26,0.005272983112895429
461.47,0.002179520225000852
461.67,0.01979544762766051
461.88,0.008008917485229609
462.08,0.010900575652298353
462.29,0.00022671616347794867
462.49,0.005379309646827845
462.7,-0.01838668866225723
462.91,0.009243526713672685
463.11,-0.0037317367606761968
463.32,-0.0011069419272756302
463.52,-0.000686020516048827
463.73,-0.001986766462624629
463.93,-0.002756536332363846
464.14,-0.01736844944928741
464.34,-0.00438795717881486
464.55,-0.016853234689229647
464.75,-0.004178962983268427
464.96,-0.017687371997313142
465.16,0.0025253836856564257
465.37,-0.0006180694419196351
465.58,-0.022145329712499464
465.78,0.003216751695453536
465.99,-0.0075154871084962644
466.19,-0.009843478019653653
466.4,-0.01354350528322277
466.6,-0.00305864919646522
466.81,-0.004550585328799297
467.01,0.00018162584244583587
467.22,-0.013211845102505679
467.42,-0.00019815727216967262
467.63,-0.002409612961726304
467.83,-0.0022960587487428465
468.04,-0.00980922878845715
468.24,-0.0038959811629909595
468.45,-0.0069601550332762845
468.65,-0.007435327558168846
468.86,0.0058900026883829835
469.06,0.0036089356801126825
469.27,-0.01157413629143835
469.47,-0.008733853769748499
469.68,-0.008375966540353622
469.88,-0.005082708848493987
470.09,-0.007505911369604102
470.29,0.00015778589056887344
470.5,-0.010476517182563906
470.7,0.00048103216093996616
470.91,-0.007041367001695327
471.11,-0.009435769310847374
471.32,-0.00016615294887574255
471.52,-0.006155698698447854
471.73,-0.0007859517003053127
471.93,0.0048416092468995696
472.14,-0.002629521396052933
472.34,0.0026117768400272944
472.55,-0.012247600132406476
472.75,0.0037615235309498537
472.96,0.001996384535399494
473.16,0.005044057012495041
473.37,-0.009854371169696419
473.57,0.010776047606344265
473.78,0.001587946224895375
473.98,0.00826341253823834
474.19,-0.005389521753158106
474.39,-0.015415182312681335
474.6,-0.010596945341376424
474.8,0.0012543860622873935
475.01,-0.00438483782600613
475.21,0.004809734736742047
475.42,-0.00366090713794153
475.62,0.003918054899516462
475.83,-0.003585233907676165
476.03,-0.004048727281594271
476.24,-0.006682732403559017
476.44,-0.0016824701442660112
476.64,0.00538649599491166
476.85,0.011028280317958453
477.05,0.00036886890723714566
477.26,-0.0008854102265332345
477.46,0.003889713376689042
477.67,-0.00840220994076716
477.87,0.002576915756720041
478.08,0.0017936081229636338
478.28,-0.010582005955165725
478.49,0.0020801185711749543
478.69,-0.0006129668204460524
478.9,-0.004801523833882579
479.1,0.0005829083136980152
479.3,0.004114292103727268
479.51,-0.005574917049563995
479.71,0.0019154953405880943
479.92,0.005221650583225029
480.12,0.002630730128665728
480.33,-0.0005703830816102078
480.53,-0.003675126789874717
480.74,0.0007936997511977554
480.94,-0.005019253963992474
481.14,-0.006768052322102142
481.35,0.005876654930392911
481.55,0.003829333308104051
481.76,0.0021049635728578905
481.96,-0.0033637764058785354
482.17,-0.0058803687274722165
482.37,-0.0011393734706116434
482.57,0.0038809401624780057
482.78,-0.004772569498685877
482.98,-0.0011314457255717696
483.19,-0.003583538812600694
483.39,-0.005987823033533697
483.6,-0.005934870418260509
483.8,-0.003398555521450831
484.0,-0.004859617003172034
484.21,0.0002929864488394878
484.41,-0.0017151988610674374
484.62,-0.0013066775904433195
484.82,0.003971546670035034
485.02,-0.0005015950436986956
485.23,-0.0016284150528462161
485.43,-0.00303387013461612
485.64,-0.0027851734165230562
485.84,0.0004769346224684185
486.05,-0.0008764010060164609
486.25,0.0037176763732841107
486.45,-0.0014465978686008013
486.66,-0.0012138722524854212
486.86,-0.0021331924072993044
487.07,-0.004521040840533023
487.27,-0.00235881480899559
487.47,0.0019407430025581078
487.68,0.006693845214319911
487.88,-0.0011978371614625024
488.09,0.0055727301480415934
488.29,-0.0004693810646470522
488.49,-0.007264354686133464
488.7,-0.0017270188811603618
488.9,-0.004308985679052282
489.1,0.002033014005420103
489.31,-0.008048971732255467
489.51,0.0023540918768429715
489.72,-0.001154213770565189
489.92,-0.0006146119768514882
490.12,0.005027168303751488
490.33,0.0014637175193002567
490.53,0.0006075506265956143
490.74,0.0007753828725845769
490.94,-0.004519020019105491
491.14,-0.0035385467218994864
491.35,-9.056771168661666e-05
491.55,0.00041846330771185295
491.75,-0.00530477490263483
491.96,-8.955534855611135e-05
492.16,-8.94341737103617e-05
492.36,-0.00025848075352308606
492.57,-0.002287402621177291
492.77,0.001246352304251586
492.98,0.0007413154860984028
493.18,0.0017221071587243339
493.38,-0.002545087309405851
493.59,-0.005331300564965749
493.79,-0.0030028139357149413
493.99,-0.004226288982409413
494.2,-0.003966188230791551
494.4,-0.0012254923487237074
494.6,-0.003342648077786993
494.81,-0.0034587318676631913
495.01,-0.004294439588735344
495.22,0.005749475398997041
495.42,0.0037593226881605882
495.62,-0.0026635812792262046
495.83,0.000234179030727845
496.03,-0.0035728934732369507
496.23,0.0002307630244287266
496.44,-0.0005627610514280932
496.64,-0.005701856093125257
496.84,0.0029247576893787785
497.05,-0.004974977537394626
497.25,0.002575048405173947
497.45,0.0059613224715938445
497.66,0.0021030807184281037
497.86,-0.004417264704489942
498.06,0.0036814883481599107
498.27,0.004012328682725074
498.47,-0.000544692853751906
498.67,-0.0009888383845813068
498.88,-0.002064053150603432
499.08,-0.004495532670512881
499.28,0.0002301493382221841
499.49,-0.0016196944217104288
499.69,0.0018946110965082272
499.89,-0.004280726260752411
500.1,-0.0051247878417006254
500.3,0.00022158737829625362
500.5,0.0009755409805840833
500.7,-0.005735607299123883
500.91,0.005086898754099968
501.11,-0.004525818281490213
501.31,-0.002165413114608196
501.52,-0.0014124090451762895
501.72,0.0009631987407207183
501.92,-0.0051724853309738535
502.13,0.0005055323045620026
502.33,-0.0005154154400812418
502.53,-0.0014009876195850502
502.74,0.003301934911658579
502.94,-0.0021513050842492344
503.14,-0.00094640925030308
503.34,-0.002486537844309966
503.55,-0.0034082530683917167
503.75,-0.00472907073733863
503.95,-0.004382873175545762
504.16,-0.005199228301236238
504.36,-0.0028325271578780353
504.56,0.001079271084108843
504.76,-0.0034522597496913702
504.97,-0.005127198863367957
505.17,0.006288810704456084
505.37,-0.001380887865545617
505.58,-0.0033543194105915618
505.78,0.0004931084894886188
505.98,-0.0006533644637195842
506.18,-0.00036148772510066334
506.39,-0.003634780604601728
506.59,-0.005863599818581384
506.79,-0.0028790210823847946
507.0,0.0007668715522922254
507.2,-0.002403351770702579
507.4,0.00020926378544373946
507.6,0.0018760917777084281
507.81,0.0035237358268039856
508.01,-0.005059057206952051
508.21,0.001867509081978418
508.41,-0.0031918698814064864
508.62,-0.004226110661901017
508.82,-0.001999701950835745
509.02,-7.318235200113362e-05
509.23,-0.0037013624863792417
509.43,-0.000606792314606628
509.63,-0.0014368909352161935
509.83,-0.0023682827981409437
510.04,0.0020968060393474165
510.24,-0.0014252207095719561
510.44,-0.0031884096119265282
510.64,-0.003320321154277824
510.85,0.0012588900443456382
511.05,0.0006010135515742692
511.25,0.00032668813836741095
511.45,-0.006058006960222576
511.66,-0.0013760460794439726
511.86,0.0038658535146803867
512.06,0.0011133935810850792
512.26,0.0007077476732969785
512.46,-0.0034986980099405668
512.67,-0.0017741561908427828
512.87,0.001626934947473047
513.07,-0.002855854501728538
513.27,-0.0024111973928547803
513.48,-0.0007019357808681576
513.68,-0.0012033606879461732
513.88,-0.003775830910481663
514.08,-0.001580226077132994
514.29,0.0016982378684824787
514.49,0.0001856322457280805
514.69,-0.0005628277107932782
514.89,0.0028090885503673176
515.09,0.00018268184995522772
515.3,-0.0016954478060382417
515.5,-6.693827516912802e-05
515.7,0.0028083864073558465
515.9,-0.0025474778540835706
516.11,0.0025150556419048713
516.31,0.0015367219818616326
516.51,0.0010368096025739342
516.71,-0.0039773664406682705
516.91,-0.0007863655052864078
517.12,0.0011305587055381965
517.32,-0.002824762382681235
517.52,-0.000550780520306035
517.72,-0.00231535284928285
517.92,5.645775430016774e-05
518.13,0.0033993577511584275
518.33,-0.0015072265084922624
518.53,-0.004238966648340867
518.73,0.001817050362417269
518.93,-0.0037108084227942236
519.14,0.0014895510165852765
519.34,0.0019021049435204896
519.54,-0.0019490399228697627
519.74,0.002155971411021364
519.94,-0.0001784396980884234
520.15,-0.004743830220813146
520.35,0.000631673636118613
520.55,0.0019202889282070317
520.75,-6.151809071281434e-05
520.95,-0.0029277895786862483
521.16,0.0023607554583395776
521.36,0.0017847694966667887
521.56,-0.002544626442093797
521.76,-0.0009589930370876659
521.96,-0.0013007067646897638
522.16,-0.002075478768347796
522.37,-0.001277360117110603
522.57,-0.00412732565961004
522.77,0.0010635285640021679
522.97,-0.0024936464373265742
523.17,0.000821602976283487
523.37,0.002247986351708944
523.58,-0.0013927871778804718
523.78,0.0022626458285374905
523.98,0.0018141169917273298
524.18,0.00016246785897154704
524.38,0.0008184528207462267
524.58,-0.001909354819876877
524.79,-0.002799984376584283
524.99,-0.0007217730085527076
525.19,0.0008194402635149493
525.39,-0.0025342075400132382
525.59,-0.0011395432405464003
525.79,-0.004636061523983174
526.0,-0.0010342222543234078
526.2,-0.0010269770471211454
526.4,0.0003739949128940699
526.6,-0.0005938235397523671
526.8,-0.00433882902549876
527.0,0.0005835055525099412
527.2,-0.004742920963450118
527.41,-0.00048078887563759483
527.61,-0.0015634998085786896
527.81,-0.00196436082764764
528.01,-0.0036017140701838334
528.21,-0.0003835847618704974
528.41,0.0051870377236021385
528.61,-0.0019883923591072846
528.82,-0.0017827566500314802
529.02,0.0020566445424450366
529.22,0.0005915173840386796
529.42,-0.0027792003515170246
529.62,0.00025786303981863666
529.82,-0.0004839744489168579
530.02,-0.0018501060973012253
530.22,-0.0010075396217143194
530.43,0.0018573620869453528
530.63,-0.0032572814844637186
530.83,0.0015662393087523738
531.03,-0.002477894611630455
531.23,0.002421084166683142
531.43,0.0017534756460652148
531.63,-0.0021042872187322995
531.83,-0.0011220556581007814
532.03,-0.002115456627294257
532.24,-0.0027543676151259256
532.44,0.0034697144702122346
532.64,-0.0021163736528047854
532.84,0.002801937407025675
533.04,-0.0011163451310456417
533.24,-0.0032673913420096707
533.44,0.000583754582051297
533.64,0.0012278574638063162
533.84,0.0009111319431252525
534.04,-0.0026107021559828455
534.25,0.0001589742931960211
534.45,0.0003661831910151968
534.65,-0.0017644865497740685
534.85,-0.0018648684125427187
535.05,-0.0007039513974889642
535.25,-0.0009145679370456289
535.45,-0.0024446690172649096
535.65,0.001440083859409366
535.85,-5.661744287126275e-05
536.05,0.00015791633831780525
536.25,0.000473572700267346
536.46,-0.0008073347499943063
536.66,0.00026066457704991097
536.86,0.0023113503994039862
537.06,-0.00016393562768637034
537.26,-0.0008026867186220593
537.46,-0.0003808113027589562
537.66,0.0035297995885630743
537.86,-0.00048490721479540463
538.06,-0.0021931349917435556
538.26,-0.0016443928944857374
538.46,-0.0030877066760415174
538.66,-0.0040416663922636115
538.86,-0.0004816581589028099
539.07,-0.001016894108271387
539.27,-0.0010262028441585618
539.47,-0.0016494582234681528
539.67,-0.002224263609730009
539.87,-0.0025034685344126413
540.07,0.002502136882417977
540.27,0.0008095840406312226
540.47,0.0004769573574029925
540.67,0.0017723434684750107
540.87,-0.002751399057538236
541.07,-0.0017972955688743567
541.27,-0.00123243491839973
541.47,-0.0011309747595954105
541.67,-0.0008076811909071958
541.87,-0.0004845440455925501
542.07,-0.000806210866705567
542.27,-0.0013285419871524645
542.47,0.0001567052810446039
542.67,-0.0003753031404953577
542.87,0.0017351880911301576
543.08,-0.0019654026557164713
543.28,-0.000483561037194251
543.48,0.002055341971617072
543.68,0.0002660240784705245
543.88,0.001624195030287975
544.08,-0.0010184156773732907
544.28,0.00047700824115203856
544.48,0.0006862035701657496
544.68,0.003551899531439373
544.88,-0.0010191781707348468
545.08,0.003058307216329935
545.28,-0.0018845166058281911
545.48,0.0033364769716733183
545.68,0.001622151475984355
545.88,0.001856572599557133
546.08,0.0012219715777611177
546.28,0.00226574032846972
546.48,0.00036541223612219647
546.68,0.00036626046546581724
546.88,0.002701522062175834
547.08,0.0006915568177930422
547.28,0.0006819371564016655
547.48,-0.006691133764708953
547.68,-0.000699726393486796
547.88,-0.0012367980013652973
548.08,-0.0016319503905226622
548.28,-5.589921106058641e-05
548.48,-0.00037494424567600194
548.68,0.0004698898159415548
548.88,-0.002566719075062696
549.08,-0.000909302536957909
549.28,0.0017421622672535552
549.48,-0.0009972063916073503
549.68,-0.00015977233382267117
549.88,-0.004746303212163912
550.08,-0.0004705481343831611
550.28,-0.0008909691948622114
550.48,0.000362777181503255
550.68,0.0004590827283327212
550.88,-0.0007848631289451706
551.08,0.0001536449734239316
551.28,-0.0011979852915066354
551.48,-0.0018392350774928236
551.68,-0.0023378658491290728
551.88,-0.0019140366777138983
552.08,0.00015377344622084308
552.28,-0.0006756140550057749
552.48,0.00045189105317518393
552.68,-0.0007725410917670259
552.88,-0.0012737064638683117
553.08,-0.0004740948046514722
553.28,0.002492365915806176
553.48,-0.0005609286379798646
553.68,0.0019110525079819513
553.88,0.0026628299252294246
554.08,-0.0024076588655476527
554.28,-0.0004726105482620166
554.47,-0.004110100884294429
554.67,0.003069448664379601
554.87,-0.0026511089121264006
555.07,-0.001518242402303785
555.27,0.000150378427865237
555.47,0.0008552928097658135
555.67,-0.0013929283977027196
555.87,0.0018854976042981307
556.07,0.0009649280005394549
556.27,-0.0011671789993725236
556.47,-0.0006671226869863988
556.67,0.0018860751822257196
556.87,-0.0005673757818028482
557.07,-0.0008653850014289215
557.27,0.00014944662727463462
557.47,0.0006613768771026512
557.67,-0.0017791249100488572
557.87,-0.0004646581182859353
558.07,-0.001986555530795266
558.26,-0.000357182778182937
558.46,0.001767721342769434
558.66,-0.0032746636345036455
558.86,-0.0030888719448392285
559.06,0.0037737380148406443
559.26,0.0013580585818242122
559.46,-0.000952356642283121
559.66,0.0009540418510223651
559.86,0.0009593568628994187
560.06,0.0002495058005558898
560.26,0.0001491133950859702
560.46,0.0008552928097658135
560.66,0.00043993070118158767
560.86,-0.002144199858772998
561.05,4.666280778307526e-05
561.25,0.0003449672495600366
561.45,-0.0027530232713744176
561.65,-0.0022196995767933434
561.85,-0.0015222095557524639
562.05,0.002482703296094541
562.25,0.0017222408775663005
562.45,0.0011381907799051724
562.65,0.0008350581154351755
562.85,-0.0012341833713722572
563.05,-0.0037203354684937507
563.24,0.0014471988267005524
563.44,-0.0006394823821722843
563.64,-0.0012400467821266604
563.84,-0.0012362536438957675
564.04,0.0030294089773643717
564.24,-0.00014677943471613
564.44,0.0012274256525942903
564.64,-0.0015122774014891534
564.84,0.0004416689614738919
565.03,-0.0006440877534964345
565.23,-0.0015175979135401544
565.43,-0.003589532773971836
565.63,-0.00014949213126182583
565.83,-0.0001460502680967413
566.03,-0.001022363101319428
566.23,-0.0040549620336837525
566.43,0.0003388055996666051
566.63,-0.0013295479572296297
566.82,0.0010281557866168838
567.02,-0.0017866861186871513
567.22,0.0003423137786439518
567.42,-0.002986960630393522
567.62,0.0018608760521787895
567.82,-0.0014055838462606524
568.02,-0.0018869347580750795
568.22,-0.0001470476804698845
568.41,0.0023845351173006945
568.61,-0.004333502183204324
568.81,4.5636950741012015e-05
569.01,-0.0004411660098233861
569.21,-0.0011336653327970933
569.41,0.0003374551822800049
569.61,-0.0014095384468275226
569.8,0.0014076419949677623
570.0,-0.001776749111366741
570.2,0.00033456051749058497
570.4,0.002666469279739062
570.6,-0.000928959659865397
570.8,-0.002189285261108006
571.0,-0.0027742360881557117
571.19,0.0001452275011886324
571.39,4.462985328361962e-05
571.59,0.0015841566346548746
571.79,-0.004854115631413419
571.99,-0.0018977534220909087
572.19,0.0005257014796716702
572.38,0.0008174906196856639
572.58,0.0001403373930527881
572.78,4.524694643556331e-05
572.98,-0.001892053618757291
573.18,0.001303649347914252
573.38,0.0009109160120214659
573.57,-0.0019582041617414152
573.77,-0.0019649517610712272
573.97,0.00033398110670610214
574.17,0.0016710124918247033
574.37,0.0012971219824595894
574.57,0.0003320959175603755
574.76,-0.0008057059339851211
574.96,-0.0006208734577794039
575.16,0.0017560748734241104
575.36,-0.0002427438410224623
575.56,0.0007183542804334789
575.75,-0.000807078325402676
575.95,-0.0030981347810252824
576.15,-0.0015604268947640595
576.35,0.002356293951047417
576.55,0.001948254017268292
576.74,0.001558672143407372
576.94,0.0007086785312031843
577.14,0.00033117707883971025
577.34,-4.988710920491455e-05
577.54,0.0020492753036061994
577.74,-0.0046044792904234915
577.93,0.0008116164193964989
578.13,0.0010771636244985348
578.33,-0.0021119135460893144
578.53,-0.0008010895628943116
578.72,0.0012492473659894525
578.92,-0.0015326460274782217
579.12,-0.0022512406604144023
579.32,-0.001186608999899494
579.52,-0.0009068572995508126
579.71,0.0010912013719915437
579.91,-0.0017662483013875863
580.11,-0.0021436641768490393
580.31,0.0014627963046792854
580.51,-0.0003324809484349465
580.7,0.0003317467929710971
580.9,0.001833712463180934
581.1,0.0012584669285308435
581.3,0.0017580805800056802
581.49,0.0017336592905400309
581.69,0.0035170566560173934
581.89,0.005094829503379454
582.09,0.0018331945370599634
582.29,-0.0004275467813945459
582.48,-0.001090555584478243
582.68,0.0017431485098032197
582.88,0.0013692825306710135
583.08,-0.0005254257161873815
583.27,0.0021782085011221564
583.47,0.002200673794039196
583.67,-0.0018279430506009213
583.87,-0.0005195012382516465
584.06,0.00117260653148941
584.26,0.0032912892285235943
584.46,0.0018247763022474148
584.66,-0.00014285671068557746
584.85,0.000230063738036773
585.05,0.001635350782237744
585.25,0.0003254941524047983
585.45,0.0030774118921668365
585.64,-0.0014797102825297147
585.84,0.0015503099096256371
586.04,0.0018899762183804292
586.24,0.0031347518829566894
586.43,0.0014641806801001848
586.63,-0.0005174106843791422
586.83,0.002760389870956073
587.03,-4.927348426214603e-05
587.22,-0.0005146173767906522
587.42,-0.0003304880813735061
587.62,-0.0003304880813735061
587.82,0.0008878601895023467
588.01,-0.00042001289729833594
588.21,0.0014531784943097674
588.41,0.001444899799340006
588.6,0.006084216307926594
588.8,-0.0012795019434072954
589.0,0.001348610207400364
589.2,0.006280791600073269
589.39,0.000875305966475087
589.59,0.002591265159681587
589.79,0.0006983449191792719
589.98,0.0006985407997266411
590.18,0.003911467633275401
590.38,0.001514251123617989
590.58,0.0028085294556224618
590.77,0.004639752078745904
590.97,0.0010663494034763227
591.17,-0.0002343310681330044
591.36,0.001344225693589387
591.56,0.001247858731062623
591.76,0.0022835150220916604
591.96,-0.001157342412196651
592.15,0.004785140215075486
592.35,0.004844135562671621
592.55,0.002643942898850398
592.74,0.00501020072148239
592.94,0.002106518269586459
593.14,0.0023631573063143826
593.33,0.00352705244276826
593.53,0.0016364229956345245
593.73,0.0027322395259982983
593.92,0.001608994734409865
594.12,0.004785585117964058
594.32,0.0050898169005949324
594.51,0.002535070915264503
594.71,0.0029920579704188354
594.91,0.0038475978794659652
595.11,0.002263868649695365
595.3,0.004613359050693953
595.5,0.004052242893333551
595.7,0.004991026895809589
595.89,0.0025764405311846502
596.09,0.005617667767298701
596.29,0.0071130172806984845
596.48,0.00607651379509853
596.68,0.006485079079819229
596.88,0.005363387370040162
597.07,0.007153213495108099
597.27,0.00713652451021367
597.47,0.004705508007027644
597.66,0.004615080538239266
597.86,0.010418370879608792
598.06,0.004806140466668216
598.25,0.007888998369658519
598.45,0.006262137753676343
598.64,0.009365788165058649
598.84,0.00855939920722257
599.04,0.007541207945088263
599.23,0.0069293873597221015
599.43,0.007494429679964975
599.63,0.004018240851727415
599.82,0.006492966312206588
600.02,0.00770149364031368
600.22,0.007200281632411535
600.41,0.01374352507799271
600.61,0.01135195081504849
600.81,0.012787932977550457
601.0,0.01206450323191381
601.2,0.010784355137475565
601.39,0.006766258482668609
601.59,0.007147140430341684
601.79,0.012758242978326402
601.98,0.011984847045969266
602.18,0.016044592395782185
602.38,0.016892249906300883
602.57,0.01893138322288563
602.77,0.021659178680125155
602.96,0.01614534980800958
603.16,0.01609273956324522
603.36,0.018099232317956924
603.55,0.014375472216670838
603.75,0.017400239688293493
603.95,0.020687693502685792
604.14,0.02474205993401203
604.34,0.025375734878561835
604.53,0.026619337812836683
604.73,0.024403357565517005
604.93,0.0204832826189032
605.12,0.024866250385319043
605.32,0.019808119427530697
605.51,0.02675123965701572
605.71,0.025191105455897627
605.91,0.025605566894720662
606.1,0.03316851048924724
606.3,0.02839380311028781
606.49,0.03832306658499498
606.69,0.035248782112806444
606.89,0.035593547117972156
607.08,0.03576269294948915
607.28,0.030727630995045423
607.47,0.03697975780851148
607.67,0.03542082570337305
607.87,0.03907750470097514
608.06,0.044907866233522956
608.26,0.04877690354395428
608.45,0.05397594829500407
608.65,0.05677716661963364
608.84,0.053509685189237426
609.04,0.05527847388046189
609.24,0.047781712942606115
609.43,0.0502413913307697
609.63,0.05070768730115363
609.82,0.05778686116764152
610.02,0.06323959952920902
610.21,0.07104165177375028
610.41,0.07473639699362988
610.61,0.07779666934519439
610.8,0.07574928036908574
611.0,0.08133739200789755
611.19,0.07985225116545544
611.39,0.07948497400227168
611.58,0.08307436672169025
611.78,0.08290082582456283
611.98,0.08893594378384202
612.17,0.09346998054421396
612.37,0.10604844695506277
612.56,0.10539934095754992
612.76,0.11136632005060576
612.95,0.11211131301104928
613.15,0.11387603947002567
613.34,0.10956031968310213
613.54,0.11510972234992811
613.73,0.11384477718240713
613.93,0.11753254427208902
614.13,0.12941961002557995
614.32,0.13667113658997457
614.52,0.1408625195663797
614.71,0.14819176169278056
614.91,0.15057805739326707
615.1,0.1594548124310992
615.3,0.16365594295927632
615.49,0.15421193802962
615.69,0.1565595765837623
615.88,0.16900568357112006
616.08,0.17293413443434494
616.27,0.17588940914842766
616.47,0.17941040932786495
616.66,0.18486109494169534
616.86,0.1952539157486528
617.06,0.19991533010392903
617.25,0.19830225109615385
617.45,0.2028901647471488
617.64,0.19832178233479048
617.84,0.20442987357027098
618.03,0.21042998360614892
618.23,0.20809085565365482
618.42,0.20473628775411276
618.62,0.2186247823814244
618.81,0.22341328751936448
619.01,0.23528043647029132
619.2,0.23673709272237695
619.4,0.2414029561831941
619.59,0.2425968452010899
619.79,0.22761599976883123
619.98,0.2356565386890319
620.18,0.22758887092884886
620.37,0.2300010573263386
620.57,0.24649350687537583
620.76,0.2484252475181617
620.96,0.2601368734361193
621.15,0.262190043640967
621.35,0.273839626869977
621.54,0.2697140109514216
621.74,0.2644661298595058
621.93,0.2690126246628111
622.13,0.2648909332709745
622.32,0.2513672887097216
622.51,0.25824888161767406
622.71,0.26878426309284376
622.9,0.2703330681297783
623.1,0.2811272897061347
623.29,0.28635797766310983
623.49,0.2861751510389611
623.68,0.2829873543529007
623.88,0.28909504675353936
624.07,0.2733603688237434
624.27,0.2771526107612142
624.46,0.27623790934792775
624.66,0.2678293326391686
624.85,0.27874522392299966
625.05,0.286272448150166
625.24,0.29007877001309984
625.43,0.2984000856394427
625.63,0.2903478162905104
625.82,0.28991653724679517
626.02,0.298110252583739
626.21,0.2905897356612195
626.41,0.27932060729019753
626.6,0.2895598491251944
626.8,0.2923561305434038
626.99,0.28641398843012683
627.19,0.29224762884340144
627.38,0.3002721604337108
627.57,0.31522175707196387
627.77,0.3055265754666596
627.96,0.3089210499245593
628.16,0.304789141921663
628.35,0.30425333775880814
628.55,0.30640892414384807
628.74,0.30552436096415275
628.93,0.30318025052305825
629.13,0.3084865484807291
629.32,0.3099797126334456
629.52,0.3178250868741422
629.71,0.31664091711368203
629.91,0.3180924112673188
630.1,0.31262694112578915
630.29,0.31372462484823505
630.49,0.3140150982028919
630.68,0.31632615034452477
630.88,0.32141269737177663
631.07,0.31789337665144207
631.27,0.31738980436535724
631.46,0.3210903600536346
631.65,0.31659169968876727
631.85,0.32519909539995073
632.04,0.3208287970980087
632.24,0.32223539269393503
632.43,0.31708425707708643
632.62,0.31730232800646524
632.82,0.3214439964431731
633.01,0.32714222177905034
633.21,0.3181661821499575
633.4,0.32712236097902875
633.59,0.3299520139337506
633.79,0.3241002002739866
633.98,0.3357740795043056
634.18,0.3289775994001024
634.37,0.3250304051415373
634.56,0.3339827599588242
634.76,0.32653518651119195
634.95,0.3302329073560035
635.14,0.3421705343204021
635.34,0.3368829331464002
635.53,0.34072728350674814
635.73,0.34882504716952095
635.92,0.33845084760108846
636.11,0.33817914571937013
636.31,0.33764370834005214
636.5,0.3351020994332285
636.7,0.3411433317082536
636.89,0.3452497124706241
637.08,0.3217327665455117
637.28,0.3347121518285194
637.47,0.34218685715403485
637.66,0.3416182233575789
637.86,0.333684329713736
638.05,0.3432951440878562
638.24,0.3330371344987423
638.44,0.32787511907948574
638.63,0.33294704275406667
638.83,0.3410580417264026
639.02,0.3486267291267688
639.21,0.3392832072645566
639.41,0.3415679996690361
639.6,0.3460014573202479
639.79,0.34096967561653224
639.99,0.3433296239779399
640.18,0.3491824139073698
640.37,0.3465563670655333
640.57,0.3510248394824794
640.76,0.3399028847966898
640.95,0.34037054729508726
641.15,0.3500841931707793
641.34,0.34193905406217084
641.53,0.3420592814631704
641.73,0.34983553754470237
641.92,0.3383832529026474
642.11,0.35123548919043973
642.31,0.33526440506619537
642.5,0.3474111583917166
642.69,0.3401571104830274
642.89,0.33484338145061854
643.08,0.3408121337988375
643.27,0.3427760294337889
643.47,0.33413580292546774
643.66,0.34028203756044
643.85,0.33398379955232993
644.05,0.3369690147424491
644.24,0.3335121480923918
644.43,0.3397608152036782
644.63,0.3377762403033161
644.82,0.3401941255095049
645.01,0.3335745294300202
645.2,0.3294223103595889
645.4,0.330725166185621
645.59,0.3250016425632093
645.78,0.33847746045303534
645.98,0.326893742090814
646.17,0.3268365231629929
646.36,0.33283784319268805
646.56,0.32734321805570094
646.75,0.3344452965192503
646.94,0.3365057094374383
647.13,0.3266078929644553
647.33,0.32720904751380175
647.52,0.3342764793280051
647.71,0.3220336572214081
647.91,0.3249060833686454
648.1,0.319178874448296
648.29,0.3207181744990626
648.49,0.32360820618588393
648.68,0.30674290430488726
648.87,0.31447790806507797
649.06,0.312037221335898
649.26,0.31167263215629526
649.45,0.3156031504534871
649.64,0.3175121991067603
649.83,0.31468410986600603
650.03,0.31127391141211247
650.22,0.30944838960528454
650.41,0.3101628589062792
650.61,0.3115165897077269
650.8,0.3105019199707072
650.99,0.29981555500700635
651.18,0.30078758151813184
651.38,0.30649003280172005
651.57,0.30401717515915333
651.76,0.3091884868705613
651.95,0.2977892707104035
652.15,0.2965951427489889
652.34,0.30178709024636047
652.53,0.29693664575471174
652.72,0.29069411156475666
652.92,0.2925292855164065
653.11,0.2836783409075773
653.3,0.28619934242109574
653.49,0.2860274488739317
653.69,0.2851907856384871
653.88,0.2882198030320111
654.07,0.2812405847134994
654.26,0.2804864222775357
654.46,0.2747336431516524
654.65,0.2818794657701834
654.84,0.2804736546212498
655.03,0.27254472130859736
655.23,0.2792549901535039
655.42,0.2798688086655185
655.61,0.27087783277784816
655.8,0.27241228539416057
655.99,0.2761105767283801
656.19,0.2733485878532985
656.38,0.26651604539658197
656.57,0.27310349190326433
656.76,0.26651689785149274
656.96,0.2563632450221565
657.15,0.2647922219199502
657.34,0.25829551541344176
657.53,0.25709463377189007
657.72,0.25846346247740765
657.92,0.2606400847968208
658.11,0.2580212038959183
658.3,0.2598337715582952
658.49,0.2594731816542304
658.68,0.2485195036818826
658.88,0.2619722246797108
659.07,0.24912710713813696
659.26,0.24909713103861122
659.45,0.2487983640730425
659.64,0.24218133462795627
659.84,0.24565186113407475
660.03,0.24099330618839546
660.22,0.2395959929301936
660.41,0.2506441433744025
660.6,0.2323932381303431
660.8,0.23728847115017582
660.99,0.23709831674594772
661.18,0.2352777313887842
661.37,0.2354960660594041
661.56,0.23259532548304374
661.76,0.2284028577072079
661.95,0.22571749901380944
662.14,0.2224834430286702
662.33,0.21813827988791976
662.52,0.22128661107964978
662.71,0.2208564986697022
662.91,0.22023280370714188
663.1,0.2183277122183246
663.29,0.21882476660749878
663.48,0.2247437080362257
663.67,0.21883411854137774
663.86,0.20760938740106788
664.06,0.2119360554945107
664.25,0.2121877142998035
664.44,0.21792699634759224
664.63,0.2041746882779636
664.82,0.20954246437989363
665.01,0.20486276996867844
665.21,0.20211748198226928
665.4,0.1977467006189497
665.59,0.20225325649296924
665.78,0.19600971107399517
665.97,0.20066418361645158
666.16,0.19768877713821656
666.35,0.20390151777036886
666.55,0.1913609101052782
666.74,0.20150107959045865
666.93,0.19032585245739267
667.12,0.18987734582342083
667.31,0.18325972333015547
667.5,0.1880449843554187
667.69,0.18076101563002303
667.89,0.18440724710234482
668.08,0.18317662020437836
668.27,0.17120064240682403
668.46,0.1824588846271979
668.65,0.18344924275368485
668.84,0.17767020541572384
669.03,0.17811126226001622
669.22,0.17480548012845143
669.42,0.18055115785319625
669.61,0.17512542926924532
669.8,0.16635441995670355
669.99,0.17145060170515994
670.18,0.16052718885925876
670.37,0.16009573139295807
670.56,0.16418417232786875
670.75,0.15740543488757583
670.94,0.15936311560941985
671.14,0.15973114429817664
671.33,0.16391979902871515
671.52,0.1647836123672555
671.71,0.15934016667660958
671.9,0.159725680488666
672.09,0.15322618651512043
672.28,0.14873786103527195
672.47,0.14174278321115563
672.66,0.14948338463924848
672.85,0.1400931542390394
673.05,0.14505813560874933
673.24,0.13957782738014812
673.43,0.139761014412582
673.62,0.14291211336654952
673.81,0.14943556507490688
674.0,0.1517583572504235
674.19,0.14572666733290332
674.38,0.1449462709281863
674.57,0.1352089012674713
674.76,0.13986650230562023
674.95,0.12971671795688752
675.15,0.1206479162571653
675.34,0.12360209795774382
675.53,0.11914446025641444
675.72,0.11927825377824493
675.91,0.12380792690851593
676.1,0.12636692679152903
676.29,0.13339493360246119
676.48,0.13093946590224295
676.67,0.1278943516970999
676.86,0.12980300099097852
677.05,0.1332025420911867
677.24,0.1236171516973642
677.43,0.11624797756543873
677.62,0.10590464527746127
677.81,0.1004482157558097
678.0,0.09722170564357856
678.2,0.10501971368648712
678.39,0.10257821848286265
678.58,0.11193343069115771
678.77,0.11063374604267814
678.96,0.11849993791493368
679.15,0.11559821252608737
679.34,0.11378395382754919
679.53,0.1092816490589569
679.72,0.1069951464875936
679.91,0.1052741186362822
680.1,0.09160546051673174
680.29,0.08131114762189019
680.48,0.08541039434451066
680.67,0.08611510015391305
680.86,0.0811801862006463
681.05,0.0836046359729288
681.24,0.08686848192919498
681.43,0.09591525000477456
681.62,0.10165341638723589
681.81,0.10217248554913295
682.0,0.09952342526678323
682.19,0.09308856765956662
682.38,0.08465363387261496
682.57,0.08431474904288548
682.76,0.06755303072517979
682.95,0.06916491292917981
683.14,0.06790708906318768
683.33,0.06761582790633795
683.52,0.07121492436649135
683.71,0.08048796927606372
683.9,0.08076142864082404
684.09,0.08684545633898809
684.28,0.08934133201920312
684.47,0.09213049606493134
684.66,0.08322173532121246
684.85,0.07611057466886292
685.04,0.06326094802583333
685.23,0.059885153584059526
685.42,0.05746246571508851
685.61,0.054989742832473425
685.8,0.05417010212381047
685.99,0.05535310273567937
686.18,0.05877886045087092
686.37,0.07098439691935825
686.56,0.06773126497091365
686.75,0.06880671342835681
686.94,0.07853023676681316
687.13,0.06959959111965783
687.32,0.06504165701907587
687.51,0.06457849514687905
687.7,0.053564002730692006
687.89,0.05044658125648286
688.08,0.042880213324817854
688.27,0.03773395368707538
688.46,0.04525901579606546
688.65,0.04488816951706158
688.84,0.0489652111085369
689.03,0.050339257507114696
689.22,0.059329551972958014
689.41,0.06065608636315732
689.6,0.06635770995632588
689.79,0.064829974133272
689.98,0.057448581310062585
690.17,0.05008967621804964
690.36,0.04542512909828173
690.55,0.038375841587898134
690.74,0.03358960901751431
690.93,0.02808602254048184
691.12,0.03263090372084739
691.31,0.031114703039456158
691.49,0.04337273831515063
691.68,0.04551184578127341
691.87,0.04820558637814775
692.06,0.051644755256315227
692.25,0.05536758330248374
692.44,0.04680562857327513
692.63,0.04820857084985098
692.82,0.04268613280560448
693.01,0.036008180549649015
693.2,0.029531576356645873
693.39,0.02886420720839343
693.58,0.02340142378594167
693.77,0.02800781020221897
693.96,0.030222516417110233
694.15,0.03226192446152815
694.33,0.03589123120330507
694.52,0.0400915009107229
694.71,0.04517281166554047
694.9,0.05037611405924295
695.09,0.043275785086495135
695.28,0.042763202228478334
695.47,0.03561611464467234
695.66,0.028391543593598908
695.85,0.023384863190969267
696.04,0.020375104981890272
696.23,0.016053875757159143
696.42,0.018288097548655444
696.6,0.0226128814119862
696.79,0.026386872230237928
696.98,0.023532051235500534
697.17,0.028419137294137826
697.36,0.033325112979204534
697.55,0.03585743557246266
697.74,0.034308987543411884
697.93,0.03249530962591421
698.12,0.027526809767466014
698.31,0.023317918246438616
698.49,0.017923085907021213
698.68,0.013747276206702989
698.87,0.01598561374484138
699.06,0.012312371630264482
699.25,0.016236802115721934
699.44,0.015014546499849644
699.63,0.023407986290587057
699.82,0.025093169833290636
700.0,0.02455719977167027
700.19,0.0274424308701157
700.38,0.028779766437937546
700.57,0.029936421933942373
700.76,0.02504701009563942
700.95,0.016504679703230114
701.14,0.021349832915540753
701.33,0.012259150449930862
701.51,0.011499924107795958
701.7,0.012477729257308227
701.89,0.009558159654322992
702.08,0.011328236830890882
702.27,0.018190598652261726
702.46,0.015556700536342461
702.65,0.018912157782102926
702.83,0.016671773307620517
703.02,0.024083563309744448
703.21,0.02299110941673474
703.4,0.02145331069341399
703.59,0.019266733731535937
703.78,0.01154552884643253
703.97,0.011961886276200788
704.15,0.010620523878259394
704.34,0.009171216214263485
704.53,0.007887375158241734
704.72,0.004202910795723607
704.91,0.008036632416940633
705.1,0.009038111971321088
705.28,0.011551564037094546
705.47,0.01415067820485754
705.66,0.013957575468983904
705.85,0.015374708202527574
706.04,0.015215551286479896
706.23,0.016771018865731357
706.41,0.011055464425056285
706.6,0.00821231312213047
706.79,0.00853142952310437
706.98,0.005794696287692967
707.17,0.00444973237939636
707.35,0.0036767625915983147
707.54,0.007964225824482956
707.73,0.007840578821708742
707.92,0.010109113797567723
708.11,0.004595101363010562
708.3,0.004245113951242519
708.48,0.008674235631445789
708.67,0.00916400763753906
708.86,0.006880491328964507
709.05,0.009048868042501598
709.24,0.006164516354696546
709.42,0.006816902599549959
709.61,0.005831126390374069
709.8,0.0052411122103180495
709.99,0.005869611491835784
710.18,0.0010475311802648829
710.36,0.005343848387783749
710.55,0.0022521907511774478
710.74,0.0002749937055662052
710.93,0.0008308309069097414
711.12,0.004321409421925127
711.3,0.006007684501386439
711.49,0.008711223296037768
711.68,0.005278738561677564
711.87,0.006194914127613152
712.05,0.0018474876548365366
712.24,-0.0007380091805902321
712.43,0.003735848041520312
712.62,0.0041987051204694275
712.81,0.0025508027045776887
712.99,0.0002776820060039178
713.18,0.0013079369089624279
713.37,0.0003958303680238019
713.56,0.002528131380273943
713.74,0.004975263656038641
713.93,0.00027456595997572104
714.12,0.0028489799235631727
714.31,0.004011914095158978
714.49,0.0009710839647440898
714.68,0.00288479597228543
714.87,0.003373355473766432
715.06,-0.000729596912780001
715.24,0.0038904503105905304
715.43,0.0012712649863963928
715.62,-0.003096784531696817
715.81,0.0008464563960845425
715.99,0.001986388515018157
716.18,-0.0018798784277097717
716.37,-0.0006406112523345588
716.56,0.00547378270862031
716.74,0.0030675370874362748
716.93,5.4656915205433194e-05
717.12,-0.0011038295677146682
717.31,0.001331931651733082
717.49,0.003317368888486534
717.68,-0.001094824896210678
717.87,0.0007422428607087866
718.06,0.00040290576472558397
718.24,0.002281212426686608
718.43,-0.0007626656066385057
718.62,0.0007616365490709478
718.8,0.00290443375495938
718.99,0.0021010502655836594
719.18,0.005034837046882794
719.37,0.00017816871313835735
719.55,-0.00018235608350620938
719.74,-0.0004170898860592017
719.93,-0.0004204693569561915
720.11,0.0023410027518567405
720.3,0.0006478292184181173
720.49,-0.0015163474268459186
720.68,-0.0014912598812558049
720.86,-0.001868354778803149
721.05,-0.0008838178566677951
721.24,0.0014990403461066723
721.42,0.0005337198902331884
721.61,0.0013937504561702897
721.8,-0.001409994197246965
721.98,-0.0027312669668458243
722.17,-0.0003087839140710981
722.36,-0.0031055126021149993
722.55,-0.0005352866121799554
722.73,0.0007806557074003518
722.92,0.0034576550152456763
723.11,-0.001900132353439578
723.29,-0.0012790881111229052
723.48,-0.0009076861895090858
723.67,0.0016528152364408515
723.85,0.004668455412150179
724.04,-0.0010353634929347638
724.23,-0.0025286505814301205
724.41,-0.003085991632992668
724.6,0.001412456278742427
724.79,0.00030290270738584865
724.97,-0.002256450333342236
725.16,0.0015061006415806328
725.35,-0.003834464861383981
725.53,0.0012487339999253638
725.72,0.0034983502725972923
725.91,-0.0015313599029918848
726.09,-0.002637208656742062
726.28,-0.0017849779893961918
726.47,0.004739895203775612
726.65,-0.003250091333075084
726.84,0.00043398581113747496
727.03,0.002813661051805689
727.21,-0.0015979622425791968
727.4,5.746992809240239e-05
727.59,-0.0011896886464900095
727.77,-0.0018876595513955385
727.96,0.0019038057967588871
728.15,0.0010438362466928613
728.33,0.0006753369691711608
728.52,-0.00018942846534862596
728.7,-0.0010438537442474629
728.89,-0.004079685390209363
729.08,0.00412183260088302
729.26,-0.00601163827503278
729.45,-0.0011821612800008519
729.64,0.0015428053960364146
729.82,-0.004953809077520413
730.01,0.0014162928302007508
730.2,0.0023021485973033304
730.38,-0.0028008774263947878
730.57,0.004758656683943777
730.75,-0.0012048822976909784
730.94,0.0004451158339003037
731.13,0.0003139467771101318
731.31,0.00247710632977777
731.5,0.0010731936282831003
731.68,0.0017245436406244509
731.87,-0.001988199755815721
732.06,-0.003807306421549161
732.24,-0.0029420270885985944
732.43,0.0001859372350451277
732.62,0.0043809301762109554
732.8,0.001450131439477139
732.99,0.0004385919063658597
733.17,-0.0037923182572244096
733.36,-0.006355162617667892
733.55,-0.001494241459162912
733.73,-0.00382672028767762
733.92,0.002870448441516973
734.1,5.980388889624889e-05
734.29,0.0011941319277679488
734.48,-0.0004581356912921944
734.66,0.00018975023950748953
734.85,0.004119944373676724
735.03,0.0009522975496563388
735.22,0.0009635971820465704
735.4,-0.000837616406759444
735.59,-0.0021041101811915854
735.78,0.0006919055241900866
735.96,0.0011939813905779363
736.15,-0.005043562630546755
736.33,0.00032091841525161777
736.52,0.003402264755283363
736.7,-0.0031441219581807294
736.89,0.0012245469339121418
737.08,0.0008406946689490247
737.26,-0.002572462755202847
737.45,5.9705383556960036e-05
737.63,0.001235086205076852
737.82,0.0004480459393341206
738.0,0.002031818437346916
738.19,-0.005561155542552501
738.38,6.202366652668458e-05
738.56,-0.0021173173520031984
738.75,-0.003134883377641533
738.93,-0.0011100161282393951
739.12,-0.002531447252034502
739.3,0.0013751740225800696
739.49,-0.0006015533358975348
739.67,-0.002986526535643519
739.86,0.0036263385092268215
740.04,0.0007167411603101689
740.23,-6.854351557359456e-05
740.42,-0.0011292697087570028
740.6,0.002160593585221715
740.79,0.002039048658878685
740.97,-0.0030786870230588475
741.16,0.0004590064436894276
741.34,-0.0007400841009037448
741.53,-0.0024772843461695823
741.71,-7.33956680578503e-05
741.9,0.00211197649278339
742.08,0.00047889036388224307
742.27,-0.00047548213452217877
742.45,-0.0011348293041548293
742.64,0.00019802526686205042
742.82,0.0025119052569016302
743.01,-0.0023568194689828864
743.19,-0.0018475698389750232
743.38,-0.0009068411798828096
743.57,-0.002147388339039634
743.75,-0.0010331124127987421
743.94,-0.002737626096449754
744.12,0.00020015356525373792
744.31,-0.0017419293855935433
744.49,0.00034163722304137237
744.68,-0.0011668117594546886
744.86,-0.001157154911856611
745.05,-0.00048033632356159304
745.23,-0.001860272328832435
745.42,-0.002697541902827867
745.6,0.0007665492231948476
745.79,-0.002039277937072694
745.97,-0.0017082045313766663
746.16,0.003561675944327002
746.34,-0.0028255258810150055
746.52,0.000608787601695207
746.71,-7.196720645334792e-05
746.89,-0.001461625465340695
747.08,0.002793763687159345
747.26,-0.0018788738346960652
747.45,-0.002798181353727479
747.63,0.0008917864927311276
747.82,-0.002287887440916982
748.0,0.0003428220693578503
748.19,-0.0028960796104729736
748.37,0.0037566637517937244
748.56,0.0014803513991126084
748.74,-0.0006363795814654265
748.93,-0.0014541563185749909
749.11,0.006704528770236917
749.3,-0.004464901998839578
749.48,0.0016337349619794223
749.67,0.0009218960824797267
749.85,-0.002235169672522008
750.03,0.0006381561957881747
750.22,0.0002109137826742377
750.4,-0.0014990845187641587
750.59,0.0006374283790498937
750.77,-0.00496711787629449
750.96,-0.006669445382685572
751.14,0.0010813017060827311
751.33,-0.0002185068629149582
751.51,-0.0017976653576001755
751.69,0.001373343368702277
751.88,-0.00022119414652628337
752.06,-0.004743552822972575
752.25,-0.0008042475994229453
752.43,0.0021311073335413466
752.62,-0.0003715799972620364
752.8,-0.00843348525524304
752.99,-0.003405786348217046
753.17,0.004467612577666373
753.35,-0.0037440617028965378
753.54,-0.0022744551344362567
753.72,-0.0047981289260372855
753.91,0.0014126726339074756
754.09,0.0002187213730354574
754.28,0.0021472341883662983
754.46,0.0005147531451950652
754.64,0.0014024229479644153
754.83,0.0013931401209010758
755.01,-0.0009781714176694885
755.2,0.0005034062081201304
755.38,-0.0012707760631025208
755.56,-0.00640932951771397
755.75,-0.003085423576701721
755.93,-0.0003767842987604649
756.12,0.001117364118140415
756.3,0.002334055998892944
756.48,-0.0057741277237273805
756.67,0.003364221848000941
756.85,-0.004647775097410504
757.04,0.0030958506027688095
757.22,0.003769169270217253
757.4,-0.001777083332178177
757.59,-0.0028867897564078433
757.77,-0.00039459910022423617
757.96,0.003149675153429754
758.14,-0.009173111974431868
758.32,0.0006914471382265749
758.51,0.0008573607606103388
758.69,-0.0019232223997155138
758.87,-0.001781476975035415
759.06,0.0037749836720719523
759.24,-0.001791164223213147
759.43,0.0021123141995457316
759.61,-0.0032204674333263864
759.79,-0.00438737458420622
759.98,-0.003202381894281551
760.16,0.0005417461742334353
760.34,-0.002269954269329309
760.53,0.00022978986868268093
760.71,0.002569825567266972
760.9,7.447256652362112e-05
761.08,0.0003838213973445431
761.26,0.0024232583218161486
761.45,-0.003408894794728709
761.63,-0.007122249813882895
761.81,-0.0021038546801956225
762.0,-0.006017040890581181
762.18,-0.0016540451774156937
762.36,-0.0005506425566429266
762.55,7.290556503204835e-05
762.73,-0.0022499174176139674
762.91,-0.0016177035462913518
763.1,-0.0027589291527601967
763.28,-0.0006891572411595955
763.46,-0.0016073312315935254
763.65,0.0008297940245010248
763.83,0.0006809171729721409
764.01,7.088756096466116e-05
764.2,0.0034341440889238332
764.38,0.0008292909262705359
764.56,-0.0026796383230622053
764.75,0.0015907738396121873
764.93,-0.0024801332956950334
765.11,-0.0009714760709118596
765.3,-0.003078483252285122
765.48,-0.000978024885479477
765.66,-0.0012783952284747247
765.85,-0.0020211899816475246
766.03,0.0008072661382903742
766.21,-7.764176091513179e-05
766.4,-0.0014084424668000437
766.58,0.0008005334784574445
766.76,0.00036306963485342237
766.95,0.00035657359248154506
767.13,0.001851573944664274
767.31,-0.0067068785559807826
767.49,-0.0034261194862444467
767.68,-0.004071418197372006
767.86,0.0006496537183659724
768.04,-7.569667979943422e-05
768.23,6.805184199713502e-05
768.41,-0.003889085102003994
768.59,-0.00556079862156561
768.78,-0.0026109845860162483
768.96,-0.0009266629259777515
769.14,-0.0023245684371665807
769.32,0.003025619684319753
769.51,-0.0003603031056282569
769.69,-0.003902869396924311
769.87,0.0007582627457686152
770.06,-0.001438854579337807
770.24,0.0032524515509333965
770.42,-0.0021545388802686207
770.6,0.00187270131539141
770.79,0.0018659570217034024
770.97,-0.003529744701528423
771.15,-0.00566877965015272
771.33,-0.0015885391239095158
771.52,0.00020353169794702248
771.7,-0.00021211003569936127
771.88,-0.0015643967700697896
772.07,-0.0038096930773683234
772.25,0.00047856025271949225
772.43,0.0011543580078378756
772.61,-0.0010176125244618342
772.8,-0.00047567441758976554
772.98,0.0008727828090410455
773.16,0.0004669720131332907
773.34,0.004508229881448821
773.53,-0.0016961789466353708
773.71,-0.0034058935347531143
773.89,-0.0015660968615027928
774.07,-0.0007477917762365635
774.26,-0.0014007606316870475
774.44,6.16503951978629e-05
774.62,-0.003111255075826432
774.8,-0.0026183350976992457
774.99,-0.003578938275810691
775.17,0.0011564065660322933
775.35,-0.005150581538211482
775.53,0.0007355305757787561
775.71,-6.967243999993795e-05
775.9,0.003365883036871659
776.08,0.0007235659384545616
776.26,-0.0007464792357839849
776.44,-0.0008639981263379423
776.63,-0.001556371483778039
776.81,-0.005275799639638251
776.99,-0.001411085919078773
777.17,-0.0016984783915804573
777.35,6.250080511533828e-05
777.54,-0.0019404117285614238
777.72,0.0016845102312010995
777.9,-0.0074741223583114635
778.08,-0.0006125373105281926
778.27,0.0034210357220675457
778.45,-0.0029237266401080527
778.63,-0.003676154472462461
778.81,-0.00088604227129491
778.99,-0.0011620424304771672
779.18,-0.0014254136597191293
779.36,-0.004431428990062479
779.54,-0.0010326872911373863
779.72,-0.0024102916932731886
779.9,-0.00021485252775262187
780.08,-0.0026084116337893315
780.27,-0.0011979509027072828
780.45,0.0016169243148606504
780.63,-0.004518845178457651
780.81,0.004249542613566536
780.99,0.002166391565327465
781.18,-0.001191757321818201
781.36,-0.0007683689930866733
781.54,0.00020696757086362705
781.72,-0.0017431411674091101
781.9,0.0017502313364609035
782.08,0.00034966156120070366
782.27,-0.0019331046091772299
782.45,0.002519474442922264
782.63,-0.0054591510766295636
782.81,-0.0018393642971098738
782.99,0.001649474511248139
783.17,-0.0016804643010133588
783.36,-0.002706325108928135
783.54,0.0018117636607345878
783.72,-0.003845044949227153
783.9,-0.0018455962420417546
784.08,-0.0023469877605430903
784.26,-0.005228091063226727
784.45,0.0009889587347485197
784.63,0.0005326027385163459
784.81,-0.001607085892618984
784.99,0.00022535490642813075
785.17,-0.0007115716011152226
785.35,0.0024202256814024204
785.53,-0.0058179899856738975
785.72,0.00038622085423958114
785.9,-0.0036374556162014357
786.08,0.005588244794703839
786.26,0.002389942349100513
786.44,0.0005494640021363678
786.62,0.0014958960860699923
786.8,-0.0038001916072759575
786.99,-0.0024311306362443954
787.17,-0.0016761641667368107
787.35,-0.0027856745556954776
787.53,-0.0029844347042651685
787.71,-0.0002478774400617705
787.89,0.0012250976922509834
788.07,-0.002504047252653547
788.25,-0.0015502841602393308
788.43,0.002561260943122863
788.62,0.001216520073166924
788.8,-0.0017236353571964803
788.98,-0.003395166572571307
789.16,-0.002220208561468956
789.34,-0.0069463416697658695
789.52,-0.005652691502284176
789.7,-0.0009128710060408595
789.88,-0.0018735404068008577
790.06,-0.0007663590882335509
790.25,-0.002248997040604526
790.43,-0.0019397379991950474
790.61,-0.0017723807730292871
790.79,-0.00518538024594355
790.97,0.0009483057996287897
791.15,0.0012807508147289494
791.33,0.0035189212351531087
791.51,-0.003929343342294546
791.69,-0.0020034468036428284
791.87,-0.0009297576278537655
792.05,-0.0038706104910045166
792.24,0.0014611927676232014
792.42,-0.0014570460250788832
792.6,8.178866184384791e-05
792.78,0.0014544192420592173
792.96,-0.0036735573231459822
793.14,-0.003056205200378052
793.32,-0.002147003472314251
793.5,0.0007543221811380682
793.68,-0.0044822940857338935
793.86,-0.0014836600284717483
794.04,-0.0007944565986277728
794.22,-0.0007971134237319401
794.4,-0.003259542752785412
794.58,-0.00570633123224067
794.76,-0.0018887490054545865
794.95,-0.0004427540435158507
795.13,-0.007139783746995511
795.31,-0.0038053710093675004
795.49,-0.004606859072435501
795.67,-0.0020414051746595625
795.85,-0.0025960603386383564
796.03,-0.0009921589106779338
796.21,-0.0017229593273629155
796.39,-0.0002723892769634871
796.57,-0.003714626594435278
796.75,-0.00027854331676272967
796.93,0.007398123739553963
797.11,0.0046535775897478095
797.29,-0.0004529852241761301
797.47,-0.0006334790787238135
797.65,0.00212411520177763
797.83,-0.0021363547588718643
798.01,0.004103979750108569
798.19,0.0013847211323645468
798.37,-0.0055489874399152535
798.55,-0.006222317163942463
798.73,-0.007483008484011522
798.91,-0.004791912693605892
799.09,0.007670130530609971
799.27,-0.0013925491633726896
799.45,0.0004774875397993238
799.63,0.004525446740687186
799.81,-0.003776251696322303
799.99,-0.005340996101497101
800.17,-0.0012159068756016657
800.35,-0.0004790737453276606
800.53,-0.0012033566689496115
800.71,-0.00236862560550244
800.89,9.104929798211883e-05
801.07,-0.0038620803531972904
801.25,-0.0020068302161301904
801.43,-0.0014752266936384738
801.61,0.0008696388305281785
801.79,-0.0036391793583429397
801.97,0.0018504007561835297
802.15,0.005071629268655767
802.33,-0.0038636636982855048
802.51,-0.0024535097587417213
802.69,-0.002888728523172401
802.87,-0.0057533253856283835
803.05,-0.004198712394865567
803.23,-0.00551295396506949
803.41,0.0017226787178588829
803.59,0.004061370875025253
803.77,-0.0015263701779501054
803.95,0.0026950686360937776
804.13,0.00724720228300469
804.31,-0.003141269823944807
804.49,0.0030578735088334303
804.67,-0.0003056043523812253
804.85,-0.003055960822539774
805.03,-0.0009002689365742937
805.21,-0.0015198992059198288
805.39,-0.007176847491445832
805.57,0.00050438565900153
805.75,-0.001147651272309937
805.93,0.0009208628403321706
806.11,-0.0034083668545038946
806.29,0.0007105195923016571
806.47,-0.0005196325761579484
806.65,-0.007154041821221239
806.83,-0.0005263382505654498
807.0,-0.0038421747111655707
807.18,0.0026967889776237383
807.36,0.0019820613287263476
807.54,-0.0015805232415451742
807.72,-0.00480309459481222
807.9,-0.0028623419756628548
808.08,0.0069066089062891
808.26,-0.002031518055509746
808.44,0.00436442780441904
808.62,0.0009465968586387517
808.8,0.0015813881953977652
808.98,-0.0036992473212150573
809.16,-0.0005318734428705044
809.34,-0.00032523908899382436
809.51,-0.0013728980099408322
809.69,0.0007370727746703687
809.87,0.004423846639983155
810.05,-0.0029349954308964957
810.23,-0.005827335457775711
810.41,0.0018932344403060455
810.59,0.002052949409182532
810.77,-0.0079975932402814
810.95,0.008258173149719729
811.13,-0.004116160264150241
811.31,0.006469412620289786
811.48,-0.002556569586154791
811.66,-0.0036116859853221623
811.84,-0.001859956493805497
812.02,-0.003240519734757153
812.2,-0.003951953715185209
812.38,-0.009466677662948474
812.56,-0.0037340753267417403
812.74,0.0007738814606070366
812.92,0.003050914011475356
813.1,0.009212624141222744
813.27,-0.0012775999408164414
813.45,0.002648343352857504
813.63,0.005376561159722191
813.81,-0.0005889819325812482
813.99,0.000799549932100406
814.17,0.0001099839389866289
814.35,-0.0026889456228915178
814.53,-0.004984123256493716
814.7,0.002468189522361671
814.88,-0.0017421791306417838
815.06,-0.0008319700389015867
815.24,0.009733952150056029
815.42,0.0038283168364843115
815.6,-0.009183189973952122
815.78,-0.004706846825002115
815.95,0.006740624953110432
816.13,-0.006297675538632708
816.31,-0.0013001327201195658
816.49,-0.01026508015007833
816.67,-0.003936856084134761
816.85,-0.004200047404598237
817.03,-0.0003712902642450875
817.2,-0.0028013261066986124
817.38,0.006276063478557605
817.56,-0.006482336840680412
817.74,0.008667433706569451
817.92,-0.0008591117957538238
818.1,-0.0028547379297137595
818.27,-0.007325491969752018
818.45,-0.002307505359353227
818.63,0.001330397886058122
818.81,-0.0008564013161168347
818.99,0.0018727351581005135
819.17,-0.002139430213157982
819.34,-0.0026464378873704147
819.52,0.002901557232738747
819.7,-0.0003862038883916099
819.88,-0.005536565849055721
820.06,-0.005999987157954399
820.24,-0.007256514256383408
820.41,-0.0036795955086888097
820.59,-0.00215076002289547
820.77,-0.001921846147630463
820.95,0.002876095220487115
821.13,0.0024438893947452303
821.3,0.0003783551265269598
821.48,-0.0027358336254235207
821.66,-0.0035757578638625875
821.84,-0.0022500571766954328
822.02,-0.0019578294939108874
822.19,-0.002720985987898249
822.37,0.0019489445953617662
822.55,-0.004022508155432612
822.73,-0.0019696098516252237
822.91,-0.0062953734154494
823.08,0.008688019541547454
823.26,-0.006192645133315587
823.44,-0.00821174978194126
823.62,-0.000674076069915965
823.8,-0.00013961214416709873
823.97,-0.010908112200491614
824.15,-0.002330603646986767
824.33,-0.0006703237291739467
824.51,-0.0017543537453760833
824.69,-0.005336502403834329
824.86,-0.0033639075799471213
825.04,0.00039714791477925363
825.22,0.0014777219570440614
825.4,-0.007099954849100678
825.57,-0.00040718835958659277
825.75,-0.002358966909793134
825.93,-0.005057710529287285
826.11,-0.0004212120401231615
826.28,0.006305992560402577
826.46,-0.0007096386697555523
826.64,-0.008837850400854231
826.82,-0.009630192192511534
826.99,-0.00014710841890472185
827.17,0.0010095251047447793
827.35,-0.00865212582129949
827.53,-0.009782365714177755
827.7,0.002124636474392362
827.88,0.0019165639492084035
828.06,0.002475900707445271
828.24,-0.009084869158190727
828.41,-0.0038385267242496595
828.59,0.0021180110479209033
828.77,0.006123313626706645
828.95,-0.00816631228859588
829.12,-0.009071799176344793
829.3,-0.005482744416403304
829.48,-0.0028330187317187824
829.66,-0.0013396880729454187
829.83,-0.008802811237658734
830.01,-0.0004542534691604531
830.19,0.004601146595889683
830.36,-0.008439289997243998
830.54,0.002462227547464544
830.72,0.002246665967175108
830.9,0.0016467330051415864
831.07,-0.016215285035866472
831.25,0.0031890710502243207
831.43,0.003515037283203557
831.6,0.0016858023521431756
831.78,0.003276894796029915
831.96,0.0035421722879722876
832.14,-0.002643376118640862
832.31,0.005443645325828579
832.49,0.0032923495568165104
832.67,-0.011073428592249596
832.84,-0.0023377873786288358
833.02,-0.002005478325917287
833.2,-0.003941761966467284
833.37,-0.007123788768231734
833.55,-0.0058962439632466185
833.73,0.00680875819155551
833.91,-0.00047841988605725627
834.08,-0.013270221714427575
834.26,-0.022294742707048183
834.44,-0.004595574640256038
834.61,-0.009319566093536234
834.79,0.0014151808027251748
834.97,-0.001124361744193364
835.14,-0.0011290383838523216
835.32,0.0011446845711940554
835.5,-0.012088621308555876
835.67,-0.00017477508111583674
835.85,0.0008130437303913982
836.03,-0.0008383229248526246
836.2,-0.0018764062364564722
836.38,0.001773796098581559
836.56,0.003475957858638025
836.73,-0.010628969043598032
836.91,-0.0038500209618925873
837.09,0.004509239425562645
837.26,0.00479263485316526
837.44,0.005817010293844665
837.62,-0.003517246766043595
837.79,-0.00903423700202978
837.97,0.001471052921217614
838.14,-0.0005095122948313743
838.32,-0.005682977657673243
838.5,0.0014510026860476237
838.67,0.0004946166599952
838.85,0.00290660719332827
839.03,0.005197840618085018
839.2,0.001858134315868187
839.38,-0.004683715340693266
839.56,0.000865131425678676
839.73,-0.0009150726656209791
839.91,0.005350640496921622
840.08,-0.001924075986605313
840.26,0.0023190430950137493
840.44,0.000520884408235846
840.61,-0.0037119280086336747
840.79,0.0022349464122215306
840.97,-0.007330472389667193
841.14,0.01113051930125428
841.32,-0.011092030316107032
841.49,0.0033759829521195234
841.67,0.002289506069927307
841.85,-0.00302067076472273
842.02,-0.004844732818330878
842.2,0.005909019933747758
842.37,-0.014649990443114411
842.55,-0.011983467241258204
842.73,-0.010345992640008753
842.9,0.00199499742263648
843.08,0.0019453436454026209
843.25,0.006782235430080912
843.43,0.009173955346766717
843.61,-0.011119685656299895
843.78,0.007326974174886347
843.96,0.001937764754594402
844.13,0.006156382053319473
844.31,0.005511857412372717
844.49,-0.006668810685424535
844.66,0.00852969006653624
844.84,-0.00020025856514055437
845.01,0.0016863177630445578
845.19,-0.0052004330698318035
845.37,-0.0013738822326636497
845.54,-0.010489266080320378
845.72,0.0025058258012305022
845.89,-0.004084925132965903
846.07,-0.008381942061663629
846.24,-0.009114483542790403
846.42,-0.0010032953184784578
846.59,-0.0056587886353478695
846.77,-0.015227922577405793
846.95,0.004574817416153468
847.12,-0.007098190420283358
847.3,-0.007141569562522059
847.47,0.0034940497297489934
847.65,0.0034683000322529973
847.82,-0.011134114210144205
848.0,-0.0130636639366863
848.17,-0.0006395295470174435
848.35,-0.0190654888857117
848.53,0.003975377721276666
848.7,0.0027684717389665258
848.88,-0.0010804563429549622
849.05,-0.0014798991677264148
849.23,-0.005802678087908782
849.4,0.0030365008749859445
849.58,0.0006090832329363783
849.75,-0.004369745891886469
849.93,0.004778737987595378
850.1,-0.0098017325734905
850.28,0.003141187057159942
850.45,-0.00839055571783374
850.63,0.009696964292879546
850.8,-0.0072269573071167496
850.98,-0.006601048644697813
851.16,0.0014787073798990969
851.33,-0.009633976572654749
851.51,0.008420093114127822
851.68,0.020567300237370127
851.86,-0.008383351889226703
852.03,0.00784704641179789
852.21,-0.0029589223327719624
852.38,-0.00023444190864419068
852.56,0.0011025004453331668
852.73,-0.003398273423813225
852.91,0.0011164468712673555
853.08,0.0034565452188341124
853.26,0.006031518509272773
853.43,-0.003853123044795991
853.61,0.004433115185229478
853.78,0.00484001030850703
853.96,-0.009937254993117789
854.13,0.0016308526909069585
854.31,-0.012476381604795556
854.48,0.0006753465485498393
854.66,0.0006835041536664582
854.83,0.006370965409655646
855.0,-0.0045214268523939135
855.18,-0.0011999105614318177
855.35,-0.014138943669855904
855.53,0.004073739000472261
855.7,-0.006450041759775799
855.88,0.018256637462823393
856.05,-0.009102325292862142
856.23,0.004406303708625027
856.4,-0.004562560821226481
856.58,0.005116721361037355
856.75,-0.00812835548951449
856.93,0.0007303271472778991
857.1,0.010228087611810755
857.28,-0.0018008822670922985
857.45,-0.016416477110787146
857.62,0.003791592048792351
857.8,-0.005335156071998157
857.97,-0.005302910894066771
858.15,-0.01875362212265578
858.32,-0.006623826377016081
858.5,-0.023547687928484367
858.67,-0.01008551570085231
858.85,-0.009900665089806252
859.02,0.003329724127081098
859.19,0.010049812761201394
859.37,0.008076980137126523
859.54,-0.0039511365416889065
859.72,-0.006669666708156581
859.89,-0.00133693653259898
860.07,-0.00885088711122067
860.24,0.005449586179654774
860.41,-0.009064457266854049
860.59,-0.004352591085908122
860.76,0.0049317182720817745
860.94,-0.00028871705532170167
861.11,0.003455979959542579
861.29,0.010760332547406177
861.46,0.01619542337333598
861.63,0.0007836194789792847
861.81,0.0034764023969591834
861.98,-0.008663334049090197
862.16,-0.016811122768186776
862.33,0.0029297495747914615
862.5,-0.012064513397959593
862.68,-0.0020534396684354066
862.85,0.013751963338878882
863.03,0.01912126436663511
863.2,0.008652599113447363
863.37,0.005521062023354975
863.55,0.008883995794509337
863.72,0.010698830525107375
863.9,-0.0163070855942083
864.07,0.0032596466037311507
864.24,0.00026965996084786633
864.42,-0.007282177586448394
864.59,-0.019364328169373966
864.77,-0.0008906510973869116
864.94,-0.0032228911241536273
865.11,-0.007790959503996961
865.29,-0.0014862296489072916
865.46,-0.017611354935101294
865.63,-0.017139843923902612
865.81,-0.025439209214083755
865.98,-0.005707661711695188
866.16,-0.02133103113637364
866.33,0.013040752077147793
866.5,-0.01477811996993149
866.68,-0.018773037933744966
866.85,-0.004920056857679395
867.02,-0.01471016509296589
867.2,0.018805954108227226
867.37,-0.00032610938196723615
867.54,-0.015555100913058036
867.72,0.004718256266966552
867.89,-0.019118029466669743
868.06,0.011691119457625385
868.24,-0.014781080044132956
868.41,-0.023092263412635934
868.59,-0.019507849088677313
868.76,0.003378400890245308
868.93,-0.028819824295991937
869.11,-0.019084380269414107
869.28,0.011261068050979718
869.45,-0.005375941810134679
869.63,0.011297476966591407
869.8,0.015542502564524371
869.97,-0.01607947538324044
870.15,-0.04643720461165207
870.32,-0.0028349662348540723
870.49,-0.013708482309529946
870.66,0.000939795634660791
870.84,-0.017132237644462485
871.01,0.0009746611920416433
871.18,-0.0036077525602837123
871.36,-0.003065221784256079
871.53,-0.018849243000805368
871.7,-0.032299305460787596
871.88,0.0016817090276197108
872.05,-0.003038486693648595
872.22,0.008143295697699844
872.4,0.019498368591276807
872.57,-0.030322776940602595
872.74,-0.002894765280290969
872.92,0.005571445807930642
873.09,-0.0029707198863622697
873.26,-0.0010368306648157956
873.43,-0.015113521867258553
873.61,-0.01275672569944052
873.78,-0.010893784965718743
873.95,-0.004661843007620737
874.13,0.008364173326444088
874.3,0.012720487134158347
874.47,-0.034354727577644566
874.64,-0.021426506623008542
874.82,-0.014544240536814204
874.99,-0.021390360397216018
875.16,0.0017849580262053945
875.34,-0.014428660651402572
875.51,-0.01905884690887897
875.68,0.011017540976872232
875.85,-0.011086681434269042
876.03,0.006376670322082804
876.2,0.011524435500941866
876.37,-0.020621352816667056
876.54,-0.015743495450563815
876.72,0.0241157942824169
876.89,0.010747517491765075
877.06,0.003419748704869939
877.23,-0.029879516727898583
877.41,-0.015969845618296313
877.58,-0.026524479486965995
877.75,-0.00924171777725871
877.92,-0.02729893396792227
878.1,0.003456762656951794
878.27,-0.0037787949275905727
878.44,-0.006153619992649729
878.61,-0.024277913020593428
878.79,0.002026470961290602
878.96,-0.012214483795169212
879.13,0.0030224727899146844
879.3,-0.02517897035307517
879.48,-0.02622291946376838
879.65,0.009195581276654673
879.82,-0.002870158253679827
879.99,-0.0036626626597505347
880.16,-0.021181146912434952
880.34,0.0045386591708666746
880.51,-0.009018446682709012
880.68,-0.006510129113931891
880.85,0.013551306447746561
881.03,-0.018503918749710118
881.2,-0.004541197256963186
881.37,-0.005943512075317197
881.54,-0.015356302134377851
881.71,-0.009215791843378732
881.89,-0.008496675423149797
882.06,0.0004161015414815467
882.23,-0.006816634803594249
882.4,-0.01060438606907005
882.57,-0.02628238904298431
882.75,0.02774087379471947
882.92,-0.004009643527084964
883.09,-0.03325419566107241
883.26,-0.005024008681696164
883.43,0.009567380851434486
883.61,0.009197617655887173
883.78,-0.008275306223817478
883.95,-0.00941354302346146
884.12,-0.009655254312207411
884.29,-0.03598526401964794
884.47,-0.015533206891605403
884.64,-0.006798169398818324
884.81,-0.016776151874493113
884.98,-0.0004889422549218161
885.15,-0.002297903775687946
885.32,0.022711718418759654
885.5,0.004048292910113603
885.67,-0.005273179517968914
885.84,0.019303893002635623
886.01,0.006876595406553494
886.18,0.003282569724842457
886.35,0.01771868864451173
886.53,-0.02005529027393814
886.7,0.0023325060349774418
886.87,-0.03185719119441393
887.04,-0.019979904564184574
887.21,0.010538839042284276
887.38,-0.00827657947924917
887.55,-0.024992164637689288
887.73,0.02061624224170985
887.9,-0.013778258392661565
888.07,-0.003302641102900295
888.24,-0.013388582148794419
888.41,0.0004752765492746079
888.58,0.02290334091789872
888.75,-0.022024972675785737
888.93,-0.023635818328328614
889.1,-0.005391450149255787
889.27,-0.01477295587132638
889.44,-0.022626829332839295
889.61,-0.01701417045273611
889.78,0.026165357967667474
889.95,-0.028629805175818226
890.12,-0.015350468799288492
890.3,-0.0297456866227976
890.47,-0.020102270160588548
890.64,0.007698551841981426
890.81,-0.032218751142544876
890.98,-0.0026633529454106945
891.15,-0.02737754940650468
891.32,0.015436445051550785
891.49,0.01105175837234293
891.66,-0.022461578878234557
891.84,0.014263243488229533
892.01,0.016468011624478834
892.18,-0.027270218713632666
892.35,-0.0027177379760390187
892.52,0.013767623109019763
892.69,0.0026818233275689523
892.86,-0.03296364409042527
893.03,-0.029009963693292853
893.2,-0.01371556833172533
893.37,0.009418003383282787
893.55,-0.0005676793499877933
893.72,-0.0027652887425606222
893.89,-0.015547591643794972
894.06,-0.02117006632949494
894.23,0.008662576584767757
894.4,-0.007483085752452057
894.57,-0.022306589257172865
894.74,-0.011877178530995455
894.91,0.0215515696852667
895.08,0.003816748604810333
895.25,-0.01877264872064088
895.42,0.0016429595767672295
895.59,-0.0197365312670466
895.76,-0.040880587159885
895.94,-0.011786167159796173
896.11,-0.012754868594785577
896.28,-0.0018232909328813962
896.45,-0.016389156400747725
896.62,-0.006641403120638426
896.79,-0.010016518172101564
896.96,0.001731928029709599
897.13,-0.03233358615640244
897.3,0.01207338490391278
897.47,0.01132283186906287
897.64,-0.00791874451905075
897.81,-0.02935698288668765
897.98,0.004288259944097136
898.15,-0.021508294744226202
898.32,-0.014017240549843159
898.49,-0.004218647194664074
898.66,-0.020072076007425964
898.83,-0.005671809888500908
899.0,-0.04378316318614821
899.17,-0.0281443933654187
899.34,0.0030267117222298576
899.51,0.025638022299808584
899.68,-0.005817526511563381
899.85,-0.04246991657288135
900.02,-0.005885570301945132
900.19,-0.03443373092826638
900.36,0.01795035253629619
900.53,-0.022814953103975556
900.7,-0.01144078633089007
900.87,-0.003480904540030348
901.04,0.0006442126590246862
901.21,-0.04908342494822687
901.38,-0.0007278705083704568
901.55,-0.007129570787778093
901.72,-0.017860450096639183
901.89,0.010622606530534968
902.06,0.006364991013226742
902.23,0.0020505672901929284
902.4,-0.016965829659757854
902.57,-0.010508135897860663
902.74,-0.017058227178560356
