Wavelength [nm],#8-IR-cutoff-700.csv
400.08,0.2113130370996498
400.29,0.19380937756453184
400.5,0.16121226605326447
400.71,0.23968676568264657
400.92,0.16393517323085807
401.13,0.21644562048319388
401.34,0.2196500954783641
401.54,0.24514407080374181
401.75,0.26956000020688836
401.96,0.23729283514858474
402.17,0.2755020589836709
402.38,0.2715674331883158
402.59,0.23460406373782094
402.8,0.2825008663449553
403.01,0.25823149581087573
403.22,0.28226841538438846
403.43,0.30527912892141557
403.63,0.30098300929716537
403.84,0.2921010134107239
404.05,0.3168516892005395
404.26,0.3106346136653445
404.47,0.3628068938158417
404.68,0.27528613963869947
404.89,0.38302677338952384
405.1,0.38732390765218727
405.31,0.42126116446175543
405.52,0.4313384979053058
405.72,0.3856477517739716
405.93,0.4630758314105667
406.14,0.4743965568175104
406.35,0.5028498324032593
406.56,0.4636887421505794
406.77,0.5254065820909678
406.98,0.5089795355945367
407.19,0.5791958553891204
407.39,0.6131001523822105
407.6,0.5879078048925939
407.81,0.6064163007721954
408.02,0.5879078048925939
408.23,0.5895424265589166
408.44,0.6453197808279364
408.65,0.6451294965590605
408.86,0.6600243719453757
409.06,0.6609655604629202
409.27,0.7106971505800203
409.48,0.7751542432236728
409.69,0.7296224735688079
409.9,0.6831338672425687
410.11,0.7118060018991778
410.32,0.7170281239306799
410.52,0.7121203896629908
410.73,0.6892328481051533
410.94,0.6773363852907516
411.15,0.7190084682041737
411.36,0.7401796828704716
411.57,0.7619233668391288
411.78,0.6847907226353656
411.98,0.7688250114805575
412.19,0.7328718877873007
412.4,0.6804762908492183
412.61,0.6933593377276179
412.82,0.739463787259999
413.03,0.7713214385629402
413.23,0.7635331336028995
413.44,0.775443325116246
413.65,0.6792065688853599
413.86,0.7097214366795473
414.07,0.6668307179057544
414.28,0.8236252731622967
414.48,0.7606571882959261
414.69,0.7087910612124305
414.9,0.75908091923691
415.11,0.6989158583800869
415.32,0.6831074086116748
415.53,0.7498633610577156
415.73,0.671471959289099
415.94,0.7518991971617198
416.15,0.749860476770806
416.36,0.7307409654673385
416.57,0.7348830581366033
416.78,0.7596627991970702
416.98,0.71790145312654
417.19,0.7699581919556553
417.4,0.7789462070224965
417.61,0.7496012459890038
417.82,0.8007281232905137
418.02,0.7645774137834978
418.23,0.8193757505630364
418.44,0.8211760021135416
418.65,0.7763025548179441
418.86,0.8927550180358969
419.07,0.792708091087954
419.27,0.8620644778207521
419.48,0.8491972045693017
419.69,0.7712005970378275
419.9,0.7974388744939547
420.11,0.8049410982680306
420.31,0.8600865361985626
420.52,0.8107926948738309
420.73,0.8606975000457198
420.94,0.7877413331760019
421.15,0.7758483367584735
421.35,0.8154232734874821
421.56,0.7893267032353976
421.77,0.8112455306524495
421.98,0.815796568109992
422.19,0.9101676973647557
422.39,0.8292067989619598
422.6,0.8789619491367717
422.81,0.7360475321954928
423.02,0.8264289328171031
423.22,0.8164656173506181
423.43,0.8505982657055583
423.64,0.8285126149798413
423.85,0.8009809707159925
424.06,0.8294379149486037
424.26,0.8253153710667873
424.47,0.8408293884895764
424.68,0.8536050350280188
424.89,0.7912281899486019
425.09,0.851414429676947
425.3,0.8415434731459666
425.51,0.8441636841878315
425.72,0.839013521869571
425.93,0.7808762062674091
426.13,0.8382899568845663
426.34,0.8396805838735193
426.55,0.852591153963209
426.76,0.8212195995070661
426.96,0.8200770762034576
427.17,0.841716511896326
427.38,0.8744925040551305
427.59,0.8562278712654653
427.79,0.8355306920070503
428.0,0.8736539442563651
428.21,0.847166957395152
428.42,0.8719765289286444
428.62,0.8472575805955165
428.83,0.8818572268185723
429.04,0.8313734441001654
429.25,0.8941305279192651
429.45,0.8309045489137661
429.66,0.8780366578645586
429.87,0.9479106430405918
430.08,0.8622315061586112
430.28,0.9524438146941964
430.49,0.8329965594451423
430.7,0.9052992916226297
430.91,0.9235544662472165
431.11,0.9359779407926453
431.32,0.9062350605204731
431.53,0.9184830417359007
431.74,0.8780366578645586
431.94,0.8740966074181183
432.15,0.8748486324925135
432.36,0.9098639108044715
432.56,0.8952175791040423
432.77,0.8898842883268581
432.98,0.8649340810461391
433.19,0.9260117047150126
433.39,0.9053232942725702
433.6,0.9242352480466114
433.81,0.9112429077390535
434.02,0.8974150948827934
434.22,0.9214936379993384
434.43,0.9430486033052727
434.64,0.9132691619802215
434.84,0.9684859605138628
435.05,0.882681154842378
435.26,0.8941893859343268
435.47,0.9529665147580517
435.67,0.9467641168444654
435.88,0.9298733323552048
436.09,0.948974870033012
436.29,0.9235258693114652
436.5,0.9470811722769386
436.71,0.9474257586613786
436.92,0.9384818103407088
437.12,0.9472760893272012
437.33,0.9429984750041649
437.54,0.9301444488086206
437.74,0.9255195467561357
437.95,0.9411110907707234
438.16,0.9289259081384208
438.36,0.9462757252483543
438.57,0.9221562034078153
438.78,0.9556009173281694
438.99,0.9249419864491517
439.19,0.9124941875022355
439.4,0.9690125350450588
439.61,0.9319019682290838
439.81,0.9461902440958286
440.02,0.9231996062708792
440.23,0.9380086238665625
440.43,0.9375193699416359
440.64,0.9124627218151824
440.85,0.9238207870313615
441.05,0.9401266579388683
441.26,0.958668912248098
441.47,0.9633692613240251
441.67,0.925273374940988
441.88,0.973222333069593
442.09,0.9179635225679234
442.29,0.9325043347205966
442.5,0.9924938819492343
442.71,0.938661164667967
442.91,0.9921541511737023
443.12,0.9948994920132558
443.33,0.9721017583347072
443.53,0.9387192769756421
443.74,0.9159068591487296
443.95,0.9502092254587492
444.15,0.9487803307946219
444.36,1.0
444.57,0.9303407564590224
444.77,0.9512029507341037
444.98,0.9116041057127237
445.19,0.9144742089491016
445.39,1.015008438432306
445.6,0.9355845571949433
445.81,0.8809857632430095
446.01,0.9218105801704952
446.22,0.9250064096133053
446.43,0.958964507358022
446.63,0.9277748549976294
446.84,0.9495335222152346
447.05,0.9341134646719005
447.25,0.9065404344384076
447.46,0.9536599731072266
447.67,0.9831439318854404
447.87,0.9059787529619775
448.08,0.9429061211830362
448.28,0.9205490857946554
448.49,0.9261055716284761
448.7,0.9437546909162107
448.9,0.9380116780087486
449.11,0.9059989919805032
449.32,0.9431154995679024
449.52,0.9470954561064653
449.73,0.9053921416046731
449.93,0.9361624809104995
450.14,0.844849385181442
450.35,0.9346433399290794
450.55,0.9092744339589091
450.76,0.8989942764590652
450.97,0.8779835906396669
451.17,0.9034091279242734
451.38,0.8791849546567694
451.58,0.8881346958225235
451.79,0.8593860837704301
452.0,0.9131447566136104
452.2,0.8791037929740324
452.41,0.8980076711038738
452.62,0.9207010580663039
452.82,0.899391214098375
453.03,0.9240568463871299
453.23,0.8593515897712378
453.44,0.8852579937925383
453.65,0.9337958803034639
453.85,0.8855050014967323
454.06,0.8828932664798357
454.26,0.913767743252411
454.47,0.8357211330120419
454.68,0.8899311852628692
454.88,0.8556469502450409
455.09,0.8702124708699839
455.29,0.8769875695030712
455.5,0.8873963481226731
455.71,0.8661615841684509
455.91,0.9064220497538173
456.12,0.928551138285065
456.32,0.9589821272242606
456.53,0.8763933803294166
456.73,0.8885734497974684
456.94,0.9048343736337336
457.15,0.935568072798427
457.35,0.9546526206377236
457.56,0.9505587183082508
457.76,0.9116065310150119
457.97,0.925490102490578
458.18,0.9253758510311657
458.38,0.9183762805421651
458.59,0.9073461189047389
458.79,0.9344415760748198
459.0,0.9036928553229943
459.2,0.9401014250304363
459.41,0.9648949217513445
459.62,0.9703231067811648
459.82,0.9457452225457165
460.03,0.9147544808392564
460.23,0.9312705714431697
460.44,0.9494577836571509
460.64,0.9229151528818287
460.85,0.8925852232854206
461.06,0.9253335765794528
461.26,0.9544926179889911
461.47,0.9629534164812409
461.67,0.9427724887088006
461.88,0.959201845497313
462.08,0.9869025578924041
462.29,0.9504443463738393
462.49,0.9713946901878626
462.7,0.9560957941157789
462.91,0.9477799654712525
463.11,0.8936761935340696
463.32,0.9255845298960923
463.52,0.9582673543013487
463.73,0.9052411814553735
463.93,0.905424225625916
464.14,0.9395749994219252
464.34,0.9274840230086665
464.55,0.9377523806018333
464.75,0.8991851950206521
464.96,0.9467658424128909
465.16,0.8716083142537484
465.37,0.8993317578622069
465.58,0.8939170278175869
465.78,0.8887400031416258
465.99,0.9072531579858107
466.19,0.897049175780356
466.4,0.9164532636898891
466.6,0.8569960937557085
466.81,0.9025053066498179
467.01,0.8832131968505247
467.22,0.8614869003296424
467.42,0.9130588338377132
467.63,0.8671327464410084
467.83,0.8758559618462084
468.04,0.9090395202189819
468.24,0.8838100486232292
468.45,0.8426836660150033
468.65,0.8528736888790607
468.86,0.9113168059952227
469.06,0.8617942522337341
469.27,0.8854284657453946
469.47,0.890687859827987
469.68,0.8791178150506992
469.88,0.8866526983407894
470.09,0.8537383944804047
470.29,0.8807957708563438
470.5,0.8468169436300026
470.7,0.8558103157288107
470.91,0.8567443589650073
471.11,0.8716706820142173
471.32,0.8548297949536976
471.52,0.8695023623868554
471.73,0.8362067712589873
471.93,0.8648086714448618
472.14,0.8427610529175932
472.34,0.8714340373855615
472.55,0.8627408365905552
472.75,0.8657807683836732
472.96,0.8630251606595726
473.16,0.8664817509564321
473.37,0.8831056840552565
473.57,0.8679261927359725
473.78,0.8618476344194913
473.98,0.8354115417472281
474.19,0.8523515250787979
474.39,0.8755929215090532
474.6,0.857686264193335
474.8,0.8720707865293267
475.01,0.9045594390820382
475.21,0.8912586017208888
475.42,0.8755233169901717
475.62,0.8694994570431005
475.83,0.8796863754438645
476.03,0.8566017138392945
476.24,0.9032821732061533
476.44,0.8824884984857768
476.64,0.8986967727402225
476.85,0.8784864236097792
477.05,0.8786502464387015
477.26,0.8783079909852423
477.46,0.9037076628529207
477.67,0.9097850905619592
477.87,0.9054995153344635
478.08,0.9015717603007252
478.28,0.9180740591756337
478.49,0.9138115456738392
478.69,0.9185547585146149
478.9,0.9080803075263697
479.1,0.9193295621060384
479.3,0.9145172589344178
479.51,0.9393432660780658
479.71,0.9011864683878199
479.92,0.9247119399180016
480.12,0.9075787961006788
480.33,0.9113561405430404
480.53,0.9092823545125678
480.74,0.9519832212695084
480.94,0.9449701273045652
481.14,0.9557794842690078
481.35,0.9484956194604401
481.55,0.9585750811870697
481.76,0.9524388557248533
481.96,0.9545107096189045
482.17,0.9754350727535231
482.37,0.9177738554930478
482.57,0.9327656403400112
482.78,0.955512915961475
482.98,0.9410617628027463
483.19,0.9339666972832613
483.39,0.9397745649181698
483.6,0.9366894137498997
483.8,0.9557928915087885
484.0,0.9282809185025338
484.21,0.9460317528541107
484.41,0.9342379301289763
484.62,0.9439604497850641
484.82,0.9303517306689798
485.02,0.9305758211210756
485.23,0.9199995604446927
485.43,0.9275174199805332
485.64,0.9306044288325785
485.84,0.9152750288278169
486.05,0.9365260132385975
486.25,0.9314554706435433
486.45,0.9387065493629924
486.66,0.9152175439652491
486.86,0.9171056738924538
487.07,0.8897791591885067
487.27,0.9374937778894465
487.47,0.9115925226392239
487.68,0.897402413058907
487.88,0.9091821643036606
488.09,0.9427055594666014
488.29,0.937633077544022
488.49,0.9198746107200959
488.7,0.8974167735323436
488.9,0.8793142779147265
489.1,0.8936636136393629
489.31,0.8979929399001207
489.51,0.8876359574490822
489.72,0.9041805431990736
489.92,0.8963680253914313
490.12,0.8933516254934278
490.33,0.9018569634107912
490.53,0.9011109047467647
490.74,0.8983780587232445
490.94,0.8693460932076219
491.14,0.8846844232640071
491.35,0.873254492189305
491.55,0.8841752039475648
491.75,0.877007901179276
491.96,0.8960110098248919
492.16,0.8721346842152333
492.36,0.8950032933488948
492.57,0.880631763453011
492.77,0.8777206574643421
492.98,0.8852684569962469
493.18,0.8687601715836346
493.38,0.8785538810370656
493.59,0.8874042054959029
493.79,0.8688916987439015
493.99,0.8983523011151996
494.2,0.8808305555280893
494.4,0.8904528115183399
494.6,0.8749485307166925
494.81,0.8893078664334262
495.01,0.8842568465012982
495.22,0.86660120936638
495.42,0.8859608742369727
495.62,0.8842956523049688
495.83,0.8873054925575156
496.03,0.8858134508058264
496.23,0.8760875906478347
496.44,0.8773616889944934
496.64,0.8919842178462761
496.84,0.8886860575918109
497.05,0.9034315141697463
497.25,0.8919716862771121
497.45,0.8840933856911539
497.66,0.9077351252666757
497.86,0.8738091458711024
498.06,0.8930275149643333
498.27,0.8826823226906756
498.47,0.9026004780637585
498.67,0.8706544911513947
498.88,0.8861845639996422
499.08,0.8906899374875071
499.28,0.9009772624833507
499.49,0.9136985641882077
499.69,0.8954799836277622
499.89,0.8814609631337227
500.1,0.8986621450214344
500.3,0.9118905737596118
500.5,0.8872385249213033
500.7,0.8929656747116533
500.91,0.8913888990630403
501.11,0.9043802903200175
501.31,0.8955208276928405
501.52,0.9058767199905733
501.72,0.9164988609197772
501.92,0.9107179133744768
502.13,0.9041720297619702
502.33,0.9015551255464797
502.53,0.9191351426823122
502.74,0.9152152759021122
502.94,0.9341079594027052
503.14,0.8825826804500007
503.34,0.9073689388407621
503.55,0.9226476097677896
503.75,0.9313801010869593
503.95,0.9197469945532976
504.16,0.9372207790156892
504.36,0.9392266663466661
504.56,0.9287826580830753
504.76,0.9536349007046494
504.97,0.9496354066901198
505.17,0.9516815348340789
505.37,0.9569594611148963
505.58,0.9418345322080817
505.78,0.9444560553467013
505.98,0.9634998123977334
506.18,0.9591164067605917
506.39,0.9682493181905482
506.59,0.9412634394266521
506.79,0.9559636396839787
507.0,0.938327594821575
507.2,0.9363814587304601
507.4,0.9802289212784431
507.6,0.9422043502285125
507.81,0.940374667519277
508.01,0.946679380319047
508.21,0.9632631791537117
508.41,0.9403104228873809
508.62,0.9490648795980349
508.82,0.9640766590372022
509.02,0.9604178065108397
509.23,0.9483695481319799
509.43,0.9295234101824473
509.63,0.9789831996178764
509.83,0.9531174290159112
510.04,0.9593411709645259
510.24,0.9730625008216809
510.44,0.9787247628921961
510.64,0.9867342968870589
510.85,0.959593119852739
511.05,0.9585992080933268
511.25,0.9623238701559687
511.45,0.9445144572275608
511.66,0.9520353681922271
511.86,0.9458252037795053
512.06,0.9496613723344152
512.26,0.9408832932927763
512.46,0.953313373755353
512.67,0.9479376436696211
512.87,0.9442956619917119
513.07,0.9624592319015888
513.27,0.9539330697290574
513.48,0.9362658751887851
513.68,0.9464543106796558
513.88,0.9368324508955697
514.08,0.9330261805758774
514.29,0.9364636837840277
514.49,0.9295940917204841
514.69,0.9270487666294578
514.89,0.9294953398448549
515.09,0.9195378015199666
515.3,0.932952950759886
515.5,0.9382237131799642
515.7,0.94588495191307
515.9,0.9403112592093311
516.11,0.9264079958528761
516.31,0.9293941184370735
516.51,0.942108602173734
516.71,0.929448917252921
516.91,0.9159286456706355
517.12,0.927901871111155
517.32,0.9421331814355977
517.52,0.9447854558944672
517.72,0.9027799160945811
517.92,0.9193671215035519
518.13,0.9228700113941833
518.33,0.9417742345189056
518.53,0.9349756163926166
518.73,0.9236593814255291
518.93,0.9178482476220555
519.14,0.9266644239622229
519.34,0.9025344644882948
519.54,0.9399797503447405
519.74,0.9255322856193978
519.94,0.9178287289593355
520.15,0.9157251214167071
520.35,0.926571366038883
520.55,0.9250361810280151
520.75,0.9160022782618085
520.95,0.9092834898162675
521.16,0.9173150689704808
521.36,0.9288225127446484
521.56,0.9053478597387928
521.76,0.919828829247872
521.96,0.9151573936352624
522.16,0.895043066889566
522.37,0.885656939732117
522.57,0.9094963443396705
522.77,0.9096061309008567
522.97,0.9115609557796815
523.17,0.9026774288613263
523.37,0.8922744083877423
523.58,0.896503476369604
523.78,0.8956614531585398
523.98,0.9067126290513068
524.18,0.9006125713577506
524.38,0.8922053894940921
524.58,0.8994604985324259
524.79,0.8998625849572546
524.99,0.9123318199297633
525.19,0.887139758949633
525.39,0.8855077500413586
525.59,0.8857077451176197
525.79,0.887610701016577
526.0,0.8963474268401953
526.2,0.8879125693228891
526.4,0.8913965280095061
526.6,0.8904459317292241
526.8,0.9189943108392549
527.0,0.8834316264613055
527.2,0.8807047523079546
527.41,0.8763200213242659
527.61,0.8923859998056755
527.81,0.8958915456213363
528.01,0.8963624002239969
528.21,0.8979289159957192
528.41,0.872398042254387
528.61,0.8905399849837968
528.82,0.8831900597058587
529.02,0.8869814362468688
529.22,0.8964265116458144
529.42,0.8670573751309992
529.62,0.8664367043827333
529.82,0.8872558648746414
530.02,0.8797822091398203
530.22,0.8738563436390931
530.43,0.8836970874558652
530.63,0.8911706447820745
530.83,0.8925263171418527
531.03,0.8813118408207472
531.23,0.8916120110888522
531.43,0.8712935855877245
531.63,0.8953716921624313
531.83,0.8918310744631709
532.03,0.9023990891340188
532.24,0.8984730084004914
532.44,0.9084252139503508
532.64,0.8988888745952128
532.84,0.8926696915965103
533.04,0.8957744792137452
533.24,0.8952209541152307
533.44,0.9136833839497043
533.64,0.9045220500329777
533.84,0.8956705563553484
534.04,0.9042091685838233
534.25,0.8968066378958178
534.45,0.8787907075228447
534.65,0.8930340989425752
534.85,0.8993560406160916
535.05,0.9078114558296678
535.25,0.8995225037329106
535.45,0.9110192001954799
535.65,0.9073170487855805
535.85,0.8995660484837887
536.05,0.9075830344570361
536.25,0.9002274139539739
536.46,0.902632266157399
536.66,0.8947309710115948
536.86,0.9201246247298617
537.06,0.9073505263876572
537.26,0.9175859724263881
537.46,0.9244588384129524
537.66,0.8973896174197981
537.86,0.9238714930404838
538.06,0.9306658837427095
538.26,0.9072374999285792
538.46,0.9344118310049977
538.66,0.9385060826440006
538.86,0.9340598885873796
539.07,0.9312734669716709
539.27,0.9212748623691146
539.47,0.9280894291392059
539.67,0.9464758068947885
539.87,0.9363726306321822
540.07,0.9383826263885902
540.27,0.9331416889006691
540.47,0.9490104573763969
540.67,0.9526549349063413
540.87,0.9479440105605341
541.07,0.9705321755020987
541.27,0.9385320681103908
541.47,0.9525214709395128
541.67,0.9554791309149719
541.87,0.9547422776033274
542.07,0.9417463536580903
542.27,0.9419965357972072
542.47,0.9319378006471277
542.67,0.9291675577406369
542.87,0.9414272651518223
543.08,0.9434630997654566
543.28,0.9431955971748359
543.48,0.9552434382267787
543.68,0.9650141550366644
543.88,0.966090916403237
544.08,0.9576763514191501
544.28,0.9464446000786699
544.48,0.9637345799682722
544.68,0.9500184179637176
544.88,0.9763622995645119
545.08,0.9738975507653882
545.28,0.9652743106702777
545.48,0.9490059403705324
545.68,0.933420506845962
545.88,0.966314120463543
546.08,0.9701730110966055
546.28,0.9573680972070546
546.48,0.959681966394949
546.68,0.9577946489535768
546.88,0.9623480846891495
547.08,0.9700773859382934
547.28,0.9501552837999555
547.48,0.9414396034344865
547.68,0.9653822414453147
547.88,0.9754330626012737
548.08,0.9696284090165921
548.28,0.9495743484224444
548.48,0.9635551135553619
548.68,0.9518678592719694
548.88,0.9425520166191202
549.08,0.9540485822972488
549.28,0.9476438196993315
549.48,0.9484065214060573
549.68,0.931755033298434
549.88,0.9406826471749615
550.08,0.9209307210374633
550.28,0.9337684088853415
550.48,0.9287242461095436
550.68,0.9107754435429811
550.88,0.9447483356814228
551.08,0.9470522141217387
551.28,0.9423285021445993
551.48,0.948481036403116
551.68,0.9396044478802988
551.88,0.9309950947004111
552.08,0.948889315828476
552.28,0.923526444799726
552.48,0.9153062370781153
552.68,0.9166792470658757
552.88,0.9054538991764243
553.08,0.925254943633931
553.28,0.8742166706050665
553.48,0.9066603067991339
553.68,0.9149550000167473
553.88,0.9267155811087616
554.08,0.9081092203285768
554.28,0.9196449452256011
554.47,0.9247203362286187
554.67,0.9207413132504798
554.87,0.9187909718105352
555.07,0.935210631230235
555.27,0.9098479486580839
555.47,0.9060020490709269
555.67,0.9028053748295876
555.87,0.9050678577185516
556.07,0.8995463409145964
556.27,0.8966334624574417
556.47,0.9030293986081946
556.67,0.8859444241410277
556.87,0.903740287335043
557.07,0.8888942014825056
557.27,0.8739393948252004
557.47,0.9006589137169712
557.67,0.8897738470463715
557.87,0.9059146660348202
558.07,0.9074306837022311
558.26,0.8784347893841346
558.46,0.871603814958846
558.66,0.8888606031855818
558.86,0.8815193595877137
559.06,0.895059870098207
559.26,0.8679365088574793
559.46,0.8840634314822717
559.66,0.8653232056820747
559.86,0.888579062409935
560.06,0.8738953375828009
560.26,0.8807070964486585
560.46,0.8715731540474961
560.66,0.8639244437601864
560.86,0.8669385160990538
561.05,0.8578002582483637
561.25,0.8650430923078738
561.45,0.8697931149596759
561.65,0.8578251055358521
561.85,0.8569814129644864
562.05,0.8640280800369408
562.25,0.8548963304603315
562.45,0.8808351015323995
562.65,0.8754001098518064
562.85,0.8672113656843162
563.05,0.8855015321021126
563.24,0.9015947965593865
563.44,0.8698267548858745
563.64,0.8703415914111718
563.84,0.8731063543721248
564.04,0.8730423369828574
564.24,0.8682728826548497
564.44,0.8754979004188541
564.64,0.8646341826538244
564.84,0.8916379593685875
565.03,0.8873375186616885
565.23,0.8930854554920558
565.43,0.8849306430159286
565.63,0.8773770567918848
565.83,0.8674942619427023
566.03,0.8683299714457863
566.23,0.8813647010725542
566.43,0.8799469567357537
566.63,0.89002966295376
566.82,0.8814862378646006
567.02,0.8797547408229855
567.22,0.8863958119239418
567.42,0.8671778861996966
567.62,0.8657233369258245
567.82,0.8837127319309047
568.02,0.8821195814056465
568.22,0.8827486775223607
568.41,0.8828742148086536
568.61,0.9041406492586768
568.81,0.8962759203074327
569.01,0.8957670839697652
569.21,0.9084514838989457
569.41,0.9093955565720009
569.61,0.9001695005752969
569.8,0.9099263078596669
570.0,0.8855057491682806
570.2,0.9091125617593515
570.4,0.907692049857424
570.6,0.9115766468869682
570.8,0.9066126342348565
571.0,0.9214273096626038
571.19,0.9320860812045432
571.39,0.8991331247199987
571.59,0.9245970502650582
571.79,0.9079684280329929
571.99,0.9267283311270362
572.19,0.9205378537900104
572.38,0.9194207653725553
572.58,0.9219724094626519
572.78,0.922511668358534
572.98,0.9373151379275374
573.18,0.9317751039525465
573.38,0.9362344953134357
573.57,0.9162491143132132
573.77,0.9228521445243195
573.97,0.9194686758600878
574.17,0.9161204711587785
574.37,0.9319241289280369
574.57,0.9351349565539387
574.76,0.9257472829088057
574.96,0.918691232958905
575.16,0.9091122673884756
575.36,0.9387567302715382
575.56,0.9351952439897058
575.75,0.9446414390298449
575.95,0.9259962731936141
576.15,0.9390132872302746
576.35,0.9469451132098279
576.55,0.9349034619765244
576.74,0.9458716292736261
576.94,0.923831900224068
577.14,0.9597384764962082
577.34,0.946884142788445
577.54,0.962300063479813
577.74,0.9479101001954625
577.93,0.95698191732403
578.13,0.9357714589132503
578.33,0.9301615177182566
578.53,0.9284269891837705
578.72,0.9321183332471592
578.92,0.9365754717264332
579.12,0.9482369526303308
579.32,0.9603162246550981
579.52,0.9572685006249407
579.71,0.9473958131948111
579.91,0.9531956201431172
580.11,0.9539463033173571
580.31,0.9577363762852185
580.51,0.9457293483068382
580.7,0.9460981936129288
580.9,0.9403868987630147
581.1,0.9385303592965086
581.3,0.9565029979810319
581.49,0.9404944659637272
581.69,0.9118706828088441
581.89,0.9344337196090879
582.09,0.9439813950905066
582.29,0.9424119275703831
582.48,0.9589461115823809
582.68,0.9420561819989619
582.88,0.9315889701790483
583.08,0.9541932698332825
583.27,0.9328103629980294
583.47,0.9384931067476875
583.67,0.9397199668014027
583.87,0.9342258028862908
584.06,0.9531755585100896
584.26,0.952164856394625
584.46,0.9357104306209127
584.66,0.9198241080951352
584.85,0.9432107588118263
585.05,0.9179105759081214
585.25,0.9290166400031301
585.45,0.9373547076015517
585.64,0.9308207164923771
585.84,0.9296906185428441
586.04,0.9333423885699446
586.24,0.9290094082983166
586.43,0.9121750317193758
586.63,0.9097840441586623
586.83,0.9166391234136518
587.03,0.908772993035679
587.22,0.9079440918610433
587.42,0.9146801727701404
587.62,0.9249822375289598
587.82,0.911131703083097
588.01,0.8962204510584892
588.21,0.9118017622618904
588.41,0.909876012748444
588.6,0.9052514767540029
588.8,0.9002219821903944
589.0,0.9019614350446234
589.2,0.8976957929712862
589.39,0.8906701958152197
589.59,0.9062394285576625
589.79,0.8718508493952104
589.98,0.8957502688053607
590.18,0.9018153430362882
590.38,0.891794703394945
590.58,0.9177583869380928
590.77,0.8990853079465496
590.97,0.8890073721559418
591.17,0.8890790722356351
591.36,0.8830520305225773
591.56,0.8959748975472995
591.76,0.889422555677252
591.96,0.8793586003699642
592.15,0.90647490434903
592.35,0.8960046122372567
592.55,0.8862419767272898
592.74,0.8915902441128878
592.94,0.8955703768297153
593.14,0.8882030693345214
593.33,0.8915422304756458
593.53,0.8999669480963822
593.73,0.8826307534851644
593.92,0.8901318633629878
594.12,0.8987492061092548
594.32,0.9042985040143245
594.51,0.8949842641041328
594.71,0.8878596427495379
594.91,0.893027501197264
595.11,0.9084136513642279
595.3,0.8901475114260556
595.5,0.8782629274021495
595.7,0.9044194007074399
595.89,0.8988977341694986
596.09,0.8967900998588816
596.29,0.8760498033409416
596.48,0.8873262571432673
596.68,0.9038503834870069
596.88,0.9138628641905185
597.07,0.8984142066945249
597.27,0.9029440723273449
597.47,0.9187708814829895
597.66,0.8860018395892904
597.86,0.8937517430870459
598.06,0.8977540555273974
598.25,0.9001631685265147
598.45,0.8878831290190008
598.64,0.8971798686690562
598.84,0.8991065022066915
599.04,0.9016982617830334
599.23,0.9068078151044857
599.43,0.9093827606341941
599.63,0.8924986741633929
599.82,0.9075871691747327
600.02,0.9071762925539687
600.22,0.9107762844380374
600.41,0.9132064276184134
600.61,0.9115926784640359
600.81,0.8853891442576334
601.0,0.9074388401099912
601.2,0.8915840772033434
601.39,0.8967626310393205
601.59,0.9203835701720298
601.79,0.9132996273114891
601.98,0.9237835539643618
602.18,0.9072827076191174
602.38,0.945597292527127
602.57,0.9198413132422906
602.77,0.9590461981773075
602.96,0.952544478543711
603.16,0.9387725068934322
603.36,0.9379763520414258
603.55,0.9404400247586318
603.75,0.9189693206213756
603.95,0.9313393875079523
604.14,0.9191825356928558
604.34,0.9274503294286096
604.53,0.9155821022307212
604.73,0.9309645643580234
604.93,0.9516884479713392
605.12,0.937850623913187
605.32,0.9528269838720117
605.51,0.9498306260747447
605.71,0.9455294791911101
605.91,0.9367811792343542
606.1,0.9368428978049264
606.3,0.9306779464192017
606.49,0.9407902231717565
606.69,0.9470546714936023
606.89,0.9478527637382766
607.08,0.9327040794869274
607.28,0.9292625631675935
607.47,0.9638948207213662
607.67,0.9422962901797352
607.87,0.9531771340614282
608.06,0.9436505433242446
608.26,0.9653063093093357
608.45,0.9600090666527653
608.65,0.9603672677455295
608.84,0.9669924119246511
609.04,0.9676204315644513
609.24,0.9511044666341549
609.43,0.9474742506794009
609.63,0.9450601860111445
609.82,0.9607299629547942
610.02,0.935654543301309
610.21,0.9341648593095713
610.41,0.9589927968549407
610.61,0.9490234894399765
610.8,0.9496738481261576
611.0,0.9525919525692149
611.19,0.9429671346766363
611.39,0.9645652898461097
611.58,0.9447311101061427
611.78,0.963203083264586
611.98,0.961603665061991
612.17,0.9725930748488688
612.37,0.9821139890323822
612.56,0.9584427989920528
612.76,0.9815499326229163
612.95,0.9770022854535637
613.15,0.9652720066037558
613.34,0.9573277216002724
613.54,0.9577086988224822
613.73,0.9459320932511752
613.93,0.9460926566246057
614.13,0.9460282522225104
614.32,0.9393304854481
614.52,0.9421920208764468
614.71,0.9542184982807908
614.91,0.9441538860910014
615.1,0.9472820013398319
615.3,0.9653399314095871
615.49,0.9513532576685997
615.69,0.9458070804469663
615.88,0.9491194146103578
616.08,0.9554012369637676
616.27,0.9518318314418129
616.47,0.9535735498218
616.66,0.9587705468150463
616.86,0.9642092929928835
617.06,0.9460375292466909
617.25,0.9433059036963477
617.45,0.9522894184905539
617.64,0.9504497780594382
617.84,0.9703170156528504
618.03,0.9524305137570558
618.23,0.9564237003731635
618.42,0.9315239162277567
618.62,0.9547359219633332
618.81,0.9390944399168888
619.01,0.955573434880655
619.2,0.9449327897074987
619.4,0.9434494424985311
619.59,0.934164059909782
619.79,0.9166965982069972
619.98,0.9273381645148586
620.18,0.9218046941151797
620.37,0.9346258382717186
620.57,0.9423712217777327
620.76,0.9401240512358526
620.96,0.9528453483069699
621.15,0.9356721162102437
621.35,0.9198912443732424
621.54,0.9216777848535773
621.74,0.925006941471908
621.93,0.931568912753497
622.13,0.9333304065299969
622.32,0.9337818732028255
622.51,0.9256090214830351
622.71,0.9168564353114298
622.9,0.9127517486702388
623.1,0.9213186574904213
623.29,0.9207524946737058
623.49,0.9198450475951608
623.68,0.9085655100612324
623.88,0.9035367456532352
624.07,0.8919693482196973
624.27,0.9032669854914183
624.46,0.9102375133774812
624.66,0.8983698424603902
624.85,0.912484770362253
625.05,0.9152933172403067
625.24,0.9075176031885972
625.43,0.9150449408834709
625.63,0.8990267753201397
625.82,0.8861077261050506
626.02,0.891740016293782
626.21,0.8769098259597321
626.41,0.8908036111592967
626.6,0.8852574048158639
626.8,0.8870176533413654
626.99,0.889294289665883
627.19,0.8717152422020619
627.38,0.8915522965412074
627.57,0.9015379550589021
627.77,0.8823476298245706
627.96,0.8756838578265569
628.16,0.8816625931932182
628.35,0.8887795484112044
628.55,0.8851333960034629
628.74,0.8820028547252854
628.93,0.8908280902243771
629.13,0.9002187221326968
629.32,0.888998989826487
629.52,0.8834848010222789
629.71,0.8988069286467575
629.91,0.8814595864618157
630.1,0.8902270656679344
630.29,0.8934954914180601
630.49,0.8975205482071393
630.68,0.9033645774713387
630.88,0.8906157780838088
631.07,0.8953726777946986
631.27,0.8731804705720293
631.46,0.8739643606709433
631.65,0.8699679061812301
631.85,0.8770563457393631
632.04,0.8865815348211007
632.24,0.8630499813714173
632.43,0.8741628859145119
632.62,0.8724471440861337
632.82,0.8718224974005994
633.01,0.8802302594613245
633.21,0.8822342719329966
633.4,0.867068623432301
633.59,0.8837114087340285
633.79,0.8795555439993459
633.98,0.8845285082391855
634.18,0.882352642378053
634.37,0.887889110097695
634.56,0.8958487904854954
634.76,0.8894403320672164
634.95,0.8966890617867451
635.14,0.8908974474673631
635.34,0.8901759523767703
635.53,0.9093500014821778
635.73,0.9159570852136067
635.92,0.8929450733560274
636.11,0.9020383798867442
636.31,0.8999233814038815
636.5,0.8999687621301489
636.7,0.8996655925755334
636.89,0.8888041832509838
637.08,0.8887751807985246
637.28,0.8546059669559016
637.47,0.8957875641703573
637.66,0.9017273656729211
637.86,0.8797334161346482
638.05,0.8903717987699339
638.24,0.878870567147672
638.44,0.9109850407838287
638.63,0.8924337168464515
638.83,0.9047573627242104
639.02,0.9066875823849986
639.21,0.8985238060043744
639.41,0.894514305623833
639.6,0.9163249351123137
639.79,0.9056474174253284
639.99,0.910657713776138
640.18,0.9184556934774896
640.37,0.9172844642337515
640.57,0.9025808892040198
640.76,0.9079715967931525
640.95,0.9068854794926002
641.15,0.9215010210447839
641.34,0.9131344952117564
641.53,0.9073591830607947
641.73,0.90886144751367
641.92,0.9245901154819355
642.11,0.9124085276942654
642.31,0.8920042484447193
642.5,0.9116658976182399
642.69,0.9067992578820308
642.89,0.9060272389448849
643.08,0.9093323771672998
643.27,0.9016988266924117
643.47,0.8845549459715116
643.66,0.9071662507162142
643.85,0.8934587517510604
644.05,0.8879015894076258
644.24,0.9228163194662055
644.43,0.9195740058757134
644.63,0.9122332046519772
644.82,0.9066269472107197
645.01,0.9138156534300477
645.2,0.9009952407784154
645.4,0.9134425157191565
645.59,0.8963148726662119
645.78,0.9296115758726247
645.98,0.9102709807207826
646.17,0.9194616267547179
646.36,0.9263131570946829
646.56,0.9234617822186066
646.75,0.9276066561546528
646.94,0.9318487643012987
647.13,0.9238920306151756
647.33,0.9314715423950449
647.52,0.9352703177203241
647.71,0.9272228880755656
647.91,0.9378816595086374
648.1,0.9204962172464293
648.29,0.9198082854416757
648.49,0.9208507336451549
648.68,0.9217215402205599
648.87,0.9266940686056835
649.06,0.9443842735259936
649.26,0.9455900666678893
649.45,0.9388697706086562
649.64,0.9342816989225442
649.83,0.9351600297317976
650.03,0.9391134420039491
650.22,0.9391835653429726
650.41,0.9554668108502471
650.61,0.9304297030591221
650.8,0.9286888327654245
650.99,0.9296913333079638
651.18,0.930770122648976
651.38,0.9325819678386444
651.57,0.9479063157261982
651.76,0.950299294550278
651.95,0.9446143650137783
652.15,0.9441444161131254
652.34,0.9411460886881465
652.53,0.9353118147669539
652.72,0.9489856964527731
652.92,0.9407433925049984
653.11,0.9447392894848669
653.3,0.9344383015019768
653.49,0.9523204869236174
653.69,0.9386466487540596
653.88,0.9551078733368067
654.07,0.9460668395794566
654.26,0.9367751815418829
654.46,0.9454757631922176
654.65,0.973314061152802
654.84,0.9359807997831968
655.03,0.9221563263082793
655.23,0.9358893217516928
655.42,0.9439401764233614
655.61,0.9283982659435397
655.8,0.9402284014683688
655.99,0.9424583443949982
656.19,0.9336931760403812
656.38,0.9412795437274294
656.57,0.9369354876560194
656.76,0.9093522040683236
656.96,0.9115260019900118
657.15,0.9371511316961016
657.34,0.914923521246023
657.53,0.9222098579653618
657.72,0.9340856411091029
657.92,0.9255169032587736
658.11,0.9192223442012935
658.3,0.9106826851803482
658.49,0.9299333731964051
658.68,0.9147464206518983
658.88,0.9249722801022943
659.07,0.919835634214036
659.26,0.9255342644344112
659.45,0.9202810305410173
659.64,0.9130059959620638
659.84,0.92503974072638
660.03,0.9106435198734834
660.22,0.9346236823001339
660.41,0.9384478592123467
660.6,0.9279665208802668
660.8,0.9108769792216246
660.99,0.915759715249204
661.18,0.9172277797979749
661.37,0.9198551232637064
661.56,0.913916962735162
661.76,0.921499313951691
661.95,0.9138831776460244
662.14,0.9177589505443466
662.33,0.916654334404296
662.52,0.9128827750235029
662.71,0.882540708127756
662.91,0.8911529002838035
663.1,0.8965929768475234
663.29,0.8701420480888747
663.48,0.8894019568428091
663.67,0.8644441741304127
663.86,0.8730418488927081
664.06,0.878474755623026
664.25,0.8873708524950396
664.44,0.8660706118039065
664.63,0.8577542857993506
664.82,0.860433015211482
665.01,0.857455207783176
665.21,0.8722199319375701
665.4,0.862001079403772
665.59,0.8644701093000208
665.78,0.8662144442862286
665.97,0.8672020560078828
666.16,0.8699488142009801
666.35,0.8708356603137564
666.55,0.8852706851560831
666.74,0.8857425920337797
666.93,0.8806806381790575
667.12,0.8666662896643277
667.31,0.8694002302928894
667.5,0.8667190584848585
667.69,0.8596747110909189
667.89,0.8621307582325339
668.08,0.8648306493351202
668.27,0.8501295362837429
668.46,0.8705660237075461
668.65,0.875987360339317
668.84,0.870719788657478
669.03,0.8594439578255083
669.22,0.8436891149858702
669.42,0.8448433620536441
669.61,0.8546966223619511
669.8,0.8540919259615638
669.99,0.8537439814106231
670.18,0.8484132538387686
670.37,0.8528715274763005
670.56,0.8515953433901898
670.75,0.8599362494986149
670.94,0.84147933352436
671.14,0.8403153619302854
671.33,0.8394105147723844
671.52,0.822040550665086
671.71,0.828193560348557
671.9,0.8315878681692768
672.09,0.8115544084229206
672.28,0.8209171753242013
672.47,0.8057171490422184
672.66,0.8247299872083685
672.85,0.8178700990537903
673.05,0.8293160574592185
673.24,0.8227069562820561
673.43,0.8028036849743924
673.62,0.8074694072840988
673.81,0.8029327482485711
674.0,0.7949829338969662
674.19,0.7867347439380037
674.38,0.7929008976941084
674.57,0.7999288658526725
674.76,0.8037258822992284
674.95,0.7866434452389436
675.15,0.7939492016040222
675.34,0.8013144688751475
675.53,0.7839354003232589
675.72,0.7910696587430143
675.91,0.7838271618949574
676.1,0.788357036356339
676.29,0.7768433734851997
676.48,0.79583422450247
676.67,0.7777205321110936
676.86,0.75878115065585
677.05,0.7858732745782282
677.24,0.7721733289339843
677.43,0.7726036101719506
677.62,0.7653213724790453
677.81,0.7631318761614014
678.0,0.743311008710178
678.2,0.7674387814312273
678.39,0.7544467986690879
678.58,0.7475630560069617
678.77,0.7488166002035429
678.96,0.7309910188430891
679.15,0.7490498535027648
679.34,0.7427114704660627
679.53,0.7309759295381113
679.72,0.7310907770687537
679.91,0.7433579425837142
680.1,0.7156909641098078
680.29,0.7324469203083183
680.48,0.738024333295292
680.67,0.7280859822070489
680.86,0.7283037798548111
681.05,0.7218139694144557
681.24,0.7004574084775453
681.43,0.7041814662896508
681.62,0.7031328873438478
681.81,0.7265379884393064
682.0,0.7060583540995362
682.19,0.7091851701521176
682.38,0.7167080568561687
682.57,0.7107928087763292
682.76,0.701255850530501
682.95,0.6971294443448246
683.14,0.6895095638459902
683.33,0.6981728298749071
683.52,0.7019724891146994
683.71,0.6796926116798178
683.9,0.6814436883446108
684.09,0.6676662870964046
684.28,0.6732165513258751
684.47,0.6646113572456643
684.66,0.6776543256742581
684.85,0.6652036086043109
685.04,0.6638298866759376
685.23,0.6544481628604576
685.42,0.6583275435747148
685.61,0.6455568496524628
685.8,0.6602670071414081
685.99,0.6529698498693808
686.18,0.6442556631638147
686.37,0.6407529378361163
686.56,0.6385080415193338
686.75,0.6351512486146932
686.94,0.614977062857476
687.13,0.620246830788749
687.32,0.6237705166383068
687.51,0.6193473557374356
687.7,0.6150616170914265
687.89,0.6148998719781709
688.08,0.61254745660218
688.27,0.6126642983284581
688.46,0.6042058092448449
688.65,0.5945548697066241
688.84,0.6084660971762246
689.03,0.6053247724194466
689.22,0.6022417680875776
689.41,0.5907756331650778
689.6,0.5878477539377194
689.79,0.5812890913712236
689.98,0.5895080547409202
690.17,0.5883616137837656
690.36,0.5653313004556814
690.55,0.5463838868377069
690.74,0.5634542070074736
690.93,0.5632121733729242
691.12,0.5692310916200897
691.31,0.558494565640672
691.49,0.5629175295788089
691.68,0.5507854684430796
691.87,0.5451647939276189
692.06,0.543264594133906
692.25,0.5491022290469699
692.44,0.5352757159589502
692.63,0.5412652758085207
692.82,0.5323715416670305
693.01,0.5233352096406853
693.2,0.5155054744768316
693.39,0.5097365019687208
693.58,0.5118054297330109
693.77,0.5208087999499054
693.96,0.5092473882000834
694.15,0.5004985131697978
694.33,0.4984343954676235
694.52,0.5035141122469351
694.71,0.49255804548016713
694.9,0.5001866355053064
695.09,0.4888719025858127
695.28,0.48102393249873215
695.47,0.4615810979581439
695.66,0.4559370538510829
695.85,0.46002884966225477
696.04,0.45279177010168803
696.23,0.4544863702833431
696.42,0.44536229394367227
696.6,0.44319510536533974
696.79,0.44851952743146
696.98,0.4433388918849605
697.17,0.4428607654472641
697.36,0.425974064466069
697.55,0.4322885473069945
697.74,0.42623554406710956
697.93,0.42651811041157817
698.12,0.42994425568163247
698.31,0.43555596025271187
698.49,0.4088078882425424
698.68,0.41407205594653007
698.87,0.4100557251001355
699.06,0.40310101008163884
699.25,0.40120150880024946
699.44,0.4024378209776168
699.63,0.3935722026629745
699.82,0.4031094176695317
700.0,0.3998783129457239
700.19,0.39294998440262036
700.38,0.3882170118169216
700.57,0.3960825239766403
700.76,0.3939276696499086
700.95,0.3898101270039983
701.14,0.385491150914655
701.33,0.3806727535705702
701.51,0.38494055502890767
701.7,0.35662876262358995
701.89,0.36654993948765563
702.08,0.35524208644169886
702.27,0.3694652533661223
702.46,0.3529933728494719
702.65,0.3493574572334249
702.83,0.3472178902086617
703.02,0.33293432247527954
703.21,0.3472270433048485
703.4,0.3435747253541172
703.59,0.32978102806731924
703.78,0.3314691692219704
703.97,0.33718970742083765
704.15,0.3345055153937997
704.34,0.32696168850670826
704.53,0.3197572614544385
704.72,0.31075328186617884
704.91,0.32725199809477895
705.1,0.30842727503942613
705.28,0.32336460527658395
705.47,0.3041127902583512
705.66,0.3209834206523779
705.85,0.31731029645076725
706.04,0.3193665876820333
706.23,0.30580421017029324
706.41,0.30891693389469543
706.6,0.3006181047227736
706.79,0.30239079878563874
706.98,0.30255895634721525
707.17,0.29575330972416364
707.35,0.2904919416296119
707.54,0.2921941155546522
707.73,0.2943941870996841
707.92,0.2838683045861397
708.11,0.2859471418355165
708.3,0.2781218456858409
708.48,0.26733862999166175
708.67,0.2722905782234208
708.86,0.27165361973588137
709.05,0.2692818317475474
709.24,0.265653038585691
709.42,0.25888313533639934
709.61,0.2554290796798017
709.8,0.25497969203054677
709.99,0.2566674432725609
710.18,0.24990083663247967
710.36,0.2493223524354267
710.55,0.24286024663685116
710.74,0.24197164482661587
710.93,0.24169899120247273
711.12,0.24380547475500902
711.3,0.23756845789831676
711.49,0.24929981171235222
711.68,0.24018607767946343
711.87,0.24705767625499625
712.05,0.232233515338505
712.24,0.22929721601793018
712.43,0.23499949613226306
712.62,0.23099085329602584
712.81,0.23207649713172507
712.99,0.23006661538778678
713.18,0.22695145704335715
713.37,0.22344234597378987
713.56,0.22292598730470925
713.74,0.22712191804338958
713.93,0.2199297318965314
714.12,0.21592499711319998
714.31,0.2131400052645947
714.49,0.2143035925983197
714.68,0.21059825396715465
714.87,0.2001347201160767
715.06,0.19762830755625233
715.24,0.2013968758665011
715.43,0.20307830298681495
715.62,0.20388965525055305
715.81,0.19934027750891592
715.99,0.2060686888813365
716.18,0.20056605000926644
716.37,0.20131823374683394
716.56,0.195846279491005
716.74,0.18859454779567927
716.93,0.1967728220783897
717.12,0.19200425697352352
717.31,0.18583182243250232
717.49,0.18683094662996816
717.68,0.17894828202590135
717.87,0.18460475258227488
718.06,0.17915110886764274
718.24,0.1827047602029786
718.43,0.17270909328513903
718.62,0.17377463940806573
718.8,0.17903701562707464
718.99,0.17671532780407156
719.18,0.17823203746085922
719.37,0.17250695576754776
719.55,0.1749241076887761
719.74,0.17215013025024117
719.93,0.17140019724770447
720.11,0.16645338299332643
720.3,0.1673643998890896
720.49,0.17312873889785965
720.68,0.16859799735315287
720.86,0.16958143572915824
721.05,0.1605301218047113
721.24,0.16617296772372
721.42,0.1668130138342085
721.61,0.16493238190598106
721.8,0.16259718731453957
721.98,0.16178406724594704
722.17,0.15476838351401365
722.36,0.16270006751875363
722.55,0.15512980168885265
722.73,0.15471086014025767
722.92,0.14670915056815184
723.11,0.15019584523758697
723.29,0.1541001831451409
723.48,0.1440081219049007
723.67,0.15268702740848722
723.85,0.15641633641202515
724.04,0.1481609088491483
724.23,0.1495935859916214
724.41,0.14596257762266893
724.6,0.14658319783821994
724.79,0.14199611561448025
724.97,0.1440023585184614
725.16,0.13640180523560028
725.35,0.13797205149775993
725.53,0.13111621205056193
725.72,0.13669289876883706
725.91,0.13878570150396866
726.09,0.14043918226703006
726.28,0.1355703820047349
726.47,0.13817226627264304
726.65,0.12992036284680678
726.84,0.13570983663694727
727.03,0.13353472306359812
727.21,0.13410816685790525
727.4,0.1322611170311474
727.59,0.1365222737649177
727.77,0.12781558392607825
727.96,0.12520455620874849
728.15,0.13042634172849532
728.33,0.12139415125328067
728.52,0.12086917802754603
728.7,0.12330637921872545
728.89,0.11638067434516476
729.08,0.12123326294545582
729.26,0.12368842148041105
729.45,0.12176350437408599
729.64,0.12463348915653001
729.82,0.11886391923880209
730.01,0.12339956467537405
730.2,0.1208294011499535
730.38,0.11841544485115728
730.57,0.12189680633846842
730.75,0.1252418065502114
730.94,0.12149448217806941
731.13,0.12214631747742166
731.31,0.11481133858469503
731.5,0.11610496790672557
731.68,0.11437937841829186
731.87,0.11362582329293225
732.06,0.11180076576788754
732.24,0.10834314983558202
732.43,0.11721637866095187
732.62,0.1098652074233063
732.8,0.10953471652863363
732.99,0.10745774405594342
733.17,0.10742622672879866
733.36,0.10630323758357046
733.55,0.10984050079700648
733.73,0.10736400085960193
733.92,0.10506153750720829
734.1,0.10717359060266342
734.29,0.09550198213201304
734.48,0.10275549237444584
734.66,0.1060778068769384
734.85,0.10955711168485963
735.03,0.1059810429973577
735.22,0.10530395993439931
735.4,0.1074442638967023
735.59,0.10011763784669166
735.78,0.10287375066927416
735.96,0.09813728926772619
736.15,0.10264423308611967
736.33,0.10265231829688083
736.52,0.10185388523470727
736.7,0.10350242921345311
736.89,0.10375256431661864
737.08,0.10035389553796281
737.26,0.09661779666598592
737.45,0.09381994588231113
737.63,0.09747330351551597
737.82,0.09635030599448323
738.0,0.09855854740807334
738.19,0.09891782537792858
738.38,0.09246118904576826
738.56,0.09421301917473927
738.75,0.0955930949173289
738.93,0.08960419100142557
739.12,0.09754022035574551
739.3,0.0969826008126329
739.49,0.09569953868169516
739.67,0.09391846300936776
739.86,0.09576582124909959
740.04,0.08599904340265915
740.23,0.0914477742708159
740.42,0.09155562498719987
740.6,0.09214584832434856
740.79,0.08941994019865199
740.97,0.08812217977254147
741.16,0.09077339969662766
741.34,0.09135584659217033
741.53,0.09137961797591779
741.71,0.09403482948988014
741.9,0.08988789976434841
742.08,0.08918725109487241
742.27,0.0836048816165811
742.45,0.08668401537164823
742.64,0.08930261698378954
742.82,0.08424201363326184
743.01,0.08705529118787474
743.19,0.08610088094841592
743.38,0.08659958540120603
743.57,0.08580152003458107
743.75,0.08665162491849371
743.94,0.08698026579530585
744.12,0.08454848732352598
744.31,0.08682290184530488
744.49,0.0819069026134999
744.68,0.07777186689389395
744.86,0.08526879815479912
745.05,0.08214436628166315
745.23,0.07844255487951757
745.42,0.08114836082964444
745.6,0.08006634355012582
745.79,0.07979135647073139
745.97,0.07805214658484157
746.16,0.07683331245922634
746.34,0.07782994463315941
746.52,0.07345269749721198
746.71,0.08022776886483238
746.89,0.08030450946660908
747.08,0.0758066741055759
747.26,0.08047684728867166
747.45,0.07544106780993157
747.63,0.08026921145551552
747.82,0.08048633665653757
748.0,0.07983263097225238
748.19,0.0844288146473527
748.37,0.0799650215246266
748.56,0.07527721626810074
748.74,0.07903793964654902
748.93,0.07920357741333064
749.11,0.07548526167069115
749.3,0.08319388473981568
749.48,0.0768316505026463
749.67,0.07386186317299312
749.85,0.07851363546697028
750.03,0.07542616050218734
750.22,0.07705160064996512
750.4,0.07766405039628174
750.59,0.07719344848753067
750.77,0.07343355192653696
750.96,0.07668255031329058
751.14,0.07677450356173599
751.33,0.07724911684667349
751.51,0.07281344692913029
751.69,0.06647910332622409
751.88,0.0737138601293127
752.06,0.07108614927687441
752.25,0.0640734696141443
752.43,0.07532190421300268
752.62,0.06854355969408871
752.8,0.07688535300882898
752.99,0.07114037348578926
753.17,0.06853943191545132
753.35,0.07075944258481115
753.54,0.0683226933932268
753.72,0.0685114233458712
753.91,0.0730066856489522
754.09,0.06964591202267002
754.28,0.07604027171612743
754.46,0.06769083872757291
754.64,0.06833096755465481
754.83,0.06934959457135677
755.01,0.0677913212751475
755.2,0.06605367614339722
755.38,0.071142556848604
755.56,0.06353133346998378
755.75,0.06304547039599064
755.93,0.07561251567031428
756.12,0.06737054688437245
756.3,0.06750745503238428
756.48,0.06992433806181245
756.67,0.06265035195889047
756.85,0.06035974118787428
757.04,0.07084661803753209
757.22,0.06537899182617166
757.4,0.06650838334210324
757.59,0.06815816536692942
757.77,0.06217882692367062
757.96,0.06777031667767107
758.14,0.06981791899856296
758.32,0.06997189153347178
758.51,0.06776983048382543
758.69,0.06546520944239803
758.87,0.06821806167523314
759.06,0.06594263334382094
759.24,0.0629958884258377
759.43,0.059815436194292304
759.61,0.06439298392926371
759.79,0.06743147458603177
759.98,0.06137945391729248
760.16,0.06281280227611989
760.34,0.05881929781474049
760.53,0.0694218228460571
760.71,0.056396418744068616
760.9,0.06645170056115932
761.08,0.05986999237385434
761.26,0.0675813560668506
761.45,0.0643611867852214
761.63,0.06483740146203915
761.81,0.06523180160107761
762.0,0.05410956391374316
762.18,0.06872566188649307
762.36,0.05796565360036598
762.55,0.06164972493453804
762.73,0.06217158530885813
762.91,0.06398910108850944
763.1,0.06145793524754214
763.28,0.058962629504359654
763.46,0.06281551494730184
763.65,0.05785590171223442
763.83,0.061444146988269936
764.01,0.05904068026084459
764.2,0.06502225019721454
764.38,0.06736993735882017
764.56,0.06718232153570276
764.75,0.06068712030589199
764.93,0.053488298034838455
765.11,0.05557217799582614
765.3,0.06155402179805647
765.48,0.062238486114471483
765.66,0.06542353379497906
765.85,0.06102531995904955
766.03,0.06189199617649885
766.21,0.05557195833119863
766.4,0.05919339685591406
766.58,0.06225371490165965
766.76,0.060452943902834747
766.95,0.05489831943284557
767.13,0.055299950172526965
767.31,0.0588789790819017
767.49,0.05918790335210777
767.68,0.06499639036032025
767.86,0.057896533106991124
768.04,0.05747231793017471
768.23,0.05350173480249122
768.41,0.051913924835413905
768.59,0.05563379390786655
768.78,0.057700681106578965
768.96,0.059395774927615635
769.14,0.054914957219340615
769.32,0.05939166238767977
769.51,0.060479157003487716
769.69,0.06429050444574207
769.87,0.05799638167586536
770.06,0.053088179123876686
770.24,0.05854263253677763
770.42,0.06041941889835538
770.6,0.061371097392969746
770.79,0.05865681986115686
770.97,0.05398863140701881
771.15,0.05349643506361843
771.33,0.05586949097853515
771.52,0.06010554785607473
771.7,0.056950795961624556
771.88,0.05393483616299599
772.07,0.05214298237818806
772.25,0.048869184439105075
772.43,0.055116550944931494
772.61,0.05683217658713277
772.8,0.05856613983664148
772.98,0.054551593883825286
773.16,0.056430059448198774
773.34,0.05151494450347214
773.53,0.051915347862780445
773.71,0.05529621963574168
773.89,0.051819970691266856
774.07,0.05754688294407131
774.26,0.05354523566708892
774.44,0.05370220035437212
774.62,0.04938481245186973
774.8,0.050743806834486406
774.99,0.05321723500206487
775.17,0.04975396284080235
775.35,0.0564765521350317
775.53,0.04926700823784574
775.71,0.04591508588431627
775.9,0.05278794081255583
776.08,0.046746355649071
776.26,0.047994680910481265
776.44,0.04704196079495444
776.63,0.05703312376139782
776.81,0.05465102378550747
776.99,0.05233166641678185
777.17,0.050087801043469445
777.35,0.04820911338075443
777.54,0.04867747897326806
777.72,0.050580492817631245
777.9,0.04623091101790314
778.08,0.05064890519294439
778.27,0.04586294309562909
778.45,0.05139847927133991
778.63,0.045599590737800795
778.81,0.050277895075997045
778.99,0.047751563072046144
779.18,0.05286302636698729
779.36,0.050333447512583
779.54,0.04958132498762799
779.72,0.04942903340526782
779.9,0.04869266028377722
780.08,0.045114735171020354
780.27,0.04641794491042652
780.45,0.04714533507955075
780.63,0.04451934488488014
780.81,0.047900788154456406
780.99,0.04627494989495445
781.18,0.049391831812933815
781.36,0.0449548352005983
781.54,0.05493040778683859
781.72,0.050570111760222254
781.9,0.04595783391329414
782.08,0.0517117383981836
782.27,0.04236228364365291
782.45,0.04679105480232994
782.63,0.05185434798647692
782.81,0.04837005284673707
782.99,0.043636850781263344
783.17,0.044672036811868224
783.36,0.0457858088948831
783.54,0.04423222138320082
783.72,0.045868909774651696
783.9,0.04941778671520432
784.08,0.04616829919228175
784.26,0.040044269115701546
784.45,0.050503962156798615
784.63,0.049171099043688334
784.81,0.04006294373991454
784.99,0.04648427061322432
785.17,0.0478392017737858
785.35,0.04340594010377541
785.53,0.04363576137151321
785.72,0.04008320332813313
785.9,0.04753383178505591
786.08,0.04339857769224362
786.26,0.04239938876154755
786.44,0.044712704347939974
786.62,0.03734854265178687
786.8,0.03851608356587067
786.99,0.03780388429012056
787.17,0.045764951046500246
787.35,0.03996382567496729
787.53,0.03986025128117478
787.71,0.043530194680025225
787.89,0.03861151662611517
788.07,0.041356512640015226
788.25,0.045305869484684146
788.43,0.043452110494500235
788.62,0.046156891846855536
788.8,0.042640983891340904
788.98,0.04423592094562558
789.16,0.0356892180273143
789.34,0.03993015469020539
789.52,0.03868706673159692
789.7,0.042511755367200435
789.88,0.03566624675199411
790.06,0.0437384688522814
790.25,0.04795488372009585
790.43,0.046012037874821846
790.61,0.04367855903687122
790.79,0.04067471652093796
790.97,0.04722637699176951
791.15,0.03950841860880987
791.33,0.035319680174517726
791.51,0.0372324573923791
791.69,0.041093475639524604
791.87,0.039934814130138246
792.05,0.040455697485493713
792.24,0.039063794249167186
792.42,0.03783587799159941
792.6,0.040522848068507686
792.78,0.03596398969122464
792.96,0.039497032612718676
793.14,0.043147496238540806
793.32,0.039666243594588056
793.5,0.040062821747539355
793.68,0.03712971495085393
793.86,0.04304991943431942
794.04,0.03937766094056342
794.22,0.04109344461264657
794.4,0.04283093597792295
794.58,0.02920306348522242
794.76,0.03578298551399849
794.95,0.03544992439171704
795.13,0.043948293441499975
795.31,0.04091425548567916
795.49,0.039424769024146905
795.67,0.039215998501907975
795.85,0.0315325883023668
796.03,0.035257467496628794
796.21,0.044746860265982256
796.39,0.03233356854948545
796.57,0.04242693276766694
796.75,0.03761907726791608
796.93,0.03883965646824581
797.11,0.036991374353076485
797.29,0.029999478068233887
797.47,0.03257735580279106
797.65,0.03563970903151937
797.83,0.04066939560157551
798.01,0.030037820732225676
798.19,0.0347460333439782
798.37,0.036168798994706534
798.55,0.028481403475979567
798.73,0.0377609672821814
798.91,0.025804216910178483
799.09,0.0406467151921214
799.27,0.03670993793076377
799.45,0.03602980578698218
799.63,0.03633329053793812
799.81,0.03663777962799505
799.99,0.029855299478964994
800.17,0.036590422941315585
800.35,0.03627399201998072
800.53,0.03621274815501887
800.71,0.027502035059467266
800.89,0.03602980578698218
801.07,0.03357580457751603
801.25,0.03744826087284431
801.43,0.040457017194531875
801.61,0.03082215501119757
801.79,0.034267349333664925
801.97,0.04385513041706052
802.15,0.040515832732029286
802.33,0.04401473729008365
802.51,0.034558350632819555
802.69,0.0390639918809492
802.87,0.0382800437614371
803.05,0.03305161855627433
803.23,0.03734300543515454
803.41,0.038733571460443865
803.59,0.0320349459161849
803.77,0.03841304175019892
803.95,0.030903693575373772
804.13,0.03053878881104286
804.31,0.029831512386440957
804.49,0.02815931087290523
804.67,0.04127384522901272
804.85,0.031973264413169875
805.03,0.03726712960082834
805.21,0.0378464342641778
805.39,0.03544535764708106
805.57,0.03601842219061961
805.75,0.03185721635205193
805.93,0.04190555636636266
806.11,0.04195740394450779
806.29,0.03919196619546579
806.47,0.03482425257543358
806.65,0.028275569606762474
806.83,0.035481786675032184
807.0,0.03223891151063629
807.18,0.037944062047148314
807.36,0.03483775777900732
807.54,0.041035457940184795
807.72,0.03357258056476049
807.9,0.033740017763111335
808.08,0.03796071794455892
808.26,0.03506496793207721
808.44,0.03762334627604873
808.62,0.026986768205616383
808.8,0.027192719980082283
808.98,0.026901339487358573
809.16,0.03291033128225382
809.34,0.03158645505463635
809.51,0.03879136564396481
809.69,0.032375444248655516
809.87,0.031220339589113195
810.05,0.025918639523096417
810.23,0.04271772703101408
810.41,0.03675768930535581
810.59,0.03218210667072111
810.77,0.03513349404649867
810.95,0.03911236331839511
811.13,0.033427120949266
811.31,0.03215281490120585
811.48,0.040020484463953974
811.66,0.03637545499776383
811.84,0.034341339278500055
812.02,0.03266915649407697
812.2,0.03888453207100055
812.38,0.03149073549912044
812.56,0.03308983965823663
812.74,0.0344381259718628
812.92,0.030681034068404025
813.1,0.03441993547049199
813.27,0.03454008480204683
813.45,0.03450818794019678
813.63,0.03515570603517961
813.81,0.03155284290603519
813.99,0.023372543041057105
814.17,0.03418653443966542
814.35,0.03579527769131576
814.53,0.03437254593346342
814.7,0.03098930225104651
814.88,0.03620785953358211
815.06,0.029817772270888096
815.24,0.032266670944461014
815.42,0.031254415439679564
815.6,0.030775260457797365
815.78,0.02326536570641054
815.95,0.03446748003717627
816.13,0.030497828049121024
816.31,0.04337976986720376
816.49,0.036663666570245106
816.67,0.04155589350354489
816.85,0.027907517938330937
817.03,0.03775890943749963
817.2,0.043608912150238495
817.38,0.03313346716832632
817.56,0.029925982700291034
817.74,0.037745219111774836
817.92,0.03614662524947959
818.1,0.04419276829414936
818.27,0.02674792867334107
818.45,0.033774596186562124
818.63,0.04096593359206555
818.81,0.03263491376187155
818.99,0.026186734326775613
819.17,0.03649122617052821
819.34,0.033548369597157374
819.52,0.04185466737636082
819.7,0.037759835704322314
819.88,0.02275218664286145
820.06,0.02995590591917401
820.24,0.0357299379934471
820.41,0.03355000341631176
820.59,0.026093045996874106
820.77,0.03662342742390895
820.95,0.03271208834816175
821.13,0.035472131028856095
821.3,0.030467300958838858
821.48,0.03805958640028042
821.66,0.03184145350136196
821.84,0.036267581240729554
822.02,0.029767801234938614
822.19,0.03604400058379885
822.37,0.032991306224518055
822.55,0.024730458409390147
822.73,0.029162082987106736
822.91,0.034373836039256346
823.08,0.03624676015888095
823.26,0.029338614896241726
823.44,0.03893015843571086
823.62,0.03451211946584027
823.8,0.041840904838653006
823.97,0.04157513643611538
824.15,0.04330440475242621
824.33,0.02954859465628985
824.51,0.04043326254701234
824.69,0.03729260723873108
824.86,0.026438980764011705
825.04,0.020642952372351912
825.22,0.036049226309085816
825.4,0.031974345817380505
825.57,0.029690259000539416
825.75,0.042171881233826265
825.93,0.02824403870606661
826.11,0.03429458876325209
826.28,0.039419771966748944
826.46,0.03913914671754262
826.64,0.03124656543891297
826.82,0.03332092648087155
826.99,0.033793906108802195
827.17,0.04114364025337512
827.35,0.041511242054612284
827.53,0.03106407496770173
827.7,0.03738725975087436
827.88,0.034494955036919704
828.06,0.0395944358994038
828.24,0.03067918336717487
828.41,0.03957224054223146
828.59,0.04152301004347175
828.77,0.03293089139402073
828.95,0.03849215134088769
829.12,0.03610193121164669
829.3,0.03416842914210112
829.48,0.05098043409675471
829.66,0.03563740528277635
829.83,0.0359136254306772
830.01,0.03549910699112123
830.19,0.048021592546591836
830.36,0.04066628997915451
830.54,0.03385327633093594
830.72,0.03803106824261398
830.9,0.035356581031497976
831.07,0.027879113826321987
831.25,0.04582687430502683
831.43,0.0393664335433097
831.6,0.048828417241069746
831.78,0.03707472693481446
831.96,0.05356577566242177
832.14,0.03268934254519996
832.31,0.0366014258607337
832.49,0.029389111382300496
832.67,0.04814480551148882
832.84,0.03647640822927965
833.02,0.044992326144918195
833.2,0.04450920366901876
833.37,0.03935884763645588
833.55,0.03992756468297531
833.73,0.040105399439922904
833.91,0.03832649849551018
834.08,0.04073251164089827
834.26,0.033656453786194716
834.44,0.04822793322023602
834.61,0.036759438487344406
834.79,0.04097876317979628
834.97,0.041252958469676054
835.14,0.05038319401621167
835.32,0.032142505518803086
835.5,0.04073841048476149
835.67,0.0500653325898457
835.85,0.0676009765992523
836.03,0.034965101677957605
836.2,0.04326233428842453
836.38,0.039381538759369006
836.56,0.04463817678786151
836.73,0.03375247878140314
836.91,0.05659470751252609
837.09,0.04936322796523131
837.26,0.04718416321882078
837.44,0.044771936548238564
837.62,0.043919320824095616
837.79,0.038301489944741106
837.97,0.04062259977537745
838.14,0.03781780080107323
838.32,0.037294927370432454
838.5,0.04850644779833982
838.67,0.05092374800913772
838.85,0.03618880234207127
839.03,0.06063261140431128
839.2,0.044310578416077946
839.38,0.05382474361608729
839.56,0.04077451300152753
839.73,0.0385280737264805
839.91,0.056189811514638074
840.08,0.04679748380433763
840.26,0.04138054607728512
840.44,0.04371481005548885
840.61,0.05304873950432383
840.79,0.057839021741966194
840.97,0.048731521288169655
841.14,0.05604697997676956
841.32,0.05469579489931121
841.49,0.06824922011331919
841.67,0.04934464638648747
841.85,0.046209510462783085
842.02,0.03597932261334757
842.2,0.0496762879121248
842.37,0.050776318167574476
842.55,0.054696186042566965
842.73,0.05021674274078144
842.9,0.058148731582999644
843.08,0.046745802035384545
843.25,0.04092983325078423
843.43,0.044830726855552644
843.61,0.04752234222218148
843.78,0.03893597120646692
843.96,0.05116794598210021
844.13,0.03680518862407081
844.31,0.05883561840902834
844.49,0.04431139363500135
844.66,0.05218171366621018
844.84,0.040701531637447545
845.01,0.05712723627034809
845.19,0.04976846250530623
845.37,0.05157590314200286
845.54,0.039044521472636505
845.72,0.04664958972151766
845.89,0.044800198733631356
846.07,0.04846120988466953
846.24,0.05751418869112897
846.42,0.0434328398680731
846.59,0.04964854985660387
846.77,0.055781224685202524
846.95,0.050038948351473385
847.12,0.051618833146641084
847.3,0.05111945165408015
847.47,0.05876383339540033
847.65,0.04645754756578358
847.82,0.057218551910461546
848.0,0.04618709432218738
848.17,0.06169127726841132
848.35,0.05551027266523302
848.53,0.050565657145186606
848.7,0.05325037664450147
848.88,0.04292777541262522
849.05,0.04171626063724671
849.23,0.06153677626595121
849.4,0.06521971137891058
849.58,0.044906857919794624
849.75,0.06618515361291548
849.93,0.08059718490524194
850.1,0.06893280845637324
850.28,0.05821858245805073
850.45,0.06980589981716658
850.63,0.04811923476462014
850.8,0.05008149421383668
850.98,0.057161686700194364
851.16,0.05472749644880379
851.33,0.055365754235919384
851.51,0.06160994420307779
851.68,0.08783967726580201
851.86,0.05686750783285182
852.03,0.05321030956816204
852.21,0.06955505307312208
852.38,0.06228021071064607
852.56,0.04437764892983637
852.73,0.06069644309718609
852.91,0.06165484403058449
853.08,0.07609225663974546
853.26,0.05707314323447228
853.43,0.05849239044763508
853.61,0.054515699423678204
853.78,0.056146447306071226
853.96,0.058376599549378294
854.13,0.058948987265829006
854.31,0.06547614195654054
854.48,0.062186372530402996
854.66,0.05782712525506071
854.83,0.08251293331496047
855.0,0.0685519315487722
855.18,0.05194435009396172
855.35,0.08114606567400685
855.53,0.07428389549778325
855.7,0.07269287957235247
855.88,0.06600395732815506
856.05,0.0654733661837466
856.23,0.06581675600323321
856.4,0.057683927694864766
856.58,0.06717476477319269
856.75,0.060227664711969664
856.93,0.055335227303164355
857.1,0.06618692364789212
857.28,0.07526072406114558
857.45,0.06433160448689207
857.62,0.07839303676037031
857.8,0.05851173388015495
857.97,0.066720293643935
858.15,0.05474460861815694
858.32,0.06845000941370676
858.5,0.07110073394666099
858.67,0.0631162069836939
858.85,0.07222981068556955
859.02,0.06250219791406389
859.19,0.06682484956843177
859.37,0.05610693688838145
859.54,0.07004630739578006
859.72,0.06413258906772117
859.89,0.05946229667819768
860.07,0.08111033849105379
860.24,0.06581999329800121
860.41,0.08745475168910591
860.59,0.06352286349459278
860.76,0.060126505222976245
860.94,0.06632439619836239
861.11,0.07395105533217944
861.29,0.054913431413515575
861.46,0.05818384128446859
861.63,0.06256885409541767
861.81,0.08298340641057106
861.98,0.06442012654849322
862.16,0.06850077007025575
862.33,0.052729713747479104
862.5,0.0635881495636819
862.68,0.05613781699059104
862.85,0.06208092695874009
863.03,0.06368069440705589
863.2,0.05708392569475663
863.37,0.07314096636408816
863.55,0.07262320579845456
863.72,0.08715536118710142
863.9,0.07800712651099101
864.07,0.04913472563033767
864.24,0.06264550830902622
864.42,0.060141211103700486
864.59,0.059181591734895074
864.77,0.042803643915595636
864.94,0.06264822258707785
865.11,0.0388553649073309
865.29,0.06669006297977419
865.46,0.04872952137869499
865.63,0.052551958731249605
865.81,0.056032364755732936
865.98,0.049998599479006214
866.16,0.05049499335177614
866.33,0.06588103181209434
866.5,0.055266462184296525
866.68,0.05625057561368453
866.85,0.0625745738267916
867.02,0.05005856884913831
867.2,0.057049814605835907
867.37,0.05764593394843037
867.54,0.05597938079097954
867.72,0.05018798059994777
867.89,0.04670735651964341
868.06,0.04531523690013631
868.24,0.053312899792557676
868.41,0.057820130003126136
868.59,0.05785480534216938
868.76,0.030547762947760307
868.93,0.041172132444192946
869.11,0.045451763558815916
869.28,0.05380133500576156
869.45,0.047571756692718806
869.63,0.051388749973832304
869.8,0.07079914919477365
869.97,0.06192920692037608
870.15,0.04086836710095345
870.32,0.06414589605424043
870.49,0.05251367985139412
870.66,0.04820990760591085
870.84,0.04486439398339046
871.01,0.05198590196671856
871.18,0.03489215472258803
871.36,0.036191041956288354
871.53,0.03661230853351267
871.7,0.07286077852554666
871.88,0.05748409475341056
872.05,0.057345101134062694
872.22,0.04536240836737141
872.4,0.04993229237319399
872.57,0.050930861577014416
872.74,0.036096044587202815
872.92,0.037798297101192146
873.09,0.0409789454062383
873.26,0.06271483741275377
873.43,0.038239609295889196
873.61,0.040256372790604976
873.78,0.06978129155826297
873.95,0.08387978352609993
874.13,0.04773794879730587
874.3,0.04329994107248088
874.47,0.039372863067302845
874.64,0.06869936160843339
874.82,0.03717484435088652
874.99,0.03511208507156614
875.16,0.049456588105995875
875.34,0.04098441258155824
875.51,0.032454017879921505
875.68,0.052891317147982335
875.85,0.04843389301997472
876.03,0.07035999079376687
876.2,0.040575337547259324
876.37,0.052446740987420304
876.54,0.04787758741783003
876.72,0.04639625560016994
876.89,0.05382307603942095
877.06,0.05695821193638115
877.23,0.02363078948763229
877.41,0.047042066705656214
877.58,0.05858373190322609
877.75,0.05729288315642872
877.92,0.024181266911547282
878.1,0.0444317755190011
878.27,0.036272229308921766
878.44,0.02572289599411984
878.61,0.05365627601358216
878.79,0.01924704952317466
878.96,0.027298872299824934
879.13,0.05874872758593692
879.3,0.029255311258592535
879.48,0.03423797524148113
879.65,0.0356490973105304
879.82,0.006076777464722832
879.99,0.034348735523173135
880.16,0.04189415457785618
880.34,0.04601621503874723
880.51,0.05094020464818202
880.68,0.04537183630431202
880.85,0.04316944903980755
881.03,0.029627912009769854
881.2,0.06116877476311617
881.37,0.00953254195661076
881.54,0.06524143712046492
881.71,0.044177237907225
881.89,0.055704704444636925
882.06,0.04191825986970625
882.23,0.006764524838540565
882.4,0.03510133993405372
882.57,0.02807188470345741
882.75,0.05242197581987618
882.92,0.008385537257200036
883.09,0.014994678673761804
883.26,0.05676770252115677
883.43,0.03971892737532993
883.61,0.017981326719221508
883.78,0.03862121964705775
883.95,0.04959557463778606
884.12,0.045366830391455115
884.29,0.04412607449856737
884.47,0.017254514447826882
884.64,0.047379310568831094
884.81,0.03664307605123716
884.98,0.030949712122774434
885.15,0.01769353220170565
885.32,0.0551951845681836
885.5,0.03302143348000121
885.67,0.03860022300368817
885.84,0.035334502443938695
886.01,0.02068275951118899
886.18,0.02314126615347463
886.35,0.02922979776195886
886.53,0.0367697076317333
886.7,0.0646277327158587
886.87,0.03750337506451076
887.04,0.045228734372647836
887.21,0.02707579437862493
887.38,0.029570183369346324
887.55,0.034725621458680384
887.73,0.02637732316969979
887.9,0.0061369365804403
888.07,0.030390358038615013
888.24,0.04401038051197714
888.41,0.039810760115953005
888.58,0.02610343914633355
888.75,0.04242705262809264
888.93,0.04065534199847515
889.1,0.04629210645395523
889.27,0.03098333973409415
889.44,0.04043340680279314
889.61,0.024160492318629722
889.78,0.027192609699769093
889.95,0.011511845757872242
890.12,0.04592978842272892
890.3,0.05993835533910398
890.47,0.07254072107498458
890.64,0.04994606936480465
890.81,0.05474059660141131
890.98,0.0299863990937781
891.15,0.03804001897950449
891.32,-0.0026974449095799164
891.49,0.022661609661461638
891.66,0.046398078474789405
891.84,0.026968765591496177
892.01,0.015403583065630869
892.18,-0.01281728273605991
892.35,-0.0027177379760390187
892.52,0.028075657592412224
892.69,0.02113058176438215
892.86,-0.008916919582247353
893.03,0.015824689347541374
893.2,0.03883124298568592
893.37,0.0894650334129165
893.55,0.04237513950623486
893.72,0.04425642054416796
893.89,0.05401046257838277
894.06,0.010267228706126454
894.23,0.01214095350903173
894.4,-0.009775424969181186
894.57,0.029094300705478287
894.74,0.020836799370229593
894.91,0.053649991041745504
895.08,0.04010156901986691
895.25,0.04710116803052653
895.42,0.006109881457855519
895.59,0.04832550887607009
895.76,0.02490391478090284
895.94,0.027794709795110277
896.11,0.030856585076760215
896.28,0.024414938115360735
896.45,0.07083375094234386
896.62,0.0029685386752626567
896.79,0.005251173381662763
896.96,0.006440739689946818
897.13,0.015200073654813257
897.3,0.008249152845476313
897.47,0.0005633463634057552
897.64,0.02240372071918784
897.81,0.04924845944284122
897.98,0.014171254882617263
898.15,-0.0006138068971852114
898.32,0.03340083184996965
898.49,0.07707524329252302
898.66,-0.00549961777874845
898.83,0.028142808874873346
899.0,0.04371223774208854
899.17,0.031820285713001835
899.34,0.0030267117222298576
899.51,0.030647595449938104
899.68,0.08024859644664191
899.85,-0.01966984549352307
900.02,0.0473977738613362
900.19,0.04812083526431594
900.36,-0.004702081665715972
900.53,0.021355193318868194
900.7,0.09050815234437205
900.87,0.0612153952039771
901.04,0.04849298496673212
901.21,0.02199268785314351
901.38,0.055709327140657315
901.55,0.07540089339969668
901.72,0.05606975120739687
901.89,0.013130534017149581
902.06,0.036259454034318774
902.23,0.06477085286552997
902.4,0.04667916900070635
902.57,0.04532104288102667
902.74,-0.008889084791583967
