Wavelength [nm],#19-Dichroic-650.csv
400.08,0.12083011498608222
400.29,0.1434224636623151
400.5,0.10169432453559182
400.71,0.10158905577602524
400.92,0.07244659791100248
401.13,0.15202336748276815
401.34,0.07272808858796728
401.54,0.10217893269838989
401.75,0.17609818920973827
401.96,0.1358690100353646
402.17,0.09768410591475443
402.38,0.11261155997513989
402.59,0.14206914916380967
402.8,0.16890881913303443
403.01,0.11527247500351726
403.22,0.10727861951620125
403.43,0.16330244296686355
403.63,0.16495080108717247
403.84,0.14245324970159387
404.05,0.19543275114829164
404.26,0.18636571100539712
404.47,0.2620541377097996
404.68,0.19239403142743963
404.89,0.3287873688523391
405.1,0.31198322808273465
405.31,0.2955566001835561
405.52,0.30511386242890914
405.72,0.3108787154787146
405.93,0.36770973820611746
406.14,0.3000377223002423
406.35,0.3893976146696442
406.56,0.34730799939578344
406.77,0.3722309286917564
406.98,0.3580749011436851
407.19,0.40511318842211963
407.39,0.39014091816178936
407.6,0.386598399236677
407.81,0.4404937609016504
408.02,0.4185710695467344
408.23,0.4474609588293109
408.44,0.4104322184623314
408.65,0.47010832989601203
408.86,0.409262206571752
409.06,0.43376539785647444
409.27,0.5190809775875662
409.48,0.5008659640148548
409.69,0.5123548184008858
409.9,0.525892026926851
410.11,0.5250562911298449
410.32,0.5051002507894019
410.52,0.5844318528199626
410.73,0.566291996806093
410.94,0.5244365539302714
411.15,0.4734264383826182
411.36,0.48588745759476304
411.57,0.47996164000805086
411.78,0.4380076585064702
411.98,0.46289194209661877
412.19,0.4295230145966084
412.4,0.35431887147385294
412.61,0.34958226306930734
412.82,0.3935795048293079
413.03,0.308160291286865
413.23,0.315061490435985
413.44,0.29724232316172317
413.65,0.25320114428617546
413.86,0.2633081915730937
414.07,0.23130849021515762
414.28,0.2403206210062325
414.48,0.24208109627043253
414.69,0.2799778986021634
414.9,0.23817479866806682
415.11,0.24114507163144344
415.32,0.24465274118258235
415.53,0.24855646069817855
415.73,0.2915779708448975
415.94,0.27705052943435565
416.15,0.3086861277842952
416.36,0.26346653199820613
416.57,0.3001319044295773
416.78,0.361507608167324
416.98,0.37593307076554694
417.19,0.3771793843340886
417.4,0.426740881369345
417.61,0.4366028034752585
417.82,0.4944787127685662
418.02,0.4517131873641986
418.23,0.5575720631768756
418.44,0.5348447197834386
418.65,0.5800588869991404
418.86,0.5953436763003942
419.07,0.6069663311222098
419.27,0.6574224326203927
419.48,0.6697749005167192
419.69,0.5850587098821618
419.9,0.5939312016724606
420.11,0.5473513524401666
420.31,0.5349638829045749
420.52,0.48015770712810096
420.73,0.47634461696018726
420.94,0.43751453291640496
421.15,0.37128192017620626
421.35,0.3733856771728879
421.56,0.38232382352846334
421.77,0.34447339463042803
421.98,0.33993770239413795
422.19,0.3247088974316118
422.39,0.2832285333485526
422.6,0.34209962675954964
422.81,0.2843350615197382
423.02,0.286762568759935
423.22,0.2724508831386039
423.43,0.32624637243990473
423.64,0.2875220246676278
423.85,0.2469550243307826
424.06,0.23580563010491754
424.26,0.2156836610018883
424.47,0.26383592176429094
424.68,0.3245639202327212
424.89,0.24354110383973943
425.09,0.2975954857455679
425.3,0.29339444129625764
425.51,0.3074966084323163
425.72,0.3251301312272414
425.93,0.29635945120132146
426.13,0.3371665265708049
426.34,0.34558139974600494
426.55,0.365880289534041
426.76,0.3553337282717853
426.96,0.37753937979479035
427.17,0.3677262839336937
427.38,0.458524803209277
427.59,0.44532882878747543
427.79,0.44523565024139783
428.0,0.44820294022167606
428.21,0.43575692919399367
428.42,0.5269066433257191
428.62,0.4889926387462568
428.83,0.518212095182121
429.04,0.5584418020767218
429.25,0.5950492692911886
429.45,0.5226002846077026
429.66,0.5422515070486282
429.87,0.6362725936455119
430.08,0.5530533746308435
430.28,0.5612268940653212
430.49,0.4949943807144972
430.7,0.47793199227859934
430.91,0.41087083227474486
431.11,0.4272159769581999
431.32,0.3966429981317402
431.53,0.34127710493657126
431.74,0.35467497452386704
431.94,0.3090482491440108
432.15,0.2982018252428291
432.36,0.2569862917665891
432.56,0.22522195352113067
432.77,0.2619904430417085
432.98,0.2605713250492025
433.19,0.28294322335506855
433.39,0.2615216953260472
433.6,0.29090076812556726
433.81,0.2967128706441951
434.02,0.28554342677236244
434.22,0.3435372777468486
434.43,0.35030446139041416
434.64,0.3584908705088794
434.84,0.4129594039907941
435.05,0.4007606292248405
435.26,0.39621355889797694
435.47,0.42290660171387295
435.67,0.42549609427985546
435.88,0.39676754260650665
436.09,0.4106956820714062
436.29,0.33929106909635226
436.5,0.3620744055302183
436.71,0.3550399407614182
436.92,0.32679526543298354
437.12,0.3340137599225412
437.33,0.28748093755206133
437.54,0.26889044481255325
437.74,0.2886775061755706
437.95,0.3340464092096626
438.16,0.31051488455776416
438.36,0.34170762076464506
438.57,0.3663241821267774
438.78,0.4137933615984868
438.99,0.44030015757341595
439.19,0.4206054536132871
439.4,0.5068951228909356
439.61,0.5008414271191838
439.81,0.4969111978116029
440.02,0.5185454309082003
440.23,0.5256028373788516
440.43,0.48634345183597477
440.64,0.5204479542918685
440.85,0.48812914794756973
441.05,0.4678672632544363
441.26,0.4995063592543121
441.47,0.45187094672132133
441.67,0.4499115667924835
441.88,0.44276950244819796
442.09,0.4276524830320236
442.29,0.4447526403430213
442.5,0.4650184952908805
442.71,0.47600973647210154
442.91,0.4847892604064507
443.12,0.5205522492460468
443.33,0.5263941355391963
443.53,0.515762129827132
443.74,0.5086199306974277
443.95,0.5292508588827198
444.15,0.5205098437038698
444.36,0.5106889420813935
444.57,0.5029718839238349
444.77,0.525512902532929
444.98,0.4937904183261008
445.19,0.4501008397616308
445.39,0.5008062869254766
445.6,0.456889403800502
445.81,0.44539365671242437
446.01,0.4681878349691622
446.22,0.46512835947340847
446.43,0.48556954876360847
446.63,0.460117041107279
446.84,0.49893997056554357
447.05,0.5014163143921698
447.25,0.5538059450607845
447.46,0.5539000077789014
447.67,0.5721151940150231
447.87,0.5138268428476939
448.08,0.542666378864116
448.28,0.51265935302391
448.49,0.5144952846664338
448.7,0.5004448892127963
448.9,0.4961929516593397
449.11,0.45491239374857784
449.32,0.45475601181574576
449.52,0.3985908745895884
449.73,0.3844720432450379
449.93,0.3839369516993836
450.14,0.3308777120916008
450.35,0.3022571383169311
450.55,0.28989797348607677
450.76,0.31303938627882294
450.97,0.2673259947372453
451.17,0.25323182026453916
451.38,0.2562144838821962
451.58,0.29112723037009586
451.79,0.2677787532923617
452.0,0.2945227169840194
452.2,0.2994644442193932
452.41,0.3204147497081645
452.62,0.3214276254530859
452.82,0.3315876063087441
453.03,0.37050245325581943
453.23,0.3901615263054056
453.44,0.3995925714787776
453.65,0.4297544311852983
453.85,0.40909410528557455
454.06,0.4057917595458331
454.26,0.45868396248126364
454.47,0.44353793309158307
454.68,0.43838058431688387
454.88,0.41493657926170296
455.09,0.43794940313988856
455.29,0.4637089652897053
455.5,0.45171492870946434
455.71,0.4641431847345874
455.91,0.47924135032491555
456.12,0.44559980985103065
456.32,0.460751699241612
456.53,0.4233506157218156
456.73,0.4084636597543023
456.94,0.39642235886177807
457.15,0.3799747333225681
457.35,0.35248160631540215
457.56,0.3697537670662281
457.76,0.32841283909106694
457.97,0.33247297299778056
458.18,0.3023153195722
458.38,0.27330155222085206
458.59,0.22638990676913762
458.79,0.23862830395983886
459.0,0.2290332809719063
459.2,0.23154511136608483
459.41,0.2517328526724939
459.62,0.23813090523449437
459.82,0.24733826913421228
460.03,0.23418020014831975
460.23,0.2632205258707788
460.44,0.27700562907657866
460.64,0.275588183708752
460.85,0.29354127622334325
461.06,0.31203578420690786
461.26,0.3114135530051374
461.47,0.3170754801344534
461.67,0.31669373270251583
461.88,0.32522602889937985
462.08,0.32232864354402196
462.29,0.29323053226378687
462.49,0.28111573865562806
462.7,0.2569690373724768
462.91,0.23284022001403692
463.11,0.20235267824118888
463.32,0.19762613705610135
463.52,0.17387311041701978
463.73,0.15155761543839052
463.93,0.13488499244420482
464.14,0.12533740297978282
464.34,0.10438600830818542
464.55,0.10721565054958201
464.75,0.1041771069354795
464.96,0.09585110473144308
465.16,0.10750217233532718
465.37,0.07660134520996184
465.58,0.10308043444267995
465.78,0.11485647550556274
465.99,0.11755805502682126
466.19,0.11971261538034773
466.4,0.10452019250712168
466.6,0.1123195024324518
466.81,0.11781117555604463
467.01,0.11658299399802848
467.22,0.11037857255916703
467.42,0.08899148732534864
467.63,0.11015847685908611
467.83,0.11200086023137695
468.04,0.10222745972230905
468.24,0.11710438221345505
468.45,0.11340040221817593
468.65,0.11275236321668297
468.86,0.1353388584534209
469.06,0.1435379471342373
469.27,0.16206222618137978
469.47,0.16894288221016837
469.68,0.17943533775940745
469.88,0.1967734425631249
470.09,0.19139654533927608
470.29,0.1923578632177
470.5,0.20849882804049089
470.7,0.20254276658179018
470.91,0.2134022450019236
471.11,0.1926498319502692
471.32,0.19779321756880938
471.52,0.1785583487443123
471.73,0.17543940066431365
471.93,0.17070134103908297
472.14,0.15214293239878673
472.34,0.13086942779351993
472.55,0.1144769999453879
472.75,0.0981674100386134
472.96,0.09608946110934173
473.16,0.07762163734122347
473.37,0.061407404326029605
473.57,0.06573293385043626
473.78,0.037867453992886095
473.98,0.04303167288465012
474.19,0.03407539771176136
474.39,0.02720576124440228
474.6,0.027240436797697182
474.8,0.030711770743034536
475.01,0.014251484720104752
475.21,0.020226236771248948
475.42,0.00824555819343335
475.62,0.011769747318085102
475.83,0.014965324944591416
476.03,0.014201963684313701
476.24,0.010208831712549415
476.44,0.0037292437412574223
476.64,0.024594640384427918
476.85,0.010036332755589305
477.05,0.016916562574686943
477.26,0.02370390293521163
477.46,0.013946354331997582
477.67,0.024927187157175693
477.87,0.019557471595058634
478.08,0.019798773921611477
478.28,0.014214569605918447
478.49,0.025898580308034214
478.69,0.019748343550900233
478.9,0.024201127226499506
479.1,0.020632578550501334
479.3,0.02201150510919351
479.51,0.015986656336748523
479.71,0.025431759156759104
479.92,0.016840178373656877
480.12,0.018454707967507315
480.33,0.02424087529056678
480.53,0.018337243071046328
480.74,0.01862850327966608
480.94,0.016146081688097814
481.14,0.015986193636563707
481.35,0.021416769748363543
481.55,0.022678767265310443
481.76,0.02366305233308791
481.96,0.026095954507592854
482.17,0.02765609716554395
482.37,0.029360549805150096
482.57,0.0358172610009727
482.78,0.030605254474807806
482.98,0.03550030586577683
483.19,0.02197114490130745
483.39,0.026254076555728922
483.6,0.029639649474652998
483.8,0.023331324031374702
484.0,0.018716545146547497
484.21,0.02797411690374214
484.41,0.023624314300244448
484.62,0.025111967510883588
484.82,0.016387951230439738
485.02,0.02072236821357247
485.23,0.023192723711330302
485.43,0.0301791719228215
485.64,0.03574662162395126
485.84,0.039462001084384114
486.05,0.04730964382199941
486.25,0.05717859063458738
486.45,0.05984685276840681
486.66,0.0688803951271222
486.86,0.066698703378431
487.07,0.06496601097540844
487.27,0.06692519042197931
487.47,0.056245545658129226
487.68,0.048540445970257654
487.88,0.04558710850028808
488.09,0.03696176357558012
488.29,0.030342848482056362
488.49,0.026366255951991407
488.7,0.021472014666295496
488.9,0.015366124762797265
489.1,0.013021107262685945
489.31,0.009983472167549875
489.51,0.01563506735720029
489.72,0.014403188809659028
489.92,0.010009842562850504
490.12,0.004674027990815818
490.33,0.006647328606758466
490.53,0.008658698204735124
490.74,0.008058866718358865
490.94,0.0009319904337707812
491.14,0.0037009962121987232
491.35,0.0045339305462711735
491.55,0.008885188165346006
491.75,0.0051268394980284945
491.96,0.008378603460491782
492.16,0.0017710399977611104
492.36,0.010900589518575041
492.57,0.004475670271003393
492.77,0.013924701598535347
492.98,0.000409721431174261
493.18,0.007149318108273279
493.38,0.0031912340990998224
493.59,0.004174603483415081
493.79,0.004127921855716866
493.99,0.009845460863206281
494.2,0.003795186714461791
494.4,0.006750454509524945
494.6,0.00707830769582196
494.81,0.005216703854535626
495.01,-0.0023518971523934958
495.22,0.00834289052674664
495.42,0.00488049386841507
495.62,-0.0008909519969903497
495.83,0.006760273388272847
496.03,0.005149690145762422
496.23,0.006347957916497644
496.44,0.007730076623846734
496.64,0.01412184959115643
496.84,0.009100068861383578
497.05,0.013171061466656305
497.25,0.00961017737410297
497.45,0.015568555208423335
497.66,0.0236471631434683
497.86,0.016950021025311138
498.06,0.01952345460710762
498.27,0.012955149046097349
498.47,0.007944964367315102
498.67,0.006887000561703794
498.88,0.010141355535762018
499.08,0.005856952358525445
499.28,0.009616190808994625
499.49,0.007302735662218185
499.69,0.004173390523228528
499.89,0.006672880943346637
500.1,0.002670431772035192
500.3,-0.0002302558331929165
500.5,0.005648810669674455
500.7,0.0049827117839928905
500.91,-0.0005207396094930614
501.11,0.008668219178228298
501.31,0.006479083310235242
501.52,0.003479037002557698
501.72,0.005279656910643111
501.92,0.005163863623994432
502.13,0.004583318272137737
502.33,0.005034889054330888
502.53,0.0030098227795615586
502.74,0.00682850922422237
502.94,0.0033273589654134756
503.14,0.0051418962078450346
503.34,0.009287394891090872
503.55,0.006876428029898425
503.75,0.004720703477380949
503.95,0.003369653289788639
504.16,0.0032884053050342083
504.36,0.00398452936170835
504.56,0.0029572131630541195
504.76,0.004764340125434045
504.97,0.004685959718499813
505.17,0.0035401555004066837
505.37,0.007893841052456541
505.58,-0.0007881958315363404
505.78,0.002908062604849434
505.98,0.0032419124740717116
506.18,0.005070598089925605
506.39,0.005192763216860225
506.59,0.004019956047126181
506.79,0.00245021997496811
507.0,0.006093124726792561
507.2,0.003629440935891719
507.4,0.006183258794835027
507.6,0.004382891044905477
507.81,0.0022786592784826243
508.01,0.004358610684748754
508.21,0.008244466662843557
508.41,0.005761566685486391
508.62,0.004084356351051181
508.82,0.01203930486221168
509.02,0.006431583710902832
509.23,0.0070549816527916
509.43,0.007968306066236278
509.63,0.010436236553386125
509.83,0.01560111760786428
510.04,0.0030455120501751455
510.24,0.008321010148915363
510.44,0.011446785341212478
510.64,0.011163660815974164
510.85,0.009632684285389853
511.05,0.010682375217160272
511.25,0.011166837777702755
511.45,0.007647055163425476
511.66,0.0064655830989385175
511.86,0.008194590258690862
512.06,0.01215371923097835
512.26,0.009892181319277032
512.46,0.00560123761401605
512.67,0.007799022680990118
512.87,0.007888780906250167
513.07,0.009613517234139515
513.27,0.0066980826042242585
513.48,0.010978421754254892
513.68,0.003342971424158527
513.88,0.008116035621324043
514.08,0.0033387550105144293
514.29,0.009388149156526748
514.49,0.007503809091986002
514.69,0.005526798243476859
514.89,0.003309121601113028
515.09,0.005521994403414235
515.3,0.004445309974832004
515.5,0.003983965778603709
515.7,0.0010587081782172303
515.9,0.0022921497775922877
516.11,0.002392197538153412
516.31,0.004247593525289874
516.51,0.006299663950416291
516.71,0.002869879025252741
516.91,0.0007794333575814131
517.12,0.005069694886551251
517.32,0.004498631668000383
517.52,0.0037058473292394508
517.72,0.00776233877505936
517.92,0.0043696577927431575
518.13,0.0038769428199250944
518.33,0.004989036582373633
518.53,0.006021761774108618
518.73,0.004283439577900177
518.93,0.004527905999062671
519.14,0.006625430120208104
519.34,0.003980753805144536
519.54,0.0070127262339077
519.74,0.005891029185597024
519.94,0.0072916758510628964
520.15,0.005556432717144864
520.35,0.0036334731376737096
520.55,0.0039022250441070995
520.75,0.0040103936278975795
520.95,0.0034946182219319825
521.16,0.007204224221575011
521.36,0.003976620805988797
521.56,0.0023122256238154
521.76,0.003988456490392884
521.96,0.002760907369792358
522.16,0.002965142352217334
522.37,0.0020465660534673895
522.57,0.005363694409637991
522.77,0.004881406265083994
522.97,0.0027086502815156857
523.17,0.002471138080328804
523.37,0.0033461065516300213
523.58,0.004276732376523602
523.78,0.00613113008643061
523.98,0.003906749870151382
524.18,0.004800547862276516
524.38,0.007939031766766564
524.58,0.007458356042757327
524.79,0.0066324555945834135
524.99,0.009227957390339221
525.19,0.00992284163103726
525.39,0.005866917104176817
525.59,0.003297940140303589
525.79,0.006591967375427663
526.0,0.005260907843340125
526.2,0.004146288984130127
526.4,0.005114622658510869
526.6,0.002735760888084937
526.8,0.0068570792324904066
527.0,0.006235951844871159
527.2,0.0022869775612597
527.41,-0.0026040503121308833
527.61,0.005323796203858082
527.81,0.003760543995618995
528.01,0.0018237585676624828
528.21,0.003964491234052008
528.41,0.0018318506670206953
528.61,0.005738196936154119
528.82,0.006414432142539837
529.02,0.005542263798382728
529.22,0.0030781460188468914
529.42,0.009687444533755701
529.62,0.005162140300765148
529.82,0.004645616533089979
530.02,0.0078601983444341
530.22,0.003750603325679485
530.43,0.007066541899251208
530.63,0.005705136004071318
530.83,0.00340617144227554
531.03,0.004683414016753921
531.23,0.005006881118837759
531.43,0.002285760238340961
531.63,0.0033911233885962327
531.83,0.00580501839105576
532.03,0.0025425224706382534
532.24,0.0006981974552080566
532.44,0.0066753662572477945
532.64,0.0018933923064418652
532.84,0.004495512293076793
533.04,0.00015599082972247397
533.24,0.005829870047372752
533.44,0.0059185268966554854
533.64,0.004117885097337259
533.84,0.0037075912573117896
534.04,0.0002630227865024558
534.25,0.004589265231700178
534.45,0.0020540410497049137
534.65,0.003893390452265363
534.85,0.0024970790871826983
535.05,0.002962025797588573
535.25,0.0034819927320585997
535.45,0.003089502677894271
535.65,0.0068920221661399215
535.85,0.0022989763027115176
536.05,0.003270682889706832
536.25,0.0014268139682230092
536.46,0.005304956911931085
536.66,0.0031086242791410327
536.86,0.004141379212870768
537.06,0.0026241272356480184
537.26,0.0009031663747515376
537.46,0.005122901898583083
537.66,-5.576362595580148e-05
537.86,-0.0027334285173971494
538.06,0.0019733219174002457
538.26,0.0037561636165216387
538.46,0.004163790556079197
538.66,0.003604687604717051
538.86,0.0048360927614698
539.07,0.004745889717085399
539.27,0.0060816755192319135
539.47,0.005254806334806018
539.67,0.003301513411253367
539.87,0.0021781439274334803
540.07,0.0026087413350328733
540.27,0.004277113951779666
540.47,0.004317173956670174
540.67,0.0029559700958164763
540.87,0.003068525227619445
541.07,0.005053158096689421
541.27,0.0013331831082970022
541.47,0.00273605475664337
541.67,0.004770837345048124
541.87,-0.001340482057822765
542.07,0.004333816751698228
542.27,0.004503616205084471
542.47,0.001221841421152152
542.67,0.0014327321724313296
542.87,0.007002520361649733
543.08,0.0020653707193541647
543.28,0.0012248420552918864
543.48,0.004799848118088191
543.68,0.005756110518870869
543.88,0.008133059373939095
544.08,0.007104304757335269
544.28,0.0055978432933907725
544.48,0.004503616205084471
544.68,0.0046130796171353905
544.88,0.006040044583754789
545.08,0.006925336732568716
545.28,0.008973980676840404
545.48,0.001958259143849869
545.68,0.005501586510156649
545.88,0.007913655039866432
546.08,0.004524245349208367
546.28,0.00416518154201679
546.48,0.007523705408820563
546.68,0.0036371751715636173
546.88,0.0036560776616058476
547.08,0.00582114779979988
547.28,0.0057401747411841945
547.48,0.00036560467034393396
547.68,0.0049805869297278125
547.88,0.0009087860509252102
548.08,0.0036226501256378806
548.28,0.001952669719701586
548.48,0.005894001236054734
548.68,0.00603976636307173
548.88,0.0058045717636811735
549.08,0.005807494018200628
549.28,0.005761424593365482
549.48,0.005177266705842188
549.68,0.004752193110241035
549.88,0.0026553348380605785
550.08,0.0019191935425397605
550.28,-0.0016222328191565476
550.48,0.0014078762121551072
550.68,0.003436657109522074
550.88,0.0035935706472439645
551.08,0.007881724174590281
551.28,0.0034780821021745062
551.48,0.004456361288725188
551.68,0.0010866242195137744
551.88,0.0026311966054925573
552.08,0.00579789807865907
552.28,0.0019114480289006515
552.48,0.0024732219104994
552.68,0.0015875294962685161
552.88,0.0012678553862278106
553.08,0.005283577604499499
553.28,0.0045293429100561125
553.48,0.0037002312690161965
553.68,0.0041871960598451625
553.88,0.0023492018843254085
554.08,0.003322723831111256
554.28,0.0051626790073451756
554.47,0.0023365001569012073
554.67,0.0006739824419893725
554.87,0.004514393575179319
555.07,0.006110183275426617
555.27,0.004954399304361898
555.47,0.0014610798189757372
555.67,0.007461666691974685
555.87,0.004845747202321791
556.07,0.002696887639942966
556.27,0.002477478543753921
556.47,0.007711791237279188
556.67,0.00658308188725054
556.87,0.005179472735508019
557.07,0.003193274305146216
557.27,0.003196842401040942
557.47,0.006384731642380034
557.67,0.003397241388878447
557.87,0.0021003727967953026
558.07,0.0035065687330283835
558.26,0.003286736940527433
558.46,0.005612524362126292
558.66,0.002866190718466927
558.86,0.003892480906098224
559.06,0.0011552702821663477
559.26,0.0024669886601201875
559.46,0.001146495029158511
559.66,0.0009540418510223651
559.86,0.002073566238800068
560.06,0.004389050363490368
560.26,0.003899187678348192
560.46,0.003884227855815432
560.66,0.006835383452872029
560.86,0.005026778315529492
561.05,0.002720334832361195
561.25,0.007897783880341768
561.45,0.007147500245516583
561.65,0.0075345031619111925
561.85,0.005829671203441178
562.05,0.005309359696760288
562.25,0.0071439133128120644
562.45,0.00689303183829054
562.65,0.0056652753759268565
562.85,0.008715113413408204
563.05,0.009761735210391696
563.24,0.010147658886998706
563.44,0.002201017323102089
563.64,0.0050944098206863195
563.84,0.005473519219786593
564.04,0.003824758471598624
564.24,0.0009093417684884277
564.44,0.006443719152832022
564.64,0.00024066124040376821
564.84,0.0046892238813925225
565.03,0.008826663742543756
565.23,0.0060074660052091226
565.43,0.006138790318618315
565.63,0.003859710956084844
565.83,0.006445799714566233
566.03,0.006454474803307752
566.23,0.00639275564963864
566.43,0.0053166147106231566
566.63,0.006434220252469177
566.82,0.009276006672593312
567.02,0.006988228544591368
567.22,0.008724567239116998
567.42,0.007055224863780627
567.62,0.005110275727995136
567.82,0.006043766936867747
568.02,0.008258511104553707
568.22,0.005720327767549799
568.41,0.009205504304816708
568.61,0.007150156078192781
568.81,0.0048880309606647845
569.01,0.0026760800770621396
569.21,0.0020130076158965033
569.41,0.00655921953785076
569.61,0.004799549952765285
569.8,-0.0018995994011135834
570.0,0.004552078824054931
570.2,0.00390066360858708
570.4,0.004996007453684197
570.6,0.005115415084355082
570.8,0.008111506384162763
571.0,0.001698961629072291
571.19,0.004982119973539482
571.39,0.0008970259824103905
571.59,0.005815954834064872
571.79,0.004656453914237625
571.99,0.006653847189077277
572.19,0.0009100407600101929
572.38,0.0015895072388707628
572.58,0.005672856037510233
572.78,0.003694015970445113
572.98,0.00421172738675298
573.18,0.0017875138588890995
573.38,0.003315346807140783
573.57,0.004528197007622486
573.77,0.002342310641417138
573.97,0.003797693972938882
574.17,0.0029143806502464585
574.37,0.0010082569001174549
574.57,0.0040632709830417755
574.76,0.003917749351714261
574.96,0.005465396823659285
575.16,0.004132846123725481
575.36,0.003308981832885199
575.56,0.006391174168574961
575.75,0.004492202724731832
575.95,0.005664211250104068
576.15,0.0048592270809965175
576.35,0.005918963299933745
576.55,0.005850239483587735
576.74,0.004776092780989037
576.94,0.0038388744124058702
577.14,0.0025255255162501596
577.34,-0.00014423143817748104
577.54,0.0017629466718073108
577.74,0.006496646897428751
577.93,0.0025361720723307076
578.13,0.0027673883899393156
578.33,0.006231207156024993
578.53,0.0036135187157970102
578.72,0.004124017406068777
578.92,0.00625633112892472
579.12,0.002437094498760806
579.32,0.00506429594703016
579.52,0.002519276280632113
579.71,0.007179208524852466
579.91,0.004143877057322665
580.11,0.0031848627120517913
580.31,0.004204731623982789
580.51,0.005603371580504622
580.7,0.003772287626188405
580.9,0.00861434957070532
581.1,0.004995223202299319
581.3,0.0037568487252974308
581.49,0.005300237040348181
581.69,0.00680819298265807
581.89,0.003130647066561833
582.09,0.005316704422188126
582.29,0.006086513870480157
582.48,0.004395908766263488
582.68,0.002781229939789244
582.88,0.00335632489061567
583.08,0.004036240358506482
583.27,0.0037558657235441176
583.47,0.004638447002210121
583.67,0.005005042079053742
583.87,0.006715660444256371
584.06,0.0028650562238958107
584.26,0.003768685871291808
584.46,0.007166620988264869
584.66,0.004342507871404762
584.85,0.004140142639517587
585.05,0.003226593894623077
585.25,0.0027634959488626798
585.45,0.003646052972939438
585.64,0.0006166316419437062
585.84,0.004938713835271704
586.04,0.0010590641645431731
586.24,0.0015426146020482213
586.43,0.004208710938869695
586.63,0.0017286297100110083
586.83,-0.0007988385675621641
587.03,0.002466690957041905
587.22,0.001067738981512952
587.42,0.0012616491995349622
587.62,0.0026664762121012577
587.82,0.0047313202882291626
588.01,0.004402629234031924
588.21,-0.00023752254859329183
588.41,0.0035929326561128434
588.6,0.005329247995209486
588.8,0.0037330430271226554
589.0,0.004423964431285749
589.2,0.001160926826115801
589.39,0.005034089726673831
589.59,0.004949428425333938
589.79,0.004063311674666088
589.98,0.0027554861685894793
590.18,0.004854643972984448
590.38,0.0037206462965332977
590.58,0.0009978798053603083
590.77,0.003983243859067323
590.97,0.0009733907536906794
591.17,0.0019896474334081472
591.36,0.002551790112339581
591.56,0.0031004874479406367
591.76,0.004896315394274735
591.96,-0.0005107192901367343
592.15,0.0036695327122806152
592.35,0.0030559795739909666
592.55,-0.000513422645045234
592.74,0.0008874442313934192
592.94,0.005200034934415359
593.14,0.0024559348421363566
593.33,0.0027936102143702604
593.53,0.0013554312768041374
593.73,0.005142666389652109
593.92,0.0038192506265207556
594.12,0.0019963070493484864
594.32,4.3237534140327556e-05
594.51,0.0022582280262595806
594.71,0.004097796907974748
594.91,0.004033152951109913
595.11,0.0023563801129638214
595.3,0.00023044991404252117
595.5,0.0004985409237855189
595.7,0.0025641757418969294
595.89,0.006234129183679601
596.09,0.008776206565496743
596.29,0.00279771413775349
596.48,0.004591522126476023
596.68,0.0014442253985555097
596.88,0.0043368342888870795
597.07,0.003785728634153124
597.27,0.003496927222489103
597.47,0.004515275879353146
597.66,0.00134999411076395
597.86,0.0029152245762528355
598.06,0.004619389883156613
598.25,0.0006977579361146712
598.45,0.0042202742093203965
598.64,0.0006032384414786654
598.84,0.0025428144764289423
599.04,0.0019874374243556846
599.23,0.003624048782147212
599.43,0.0030241033803157604
599.63,-0.001158091260783329
599.82,0.0050187835672372205
600.02,0.005086741317890264
600.22,0.005062630113739513
600.41,0.0029529728359576203
600.61,0.0014458450192639304
600.81,0.006644791109759605
601.0,0.004297133171213768
601.2,0.005049507835889198
601.39,0.0051085665635854415
601.59,0.0029033909841231107
601.79,0.003360327979146681
601.98,0.005174809640092178
602.18,0.0026033281157134157
602.38,-0.0008027483720730203
602.57,0.0027153730282225828
602.77,0.00336268851396858
602.96,0.0027749449532615037
603.16,-0.0015333569371303597
603.36,0.004721582758264456
603.55,0.0034871642428582128
603.75,0.0007738770649455414
603.95,0.0045593617092517654
604.14,0.004219872368377647
604.34,0.0007889402304911533
604.53,0.0014227103740759117
604.73,0.005466873221645951
604.93,0.0010657549766145522
605.12,0.00497114908293248
605.32,0.005357887214411738
605.51,0.004494955475756432
605.71,0.0018068273573622828
605.91,0.005632084391951419
606.1,0.0027730175019927725
606.3,0.001963627008901626
606.49,0.0037151815241457118
606.69,0.009230974633717587
606.89,0.0015844799907612814
607.08,0.003081363562155627
607.28,0.004145340735200361
607.47,0.003090753217057241
607.67,0.004363446782949694
607.87,0.002792074345447927
608.06,0.003958813988898161
608.26,0.0013108619723927225
608.45,0.007747896902787868
608.65,0.003662066543436878
608.84,0.003589118100073369
609.04,0.005393984694042347
609.24,0.0023533173972482306
609.43,0.0046057317847637185
609.63,0.003959871508367366
609.82,0.005129311493388274
610.02,0.0018069001296358007
610.21,0.002317469005151089
610.41,0.005950120750304615
610.61,0.00644734740952449
610.8,0.0030170504435848124
611.0,0.0004803333342807398
611.19,0.003195174117923641
611.39,0.003015994559061473
611.58,0.0033379305953875732
611.78,0.003483019920791693
611.98,0.00021516078649254123
612.17,0.007221350276277205
612.37,0.0026585786788329655
612.56,0.00357557666214383
612.76,0.0027159232744461185
612.95,-4.677177695525566e-05
613.15,0.002798164810574444
613.34,0.004772345709577344
613.54,0.005050432538556404
613.73,0.004439763995818036
613.93,0.004624250273231723
614.13,0.003937414643378859
614.32,0.00371631888739491
614.52,0.006761451715811694
614.71,0.005741512848995797
614.91,0.003525124269115371
615.1,0.00432768718706382
615.3,0.0023337119465455624
615.49,0.00436334028400748
615.69,0.002732469529498839
615.88,0.0036023473533254454
616.08,0.005794557590779122
616.27,0.0037312871125221745
616.47,0.0011228385358185526
616.66,0.0022974107576100825
616.86,0.0046495416639154175
617.06,0.0031840525262978358
617.25,0.005110051961713935
617.45,0.0033880413805952745
617.64,0.003983018007379597
617.84,0.002767481306489115
618.03,0.002626438439603177
618.23,0.005854232009558174
618.42,0.00490619968416577
618.62,0.0056556670146611625
618.81,0.0024877572447009277
619.01,0.004165190603534928
619.2,0.004497118880088811
619.4,0.004136486666161561
619.59,0.00442808583069133
619.79,0.005018385141626998
619.98,0.003893167265770546
620.18,0.005860299329906611
620.37,0.0026735251704383435
620.57,0.0038804377070221045
620.76,0.0029996553310523088
620.96,0.005601376797333608
621.15,0.00462820543217643
621.35,0.0035753856076306484
621.54,0.00802958542501055
621.74,0.0060572936949198995
621.93,0.004956979843174389
622.13,0.005435790563926316
622.32,0.006310054312602277
622.51,0.00626604702058887
622.71,0.009654868061467451
622.9,0.010013117476331415
623.1,0.006866610101317469
623.29,0.009820657821564301
623.49,0.008450436620515162
623.68,0.00901637359092066
623.88,0.010061511885538325
624.07,0.012361600226008271
624.27,0.009480433627878312
624.46,0.010364421606088484
624.66,0.009376922161079613
624.85,0.00749773660827807
625.05,0.007793960749144341
625.24,0.008295164218933783
625.43,0.0036009433757982602
625.63,0.008725224379435957
625.82,0.008091267659803062
626.02,0.007323768893332955
626.21,0.008458974232397533
626.41,0.007587658101350794
626.6,0.009848349590100738
626.8,0.007309692338815982
626.99,0.010614925383949092
627.19,0.007133723409527481
627.38,0.007623462599688348
627.57,0.008266974670734346
627.77,0.008492761359026092
627.96,0.004707145698079081
628.16,0.00877436961265811
628.35,0.00627129900479014
628.55,0.007445768914480055
628.74,0.009044852678512771
628.93,0.010923391578268965
629.13,0.008799233715765017
629.32,0.010406558328586982
629.52,0.009620808689370111
629.71,0.01044012089454419
629.91,0.007931676568277925
630.1,0.010992293954758304
630.29,0.011439769608317241
630.49,0.008406733034896769
630.68,0.00883397703710872
630.88,0.008936675343880951
631.07,0.008775217286032484
631.27,0.0066519052456374414
631.46,0.006877726538566189
631.65,0.0065687290177776185
631.85,0.008115602914183865
632.04,0.006740023842741989
632.24,0.004093945136730078
632.43,0.004591674045599447
632.62,0.004218045308793246
632.82,0.0054472145246507895
633.01,0.004969539845111421
633.21,0.002053570332659514
633.4,0.002839766036247209
633.59,0.0027746354742964894
633.79,0.0057889300770301464
633.98,0.007722043278627724
634.18,0.00401318022230117
634.37,0.0027005185212341893
634.56,0.0067899150645790935
634.76,0.007335890857877195
634.95,0.006268046778954584
635.14,0.004149041776569656
635.34,0.00235018339350642
635.53,0.006744072184342537
635.73,0.005897526706713644
635.92,0.00435325773902616
636.11,0.007625591512072546
636.31,0.003096735582470987
636.5,0.006503909191735246
636.7,0.0067250092712879865
636.89,0.004243248726655624
637.08,0.0069656405371861145
637.28,0.0052404611910139105
637.47,0.006995446786664049
637.66,0.004619372309011443
637.86,0.002245848225570576
638.05,0.003944417626502611
638.24,0.00525435121490783
638.44,0.006147095510898343
638.63,0.006165644592873677
638.83,0.004461903172191572
639.02,0.005665054277463382
639.21,0.0015675625257992683
639.41,0.005972540985063641
639.6,0.008779236717990392
639.79,0.0057034988678659835
639.99,0.009187644590026323
640.18,0.006009256967847113
640.37,0.0057756394037065594
640.57,0.008419125533625579
640.76,0.008309921613083596
640.95,0.007415595177718577
641.15,0.005153176767563695
641.34,0.007525109683060515
641.53,0.004133946268836341
641.73,0.004994394787069524
641.92,0.004972964452318755
642.11,0.006470312557281145
642.31,0.007200129578215741
642.5,0.010511135898288752
642.69,0.00573631955332875
642.89,0.006845790740873071
643.08,0.0075229993700845635
643.27,0.007240143157748478
643.47,0.006922344835433204
643.66,0.008473910237533638
643.85,0.007690110215635953
644.05,0.004371317023481843
644.24,0.006361670601782025
644.43,0.00804907925667678
644.63,0.007623310872408349
644.82,0.002866891871743866
645.01,0.006966831276448417
645.2,0.006043128953550092
645.4,0.011317138582046233
645.59,0.007221721190503667
645.78,0.007394572553644618
645.98,0.007621073079798393
646.17,0.00950790968503777
646.36,0.009671048491102658
646.56,0.008558733971095724
646.75,0.008396813277321197
646.94,0.007512620941241979
647.13,0.0086353337554649
647.33,0.010859310570111294
647.52,0.008360166652673574
647.71,0.009365107802201936
647.91,0.012542236062979925
648.1,0.013667859500889343
648.29,0.015971245465706288
648.49,0.012492134563376793
648.68,0.017707593789116075
648.87,0.016323707406722034
649.06,0.016108947023195413
649.26,0.019879667710835745
649.45,0.01929913337312028
649.64,0.02655345851136722
649.83,0.02512868059530332
650.03,0.0270422429995399
650.22,0.034158997103084066
650.41,0.034228002468790875
650.61,0.04214265020483973
650.8,0.04397878438290717
650.99,0.04788396769905798
651.18,0.05750202062465448
651.38,0.06557664514820469
651.57,0.07538378306857874
651.76,0.08482799680435855
651.95,0.09781698656797382
652.15,0.12057964730715709
652.34,0.13185809869673903
652.53,0.15671659105880265
652.72,0.1846182442257812
652.92,0.20953205001859967
653.11,0.22644403358833232
653.3,0.25986259174240267
653.49,0.28189772726889073
653.69,0.301501104671411
653.88,0.32633575963283556
654.07,0.3589958124576044
654.26,0.38015069448771127
654.46,0.3859442847785604
654.65,0.4089736493446089
654.84,0.41212680930186724
655.03,0.41953022424533376
655.23,0.43605465790493564
655.42,0.4336057485756902
655.61,0.4466534425106175
655.8,0.4602385566199583
655.99,0.4584541174833608
656.19,0.4662582428293002
656.38,0.4800536012440075
656.57,0.4875417437715521
656.76,0.49091971421097047
656.96,0.5139145618443731
657.15,0.5392672492016188
657.34,0.5438352176909405
657.53,0.5762434316548313
657.72,0.6116577439332551
657.92,0.6375667869911457
658.11,0.6458866849669378
658.3,0.6798434613318965
658.49,0.7132334510084796
658.68,0.7098918154480801
658.88,0.7427621032078661
659.07,0.7638014222377846
659.26,0.7965884358808368
659.45,0.8075912834869606
659.64,0.8263927096660879
659.84,0.8513385038953402
660.03,0.8454580152018498
660.22,0.8751282927291913
660.41,0.8729938394524176
660.6,0.8684606033465742
660.8,0.8512041440742399
660.99,0.8524102473826466
661.18,0.8559724599294972
661.37,0.8739184256221723
661.56,0.863484476256772
661.76,0.8679583223451761
661.95,0.8525633867287964
662.14,0.8643506454860871
662.33,0.8545080889775342
662.52,0.8543190217784329
662.71,0.8346729903031185
662.91,0.8469427566986346
663.1,0.8542857231998652
663.29,0.8671490395318154
663.48,0.8710175855528275
663.67,0.8730678113730098
663.86,0.8723587535370193
664.06,0.8865569633820716
664.25,0.899698911547684
664.44,0.8753985384011418
664.63,0.8843170849328954
664.82,0.8876062104354852
665.01,0.8874236692185219
665.21,0.9184782976624963
665.4,0.9004646083359121
665.59,0.911262546016145
665.78,0.8966649011667492
665.97,0.8928795920417829
666.16,0.9109968364258605
666.35,0.9143551795449734
666.55,0.9069121321421449
666.74,0.9038834611933287
666.93,0.8909446693034396
667.12,0.8871035864585943
667.31,0.8840533671049071
667.5,0.8959082773022058
667.69,0.891571310892209
667.89,0.8752563909880122
668.08,0.8880597525604922
668.27,0.8612128886397226
668.46,0.8888272513705124
668.65,0.8848454060293658
668.84,0.8978317527940748
669.03,0.9132123799206474
669.22,0.889907942661368
669.42,0.8889050748080336
669.61,0.8907247139484344
669.8,0.9011201481722995
669.99,0.9034348157869313
670.18,0.9079687585929506
670.37,0.9036503808251879
670.56,0.9058066325366498
670.75,0.9033731053612124
670.94,0.8975682017127294
671.14,0.8833453385671183
671.33,0.8953282909173162
671.52,0.8998853824132634
671.71,0.8919506321729653
671.9,0.8883537723573579
672.09,0.8731218390218096
672.28,0.8896200389643364
672.47,0.8935286071022327
672.66,0.8836501218939906
672.85,0.9001255601223659
673.05,0.902683768789174
673.24,0.8823054653284836
673.43,0.8897257448869957
673.62,0.8918209306724232
673.81,0.8871021371040407
674.0,0.889941406926399
674.19,0.8953373731500577
674.38,0.8865044412521589
674.57,0.881569983565184
674.76,0.8818090672510615
674.95,0.8821003049426981
675.15,0.8749554468557742
675.34,0.8894945532378963
675.53,0.8890506268885263
675.72,0.8946308038564529
675.91,0.8922189098148586
676.1,0.8810518076468355
676.29,0.8973317516851146
676.48,0.906667074058272
676.67,0.8914070060634398
676.86,0.8917530413568127
677.05,0.9005246231899827
677.24,0.9118686727796927
677.43,0.8908456485288797
677.62,0.8914233646061849
677.81,0.8890630472184493
678.0,0.8901768648920355
678.2,0.9055155791933236
678.39,0.8841389792903942
678.58,0.8931680253362796
678.77,0.8913471563456394
678.96,0.8717854687639714
679.15,0.8743223842602628
679.34,0.8993797945032551
679.53,0.900939952664148
679.72,0.8783481412131303
679.91,0.9002638009314434
680.1,0.8820932595478828
680.29,0.8905087280548005
680.48,0.8938662683606567
680.67,0.8775005347014819
680.86,0.8680710748189716
681.05,0.8793178420041621
681.24,0.8683583836180739
681.43,0.87017242814473
681.62,0.868127001792976
681.81,0.8839920462427746
682.0,0.8752480670658226
682.19,0.8834689076870567
682.38,0.9061899260929336
682.57,0.8997470078925078
682.76,0.882328454862117
682.95,0.8943877833528234
683.14,0.9037552168211295
683.33,0.8955969781775047
683.52,0.8915416044849115
683.71,0.8915054483000805
683.9,0.9086100361238401
684.09,0.900279535013618
684.28,0.9163077616375694
684.47,0.903153680983538
684.66,0.9120210509619855
684.85,0.8946278928437119
685.04,0.8906931533363478
685.23,0.8882431279468365
685.42,0.9101354635155414
685.61,0.8882655264797024
685.8,0.8863762332748297
685.99,0.8966825003212562
686.18,0.8833525007112251
686.37,0.9011265674530161
686.56,0.88490894505663
686.75,0.8927932578867819
686.94,0.880379231359397
687.13,0.8838414174913296
687.32,0.8949718689344085
687.51,0.9058467337048514
687.7,0.8900766399853134
687.89,0.8920347995103398
688.08,0.8995070892525462
688.27,0.9015828879162097
688.46,0.8976502595032941
688.65,0.905153481099728
688.84,0.906307740868999
689.03,0.9170333258150557
689.22,0.912950333241508
689.41,0.9148551007231552
689.6,0.9102020624511974
689.79,0.9000469445800915
689.98,0.9111084475702386
690.17,0.8984392570630725
690.36,0.8845477527307896
690.55,0.891426143284766
690.74,0.9075276240728386
690.93,0.8912543801443896
691.12,0.8972972700281305
691.31,0.884210728302351
691.49,0.9012382347257318
691.68,0.8854444660030595
691.87,0.8827808650254806
692.06,0.8742489301022691
692.25,0.8931722381743935
692.44,0.9034407377269444
692.63,0.9125862052335619
692.82,0.9050179163846372
693.01,0.8913915093896211
693.2,0.9017273917695645
693.39,0.8907205437561972
693.58,0.8861717078764013
693.77,0.8807824623389241
693.96,0.8883732382023652
694.15,0.8862041923575451
694.33,0.8803877374392134
694.52,0.9119743939551322
694.71,0.8961008064531601
694.9,0.910855146478894
695.09,0.9044769999612241
695.28,0.8965901647676929
695.47,0.8793866341452768
695.66,0.8923000997976482
695.85,0.8706045384337621
696.04,0.8861562554811249
696.23,0.8813368344546088
696.42,0.8727527635031387
696.6,0.8812796229201614
696.79,0.8745814677251211
696.98,0.8723897707871421
697.17,0.8836449263213946
697.36,0.8775678948686371
697.55,0.8693084247029016
697.74,0.8637006353993704
697.93,0.882559078815504
698.12,0.8992887263413537
698.31,0.8996065181212839
698.49,0.8900107699055892
698.68,0.9034777268676871
698.87,0.8842273936377189
699.06,0.8829233492443086
699.25,0.8869066338868691
699.44,0.9096771375202967
699.63,0.9044181959468799
699.82,0.9008073224060337
700.0,0.9140660596940429
700.19,0.9049420521322455
700.38,0.8997692143067849
700.57,0.9070728391598515
700.76,0.9009897907033863
700.95,0.9085804815279205
701.14,0.9044821788954875
701.33,0.9295872225988364
701.51,0.9214956921859269
701.7,0.8915499367077242
701.89,0.9254764634691359
702.08,0.8935607042584913
702.27,0.9082167336941211
702.46,0.891460761894138
702.65,0.8914142137071869
702.83,0.893827231389047
703.02,0.8740997431091773
703.21,0.9261094980595115
703.4,0.8971626011798709
703.59,0.8911882370273122
703.78,0.8948269832345025
703.97,0.9166339363321927
704.15,0.9064234388891199
704.34,0.8896907687567052
704.53,0.8896426446227188
704.72,0.8731628721265864
704.91,0.8793499733509725
705.1,0.8672509533737806
705.28,0.8784290566294931
705.47,0.8839277184316584
705.66,0.896434397874732
705.85,0.902992582088919
706.04,0.9036330911272582
706.23,0.903618202123207
706.41,0.884634251750192
706.6,0.9143796497071511
706.79,0.9108604267119343
706.98,0.9237824719042881
707.17,0.9152243459120492
707.35,0.9309288356836999
707.54,0.9213423446313329
707.73,0.9174987445249311
707.92,0.9188778887704069
708.11,0.918591843010982
708.3,0.8871168829313077
708.48,0.8965342422559136
708.67,0.8912158308261916
708.86,0.8862268545572608
709.05,0.8942630040771645
709.24,0.8963157210957097
709.42,0.8906567067846312
709.61,0.8745342434266412
709.8,0.883852791347975
709.99,0.903685578428544
710.18,0.9095279982844837
710.36,0.8901931360002474
710.55,0.8852518508053234
710.74,0.9154284277845314
710.93,0.9011395223902329
711.12,0.9128331919800783
711.3,0.9032635488138006
711.49,0.9201455490152289
711.68,0.9023112612953115
711.87,0.9345418659923177
712.05,0.9101561790775957
712.24,0.9196289704588954
712.43,0.9091464239643511
712.62,0.9074454968413984
712.81,0.9144102999020429
712.99,0.9033650451303994
713.18,0.9096969843625868
713.37,0.902502673393185
713.56,0.8954825889975496
713.74,0.8972242680886959
713.93,0.8948943920202419
714.12,0.8786417434904168
714.31,0.885200101386167
714.49,0.9056568218133086
714.68,0.8826656802166387
714.87,0.8911459815155107
715.06,0.8766269709668667
715.24,0.884881969104555
715.43,0.8828610438405039
715.62,0.8835701276224844
715.81,0.883872051004194
715.99,0.9011991537502336
716.18,0.8735281615607204
716.37,0.8986150376510198
716.56,0.8904579818635582
716.74,0.8878262671045726
716.93,0.880530831298302
717.12,0.9058207112429354
717.31,0.8965453727591784
717.49,0.9011939594128404
717.68,0.8918822184979531
717.87,0.8912653404765785
718.06,0.8997152938435582
718.24,0.8958464065109587
718.43,0.9172942725283646
718.62,0.8905427941096156
718.8,0.8981659331224563
718.99,0.8928503296922915
719.18,0.9008946888801613
719.37,0.9112319037871525
719.55,0.8989678645673548
719.74,0.8893678643509746
719.93,0.9011018354494672
720.11,0.8999695968051994
720.3,0.8898818105655366
720.49,0.8997878506743893
720.68,0.8899002358699594
720.86,0.9011005418964602
721.05,0.8842515312682765
721.24,0.9075662407639529
721.42,0.8914947033775495
721.61,0.9104547017990263
721.8,0.9118201507307994
721.98,0.9062856644462131
722.17,0.9042673234144737
722.36,0.9004923224219585
722.55,0.8823942575098501
722.73,0.8839491718930966
722.92,0.8717658602462519
723.11,0.8978277222135904
723.29,0.8971022339686823
723.48,0.8931818585926398
723.67,0.9033184734430767
723.85,0.8997068602587033
724.04,0.9089526409629274
724.23,0.9072485472554593
724.41,0.8794797862547489
724.6,0.9033426360269806
724.79,0.8916463666004573
724.97,0.889179420437018
725.16,0.8893782762684673
725.35,0.884827812185155
725.53,0.8782417859598715
725.72,0.909073832207364
725.91,0.9001402097826771
726.09,0.9004100121395319
726.28,0.9006077940650697
726.47,0.8820916167009177
726.65,0.9043181925349699
726.84,0.9126082996975591
727.03,0.9263754938094503
727.21,0.9237290740581864
727.4,0.8854804200832392
727.59,0.90286499840791
727.77,0.8853700481731417
727.96,0.8922041343703564
728.15,0.914361103514426
728.33,0.8948339163905303
728.52,0.8951734072743205
728.7,0.9013520789683502
728.89,0.8892738107482925
729.08,0.892863360252599
729.26,0.8990395905437567
729.45,0.8975246015839801
729.64,0.9120427375339588
729.82,0.8981135494724998
730.01,0.8781401930048724
730.2,0.872748343999731
730.38,0.8859944948425484
730.57,0.8701213757790381
730.75,0.8904971674577166
730.94,0.9097258962857044
731.13,0.9101819748851718
731.31,0.9153994740096036
731.5,0.9073918204872892
731.68,0.9059076095891073
731.87,0.916650355476484
732.06,0.8840177916546105
732.24,0.9063453960492008
732.43,0.8949759213553687
732.62,0.899853481360589
732.8,0.9037983985346806
732.99,0.8870423588881673
733.17,0.9111279063160185
733.36,0.9037656034727463
733.55,0.9139391515039622
733.73,0.8937338096261431
733.92,0.8955096114303306
734.1,0.8885712029209862
734.29,0.8881670278995115
734.48,0.9127552728802818
734.66,0.9170694026578952
734.85,0.8873306804183749
735.03,0.8860489096720328
735.22,0.9030111832017685
735.4,0.8976197387652104
735.59,0.8923043601101006
735.78,0.8713874548111998
735.96,0.8813736635729564
736.15,0.9012436565347158
736.33,0.8993568084920525
736.52,0.8913947528653875
736.7,0.8852780489199371
736.89,0.8694157660068934
737.08,0.8959398513106005
737.26,0.907791259502215
737.45,0.8753242207421972
737.63,0.8883741002469704
737.82,0.8731198901289211
738.0,0.8975634712963719
738.19,0.9021898902021028
738.38,0.8937804466366839
738.56,0.8798432770451005
738.75,0.9072676479172748
738.93,0.8854684328922451
739.12,0.8703734875546891
739.3,0.8995334045406725
739.49,0.8878922459822783
739.67,0.9078673492013914
739.86,0.9021843027073844
740.04,0.8942813856995766
740.23,0.8988913202926575
740.42,0.9147298968797197
740.6,0.9114576575088766
740.79,0.9023390035731945
740.97,0.8971536853639285
741.16,0.915900506429182
741.34,0.9198176417366986
741.53,0.9064104962600269
741.71,0.9462833582063097
741.9,0.9232813858808405
742.08,0.9259154125776956
742.27,0.9078349858882138
742.45,0.8910247972886626
742.64,0.9100878137962122
742.82,0.9060307738967306
743.01,0.8984870021865752
743.19,0.9016725394923579
743.38,0.9211053169872088
743.57,0.9243584074208011
743.75,0.9072380556557845
743.94,0.9276649496622721
744.12,0.9122505237514749
744.31,0.9327074123771509
744.49,0.9264530149360611
744.68,0.9285858054470572
744.86,0.9107248396893886
745.05,0.8973656906683041
745.23,0.9111718726428183
745.42,0.9169828870803692
745.6,0.9310680233059186
745.79,0.9173271978281362
745.97,0.8958343448670244
746.16,0.9096689366629295
746.34,0.896634371405896
746.52,0.8816797052351326
746.71,0.9231027951181755
746.89,0.9067116423187263
747.08,0.8991466527117573
747.26,0.9147278030864286
747.45,0.8996792902709877
747.63,0.8994001385020267
747.82,0.9172257759025455
748.0,0.8973430042091763
748.19,0.905057102042784
748.37,0.8986726863132166
748.56,0.9154587640006611
748.74,0.8946106888518327
748.93,0.8777703863823005
749.11,0.9000066552494423
749.3,0.9010121293532795
749.48,0.8927575181777989
749.67,0.9038389105740302
749.85,0.9067286528870036
750.03,0.9192175373331642
750.22,0.9091100830711522
750.4,0.9051750937888119
750.59,0.9019170543116671
750.77,0.8974317842762958
750.96,0.9198707528195097
751.14,0.8950715653052608
751.33,0.8776526090490633
751.51,0.8826309810566433
751.69,0.8987888185961019
751.88,0.8911953800089415
752.06,0.9001089501184708
752.25,0.8840638102708227
752.43,0.9038358342811101
752.62,0.9118356421859052
752.8,0.9064717889819967
752.99,0.9202428464688592
753.17,0.9063114586799895
753.35,0.9089238658215227
753.54,0.9160743441776952
753.72,0.9070723985285667
753.91,0.9228872818150455
754.09,0.9124355132920027
754.28,0.9129011786570366
754.46,0.9133977174832039
754.64,0.8985706790805688
754.83,0.8971827669678171
755.01,0.8969206732621828
755.2,0.8702046646193076
755.38,0.8931679841611243
755.56,0.8832359036858014
755.75,0.901705443958771
755.93,0.899574925138909
756.12,0.8758687546366307
756.3,0.8847396368944737
756.48,0.9018381683512715
756.67,0.8836734265248455
756.85,0.91611442277941
757.04,0.9023058130293369
757.22,0.91898308333892
757.4,0.8994985908089582
757.59,0.9217882292282559
757.77,0.925411227831866
757.96,0.9113774059096119
758.14,0.9217926102072929
758.32,0.910306567524013
758.51,0.9214914582404432
758.69,0.8888628140007057
758.87,0.9171749388155763
759.06,0.9012722188835748
759.24,0.919521119251299
759.43,0.9170517621325518
759.61,0.9193658607880016
759.79,0.9151091975546651
759.98,0.9326102582835749
760.16,0.9205614848224055
760.34,0.9153187349627472
760.53,0.9189375505298932
760.71,0.9184020051261819
760.9,0.9290395824533537
761.08,0.9186142203872294
761.26,0.9340587520416839
761.45,0.9220960744454779
761.63,0.9405550706851079
761.81,0.9423059388444518
762.0,0.9071462558718029
762.18,0.9346474148692275
762.36,0.9040332743025054
762.55,0.9142875428876726
762.73,0.8861783545577957
762.91,0.910578078928679
763.1,0.9357831355996976
763.28,0.9077832072250391
763.46,0.89603801363074
763.65,0.893379378445541
763.83,0.9069515453204338
764.01,0.8955993976180697
764.2,0.8905779554006548
764.38,0.9060245995713422
764.56,0.9142394759720631
764.75,0.9254079534320222
764.93,0.9209239589512301
765.11,0.9032805917279482
765.3,0.9101743143267874
765.48,0.9179084169953243
765.66,0.909914922824504
765.85,0.9087170199673794
766.03,0.8915524720336154
766.21,0.8889944652516147
766.4,0.9086538129233236
766.58,0.8994801532434764
766.76,0.9036211307584456
766.95,0.8991410572951999
767.13,0.9309625140390106
767.31,0.9133690100211707
767.49,0.9111754559735004
767.68,0.9435034199806457
767.86,0.9395565943510963
768.04,0.9145369036762324
768.23,0.9348686729319383
768.41,0.916366121815313
768.59,0.9049021964370204
768.78,0.8913544526892736
768.96,0.9107227919766818
769.14,0.9052102204115827
769.32,0.8961455663190592
769.51,0.9112342303326013
769.69,0.9020340512987891
769.87,0.8974425956216184
770.06,0.881653104794527
770.24,0.8884496348531212
770.42,0.8977449958251754
770.6,0.895043717199599
770.79,0.8977764468889837
770.97,0.9149668237818352
771.15,0.9194346012408222
771.33,0.907956920603278
771.52,0.9093860956499454
771.7,0.9062084357907986
771.88,0.8974146207887586
772.07,0.8792811011651003
772.25,0.8803331572826704
772.43,0.8995703631448535
772.61,0.8752444968457901
772.8,0.882590364804942
772.98,0.8755137120049602
773.16,0.8939929978393472
773.34,0.9116435392778014
773.53,0.9018475834928624
773.71,0.8898001239117529
773.89,0.8962163979381272
774.07,0.901940512361431
774.26,0.8906401720155113
774.44,0.8880089981340167
774.62,0.8837681527535393
774.8,0.9093648041553831
774.99,0.9039456641951368
775.17,0.9041699873458185
775.35,0.9111018570657121
775.53,0.8872080062092127
775.71,0.8823369937432253
775.9,0.8903200322090432
776.08,0.8792563017074919
776.26,0.8937415705398594
776.44,0.8881753168826186
776.63,0.8965908908806344
776.81,0.8846842417832386
776.99,0.8792463345271561
777.17,0.9002232940727835
777.35,0.8741291037623099
777.54,0.8924870659235548
777.72,0.8854591347146609
777.9,0.8900325507058463
778.08,0.8797587799852582
778.27,0.8718684188785515
778.45,0.8789972863322496
778.63,0.86993339882169
778.81,0.8919721641155322
778.99,0.9014915410074531
779.18,0.8843832224867649
779.36,0.8940122539326911
779.54,0.897811818027967
779.72,0.9081467661383942
779.9,0.9235468765245051
780.08,0.9251070380526291
780.27,0.9136171801620139
780.45,0.9302273581160322
780.63,0.8991452521643535
780.81,0.9103266744958716
780.99,0.8909188351149859
781.18,0.8958984146259937
781.36,0.8893748615860996
781.54,0.8784548782863693
781.72,0.8814603949618566
781.9,0.8926386794562622
782.08,0.9091612855940964
782.27,0.9178391992084602
782.45,0.9209745080229466
782.63,0.9335221597161429
782.81,0.9499373940173924
782.99,0.9226396971463419
783.17,0.94271530522842
783.36,0.9306211938198484
783.54,0.9336090781535374
783.72,0.8963688698904566
783.9,0.9119094741136978
784.08,0.9365220544542479
784.26,0.9215682857100841
784.45,0.9330630509294507
784.63,0.9519752386639785
784.81,0.9563456832421078
784.99,0.9489926525484664
785.17,0.9615050502367289
785.35,0.9571370772834725
785.53,0.9437250415590629
785.72,0.9457682955966887
785.9,0.9332145131198092
786.08,0.9360375201816619
786.26,0.9275504619017851
786.44,0.9449146679557718
786.62,0.9489850007016452
786.8,0.949769612294471
786.99,0.9189037442340193
787.17,0.9191272264150188
787.35,0.9219702430733999
787.53,0.9320283553163321
787.71,0.9306036486392695
787.89,0.9452321757723218
788.07,0.93372540398571
788.25,0.9290649896208797
788.43,0.9402364506556792
788.62,0.9242852432073725
788.8,0.9238762068244654
788.98,0.9416188406460989
789.16,0.9245093669660593
789.34,0.9098403275585222
789.52,0.9335746587674937
789.7,0.9238830693609725
789.88,0.9049317078446102
790.06,0.9455111992515368
790.25,0.909067805377142
790.43,0.9178930995560693
790.61,0.9203766869256187
790.79,0.9033540923690534
790.97,0.9460955799971694
791.15,0.9220018437385344
791.33,0.9388050260410065
791.51,0.9427920735551993
791.69,0.9270132765075391
791.87,0.9086853396518944
792.05,0.9237175165055612
792.24,0.9137555011891193
792.42,0.8831462607504003
792.6,0.8941242650726826
792.78,0.8878868183915173
792.96,0.8892580519036515
793.14,0.9044542324961226
793.32,0.8894690804993771
793.5,0.8874730935159242
793.68,0.9252037305924624
793.86,0.9147599455595012
794.04,0.9170244035107535
794.22,0.9118186152259428
794.4,0.9104578104048452
794.58,0.9157964348523503
794.76,0.9103053940013022
794.95,0.9219115386238348
795.13,0.9251295420513428
795.31,0.920459162360589
795.49,0.9334111853785291
795.67,0.8987157300300573
795.85,0.9133382482152487
796.03,0.8898154920094736
796.21,0.9101342399303792
796.39,0.9166142717880978
796.57,0.9019265679440808
796.75,0.9207429569503112
796.93,0.9162777791294135
797.11,0.9146793723815
797.29,0.9043434388344297
797.47,0.9071891803581449
797.65,0.9325984742871491
797.83,0.9384783154992704
798.01,0.9143452716858245
798.19,0.9280878381216328
798.37,0.9248328172349157
798.55,0.9216846518179299
798.73,0.9170842619849686
798.91,0.9052083101232448
799.09,0.9329097070679595
799.27,0.9284191140513067
799.45,0.938749538671973
799.63,0.9204803905068727
799.81,0.9286469973269229
799.99,0.9009636150954019
800.17,0.9147029603145413
800.35,0.9225154438246849
800.53,0.8669240015620432
800.71,0.9164377720638189
800.89,0.9325665268028978
801.07,0.9049943121105014
801.25,0.915562292983499
801.43,0.922993589495089
801.61,0.9177278289323172
801.79,0.9279186734198607
801.97,0.9077849655817026
802.15,0.8815972014034333
802.33,0.9117612940462287
802.51,0.9046308147582521
802.69,0.9011824547827089
802.87,0.8871888463002172
803.05,0.881423030270717
803.23,0.901671607170514
803.41,0.9064559853758841
803.59,0.8851297875969402
803.77,0.9176883185643223
803.95,0.9145738805030315
804.13,0.9197053201270263
804.31,0.9073525505990387
804.49,0.8792363918941113
804.67,0.8960513760465152
804.85,0.879562439077223
805.03,0.8886784209325757
805.21,0.9081452219031055
805.39,0.9143515877785052
805.57,0.9185626403671516
805.75,0.9329523758322712
805.93,0.9242092099619135
806.11,0.9185478206108654
806.29,0.8931525791124911
806.47,0.9102018731904331
806.65,0.9057282269021486
806.83,0.9225721244374432
807.0,0.9288746403788618
807.18,0.9321003451298729
807.36,0.924452825359545
807.54,0.8983934241775502
807.72,0.9358273432053812
807.9,0.8990790428011833
808.08,0.9091773660319095
808.26,0.9140811272816233
808.44,0.9168527038209258
808.62,0.9203975249881009
808.8,0.9083495317126579
808.98,0.8883606177811348
809.16,0.9114517723944822
809.34,0.9236246786829118
809.51,0.8893905618745844
809.69,0.9006257862427849
809.87,0.9314960623800466
810.05,0.9171271537411632
810.23,0.9442061272753276
810.41,0.9412221049390507
810.59,0.8875033624551185
810.77,0.9148325230733124
810.95,0.8970792370802042
811.13,0.9080300685067791
811.31,0.8909004193708095
811.48,0.9110760485724291
811.66,0.8887789357355695
811.84,0.9118956416143889
812.02,0.9284036890095916
812.2,0.9425089269711717
812.38,0.9111847399366005
812.56,0.9204784167195559
812.74,0.9163967437634377
812.92,0.9302452706759505
813.1,0.9463177629098896
813.27,0.9468511774783319
813.45,0.931432073605509
813.63,0.9239486453949857
813.81,0.9627341161291404
813.99,0.9242192374199311
814.17,0.9276456804437642
814.35,0.9346934392243755
814.53,0.9261483678141392
814.7,0.9356507126038763
814.88,0.8986456284455484
815.06,0.9264406184565047
815.24,0.9145634412378811
815.42,0.9137704865950387
815.6,0.9107904362453965
815.78,0.9215860927398104
815.95,0.949699068210323
816.13,0.9059934230919324
816.31,0.9082886210049679
816.49,0.9252441572344596
816.67,0.9183035962901879
816.85,0.9235648257881014
817.03,0.918153647773962
817.2,0.9314780775473495
817.38,0.9573731115749542
817.56,0.934758246191682
817.74,0.923518093850174
817.92,0.9181978444263261
818.1,0.9366096758246897
818.27,0.8984995990702227
818.45,0.8779504753077763
818.63,0.9119750679412596
818.81,0.8881195923844011
818.99,0.9363324145480054
819.17,0.9295115945206764
819.34,0.9170535661812905
819.52,0.9324644129328111
819.7,0.9499806898055804
819.88,0.9493374159917484
820.06,0.9326783278555894
820.24,0.943786947057914
820.41,0.9379506684583324
820.59,0.9187990576931625
820.77,0.9223989194321326
820.95,0.9067311811471012
821.13,0.9243962906344181
821.3,0.9228488568402259
821.48,0.9236060287416754
821.66,0.9252009640570258
821.84,0.9409044451677863
822.02,0.910544123190785
822.19,0.893008637062116
822.37,0.9040034531131974
822.55,0.9028615994431664
822.73,0.9079129758047593
822.91,0.9258857169805691
823.08,0.9015377034254493
823.26,0.8920902473176407
823.44,0.8726387120528625
823.62,0.9168326287336671
823.8,0.8914843240255405
823.97,0.8985323859692265
824.15,0.9133754630981202
824.33,0.9000655067428083
824.51,0.9048763301432771
824.69,0.8975261787438331
824.86,0.8668267331657336
825.04,0.8858136628592902
825.22,0.8854818918338617
825.4,0.8921442248726581
825.57,0.8668254541587345
825.75,0.9015342736700093
825.93,0.8673389333739181
826.11,0.8975057309614636
826.28,0.8986942850365166
826.46,0.9116030465000076
826.64,0.9285207969290865
826.82,0.8889964595324256
826.99,0.8848231146354864
827.17,0.9296198850292134
827.35,0.8925880427967765
827.53,0.956235956412272
827.7,0.9280528734762101
827.88,0.9567595900108559
828.06,0.949729227929001
828.24,0.9003017233784312
828.41,0.9154483095071152
828.59,0.8752647513809901
828.77,0.894765997913416
828.95,0.8935156535572523
829.12,0.8785776164093477
829.3,0.8976171190205782
829.48,0.9021843868476919
829.66,0.9006055730598199
829.83,0.8971521956628273
830.01,0.9049167326670237
830.19,0.9116721065249415
830.36,0.8920268874012924
830.54,0.9162905365774097
830.72,0.9560964476284531
830.9,0.9082008602853687
831.07,0.8820255818521581
831.25,0.9150289492279293
831.43,0.9359577622362206
831.6,0.9436137351328525
831.78,0.9555621095953019
831.96,0.9163185400341
832.14,0.9228259039710845
832.31,0.9370612833194917
832.49,0.9132204064598364
832.67,0.9280030943265075
832.84,0.9201980138301401
833.02,0.8921815073904362
833.2,0.9015249854291745
833.37,0.9108292281216197
833.55,0.9376287048981979
833.73,0.932455384896169
833.91,0.9408537937571271
834.08,0.9233097277794189
834.26,0.913702391849405
834.44,0.8949856011396206
834.61,0.9188883275528333
834.79,0.9069464542491288
834.97,0.9117404684267532
835.14,0.899855100986211
835.32,0.9198673352099043
835.5,0.8985334450311282
835.67,0.9540567436430023
835.85,0.9276189890091163
836.03,0.9618759830618224
836.2,0.9677580424822279
836.38,0.9098710994853543
836.56,0.968132475667698
836.73,0.9029948354682117
836.91,0.9228578327204933
837.09,0.9317148234172209
837.26,0.903625509731205
837.44,0.8984508332684603
837.62,0.902454382138587
837.79,0.9097556284827749
837.97,0.8815583456512812
838.14,0.8910171184142539
838.32,0.9222959477091849
838.5,0.8604562662187197
838.67,0.8843491921059665
838.85,0.9214265702158542
839.03,0.8931620781210912
839.2,0.8987933732650999
839.38,0.9151800447076258
839.56,0.9044275335946778
839.73,0.9290747092398909
839.91,0.9014342602717742
840.08,0.8952486464494727
840.26,0.9383616650188011
840.44,0.9001583030120873
840.61,0.9164454770150874
840.79,0.8856835469928852
840.97,0.917156799151222
841.14,0.8751534596971898
841.32,0.9000869392450332
841.49,0.8895016290111435
841.67,0.8726327029025439
841.85,0.8799350256393923
842.02,0.8897034291845881
842.2,0.8643932188866679
842.37,0.8951733176955814
842.55,0.902375093258488
842.73,0.8937432247510687
842.9,0.8720132422708606
843.08,0.8730653678950512
843.25,0.871854713554565
843.43,0.869258504467785
843.61,0.8717888583029476
843.78,0.8841003442175379
843.96,0.8508927604548205
844.13,0.8841325605252084
844.31,0.8861156818714283
844.49,0.9003222870749882
844.66,0.8770151682930926
844.84,0.8939583216969939
845.01,0.8544204452801417
845.19,0.8942905854324269
845.37,0.9155139453948336
845.54,0.8807378807378807
845.72,0.8822832962125676
845.89,0.8583883316562857
846.07,0.8902070626790003
846.24,0.8787513115743212
846.42,0.8904966668617122
846.59,0.867184489959468
846.77,0.903833326278639
846.95,0.8835480154990051
847.12,0.9234653968679398
847.3,0.8977376480743555
847.47,0.9137956359244692
847.65,0.904195391210989
847.82,0.860059038593316
848.0,0.8827415063827885
848.17,0.8853782478696143
848.35,0.8549460462140965
848.53,0.8610686262223947
848.7,0.8626721061468074
848.88,0.8637026608734943
849.05,0.8557332138552354
849.23,0.86532109129228
849.4,0.8260495810739886
849.58,0.8219809054640276
849.75,0.8244428088792282
849.93,0.8108704675790575
850.1,0.8162860709303179
850.28,0.7902013717172176
850.45,0.7834559692876915
850.63,0.7368281044032392
850.8,0.7485024789368231
850.98,0.7436738039135334
851.16,0.7448318027818087
851.33,0.7211853652158531
851.51,0.7500509436633083
851.68,0.7552524704162972
851.86,0.6922048261794059
852.03,0.7323118332555145
852.21,0.6981605773729661
852.38,0.6767859449683503
852.56,0.662721523151707
852.73,0.6574092264828276
852.91,0.5906881505496916
853.08,0.6405226256430057
853.26,0.5701757917877937
853.43,0.5834596852172359
853.61,0.5740640032057164
853.78,0.5756818994255501
853.96,0.5508825643929143
854.13,0.5146751392139797
854.31,0.4924021721587417
854.48,0.4693526415296847
854.66,0.4847782455166974
854.83,0.49159866150184667
855.0,0.4647613748278222
855.18,0.47472592370070854
855.35,0.41775592280333107
855.53,0.40946525905001446
855.7,0.40595132542269985
855.88,0.39828632618689175
856.05,0.3824200549593338
856.23,0.3579816351018236
856.4,0.3976455188212093
856.58,0.343259761055616
856.75,0.356273162275232
856.93,0.3238920544334786
857.1,0.32749470263780783
857.28,0.312059302447254
857.45,0.2990057166301473
857.62,0.33873685401914233
857.8,0.3149127363864206
857.97,0.29890698799371695
858.15,0.2796199900900475
858.32,0.2846838040503662
858.5,0.28884382470860737
858.67,0.24538358360091966
858.85,0.2522070878476585
859.02,0.26677586829173494
859.19,0.2376660966883704
859.37,0.24196198692584617
859.54,0.23221091857789292
859.72,0.25737483603496647
859.89,0.24450344123279624
860.07,0.22461991266611064
860.24,0.23131817832933024
860.41,0.21358780884746265
860.59,0.2033565067656999
860.76,0.1949892393765769
860.94,0.186992412830036
861.11,0.18343204360028972
861.29,0.21891065577335048
861.46,0.20222005968848045
861.63,0.1717582773399855
861.81,0.18182995194100746
861.98,0.1581454805973025
862.16,0.1767402341090297
862.33,0.16946511363614478
862.5,0.1885551409743934
862.68,0.16902885490910236
862.85,0.1733499362230717
863.03,0.16593887360238047
863.2,0.17666744811774246
863.37,0.17165617182601842
863.55,0.17942944958884927
863.72,0.16361189184909547
863.9,0.1500288884822341
864.07,0.18556840221595963
864.24,0.17652435070615918
864.42,0.15197651638855844
864.59,0.17815555864871435
864.77,0.15466103914883095
864.94,0.16232928846867592
865.11,0.1356032970197146
865.29,0.14603316215970522
865.46,0.15314429192475698
865.63,0.14026750345238947
865.81,0.16690721354172408
865.98,0.16859902653017694
866.16,0.16962108274675625
866.33,0.1654879959101545
866.5,0.1519395631740162
866.68,0.1872441865695138
866.85,0.15487492348076906
867.02,0.14901080126068642
867.2,0.16281799129453492
867.37,0.1569384762483667
867.54,0.15155413913325924
867.72,0.17396667461750778
867.89,0.17071768190457265
868.06,0.17680955332709866
868.24,0.16358899103250799
868.41,0.1393318744812272
868.59,0.15260906425746998
868.76,0.1589847472196494
868.93,0.18673062654988717
869.11,0.16337689909949077
869.28,0.15950745289340126
869.45,0.18624430039066842
869.63,0.19817453985518205
869.8,0.19020431662565715
869.97,0.19303623600208453
870.15,0.18043431624716086
870.32,0.19122173759336364
870.49,0.2027870478319526
870.66,0.19960202297329283
870.84,0.21212613972936875
871.01,0.20833204252287119
871.18,0.21695103831447304
871.36,0.19998441825304272
871.53,0.2317548046727798
871.7,0.21728950146880321
871.88,0.2303353871235432
872.05,0.23111564832714296
872.22,0.25561774660656866
872.4,0.26363136588535163
872.57,0.24673881013586196
872.74,0.2553394508913072
872.92,0.27719776385113476
873.09,0.2790942961706265
873.26,0.3000880696164703
873.43,0.2769246697626028
873.61,0.3218454284065609
873.78,0.3538978654035899
873.95,0.3437923001250864
874.13,0.35324928069158523
874.3,0.3345328357231716
874.47,0.3827121332275972
874.64,0.4299538834361298
874.82,0.40133388040949164
874.99,0.4009291999656045
875.16,0.443108684976993
875.34,0.4562130413405446
875.51,0.472926339987056
875.68,0.4883785893275274
875.85,0.4978905385783026
876.03,0.4941553958003331
876.2,0.4793184479390794
876.37,0.54371307379788
876.54,0.49834410519864164
876.72,0.4882920717356052
876.89,0.5217127637122347
877.06,0.5403340513980252
877.23,0.5540807815372427
877.41,0.5192424467135474
877.58,0.4945766744635084
877.75,0.5727356349680073
877.92,0.5474352489849617
878.1,0.5608715602708678
878.27,0.5769610565018384
878.44,0.5782491730981257
878.61,0.5514807896400507
878.79,0.5703055635034645
878.96,0.5964593420085704
879.13,0.589018870879336
879.3,0.5463809865694358
879.48,0.58241675390241
879.65,0.5494886057261165
879.82,0.5827474524054033
879.99,0.5357756902766343
880.16,0.5712476341735906
880.34,0.5611674589178237
880.51,0.578576336360023
880.68,0.5071213285266828
880.85,0.5450324207386187
881.03,0.5522020745412667
881.2,0.5277095761056796
881.37,0.5766844044207942
881.54,0.5637209331640033
881.71,0.5413451214866172
881.89,0.5835827166908834
882.06,0.5169855190310869
882.23,0.5500109105239331
882.4,0.5251682909675475
882.57,0.5310792315773079
882.75,0.4975632802021669
882.92,0.5404929409254347
883.09,0.5056766270978306
883.26,0.5102098185538569
883.43,0.5047836904257172
883.61,0.47297745619993997
883.78,0.48240130705478446
883.95,0.45193046778265555
884.12,0.48370943853063325
884.29,0.4210135079819894
884.47,0.4355195001832874
884.64,0.43565125033698526
884.81,0.42959129503033777
884.98,0.40266556682377125
885.15,0.42297446156159396
885.32,0.37446125186537893
885.5,0.38794240546112435
885.67,0.42487691911827774
885.84,0.41063935877562235
886.01,0.38608590281387506
886.18,0.3522282355422363
886.35,0.36209270307480496
886.53,0.38796682583563713
886.7,0.3572265247018161
886.87,0.3624528772638566
887.04,0.34694034736396195
887.21,0.3320907483600192
887.38,0.3760136279064897
887.55,0.3352725121404097
887.73,0.3336349726624967
887.9,0.2915880645282337
888.07,0.29806251788509774
888.24,0.32110882094328813
888.41,0.3373483922228793
888.58,0.3706473484078169
888.75,0.3073964899884815
888.93,0.31188367462717853
889.1,0.29203279068054344
889.27,0.3156891790567108
889.44,0.31054141825041875
889.61,0.28356086777823447
889.78,0.2449699769053118
889.95,0.23931571480656563
890.12,0.2752024749257941
890.3,0.27712501117455235
890.47,0.2753259352239613
890.64,0.24778810264241583
890.81,0.3235240350827304
890.98,0.2185123866749005
891.15,0.24072723906074603
891.32,0.2597106098220761
891.49,0.2728011328906556
891.66,0.20915726858193695
891.84,0.2207279776663125
892.01,0.23680472330600794
892.18,0.27957672973329656
892.35,0.2509171882429805
892.52,0.19159605168832605
892.69,0.2099590504705878
892.86,0.24932399144035897
893.03,0.19516330151087827
893.2,0.2380712358975369
893.37,0.18952382094995865
893.55,0.22166140823096442
893.72,0.23671737018287098
893.89,0.270175492622689
894.06,0.22599211532987326
894.23,0.2521489612832459
894.4,0.18965808688625302
894.57,0.1992883585818121
894.74,0.19117509809729794
894.91,0.2108215714769176
895.08,0.19183809075555805
895.25,0.1754415351491803
895.42,0.17920310435002676
895.59,0.2131072902751947
895.76,0.216952218833848
895.94,0.24054192342773245
896.11,0.20166811195698123
896.28,0.18065166562989343
896.45,0.245279565628527
896.62,0.2600344817156166
896.79,0.18141684515586654
896.96,0.16418593030789366
897.13,0.18949015962927082
897.3,0.19436177968938437
897.47,0.19423408546523382
897.64,0.1740160469103808
897.81,0.1989731114990867
897.98,0.1784760457355144
898.15,0.1711853154007074
898.32,0.19510861721343384
898.49,0.16315112733777995
898.66,0.1608692803319865
898.83,0.1546345309156437
899.0,0.21623838041748494
899.17,0.13550920995277066
899.34,0.14755109503522357
899.51,0.17342043022862938
899.68,0.1753067024004806
899.85,0.18933080606726116
900.02,0.19425186875037986
900.19,0.18821343243960714
900.36,0.2324822293906467
900.53,0.2270224376002344
900.7,0.2233100593029372
900.87,0.2029966478344615
901.04,0.2125459185931576
901.21,0.19541840308848724
901.38,0.19611406275531176
901.55,0.20306520518969673
901.72,0.17620632832645544
901.89,0.22505040663608442
902.06,0.19569659014680962
902.23,0.18324250339672216
902.4,0.1671984217832875
902.57,0.1513964825609126
902.74,0.20487014100096487
