Wavelength [nm],#23-Edmund-46158.csv
400.08,0.0357491583718321
400.29,0.04684754534973296
400.5,0.013109481346497637
400.71,0.051935946596116445
400.92,0.01051587000217715
401.13,0.03366620499361388
401.34,0.054709351893862015
401.54,0.0507114829804632
401.75,0.026559291614298108
401.96,0.08042398564013761
402.17,0.04624916081217528
402.38,0.07529148539465512
402.59,0.04821230723874108
402.8,0.08838787427395126
403.01,0.03974695457698825
403.22,0.04712587718651191
403.43,0.05440770325414893
403.63,0.04238712834351553
403.84,0.03314531794883802
404.05,0.07935090927416456
404.26,0.04247540266230013
404.47,0.04421034072376256
404.68,0.047924928544958154
404.89,0.07793012286785979
405.1,0.04047247718149981
405.31,0.08148546101672155
405.52,0.053965876377934374
405.72,0.0392178836059475
405.93,0.056790146662844675
406.14,0.028391712001599838
406.35,0.06051365764410802
406.56,0.05695604324464302
406.77,0.03449116832792132
406.98,-0.007578636179532208
407.19,0.08074332695123329
407.39,0.026848518873220883
407.6,0.053845793417191
407.81,-0.0032525666591096806
408.02,0.02424146905602676
408.23,0.06250518728841328
408.44,0.039309869924675486
408.65,0.022295551744350176
408.86,-0.004254248828021619
409.06,0.0747185087633865
409.27,0.09201486653902471
409.48,0.04764284171702248
409.69,0.037987104617589
409.9,0.06488754054667854
410.11,0.033973718366043744
410.32,0.013812908507348306
410.52,0.05626563224198193
410.73,0.03013328419630248
410.94,-0.0005944846384360163
411.15,0.022240848710458134
411.36,0.04916820114300263
411.57,0.022459538496146285
411.78,0.03978953229848004
411.98,0.06839929999627661
412.19,0.01524806091081212
412.4,0.024844596986195722
412.61,-0.012232497605025778
412.82,0.04881822331559966
413.03,0.02260229071063811
413.23,0.038989336070897364
413.44,0.005202295204094917
413.65,0.028336295466266974
413.86,0.045599269082754273
414.07,0.02764701683466269
414.28,0.013223750502784537
414.48,0.08141115322834587
414.69,0.02610343914633355
414.9,0.06236898297608223
415.11,0.0506632677494576
415.32,0.0358153284971615
415.53,0.06663890510378986
415.73,0.04223909955616807
415.94,0.035050566010131526
416.15,0.033216019924296826
416.36,0.04764022416268758
416.57,0.007589072028587858
416.78,0.02214735467305848
416.98,0.03802366030201383
417.19,0.01353250873560481
417.4,-0.002674620778341237
417.61,0.014054906081702392
417.82,0.043494991794465546
418.02,0.012877226215016661
418.23,0.03193520245582404
418.44,0.003694868918303235
418.65,0.012680821491925938
418.86,0.041428872547654975
419.07,0.0189551241588318
419.27,0.07176177287571735
419.48,0.0478509631565402
419.69,0.029541515401971797
419.9,0.028842454349521145
420.11,0.007906160090509623
420.31,0.012553179933740104
420.52,0.028162478215585818
420.73,-0.0015544704742048942
420.94,0.010102762902626895
421.15,0.0405215390515148
421.35,0.03830792750400924
421.56,0.06048674464126207
421.77,0.02647325415327399
421.98,0.028417192580153797
422.19,0.0727654279718462
422.39,0.029371972242831616
422.6,0.0190061200198032
422.81,0.008590902713655101
423.02,0.05433694431387187
423.22,0.03903279648708221
423.43,0.025515139537544633
423.64,0.027922336847055973
423.85,0.01745560317444965
424.06,0.03189341669151649
424.26,0.02247187445454693
424.47,0.051608439750392816
424.68,0.04086057432150241
424.89,-0.008611861547014096
425.09,0.02743990334001707
425.3,0.04833957999874076
425.51,0.0317862035338643
425.72,0.035900187467487674
425.93,0.027474477218699885
426.13,0.048398592436101937
426.34,0.038959565624320534
426.55,0.01960033760146088
426.76,0.025955059383325818
426.96,0.03950237144977139
427.17,0.01330890839720643
427.38,0.02373097797169313
427.59,0.04804134879322852
427.79,0.006366771400107321
428.0,0.027908918054074142
428.21,0.015259530892006533
428.42,0.03431302284586744
428.62,0.013172012852708795
428.83,0.028883162288831653
429.04,0.016924563284984918
429.25,0.007473699243109474
429.45,0.04520056921540506
429.66,0.0073110254039390424
429.87,0.04353163514190186
430.08,0.005183317726716159
430.28,0.023752271458219728
430.49,0.02115208287224536
430.7,0.013331935794748197
430.91,0.044430828090206716
431.11,0.03625460206528718
431.32,0.019137198314166836
431.53,0.04402839853919908
431.74,-0.0065835325608580774
431.94,0.015526484510346926
432.15,0.03918602033809449
432.36,0.032864124037166785
432.56,0.011832935784107415
432.77,0.037073244730610105
432.98,-0.004218922843394762
433.19,0.010603327944370074
433.39,0.03035273884157264
433.6,0.011380324025687122
433.81,0.0229198063816144
434.02,0.0163489949045153
434.22,0.019044314810780602
434.43,0.040818581983541054
434.64,0.019044314810780602
434.84,0.004742659949436261
435.05,0.029836376271400622
435.26,0.02476650812197741
435.47,0.032454017879921505
435.67,0.017354323420756598
435.88,0.022520122420507778
436.09,0.028366539220172248
436.29,-0.0010532602742441657
436.5,0.0315129611231496
436.71,0.01738002455844086
436.92,0.03807921623653726
437.12,0.01281414621851678
437.33,0.018861251009188448
437.54,0.010492726327936148
437.74,0.025604345635315686
437.95,0.02433436807791185
438.16,0.022897297865579053
438.36,0.037723433245839585
438.57,0.002370291042264895
438.78,0.0169765602190009
438.99,0.011304787019860792
439.19,0.03876190816849688
439.4,0.02524213500434961
439.61,0.020750303134224185
439.81,0.03142439372491589
440.02,0.013211747799783196
440.23,0.036197236325397245
440.43,0.012148354235126868
440.64,0.01552278447219569
440.85,0.0163526185102123
441.05,0.029244577593112
441.26,0.011928683431093585
441.47,0.03228248552379084
441.67,0.0034356809356979015
441.88,0.03472886350866332
442.09,0.007295028903320876
442.29,0.02003935033017174
442.5,0.019428032822698057
442.71,0.016621012283259066
442.91,0.003577199060191515
443.12,0.00412581558819822
443.33,0.022897297865579053
443.53,0.01890764020807267
443.74,0.014102057631748278
443.95,0.00547777604618547
444.15,0.03855126961470931
444.36,0.03192070797091914
444.57,-0.0003318396785443956
444.77,0.04075274206251143
444.98,0.025101396097880143
445.19,0.01740368948190014
445.39,0.027714205907137367
445.6,0.01798025919741941
445.81,0.03479453990080722
446.01,0.011462335012690068
446.22,0.02012507106310406
446.43,0.009201003745863209
446.63,0.008709884842462174
446.84,0.01890764020807267
447.05,0.002832628784339667
447.25,0.030432377915866893
447.46,0.008323424494649252
447.67,0.026237911228128297
447.87,0.015752262019688747
448.08,0.02707369771092192
448.28,0.008427566807313666
448.49,0.014944520964726737
448.7,0.03112919191150079
448.9,0.027634164843116402
449.11,-0.00977183457421807
449.32,0.025701641535350393
449.52,0.013664710398698082
449.73,0.02219317085317648
449.93,0.011448126720841858
450.14,0.02283321867002744
450.35,0.02872741283493005
450.55,0.01597655293893683
450.76,0.030101666721385055
450.97,0.01408439040447854
451.17,0.0232248061342153
451.38,0.035197386714011215
451.58,-0.00031132525017205293
451.79,0.010558174823636352
452.0,0.0067777950168648095
452.2,0.020133481867157563
452.41,0.019891898254872937
452.62,0.020091646105040557
452.82,0.022822711645136287
453.03,0.007399250044284545
453.23,0.013288952178915457
453.44,0.020148709366973792
453.65,0.018621284498406054
453.85,0.025396232252672544
454.06,0.0121830163252809
454.26,0.009163553113186612
454.47,0.013805277859591021
454.68,0.028172904028259838
454.88,0.001260525016926284
455.09,0.018719392728288514
455.29,0.005649520149825839
455.5,0.013402582850523651
455.71,0.00023709677711276016
455.91,0.026683579642811657
456.12,0.017981058534577567
456.32,0.007367478827105261
456.53,0.011691565188947388
456.73,0.005376830680628099
456.94,0.011622217467744507
457.15,0.01028334773977224
457.35,0.03926831165037681
457.56,0.017419580694499327
457.76,0.02614781583780279
457.97,0.02218518062977644
458.18,0.0007519778488285709
458.38,0.01754723125296949
458.59,0.010695656692535279
458.79,0.005200582408060833
459.0,0.004316610058892878
459.2,0.018247746840321287
459.41,0.006959087897622028
459.62,0.025527588240544206
459.82,0.019468203826221504
460.03,0.0016081859162910249
460.23,0.03687160782361756
460.44,0.018036939624647443
460.64,0.016471649419959426
460.85,0.010315134202422348
461.06,0.016657291555812335
461.26,0.010329358891896423
461.47,0.026552272539973963
461.67,0.03251267235903817
461.88,0.01213457355853503
462.08,0.005564580719574117
462.29,0.013698155984181807
462.49,0.01100658370823193
462.7,0.02599473685114011
462.91,0.003072068087547982
463.11,0.015520310500644532
463.32,0.004145914785941382
463.52,0.0060450513708304255
463.73,0.014683766429485589
463.93,0.01202092841358678
464.14,0.020772153752476104
464.34,0.007281280497951454
464.55,0.02748753529302607
464.75,0.024795370731268567
464.96,0.0047707882347485285
465.16,0.0044766251103714955
465.37,0.009489183784766422
465.58,0.02291999305672115
465.78,0.011950471585360039
465.99,0.010956912960719862
466.19,0.008664535323203687
466.4,0.007245119244645188
466.6,0.018066927862350573
466.81,0.009264452190457274
467.01,0.01829707055540075
467.22,0.013189823066706137
467.42,0.005048292410037287
467.63,0.02158030781975831
467.83,0.0019241351828308076
468.04,0.02309923747378111
468.24,0.007575001297773036
468.45,-0.0028916291543539556
468.65,0.004997881832333066
468.86,0.015545027842128904
469.06,0.017395045182982103
469.27,0.00728391127220788
469.47,0.017258935261381624
469.68,0.00357566191508572
469.88,0.012758996042307682
470.09,0.004155036678655205
470.29,0.010537929439595117
470.5,0.009460540045635315
470.7,0.0014619143668664234
470.91,0.018142843865186952
471.11,0.014708664227714835
471.32,0.013031138418969931
471.52,0.015278695885353667
471.73,0.003565291567956884
471.93,0.012978124391421774
472.14,0.00723645175421573
472.34,0.0004535952134060242
472.55,0.006962485942955998
472.75,0.009793848547413978
472.96,0.0023048864258058623
473.16,0.005044057012495041
473.37,0.0045230045882132175
473.57,0.006048573520830975
473.78,0.0018781822870393007
473.98,0.003216407004081792
474.19,0.006477551932097397
474.39,-0.00044025619803033424
474.6,0.014816221766956596
474.8,-0.0004288930623267288
475.01,0.010298325392141837
475.21,-0.00014556948863517127
475.42,0.00472773889098168
475.62,0.013935731433552312
475.83,0.007280093420080561
476.03,0.00872675639454131
476.24,0.00966394254751366
476.44,0.0032138424188266194
476.64,0.006175871791741095
476.85,0.0013567915848592504
477.05,0.003628263114462106
477.26,0.005889196460886269
477.46,0.009420865902108739
477.67,0.005130026474938961
477.87,0.008483196048316074
478.08,0.00107340149101772
478.28,0.007893873874661698
478.49,0.0072366927616290206
478.69,0.007870912500948233
478.9,0.009699801696308465
479.1,0.014971495189521575
479.3,0.009059574644711361
479.51,-0.0015469308125605574
479.71,0.01638704230438564
479.92,0.00661587391807685
480.12,0.0019427310921943546
480.33,0.0034896410156551178
480.53,0.001661205297621294
480.74,0.005595377624246919
480.94,0.00879391246158224
481.14,0.008472999216249512
481.35,0.008540674613473591
481.55,0.010623896711283099
481.76,0.003660701936998201
481.96,-0.0005477727156202409
482.17,0.013985181132722074
482.37,0.0058673656603065935
482.57,0.004091047536415471
482.78,0.007090652911587453
482.98,0.008896240464238741
483.19,0.012362583824877989
483.39,0.014695659721842324
483.6,0.00873710671271512
483.8,0.005648480634890119
484.0,0.0076218806055030125
484.21,0.010051082796251214
484.41,0.0027091605797965423
484.62,0.003296571177212127
484.82,0.007851673095161504
485.02,0.002672081705052133
485.23,0.007154449432939321
485.43,0.0028272549343434598
485.64,0.003349241714298725
485.84,0.008389745141966158
486.05,-0.0035856565385153456
486.25,0.005626994739759228
486.45,0.004701961442948551
486.66,0.007152817487786045
486.86,0.003417766930259591
487.07,0.006722222185388539
487.27,0.001030076751215139
487.47,0.008056983574687279
487.68,0.008896297885685056
487.88,0.012012029848914134
488.09,0.0076527263390230625
488.29,0.009739490170706489
488.49,0.005599813317520859
488.7,0.011866164838052055
488.9,0.0020151569629707866
489.1,0.0041597417326328465
489.31,0.0011440388833315702
489.51,0.0039268389732010755
489.72,0.002204770877437767
489.92,-0.004098039694786567
490.12,0.008028860963704677
490.33,0.004573884171775182
490.53,0.012684271993804879
490.74,0.00961961325673907
490.94,0.001272678587075548
491.14,0.0031838860026202798
491.35,0.0047052082595288695
491.55,0.009901195148262106
491.75,0.0002475359880408107
491.96,0.00533006628923454
492.16,-0.00025856818929867735
492.36,0.006673668960962114
492.57,0.007180899427875666
492.77,-0.0009223127066127415
492.98,0.003559864952953609
493.18,0.004353482164566247
493.38,0.002535654509556317
493.59,0.005321867765116215
493.79,0.0052623570952628354
493.99,0.0009057609612857226
494.2,0.0034717960917429016
494.4,0.006424905658167857
494.6,0.0049615510543076415
494.81,0.008108515761935232
495.01,0.00396136576571751
495.22,0.008180802081262291
495.42,0.0029584861308359586
495.62,0.005554972665685486
495.83,0.0032584666598340657
496.03,0.005625467434071479
496.23,0.006975362520812405
496.44,0.0010320154245862965
496.64,0.006005056712552905
496.84,0.00561655999512446
497.05,0.004176937786387582
497.25,0.006639789587221828
497.45,0.001932482936794381
497.66,0.006786576897784668
497.86,0.009517921641032502
498.06,0.005563702161104193
498.27,0.003709182229729404
498.47,0.0048578162869271
498.67,0.005523874590231372
498.88,0.005411759669795406
499.08,0.0018986492591872614
499.28,0.009929058858020373
499.49,0.007610405665112275
499.69,0.011313566060285472
499.89,0.005922633874572729
500.1,0.010312803942364423
500.3,0.006848621146804082
500.5,0.0033875511426952427
500.7,0.005875905040919288
500.91,0.010989675978934734
501.11,0.008964714402042197
501.31,0.008714728937349925
501.52,0.0031825857269374563
501.72,0.007512307688189176
501.92,0.011305752133468341
502.13,0.011282538076012157
502.33,0.00620337421104923
502.53,0.008302795258537488
502.74,0.01446942023477725
502.94,0.013988543062054425
503.14,0.012099959588585736
503.34,0.010847795615059658
503.55,0.013394887880927388
503.75,0.016496575960339193
503.95,0.01456774707304944
504.16,0.017922256350328084
504.36,0.014282636018955868
504.56,0.01769183562862475
504.76,0.011660415020628591
504.97,0.01940569759130147
505.17,0.014534776316604287
505.37,0.021081346232740862
505.58,0.01631929469549847
505.78,0.019954797536808126
505.98,0.025315148454889056
506.18,0.026513042096608243
506.39,0.02227833190356078
506.59,0.0218103566053998
506.79,0.023486697832940103
507.0,0.022772707036412036
507.2,0.025978195735320595
507.4,0.027803431209774927
507.6,0.02624775131990196
507.81,0.02607345553529086
508.01,0.02734879994978307
508.21,0.028484375506458992
508.41,0.030993978828548135
508.62,0.030624234876285617
508.82,0.03640111080249986
509.02,0.036325827744674244
509.23,0.034887022112896154
509.43,0.03945499543339383
509.63,0.033636600611574564
509.83,0.04073125652152572
510.04,0.040858223053166054
510.24,0.04608765472555372
510.44,0.037600420766729405
510.64,0.0463583833605117
510.85,0.0449887044142432
511.05,0.044152495946905804
511.25,0.04619902868531088
511.45,0.04556882900070407
511.66,0.04802621774436571
511.86,0.05069491465443007
512.06,0.044223236594954037
512.26,0.040032646664535515
512.46,0.05149656510875377
512.67,0.05264870999834425
512.87,0.05367852947980785
513.07,0.05338897120048481
513.27,0.05042262659020364
513.48,0.05579544577489007
513.68,0.0538577726697663
513.88,0.05274250249874546
514.08,0.05782593013522434
514.29,0.05502336040688782
514.49,0.06049750349592268
514.69,0.056977923653024544
514.89,0.05606260845478546
515.09,0.05841843970047324
515.3,0.05783230619219373
515.5,0.06006366877302142
515.7,0.05204933085597119
515.9,0.05428712356405856
516.11,0.0565726212925468
516.31,0.05797213865868594
516.51,0.05954016723672851
516.71,0.0577701149930837
516.91,0.061243358677554184
517.12,0.055562258661354946
517.32,0.05732311334504812
517.52,0.05831230174198011
517.72,0.06075914061130604
517.92,0.06319691387261839
518.13,0.06417205775171675
518.33,0.06104938103317933
518.53,0.06030817377660298
518.73,0.06112783863950625
518.93,0.06490591311924249
519.14,0.06144795357515875
519.34,0.05652437780730792
519.54,0.060783323174572475
519.74,0.06355098358060877
519.94,0.0633175424696978
520.15,0.06724096190241613
520.35,0.06378491699575853
520.55,0.06371006195332679
520.75,0.06625247275522789
520.95,0.06863618305677403
521.16,0.06474924595620553
521.36,0.06338732734813794
521.56,0.06601605272085696
521.76,0.06729332203520083
521.96,0.06616721691365215
522.16,0.06670099607669643
522.37,0.06542275837248777
522.57,0.06841118486964276
522.77,0.07371549540517693
522.97,0.07111331777607988
523.17,0.06878244926295053
523.37,0.07011181470683153
523.58,0.07609064673230855
523.78,0.06802687821272052
523.98,0.07131155626991557
524.18,0.07116926410004525
524.38,0.07476292649095742
524.58,0.07368589330417123
524.79,0.0743047284109842
524.99,0.07655446642284128
525.19,0.0803371028111496
525.39,0.07458380842460316
525.59,0.07299889861024
525.79,0.07755747041927673
526.0,0.07667807343407468
526.2,0.06805767974521355
526.4,0.08301175584216873
526.6,0.07920879677905786
526.8,0.07359347355462191
527.0,0.0720389586823593
527.2,0.07950934771905693
527.41,0.07765523198731543
527.61,0.0807612103400796
527.81,0.08094074235373215
528.01,0.08132354130181871
528.21,0.07864269646402104
528.41,0.08046904730564827
528.61,0.08300408988876816
528.82,0.08008127352841102
529.02,0.0850777577293246
529.22,0.08729917673691633
529.42,0.08134446219364262
529.62,0.0789349918643648
529.82,0.08255127957231882
530.02,0.08153185595673038
530.22,0.08580213504073708
530.43,0.08531054887592691
530.63,0.08092542563999038
530.83,0.08685250526264973
531.03,0.08250998866934295
531.23,0.08301175584216873
531.43,0.08298010442734412
531.63,0.07924934039956263
531.83,0.08818391439102509
532.03,0.08346136866030303
532.24,0.0855018269952865
532.44,0.08874005200535813
532.64,0.08468964076223756
532.84,0.08642219740579966
533.04,0.07872273640715362
533.24,0.08845440878388133
533.44,0.0860468070620104
533.64,0.08846387677224034
533.84,0.08265378881934711
534.04,0.08626190254680333
534.25,0.084334502124775
534.45,0.07990648478176811
534.65,0.08096862055551951
534.85,0.08537408158196562
535.05,0.08544651268683316
535.25,0.08433581576875587
535.45,0.08599356493478866
535.65,0.0808673419358957
535.85,0.07789212104732256
536.05,0.08699336944430824
536.25,0.08181682756581728
536.46,0.08240561840183207
536.66,0.08158573607009639
536.86,0.08304791569940906
537.06,0.0805826542219596
537.26,0.08438335213172193
537.46,0.07936907214413844
537.66,0.08262310579118533
537.86,0.08121136677973466
538.06,0.07910619085078036
538.26,0.07406929152453924
538.46,0.0785186950108095
538.66,0.07963744706765152
538.86,0.08194348110687265
539.07,0.07646053287708096
539.27,0.07489886149205788
539.47,0.07801513283354151
539.67,0.07719523749577617
539.87,0.07612634076795745
540.07,0.07872432050206862
540.27,0.07427787403308887
540.47,0.07632123519292983
540.67,0.07634082099098734
540.87,0.07581757879209046
541.07,0.07594991666728598
541.27,0.07712581564696297
541.47,0.06987198385801109
541.67,0.07428776063926057
541.87,0.07419604752149371
542.07,0.07061875624736383
542.27,0.07820088790698757
542.47,0.07524880315862674
542.67,0.07183975435816468
542.87,0.06778753476344562
543.08,0.06878527737512864
543.28,0.07244389597330775
543.48,0.0701402059898429
543.68,0.06754649516180808
543.88,0.07028221568751107
544.08,0.06855909751993293
544.28,0.07120854240019955
544.48,0.06526410064420746
544.68,0.06743494069033965
544.88,0.06657822759952954
545.08,0.06740138166708076
545.28,0.06831943117221728
545.48,0.06323594410400016
545.68,0.06505615676447726
545.88,0.06667798117128823
546.08,0.06588262252190563
546.28,0.06716331512466127
546.48,0.061210904204058315
546.68,0.06525698769934153
546.88,0.06262640135972669
547.08,0.06780370549904916
547.28,0.06222382777125576
547.48,0.058188730056075805
547.68,0.06006890859260156
547.88,0.05798132184185271
548.08,0.06037233570017174
548.28,0.05523260346202447
548.48,0.058170631354894094
548.68,0.05785012745241468
548.88,0.05728801042195597
549.08,0.056769855182736834
549.28,0.0573772144655397
549.48,0.05645678904059259
549.68,0.056484595127507725
549.88,0.06103445185391571
550.08,0.06135103002949242
550.28,0.049879619577573135
550.48,0.05585753570911661
550.68,0.048305622784685774
550.88,0.05457104961287461
551.08,0.050386159781005205
551.28,0.051797445170212966
551.48,0.05345708633912204
551.68,0.04892571275419112
551.88,0.04942643927123175
552.08,0.04917404108721211
552.28,0.0480646356057913
552.48,0.04522436954290657
552.68,0.05032811772743732
552.88,0.047117631161961854
553.08,0.04600602428013091
553.28,0.046694766691029795
553.48,0.0425579513732898
553.68,0.04412316928799059
553.88,0.043225389882148815
554.08,0.0439470440199253
554.28,0.04241820440274828
554.47,0.04829452693445719
554.67,0.04504218290886926
554.87,0.04439197263496767
555.07,0.04111734220747709
555.27,0.04277328705550582
555.47,0.045582566989765184
555.67,0.04164452215445025
555.87,0.037816803069964634
556.07,0.03927180002499358
556.27,0.0388228134877093
556.47,0.03816199062058583
556.67,0.03425457791033155
556.87,0.03863434088985343
557.07,0.03738747896304175
557.27,0.03996875140448771
557.47,0.03346846401378194
557.67,0.03618089461541804
557.87,0.032778142541166906
558.07,0.03198943528618805
558.26,0.037701534283903146
558.46,0.03950749834856175
558.66,0.03538251786616356
558.86,0.03232378744397394
559.06,0.03418824783282671
559.26,0.033920278153606036
559.46,0.029231129299401304
559.66,0.028755683759584354
559.86,0.03235980291100863
560.06,0.0295292112457022
560.26,0.028629407276077438
560.46,0.03336586230403172
560.66,0.028678314389414768
560.86,0.026639309757524498
561.05,0.027872656841355363
561.25,0.03125188793604844
561.45,0.028348621311990244
561.65,0.028028181643229812
561.85,0.024454435793398403
562.05,0.026070663605098365
562.25,0.02676050994215583
562.45,0.026042761567055643
562.65,0.02528187200527062
562.85,0.02506742298047312
563.05,0.023838603125110325
563.24,0.02584848911075514
563.44,0.028451152530465262
563.64,0.023206996669354683
563.84,0.019879796250634015
564.04,0.0212230286579729
564.24,0.023471931109676707
564.44,0.023962591663064404
564.64,0.02098376850280334
564.84,0.015851403089550783
565.03,0.016028381025990985
565.23,0.021253050048389475
565.43,0.0196012172245259
565.63,0.020385450511245504
565.83,0.017145614179178596
566.03,0.021019743448685374
566.23,0.016547546668942648
566.43,0.018883584640485132
566.63,0.01911176581007862
566.82,0.017032914053452097
567.02,0.012870314197997846
567.22,0.01681097645980864
567.42,0.016150034367938347
567.62,0.015623039385048021
567.82,0.018620592934357253
568.02,0.019273566612550676
568.22,0.014473297698202112
568.41,0.014954606905723063
568.61,0.014157134000401183
568.81,0.017284559626069642
569.01,0.013294199560515961
569.21,0.01440303235137754
569.41,0.013655919505923654
569.61,0.014016165545910859
569.8,0.014247520356224752
570.0,0.012702842074219204
570.2,0.013442398906385811
570.4,0.013925903787140549
570.6,0.016911694827107953
570.8,0.01209577485072976
571.0,0.0151185547807563
571.19,0.016630146743690507
571.39,0.012357018385114755
571.59,0.012163652133179869
571.79,0.009844037302774559
571.99,0.012873193088108685
572.19,0.011095031688981046
572.38,0.016547329235582057
572.58,0.01483012827661221
572.78,0.011087574255938147
572.98,0.009540425089976231
573.18,0.010497075056436359
573.38,0.008797449020012825
573.57,0.011968480701892843
573.77,0.009808232139063637
573.97,0.010821333951688685
574.17,0.006931416238993667
574.37,0.009096479205697226
574.57,0.008655486448249651
574.76,0.010058241223123458
574.96,0.011076177239360576
575.16,0.010027238824472881
575.36,0.008300596293512182
575.56,0.011006349670791761
575.75,0.009412963699856731
575.95,0.009569169807455192
576.15,0.007785834040534427
576.35,0.0080373072371094
576.55,0.00870535080040684
576.74,0.005249242874751047
576.94,0.007158779134893567
577.14,0.010158041820286505
577.34,0.008535446827298638
577.54,0.007203190675986198
577.74,0.006781291158655732
577.93,0.008284690915444736
578.13,0.008683175068982049
578.33,0.00848103745771874
578.53,0.009061333187373535
578.72,0.0096880884513836
578.92,0.00987264195154037
579.12,0.005690225017372175
579.32,0.004496031860945646
579.52,0.007468135896451894
579.71,0.00784508430719663
579.91,0.006336342916199048
580.11,0.004802451231896686
580.31,0.00855400833736076
580.51,0.011256564465208974
580.7,0.00692611672330427
580.9,0.008331823024558472
581.1,0.009385911823977277
581.3,0.0074688467094106824
581.49,0.008491385553334419
581.69,0.006076829354515697
581.89,0.00715254443718839
582.09,0.007105533822659345
582.29,0.007313800659963796
582.48,0.0073283293675219996
582.68,0.004951763838850931
582.88,0.007519651740023523
583.08,0.013064537798004754
583.27,0.006354359972239112
583.47,0.008857669862505952
583.67,0.0072515029435977416
583.87,0.0069035867217241125
584.06,0.007096180454911811
584.26,0.006824024385008376
584.46,0.007166620988264869
584.66,0.008454092071654241
584.85,0.006281376323661841
585.05,0.006970695335529742
585.25,0.006420498643549502
585.45,0.006678805403726648
585.64,0.003665856259359591
585.84,0.008327117760917772
586.04,0.006506154295254075
586.24,0.009035025335735131
586.43,0.0063854073509972365
586.63,0.006501465548090078
586.83,0.005289315340429557
587.03,0.005728126343917527
587.22,0.0031154942687293807
587.42,0.006599991847286885
587.62,0.007068267518142317
587.82,0.005481263722127078
588.01,0.008854298893721394
588.21,0.006807065130169455
588.41,0.008262569301271186
588.6,0.0044799086434027385
588.8,0.006002874711890935
589.0,0.005542275058153162
589.2,0.007397853005300352
589.39,0.010671552157165462
589.59,0.0037231835271947155
589.79,0.007989106222734039
589.98,0.006214894288949707
590.18,0.005326232142838971
590.38,0.0033529137677140797
590.58,0.005953342006077781
590.77,0.004545965190220393
590.97,0.0017170599519758265
591.17,0.008012922541748766
591.36,0.009146949630129103
591.56,0.006527850574164963
591.76,0.0035899152081831976
591.96,0.0069716339794137295
592.15,0.005064042090774204
592.35,0.003526546939433244
592.55,0.00580130844274603
592.74,0.005853491821727861
592.94,0.007731094023820824
593.14,0.004775373237685705
593.33,0.004810576342464758
593.53,0.0016364229956345245
593.73,0.00403016168335035
593.92,0.004648096586062339
594.12,0.006459151959133401
594.32,0.004539280969708975
594.51,0.006595433287336699
594.71,0.004097796907974748
594.91,0.0051464833809736
595.11,0.0025414030395007345
595.3,0.00414709212126295
595.5,0.003232157823437851
595.7,0.0055510694697894335
595.89,0.005014899632847951
596.09,0.004317092968040684
596.29,0.00417493854507636
596.48,0.00468433410576493
596.68,0.006205031653082355
596.88,0.005736679399550375
597.07,0.006311342279869355
597.27,0.003683573237244209
597.47,0.006322481092260875
597.66,0.006667420578366608
597.86,0.0031931188837845377
598.06,0.00443263929964501
598.25,0.005554180047079347
598.45,0.00329215441643133
598.64,0.0028404851794139804
598.84,0.005134574052770812
599.04,0.004208945632648716
599.23,0.0050012731894700825
599.43,0.0035828941677719123
599.63,0.0032787648356544514
599.82,0.0007805081754502872
600.02,0.0071411895712229475
600.22,0.004040275039592024
600.41,0.00454809794999759
600.61,0.004997090493224433
600.81,0.003985819256536698
601.0,0.0010607289792554178
601.2,0.002318628168467119
601.39,0.004371814599548478
601.59,0.003456923520586403
601.79,0.003544600822267852
601.98,0.004615080538239266
602.18,0.008272432778055346
602.38,0.006727038129362684
602.57,0.0011490538616926293
602.77,0.0051638973904295895
602.96,0.004940573908608023
603.16,0.009413376678892369
603.36,0.001353782869111107
603.55,0.0012536651713069052
603.75,0.001961474395184681
603.95,0.00170234293441488
604.14,0.006853250418835157
604.34,0.005259266530140368
604.53,0.002526212305700471
604.73,0.0039041536398701847
604.93,0.0032955189163988946
605.12,0.005883768408730028
605.32,0.001349113116578736
605.51,0.0035676103015372953
605.71,0.004497875233781033
605.91,0.003158304448947889
606.1,0.003501053262166532
606.3,0.0034268893536150476
606.49,0.0026136042808295548
606.69,0.003590750634754268
606.89,0.004214514515265589
607.08,0.0035416639760617328
607.28,0.0031641152558101065
607.47,0.004198840560647026
607.67,0.004093382618424273
607.87,0.004716301712786491
608.06,0.006095286279922063
608.26,0.0012202779235920326
608.45,-0.0001402229776299773
608.65,0.003662066543436878
608.84,0.006044227956917503
609.04,0.002854410699097352
609.24,0.001997713518223903
609.43,0.0029950614478458605
609.63,0.002357089252614694
609.82,0.003433559893708932
610.02,0.002954349974742772
610.21,0.005031417624038446
610.41,0.0008352437988778646
610.61,0.005290812265928843
610.8,0.00362971664030985
611.0,-4.642274828353912e-05
611.19,0.0024067013254347428
611.39,0.001616104775204078
611.58,0.0022967584152835123
611.78,0.00374774594047093
611.98,0.00239182376483772
612.17,0.0040691160735911915
612.37,0.002309583342879447
612.56,0.001075247140918786
612.76,0.0013789618703096175
612.95,0.002872168915477039
613.15,0.0006438227884749245
613.34,0.0027075580450743922
613.54,0.0009741625455426369
613.73,0.002747497743898638
613.93,0.003096168098811098
614.13,0.0030901344584889127
614.32,0.003047784291781687
614.52,0.0018040814130651313
614.71,0.005656417120893178
614.91,0.00233510053285056
615.1,0.0007122582518369793
615.3,0.003183223431604703
615.49,0.0017023219000676356
615.69,0.0028166200256992016
615.88,0.0021936015037750905
616.08,0.002155569335450854
616.27,0.0026645303982863445
616.47,0.0036233654753984462
616.66,0.004137264652273333
616.86,0.0002071354077627871
617.06,0.0016942910637831696
617.25,0.0045281477474535745
617.45,0.0028161679720916403
617.64,0.001271314319090143
617.84,0.003015528529445796
618.03,0.0022926174835123402
618.23,0.0023320874908477015
618.42,0.0025533484645033815
618.62,0.0020736176736299763
618.81,0.0028143286124387894
619.01,0.004084267898399509
619.2,0.006148309593507141
619.4,0.002169510753066991
619.59,0.0011155857003658975
619.79,0.0018854703200965161
619.98,0.0032370784577782988
620.18,0.001897972558080145
620.37,0.004896576010065039
620.57,0.003716951811356098
620.76,0.0015192060484222922
620.96,0.0015334579012799554
621.15,0.0024589123342079965
621.35,0.0029996553310523088
621.54,0.005699062551365668
621.74,0.003047810868955254
621.93,0.001956347515678517
622.13,0.002861995548272398
622.32,0.0027148782364930556
622.51,0.0031940981309374196
622.71,0.0015311698167218089
622.9,0.001715733344106289
623.1,0.0027035761061016635
623.29,0.0011995902965281093
623.49,0.0040768190706183755
623.68,-0.00021019766653679732
623.88,0.0035471102932892744
624.07,0.0003673225378529897
624.27,0.004097175114986346
624.46,0.002703801226430102
624.66,0.0023736955545765573
624.85,-0.0012040617932024583
625.05,0.003663983181756308
625.24,0.00028947432362749754
625.43,0.00300744495881652
625.63,0.0016261970032671181
625.82,0.004106698310708623
626.02,0.004644480820170561
626.21,0.004586095979420567
626.41,0.0028910392264818383
626.6,0.0032529756591039706
626.8,0.0007914800315870606
626.99,0.005327237930537893
627.19,0.00028636977786905007
627.38,-0.0010557242350091218
627.57,0.0032110472107475946
627.77,0.002174709549895629
627.96,0.00029455908168383126
628.16,0.0002116050101413352
628.35,0.0026009387451445443
628.55,0.004432027430313039
628.74,0.003862832619652015
628.93,0.0030010281097030355
629.13,0.000813296674750215
629.32,-0.00021844108879987256
629.52,0.001507898538328785
629.71,0.0011771972646273474
629.91,0.005015342226528094
630.1,0.0007421476524026238
630.29,0.004913758053051313
630.49,0.0025681928392150824
630.68,0.0027398512920580047
630.88,0.003123987222730693
631.07,0.004717159257833613
631.27,0.00304566270266197
631.46,0.0014436447316110309
631.65,0.0009984117457553447
631.85,-0.0005668585449006589
632.04,0.0017388946694991872
632.24,-0.0017704133435870644
632.43,0.00660436780357318
632.62,0.0007222785357527909
632.82,0.001000239944671585
633.01,0.0017134925270137053
633.21,0.003365967005025822
633.4,0.0032770403012725344
633.59,0.00012970921350866305
633.79,0.0021311808709365294
633.98,0.0030431525574326408
634.18,0.0014537103265498843
634.37,0.003675395824732494
634.56,0.0030607157469241964
634.76,0.000744495710851147
634.95,0.002672335007525508
635.14,0.00325622219774284
635.34,0.0012847924707265037
635.53,0.0012199464005391905
635.73,0.0001325250493404727
635.92,0.0013894887967014133
636.11,0.0031646798493559793
636.31,0.002917064812998602
636.5,0.0017236553466273166
636.7,0.001467700178886981
636.89,0.0022767632214479427
637.08,0.0020834657119018773
637.28,0.004447402828955191
637.47,0.0030729941121522635
637.66,0.006234812873292193
637.86,0.0036565999424661992
638.05,0.004033113582190366
638.24,0.002338763115617659
638.44,0.003050153589858585
638.63,0.0019943448336189047
638.83,0.002748257236358237
639.02,0.001312288441195096
639.21,0.0014778399846890778
639.41,0.005433431814486979
639.6,0.0019339138638847372
639.79,0.006062937277674256
639.99,0.0010489921090399209
640.18,0.0014890625929851172
640.37,0.00568464321474479
640.57,0.0015906831881129463
640.76,0.0012238254135435189
640.95,0.004775985114458957
641.15,0.002923619968835665
641.34,0.0008642043789199811
641.53,0.004133946268836341
641.73,0.000776715295750431
641.92,0.005885917049389754
642.11,0.004634013347517317
642.31,0.0011298985763669054
642.5,0.0021552072946087486
642.69,0.0008696798171195171
642.89,0.003489620703190388
643.08,0.002836402563622922
643.27,0.00514475206778135
643.47,-0.00040466323758231524
643.66,0.0009492996998830287
643.85,0.0021762893546724677
644.05,0.00283819314571003
644.24,0.0009452719678315314
644.43,0.0003158105908799828
644.63,0.005157438370434764
644.82,0.0005895003402980044
645.01,-0.001050317241686678
645.2,0.0020429366617688983
645.4,0.0002246878653835183
645.59,0.0033142185828324232
645.78,0.004729736653260957
645.98,0.00041318069691584076
646.17,0.0012499428430675936
646.36,0.0025430498683521358
646.56,0.0035060887874829604
646.75,0.002920906499275703
646.94,0.004338453799110686
647.13,0.004713205271829776
647.33,0.0007898229220362644
647.52,0.0009894875025790956
647.71,0.003339577190088358
647.91,0.0009766591546781875
648.1,-0.0007025425461175676
648.29,0.004646812755403318
648.49,0.00255202716904766
648.68,0.004692172923175914
648.87,0.0008810873414218504
649.06,-0.0008012400803875924
649.26,0.0031951907095070548
649.45,0.0030351273882673383
649.64,0.002917116092818243
649.83,0.0035469094695366583
650.03,0.005519552731168414
650.22,0.0046060108869348275
650.41,0.005931860962124831
650.61,0.0026694763340720665
650.8,0.001079190373716625
650.99,0.002946337855945669
651.18,0.0027534266601469
651.38,0.0038160702311586868
651.57,0.0025646545138020226
651.76,0.004005407486689072
651.95,0.0022108309369958962
652.15,0.003517608471976142
652.34,4.402113955608912e-05
652.53,0.0035028112944059634
652.72,0.0031503895411807243
652.92,0.004792874122408048
653.11,0.0016419595199677122
653.3,0.0006043652032115043
653.49,0.00295380431021124
653.69,0.004027437193026026
653.88,0.006161724185909998
654.07,0.005190468568067533
654.26,0.0026000944436557153
654.46,0.0028645175514681576
654.65,0.003308981832885199
654.84,0.00489620584252962
655.03,0.003638810852264283
655.23,0.001283282681646183
655.42,0.0034653734376511374
655.61,0.004697911610396828
655.8,0.0028184673770915367
655.99,0.002643377348087146
656.19,0.0036131793376817647
656.38,0.001467653109728657
656.57,0.0017464447859865443
656.76,0.0007990610777858004
656.96,0.002130888468267435
657.15,0.0013801213806977214
657.34,0.0011775890570830134
657.53,0.004134025199594571
657.72,0.0016641683013114315
657.92,0.004076531202364371
658.11,0.0020356749563552553
658.3,0.0011837366129700286
658.49,4.5043666568216194e-05
658.68,0.0011800404011524746
658.88,0.004351533398302834
659.07,0.004434923953361041
659.26,0.0036004157223798517
659.45,0.0034653734376511374
659.64,0.0031857721123569305
659.84,0.002466833955702898
660.03,0.0022335525809085207
660.22,0.006613223556008264
660.41,0.00043615427720674975
660.6,0.0030801381608663715
660.8,0.0034250298444061878
660.99,0.0042043951846193976
661.18,0.0026625926477299665
661.37,0.005226151924394655
661.56,0.0031371734022466605
661.76,0.003569845421714621
661.95,0.005235366781644448
662.14,0.004496284883273747
662.33,0.002272037984993062
662.52,0.006358607876764377
662.71,0.0014549550844777201
662.91,0.0019632011044429234
663.1,0.0011055032847903377
663.29,0.004583283119924904
663.48,0.002963990887241337
663.67,-0.0009232889441289903
663.86,0.0011194198814446978
664.06,0.003648797704168222
664.25,0.003991453018742556
664.44,0.0025991750029933465
664.63,0.004183758569608087
664.82,0.004331273207941407
665.01,0.0016999534849046478
665.21,0.004008849327339244
665.4,0.0018078076872841274
665.59,-0.00133836033955422
665.78,0.004662969128013824
665.97,0.002986358500510304
666.16,0.0025133253093384926
666.35,0.002835363702114508
666.55,-0.00015107281247455812
666.74,0.002252196224804302
666.93,0.0028098992234879923
667.12,0.002404450229859508
667.31,0.00506184478400756
667.5,0.0014318769333275
667.69,0.001922804360251059
667.89,0.0019509322342084634
668.08,0.000848184974196092
668.27,0.004263777717642306
668.46,0.005365110862716327
668.65,0.0011546888368854508
668.84,0.0036353179800697557
669.03,0.004735533871608438
669.22,0.00639438701043588
669.42,0.003809231411431545
669.61,-0.0006479872587496985
669.8,0.0010522286390537718
669.99,0.0018579969309581407
670.18,0.005942682391608863
670.37,0.0022506172354696164
670.56,0.005859150421386642
670.75,0.001957797934854124
670.94,0.00392534791718314
671.14,0.0009347396911489456
671.33,0.0020368421109143065
671.52,0.0023334781699094007
671.71,4.679719631209904e-05
671.9,0.0025277919678258994
672.09,0.004676289966121086
672.28,0.0017295721223028666
672.47,0.00523588022695156
672.66,0.0030276029754928964
672.85,0.0027657994072924864
673.05,0.0016714466609941917
673.24,0.0029520015997665243
673.43,-0.0010507267317157534
673.62,0.005375898831117218
673.81,0.004079566596359324
674.0,0.002175960034369163
674.19,0.0029773509825476324
674.38,0.004086569457333654
674.57,0.00014828678010666166
674.76,0.00431246861160572
674.95,0.002141667213834119
675.15,0.0062089189127325205
675.34,0.0033101909657858967
675.53,-0.00045554394081329574
675.72,0.0035629878512990075
675.91,0.0060527603889611575
676.1,0.0017641514402514963
676.29,0.0016677234864198398
676.48,0.001480966651929402
676.67,0.0026966129090769883
676.86,0.0010524401535384046
677.05,0.004518616813442263
677.24,-0.0011842032824415313
677.43,0.00290716359636155
677.62,0.002364031933452052
677.81,0.003593670678949024
678.0,0.005267417015703313
678.2,0.0027215649349712815
678.39,0.001951518835419512
678.58,0.003760900360807557
678.77,0.005134683430719471
678.96,0.0022614892668857845
679.15,0.006123996075921381
679.34,0.003327149830104168
679.53,0.004158797996118065
679.72,0.001590957766933014
679.91,0.0012916224111204
680.1,0.005277220985703305
680.29,0.0017094361697878196
680.48,0.0032523450229158582
680.67,0.002299676528611227
680.86,0.004934225582906894
681.05,0.0025766321551029983
681.24,0.003673397666401585
681.43,0.004054228869525615
681.62,0.0015766897726318808
681.81,0.0016939653179190793
682.0,0.0038191237756128255
682.19,0.001484460762156033
682.38,0.0008761698541763207
682.57,0.003349112412863534
682.76,0.00230533873939635
682.95,0.0030043640836029525
683.14,0.0025352287985296235
683.33,0.005222347074856623
683.52,0.0016026590502167784
683.71,0.004396847616291913
683.9,-0.00016003994597051013
684.09,0.003609394748314174
684.28,0.003989767989115902
684.47,0.006056387933722889
684.66,0.0038108074484202985
684.85,0.000667861317984778
685.04,0.005720174027420191
685.23,0.003646874823175947
685.42,0.0020251995736343224
685.61,0.0023119799941747174
685.8,0.005222887496300878
685.99,0.005048312065484573
686.18,0.0032033503185226477
686.37,0.0009836684144557829
686.56,0.002336257238863327
686.75,0.001471928533716973
686.94,0.0019975666073879374
687.13,0.0017975487164569566
687.32,0.0014008488882421874
687.51,0.0031561773107700165
687.7,-0.00015794013362849772
687.89,0.0041015577546653255
688.08,0.0021230266130022085
688.27,0.00036036681981323323
688.46,0.004863310446649839
688.65,0.004269804915721547
688.84,0.0012171741788081965
689.03,0.0018536179898262862
689.22,0.0038954697058937704
689.41,0.0037517934303095187
689.6,0.004855198626824929
689.79,0.0015193728536450827
689.98,0.0041351472046675586
690.17,0.007455322672651935
690.36,4.995753609432399e-05
690.55,-0.00026553101481572
690.74,0.0031181624877402933
690.93,0.005572280929749995
691.12,0.004150314737051662
691.31,0.0032918066785034795
691.49,0.005626656473085053
691.68,0.001427569978565489
691.87,0.004521436698202616
692.06,0.0016158827637794341
692.25,0.006184504838219369
692.44,0.004252308420296339
692.63,0.0027319463333236923
692.82,0.004376692414074815
693.01,0.0053803771340176065
693.2,0.00026113282994627617
693.39,0.00154434314744274
693.58,0.002562573617959942
693.77,0.0028982757213905845
693.96,0.0011163980114232371
694.15,0.0017339094603145313
694.33,0.0029130276072016708
694.52,0.00423716869244751
694.71,0.0018637022404716969
694.9,0.003814326876325068
695.09,0.003465640936256705
695.28,0.002619632650719373
695.47,0.0016184182849281687
695.66,0.0012041418855978404
695.85,-5.558191810552212e-05
696.04,0.0023665200487472107
696.23,0.004050680662061885
696.42,0.0015256198328302962
696.6,0.0002605546438460789
696.79,0.00196158652048168
696.98,0.003875188284310938
697.17,0.003463053663712826
697.36,0.003747037537632823
697.55,0.004937721416807673
697.74,0.0031066581375446102
697.93,0.0020713028697857297
698.12,0.0017609743622284694
698.31,0.004251774155738233
698.49,0.0032226022694028583
698.68,0.003933279720624255
698.87,0.005115441953305415
699.06,0.003568942338855833
699.25,0.0026059632621619005
699.44,0.0017859880094249036
699.63,-0.00037982755596648266
699.82,0.004170561335328344
700.0,0.001249388332538676
700.19,-0.0004903146308873251
700.38,0.003802469040590908
700.57,0.005613937347847158
700.76,0.0018905239869231988
700.95,0.0021216326968957885
701.14,0.00363719942289509
701.33,0.0037572980702237995
701.51,0.005721134782593352
701.7,0.002705539420981709
701.89,-5.778054320785355e-05
702.08,0.00628015721449239
702.27,0.004939050144194012
702.46,0.0046051889991875535
702.65,0.005502467306183231
702.83,0.003878556080554086
703.02,0.0023243615599117962
703.21,0.00424277310347646
703.4,0.002246752749419761
703.59,0.005102538551438325
703.78,0.002521490635705471
703.97,0.0031689369707845277
704.15,0.007207731649509648
704.34,0.005914053874402418
704.53,0.003804153009282328
704.72,0.004639903484348631
704.91,0.006741641075448389
705.1,-5.7255007963115735e-05
705.28,0.005418255182366268
705.47,0.0037675645052412947
705.66,0.0009423494231661143
705.85,0.0032487809636424455
706.04,0.00645492320713973
706.23,0.004540965351679629
706.41,0.0028309313128349056
706.6,0.0023999655826681438
706.79,-5.8992433317477244e-05
706.98,-0.0006224368016062632
707.17,0.003209662971194952
707.35,0.003223836923950445
707.54,0.004234768026830636
707.73,0.003100424608366888
707.92,0.0028461148582790796
708.11,-0.0009683570644118728
708.3,0.006452017510747744
708.48,0.004915864089459744
708.67,-0.0002809917289305123
708.86,0.004347304160345919
709.05,0.006050024670740506
709.24,0.0022749667709343157
709.42,0.0007176316798285705
709.61,0.004386436544976669
709.8,0.003364208648450725
709.99,0.00564588461245958
710.18,0.005250387005680066
710.36,0.003800378411883613
710.55,0.0031323299588067984
710.74,0.0016103343194946564
710.93,0.0039445467371386255
711.12,0.0003899167921606162
711.3,0.0020753084369067886
711.49,0.0011928299080279424
711.68,0.0014166256361433668
711.87,0.0038778120388456377
712.05,0.0051002601975952445
712.24,0.005253080222614476
712.43,0.0025080970140115423
712.62,0.003862550750643998
712.81,0.003118373660134433
712.99,0.003311570124003007
713.18,0.005184581519659457
713.37,0.0037027572353894546
713.56,0.0015155838032857253
713.74,0.001083977592581695
713.93,0.005163198889266793
714.12,0.006763762391614242
714.31,0.0035595007016069264
714.49,0.002002783361682392
714.68,0.000619654663726333
714.87,0.00577707197026935
715.06,0.0029581838463625717
715.24,0.0015203732039196036
715.43,0.005704148852413275
715.62,0.00241535435380875
715.81,0.003792140955978159
715.99,0.0021000833898740445
716.18,0.005740277305592141
716.37,0.005500420752803669
716.56,0.0017839463082349014
716.74,0.005037530330434483
716.93,0.004114288861379637
717.12,0.007236771650623154
717.31,0.005395805898005532
717.49,0.0023852364301171036
717.68,0.006143666320185657
717.87,0.005215504170216633
718.06,0.0031885920468489684
718.24,0.0019297379829665586
718.43,0.0035595263657492173
718.62,0.004763297839687154
718.8,-6.275933587814148e-05
718.99,-0.0009053939069109669
719.18,0.0031380846809528668
719.37,0.002963525074523752
719.55,0.006616736855880774
719.74,0.006083730050582251
719.93,0.0036307807571620207
720.11,0.004144435501763001
720.3,0.0014766758055592397
720.49,0.0018724692170153123
720.68,0.001008302331426198
720.86,0.0065537401935177615
721.05,0.0020509810462663704
721.24,0.006667638066717893
721.42,0.007695785673893288
721.61,0.0016367499085474231
721.8,0.0051943218367847075
721.98,0.0013907089824798625
722.17,0.005918724384222069
722.36,0.0061396994956003466
722.55,0.0036015988020464238
722.73,0.0024695450977295073
722.92,0.00017260843417985078
723.11,0.0017707279263116662
723.29,0.002851400726025624
723.48,0.0010213095921136732
723.67,0.0016528152364408515
723.85,0.0031734023973730855
724.04,0.003699099176993014
724.23,0.001536154120521863
724.41,0.003562565795280964
724.6,0.004367585877917542
724.79,0.0037349182449279276
724.97,0.00237122221983723
725.16,0.006215977525346762
725.35,0.004557172899148548
725.53,0.004349334945119626
725.72,0.003989843071476406
725.91,0.004702237772752878
726.09,0.0055700843157688385
726.28,0.00497221771693405
726.47,0.001043707639541057
726.65,0.001282849609570389
726.84,0.00806044320519884
727.03,0.0033145080326937824
727.21,0.009498309591764925
727.4,0.0007892244323528543
727.59,0.004678364148919023
727.77,-0.0035894828022714834
727.96,0.005964608954039981
728.15,0.0022760505846147893
728.33,0.0007987713396048106
728.52,0.005758179632562268
728.7,0.005687704142527645
728.89,0.006871256403915557
729.08,0.005476433793091539
729.26,-0.0004371371394119855
729.45,0.004400638875835584
729.64,0.0014190961661263708
729.82,0.0018135566401733273
730.01,0.0045029140813438
730.2,0.0060411786462828305
730.38,0.0020477754647072947
730.57,0.0016663084882065898
730.75,0.002335624990050288
730.94,-0.0016065683414245963
731.13,0.007809368957838369
731.31,0.002731544001929338
731.5,0.002466750365136478
731.68,0.004156863936960452
731.87,0.0021088641838962778
732.06,0.007292066205052637
732.24,0.006936095357480359
732.43,0.005620396178148788
732.62,0.002855856288301143
732.8,0.00208220503648975
732.99,0.003344660973001378
733.17,0.004683921891825847
733.36,0.008144153125771669
733.55,0.006023121813081355
733.73,0.005633562513897447
733.92,0.0005711489375389183
734.1,0.006151583228067842
734.29,0.005985172446165426
734.48,0.0027875758831020832
734.66,0.00057667371077703
734.85,0.0037393047804955577
735.03,0.004521235501762695
735.22,0.00057667371077703
735.4,0.0049357065952023785
735.59,0.0043881801667810735
735.78,0.0054974873503202785
735.96,0.004093456138529054
736.15,0.005801772246131736
736.33,0.0025285755192969183
736.52,0.003402264755283363
736.7,0.0022394779807719404
736.89,0.0010952556131268879
737.08,-0.0018874740232824238
737.26,0.0012476136368482478
737.45,0.004874420436195687
737.63,0.005408017036965812
737.82,0.005481946534422701
738.0,-0.0007260881046738387
738.19,0.003984483515263667
738.38,0.006116669830978412
738.56,0.003390933273861066
738.75,0.005525465595601488
738.93,0.004486412719071356
739.12,0.0060239025693560174
739.3,0.000981187373719962
739.49,0.0033833194372442314
739.67,0.004171981583960598
739.86,0.00428636345722018
740.04,0.004253795170361509
740.23,0.0008388420715435817
740.42,0.0031077540487724543
740.6,0.001373550540856174
740.79,0.0023026410918795094
740.97,0.006865740346332291
741.16,0.004954891320116807
741.34,0.007826979219382215
741.53,0.007416463192056151
741.71,0.003674277015222866
741.9,0.0041596263358214544
742.08,0.0025482922471868345
742.27,0.005453261463312027
742.45,-0.0006025938818772351
742.64,0.00935076278461291
742.82,0.002647895453867288
743.01,0.007458344558010507
743.19,0.003888198690637429
743.38,0.004788021502378528
743.57,0.004905118464505422
743.75,0.0037696509778041305
743.94,0.0035706631771893122
744.12,0.004145478853947117
744.31,0.0031242701325876884
744.49,0.0014476069232509795
744.68,0.0032110698989632606
744.86,0.004541259576054756
745.05,0.004419975527819117
745.23,0.0021273680633630276
745.42,0.0004794857130648234
745.6,0.005810352395932507
745.79,0.006803483585554506
745.97,0.0004732751572720375
746.16,0.0077566169661723834
746.34,6.485787461240533e-05
746.52,0.00605506123874319
746.71,0.007005297667626071
746.89,0.005479472576420746
747.08,0.006069109201256536
747.26,0.00312079894851007
747.45,0.007697327680421905
747.63,0.00971150037748495
747.82,0.007816658310110077
748.0,0.005753123198874232
748.19,0.00274688609277909
748.37,0.0050338987982657835
748.56,0.006711163659941269
748.74,0.0027360783752759256
748.93,0.0071088222625519774
749.11,0.007834397072503106
749.3,0.008280317397733883
749.48,0.008185068512870855
749.67,0.0013492787021507037
749.85,0.003954132682198435
750.03,0.0032072097788324212
750.22,0.004655057985819793
750.4,0.00020947234990589667
750.59,0.006482487642453454
750.77,-0.00036377579612824004
750.96,0.0009479601993720018
751.14,0.003686421464021084
751.33,0.006642094498819811
751.51,0.005376480054585446
751.69,0.009783441536934492
751.88,0.0009363018108254033
752.06,0.0038602018383562175
752.25,0.0034142586767955526
752.43,0.004929145846035844
752.62,0.005065222067940475
752.8,0.004613553585826393
752.99,0.0003577090997133698
753.17,0.0071067264176666685
753.35,0.006815490085912426
753.54,0.007538841445135164
753.72,0.0036096064451876307
753.91,0.0014126726339074756
754.09,0.005719376734997939
754.28,0.005114826056951083
754.46,0.0040737510568442225
754.64,0.008213735009707243
754.83,0.00154023201365098
755.01,0.0008197238161296483
755.2,0.004128974235513775
755.38,0.006179155306414611
755.56,-0.0009613199797248819
755.75,0.004579748224678529
755.93,0.0036461786407787863
756.12,0.004557145616161492
756.3,0.003390106446194887
756.48,0.003457392494021379
756.67,0.005310483695075597
756.85,0.006618164493013557
757.04,0.00037372155405064166
757.22,0.010546249751372238
757.4,0.005467650152452132
757.59,0.0035010241910852003
757.77,0.0038185742230804048
757.96,0.0060729898890501946
758.14,0.0025815057298828378
758.32,0.002701817176481458
758.51,0.00399143428394594
758.69,0.0034494316195873885
758.87,0.003935924636575924
759.06,0.0005354783541892502
759.24,0.002092951643036904
759.43,0.0033667298950837005
759.61,0.01011397193052549
759.79,0.0005338313546537708
759.98,0.005533325365255032
760.16,0.006940526375179161
760.34,0.003354631600303716
760.53,0.002260255847702697
760.71,0.006002246001729686
760.9,0.0038674570233599467
761.08,0.005509261716469408
761.26,0.0035196686204104783
761.45,0.00339978162568684
761.63,0.006643944343250018
761.81,0.011269970816777813
762.0,0.0017461409955467715
762.18,0.0049440523598257525
762.36,0.004130661135917786
762.55,0.003476649349276098
762.73,0.0033250203183307334
762.91,0.00283802791602533
763.1,0.004953390346295721
763.28,0.0047890680722044165
763.46,0.0026671704106080627
763.65,0.005228084245097483
763.83,0.0020515163417382564
764.01,0.003681283032385881
764.2,0.004503912681375533
764.38,0.005073341268209921
764.56,0.002670840003101414
764.75,0.004325309151676548
764.93,0.003521843254496226
765.11,0.00468288933576194
765.3,-0.0009790515337125413
765.48,0.0033662377187825563
765.66,0.009064151069543952
765.85,0.007839164653627374
766.03,0.003610671623135691
766.21,0.0009501872645328797
766.4,0.007164500656900975
766.58,0.0028489728592308514
766.76,0.0022730167387256897
766.95,0.0015108962557696727
767.13,0.006157137585242101
767.31,0.0028066744200637094
767.49,0.005893176936207976
767.68,0.002288144474963683
767.86,0.004572663219616935
768.04,0.003932622745770904
768.23,0.006999989090926098
768.41,0.0011967588416594095
768.59,0.0017544170371251299
768.78,0.004857516072178954
768.96,0.006737835060125878
769.14,0.0020351988732799134
769.32,0.002461959257286153
769.51,-0.00021782193441252865
769.69,0.006446644720569754
769.87,0.005054586442700817
770.06,0.007717313987367383
770.24,0.004222454726123646
770.42,0.004227727323316089
770.6,0.0007605817625394785
770.79,0.003389614317396056
770.97,0.0033835216576719655
771.15,0.007898657293667143
771.33,0.005576491008769435
771.52,0.00490715421382772
771.7,0.00034286963417757
771.88,0.0025064516113286785
772.07,0.006339240895477226
772.25,0.0026844006714721114
772.43,0.006468816403157701
772.61,0.0033076053530405663
772.8,0.0006027148838573806
772.98,0.00586302403961144
773.16,0.0011396052755739817
773.34,0.008818301136190214
773.53,0.003042213574398855
773.71,0.001130178846603302
773.89,0.0023733330596939495
774.07,0.0049328957835150155
774.26,0.004053926652210809
774.44,0.004117399294550063
774.62,0.007996225207111799
774.8,0.008375875049132973
774.99,0.0034362660245444853
775.17,0.00211197649278339
775.35,0.004608161971868242
775.53,0.0031553826475715697
775.71,-0.0012555258065295822
775.9,0.005612340208493667
776.08,0.00918752726454494
776.26,0.003439049751845441
776.44,-6.99767077529856e-05
776.63,0.005868564549596781
776.81,0.004867716129428732
776.99,0.007568376441276992
777.17,0.0064354922003121975
777.35,0.003776289102960778
777.54,0.005805861782536492
777.72,0.005331448158918265
777.9,0.005447389431454455
778.08,0.0037156055921396774
778.27,0.005838612724359026
778.45,0.005224604246609142
778.63,0.008075242759253438
778.81,0.0004710913453441339
778.99,0.002925445494524781
779.18,0.0039898920786057
779.36,6.419520045319406e-05
779.54,0.005002587885734365
779.72,0.0015773486989222741
779.9,0.0068120889681568386
780.08,0.0024595331596417858
780.27,0.0059655024497110775
780.45,0.005422704781258895
780.63,0.0003432983122415635
780.81,0.002018169039591335
780.99,0.005667070797837542
781.18,0.006773061961830597
781.36,0.004373754274896136
781.54,-0.00021506410175314644
781.72,0.008552552227922594
781.9,0.00497808803254714
782.08,0.005443421247513056
782.27,0.0019248808192950727
782.45,0.007710930120246942
782.63,0.010251148158942774
782.81,0.007703361183445833
782.99,0.004525322200975208
783.17,0.0031297009088139755
783.36,0.0019676155179452373
783.54,0.005007825543934099
783.72,0.004851273661363899
783.9,0.004046746626607219
784.08,0.008232669830415597
784.26,0.005825026973769139
784.45,0.003892616342831704
784.63,7.230151165351952e-05
784.81,0.008772262147719036
784.99,-0.00023417074628838766
785.17,0.006673173863675548
785.35,0.008677586661917381
785.53,0.0023984640015703557
785.72,0.0014802321822602695
785.9,0.00038204127936560623
786.08,0.0016496684512101124
786.26,0.006869764534277981
786.44,-8.370073400418565e-05
786.62,0.006392072489317672
786.8,0.008151733441628053
786.99,0.009936831150459229
787.17,0.003577382148822998
787.35,0.005478169355064612
787.53,0.0005591107531772329
787.71,0.007534890936842584
787.89,0.003192803951928046
788.07,0.0074935803699400705
788.25,0.0004020555749658141
788.43,0.00487896091769486
788.62,0.003984586450531802
788.8,0.004006112516230857
788.98,0.0023933336466540095
789.16,0.008775166249996316
789.34,0.006120277524651206
789.52,0.0009224057263141619
789.7,0.003710283132555172
789.88,0.006739484352576344
790.06,0.007694634816807314
790.25,0.010218854141688613
790.43,0.005295091343200484
790.61,0.008664501701836755
790.79,0.0005895949024785659
790.97,0.0018149363462980916
791.15,0.008309156104223649
791.33,0.010910448988627046
791.51,0.0023495754138421116
791.69,0.0016458893709802205
791.87,0.0029380824973882767
792.05,0.009014944153326364
792.24,0.008015774677250134
792.42,0.00144721357615386
792.6,0.009107261147451228
792.78,0.0033430026994762307
792.96,0.007076431475112807
793.14,8.215942566171949e-05
793.32,0.011219526327761076
793.5,0.007671268456770913
793.68,0.005525657454711279
793.86,0.0012996886879526998
794.04,0.0070996276339643834
794.22,0.007299380986660545
794.4,0.0036012536994956034
794.58,0.007801324010194797
794.76,0.00564559789843603
794.95,0.008136471533686157
795.13,0.0074819762759187145
795.31,0.002381138584808915
795.49,0.0026114406155288285
795.67,-0.000978982762387437
795.85,0.0020497242931215077
796.03,0.005288716951974222
796.21,0.008041127279799106
796.39,0.008101818470813016
796.57,0.004970843403136904
796.75,0.010289062423195784
796.93,0.0050217288240133
797.11,0.005201675839973719
797.29,0.005637507434305873
797.47,0.004213507633713492
797.65,0.006753340868869031
797.83,0.003422833599627795
798.01,0.0033734490182179455
798.19,0.0069449398343001565
798.37,0.003846910405720284
798.55,0.008809775733563872
798.73,-0.0008573216563263658
798.91,0.007972116834353234
799.09,0.01051293955315406
799.27,0.001196940250791924
799.45,0.007433375892509014
799.63,0.010443185121571082
799.81,0.007439125417603086
799.99,0.007576793233885264
800.17,0.010144615877265095
800.35,0.007288326751464317
800.53,0.004510432737666264
800.71,0.003681128453225602
800.89,0.004921527320697181
801.07,0.004415642948065956
801.25,0.006570363498864266
801.43,0.0036193449937093254
801.61,0.002620110555372494
801.79,0.010305709435090005
801.97,0.014940246743526592
802.15,0.0046884486906733506
802.33,0.0014781413706647728
802.51,-0.0006910402162864224
802.69,0.004269081593170621
802.87,0.004962760026268083
803.05,0.007502962249471573
803.23,0.0014961982732849086
803.41,0.012907289162046653
803.59,0.0034661884273410053
803.77,0.004150297507269045
803.95,0.005495925013043564
804.13,0.004795456332684883
804.31,0.005354784487933734
804.49,-0.0028715998842543966
804.67,0.008090246043861783
804.85,0.006390122387089794
805.03,0.0022803476082092593
805.21,0.0045364597894798075
805.39,0.0017111952862564575
805.57,-0.00010792531568154035
805.75,0.004872104457919586
805.93,0.005863740451511727
806.11,-0.0009338702654668936
806.29,0.008693372877000598
806.47,0.008316338711739934
806.65,0.014600982739821392
806.83,0.004677148010359063
807.0,0.0034155150460934243
807.18,0.00658912588100682
807.36,0.009934395501405818
807.54,-0.000320937590853648
807.72,0.006709607953059594
807.9,0.008139523379344416
808.08,0.00669390952931465
808.26,0.006283211562397675
808.44,0.013958346594312217
808.62,0.002428557829604958
808.8,0.00814296906585413
808.98,0.0072747562239285895
809.16,0.007250274826498049
809.34,0.00605709973973221
809.51,0.00724875020896038
809.69,0.003072791474092091
809.87,0.01047466762849639
810.05,0.008129180378529359
810.23,0.0027394402755401333
810.41,0.010609348156568487
810.59,0.004654027733919676
810.77,0.00010316934657577073
810.95,0.000544625607550882
811.13,0.006991319384789474
811.31,0.011737802831759746
811.48,0.010305248824815564
811.66,0.010809905844643277
811.84,0.009262128351902836
812.02,0.009695885366313526
812.2,0.006193529760490366
812.38,0.007673109366830366
812.56,0.0023655915726105052
812.74,0.0032262436435461983
812.92,0.008033394677478886
813.1,0.004077801463038269
813.27,0.003344036800198174
813.45,0.011652212475366429
813.63,0.011103319789617849
813.81,0.0077958419383621705
813.99,0.011625373157824538
814.17,0.009679426202875879
814.35,0.013171219136902997
814.53,0.008906465869373508
814.7,0.012368079890996078
814.88,0.005199901112813808
815.06,0.006005280168666881
815.24,0.010438099612381185
815.42,0.0063849870452567506
815.6,0.011028351814200234
815.78,0.006298613843094668
815.95,0.006740624953110432
816.13,0.0053344514020120205
816.31,0.011633523292000344
816.49,0.0100156847642323
816.67,0.00773405873155269
816.85,0.003467430886250521
817.03,0.013957893063162162
817.2,0.009347950923913195
817.38,0.01834957522900409
817.56,0.013310105325887958
817.74,0.01306575418802909
817.92,0.0037666053349003532
818.1,0.0025928680541019698
818.27,0.0015527936907722372
818.45,0.008589773631023891
818.63,0.0006009094988309913
818.81,0.011035442443458754
818.99,0.0031260340843208795
819.17,0.01240977803524331
819.34,0.003637382856471215
819.52,0.006695691337637001
819.7,0.008708216146957404
819.88,0.005007423716113406
820.06,0.00700533586994311
820.24,0.0031721516740488447
820.41,0.00721069533331816
820.59,0.0059188988398958375
820.77,0.0013966211134954468
820.95,0.002374649957837121
821.13,0.010958982941039438
821.3,0.0003783551265269598
821.48,0.009216964598668078
821.66,0.009375311963719522
821.84,0.013315289855003706
822.02,0.0029830474228771495
822.19,0.00503201132644117
822.37,0.005079266776453156
822.55,0.006079885502478088
822.73,0.010849322493734995
822.91,0.006547534833405046
823.08,0.001731444240084629
823.26,0.009335831472194646
823.44,0.018614860971750278
823.62,0.014253400824041225
823.8,0.00698915489065141
823.97,0.0068554488765138295
824.15,0.005047511483457247
824.33,0.01125819668614071
824.51,0.004963419549590226
824.69,0.008599937287004365
824.86,0.01059780587848404
825.04,0.006605861281768203
825.22,0.016062575355561676
825.4,0.005211126182804353
825.57,0.006251538932476684
825.75,0.013959791105570496
825.93,0.005860895777386124
826.11,0.01858982173315376
826.28,0.013321623790560707
826.46,0.0009741128254823988
826.64,0.006018611413884662
826.82,0.007940719992054274
826.99,0.008755452768690535
827.17,0.008280198138916943
827.35,0.0160044448295724
827.53,0.010349094336177133
827.7,0.008096532351861089
827.88,0.017317257917944653
828.06,0.012120874418741582
828.24,0.009356430563717957
828.41,0.007510693476137561
828.59,-0.002417816174588547
828.77,0.00811962260937897
828.95,0.005573603381436092
829.12,0.004163816096569908
829.3,0.009904278158538712
829.48,0.0016266596794806785
829.66,0.009013898066656676
829.83,0.00908376342967564
830.01,0.006379856370397221
830.19,0.02333736642393239
830.36,-0.002227138313482741
830.54,0.006822095434057793
830.72,0.009463688274826644
830.9,0.012181060513377959
831.07,0.016198478366139614
831.25,0.007757407113238875
831.43,0.009337058898092589
831.6,-0.0035522659688486656
831.78,0.009848695489682466
831.96,0.0016894462370667513
832.14,0.013163366441498453
832.31,0.013233090459554859
832.49,0.005807700094212557
832.67,0.010120465718562047
832.84,0.0041829974834997905
833.02,0.013046106112454861
833.2,0.01273292101197921
833.37,0.01121629906491032
833.55,0.001422836584413828
833.73,0.011565421227036566
833.91,0.007658095258464948
834.08,0.011973659558180366
834.26,0.012477187317001075
834.44,0.022606950365745858
834.61,0.012457497715236123
834.79,-0.0061810270136724785
834.97,0.011939323434518262
835.14,0.0007906721403736656
835.32,0.011037606150218215
835.5,0.004983529210016199
835.67,0.001477860039639477
835.85,0.01134119078361085
836.03,-0.0015013493063861473
836.2,0.013735488982675303
836.38,0.0004769773861406126
836.56,0.007791351778637261
836.73,0.005855568719973831
836.91,0.002828954560142626
837.09,-0.0028548482451292256
837.26,0.015721700759935824
837.44,0.004818166030911488
837.62,0.0011595979259419612
837.79,0.007311913310524195
837.97,0.010025172401958419
838.14,0.017154379827629008
838.32,0.008413775191545425
838.5,0.010213051086267551
838.67,0.011589025556806555
838.85,0.015601877507797249
839.03,0.006877682157061572
839.2,0.012046720899918529
839.38,0.009856848423713736
839.56,0.006466448138078515
839.73,0.012473885283991449
839.91,0.010538311008933505
840.08,0.017912559071135745
840.26,0.0005272310316068055
840.44,0.006893758684060059
840.61,0.021671724543744837
840.79,0.00016274484713787833
840.97,0.021236148592670055
841.14,0.010776846382549436
841.32,0.012830815216772328
841.49,0.010861356470719483
841.67,-0.001956070499987896
841.85,0.00972959199923561
842.02,0.011270025904700087
842.2,0.008779004719215104
842.37,0.005230932062896023
842.55,0.01122547285200691
842.73,-0.0005544126682642305
842.9,0.013298671182190105
843.08,0.010123205097542179
843.25,0.010086841670794136
843.43,0.00809344711922775
843.61,0.017654973985936306
843.78,-0.0013278702504273807
843.96,0.010792113896232138
844.13,0.015874296331850384
844.31,0.01655749361882281
844.49,0.01083185646934853
844.66,0.011945935391728113
844.84,0.005480545629663349
845.01,0.009983598083865494
845.19,0.02593579449370792
845.37,0.02704769374050293
845.54,0.0017036662404074695
845.72,0.014897057778854968
845.89,0.018417750932610614
846.07,0.017314277311336293
846.24,0.008704812519769428
846.42,0.0029642167517493602
846.59,0.0017414890501949696
846.77,0.021696833999150532
846.95,-0.005395386736328969
847.12,0.010719389144852334
847.3,0.00752554067382535
847.47,0.015455420821569059
847.65,0.01616036358977155
847.82,0.005044031617218102
848.0,0.02091229534462588
848.17,0.001033780703061181
848.35,0.014124822573774688
848.53,0.010271361427210442
848.7,0.01560285434206863
848.88,0.0224190848857529
849.05,0.007746465062462019
849.23,0.03537303922400561
849.4,0.014416434823416598
849.58,0.01841099268653362
849.75,0.006005974623525582
849.93,0.028524075758506663
850.1,0.0031123984948998487
850.28,0.011549949713784488
850.45,0.022114654957908143
850.63,0.02002553162399261
850.8,0.004317191200701207
850.98,0.013377941763368402
851.16,-0.00618911824602318
851.33,0.009609364785146802
851.51,0.004528152790546117
851.68,0.017911811670458345
851.86,0.010075772900571826
852.03,0.010991034947387486
852.21,0.015622783864988386
852.38,0.020160409300485967
852.56,0.0015486359967197979
852.73,0.016913432515940078
852.91,0.025512517368305603
853.08,0.014097445618075901
853.26,0.007374719159935918
853.43,0.010603807620115563
853.61,0.012858222814127395
853.78,0.02748879781193627
853.96,-0.003013553519216159
854.13,0.01102726819499254
854.31,0.007011749285538468
854.48,0.0071018716511315125
854.66,0.007652238434324293
854.83,0.00022285619991053583
855.0,0.011611652275136266
855.18,0.020152694166181657
855.35,0.02416658772466179
855.53,0.011768002726204973
855.7,0.017388187557130307
855.88,0.003640110973436147
856.05,0.00021963614171395144
856.23,0.008593380001439221
856.4,0.011717290021443538
856.58,0.02612849983916869
856.75,-0.0022271163354295274
856.93,0.03001840995816245
857.1,0.02171963429779175
857.28,0.010957661826986818
857.45,0.009826649408458598
857.62,0.015971419756805078
857.8,0.0022656641604010225
857.97,0.031464179534423646
858.15,0.015318405373085217
858.32,-0.0050377594236909505
858.5,0.015242648905591596
858.67,0.011531100393913012
858.85,0.006322638767058106
859.02,0.01207695938254812
859.19,0.02346936691563766
859.37,0.014863821851977764
859.54,0.015991437001742447
859.72,0.021012418256848252
859.89,0.027740957611695077
860.07,0.02060070460380966
860.24,0.02522609885635447
860.41,0.01835577255018003
860.59,0.012999028882039477
860.76,0.01586653455480615
860.94,0.00790141982013126
861.11,0.016273266390931098
861.29,0.010234700418047731
861.46,0.013006429607933504
861.63,0.021556241462092188
861.81,0.017981058534577567
861.98,0.015325893475307412
862.16,0.028510820302235812
862.33,0.006142650489158407
862.5,0.017075771594672686
862.68,0.010748636796550411
862.85,0.0013887400872864804
863.03,0.003125571531612271
863.2,0.03974431494342368
863.37,0.018345526639700925
863.55,0.010606677145967316
863.72,0.022862369494060973
863.9,0.028849415959190158
864.07,0.025899295993485016
864.24,0.002558681918579182
864.42,0.012479850133078002
864.59,0.027994241184670605
864.77,0.023578154109883315
864.94,0.010767433911860136
865.11,0.012364859686082978
865.29,0.024373743417144305
865.46,0.012963135887778733
865.63,0.023713971425669375
865.81,0.01866570301017791
865.98,0.01945000463249254
866.16,0.01779371391001689
866.33,0.008789235316864737
866.5,0.017639207308058336
866.68,0.02231132186603785
866.85,0.024500679594525916
867.02,0.023671306872725492
867.2,0.02657423827180399
867.37,0.025576292957146588
867.54,0.01728039888551659
867.72,0.020506354993696144
867.89,0.025549196738328468
868.06,0.00748810477731152
868.24,0.028003632950601865
868.41,0.018262959888753566
868.59,0.024870727871653345
868.76,0.02684284993991735
868.93,0.003388863761438275
869.11,0.02785099706020773
869.28,0.01577291454618385
869.45,0.007860982815578692
869.63,0.0015979754325815116
869.8,0.01681277030315079
869.97,0.029807984795357515
870.15,0.00889731267098523
870.32,0.00217294870264832
870.49,0.02577011436332863
870.66,0.02265849572955947
870.84,0.026136244845809887
871.01,0.01621178505980228
871.18,0.005527818659380769
871.36,0.02671539208788108
871.53,0.018809835201509344
871.7,0.020280736532379533
871.88,0.024138766697755054
872.05,0.011051017132817371
872.22,0.01989669969864876
872.4,0.022144796746226127
872.57,0.04160667355040263
872.74,0.03417846377404738
872.92,0.025959861932238943
873.09,0.02785964233382022
873.26,0.018631237146349285
873.43,0.027709386040004773
873.61,0.02097888243058843
873.78,0.012256454384641229
873.95,0.013903336749449725
874.13,0.036800788944288704
874.3,-0.005481568781509826
874.47,0.028530570325398814
874.64,0.02063223188499769
874.82,0.013086503444286182
874.99,0.04597793996940887
875.16,0.03067685504426023
875.34,0.01734150133549496
875.51,0.024241822044025776
875.68,0.031573758369962644
875.85,0.015621268641353159
876.03,0.009387650108985584
876.2,-0.004118357908613689
876.37,0.040009618637788416
876.54,0.020820345278398163
876.72,0.004806061140364264
876.89,0.010004835447839974
877.06,0.0003604079487835844
877.23,0.037589999804727305
877.41,0.022148471713477436
877.58,0.010803683403469131
877.75,0.04526855768648521
877.92,0.021107822082922233
878.1,0.02433082581309012
878.27,0.009571546484580208
878.44,0.011828004410143362
878.61,0.02820837755344319
878.79,0.03810768318619053
878.96,0.02898029170812256
879.13,0.020436927413671632
879.3,0.019358169147380228
879.48,0.0431055731315844
879.65,0.034847475612534165
879.82,0.02803743786443845
879.99,0.016556166160953546
880.16,0.05067679149422583
880.34,0.028595641574237395
880.51,0.04066157870574355
880.68,-0.005645429690294492
880.85,0.011083127898408146
881.03,-0.015925427816166546
881.2,0.038170284556088396
881.37,0.013173966434711455
881.54,0.0363313784747061
881.71,0.012666597398671977
881.89,0.023604014510743565
882.06,0.028672890190485602
882.23,0.02034568448067538
882.4,-0.012297190735852412
882.57,0.04281202673639076
882.75,0.02774087379471947
882.92,0.01369775759332218
883.09,0.020456815390912847
883.26,0.034050161637754955
883.43,0.03515051123534577
883.61,0.01358947218755434
883.78,0.016041410894414125
883.95,0.053171884799073796
884.12,0.0068513710988913476
884.29,0.062333196889070845
884.47,0.02168528760180422
884.64,0.057311848562900156
884.81,0.007669935481349553
884.98,-0.004187607475827257
885.15,0.027689250190402446
885.32,0.02642411455012239
885.5,0.012196988695394491
885.67,0.015709752122823606
885.84,0.038163433521815705
886.01,0.007797006346862527
886.18,0.033543440473234334
886.35,0.02731127957571767
886.53,0.019070118120130722
886.7,0.032536252304495625
886.87,0.009949177509595473
887.04,0.02187041594751384
887.21,-0.0004857978486094915
887.38,0.012102446669994557
887.55,0.031788681158858925
887.73,0.05326236750031952
887.9,0.04596732652664403
888.07,0.021031191610416316
888.24,0.01432126189433668
888.41,0.02972473868859957
888.58,0.04423732910746425
888.75,0.02708133231764541
888.93,0.019559805016242663
889.1,0.023863393211052335
889.27,0.025899306889047423
889.44,0.020464332026509536
889.61,0.04063035742717606
889.78,0.027192609699769093
889.95,0.019540175944610338
890.12,-0.009011131845286692
890.3,-0.014618257858139501
890.47,0.06018832224357483
890.64,0.013881115381906775
890.81,0.02876572649607375
890.98,0.006815607324031213
891.15,0.03589518067176648
891.32,0.04103723087902942
891.49,0.06487925071280239
891.66,0.010924921656564938
891.84,0.04814463576360725
892.01,0.026047868654110535
892.18,0.07278856882340948
892.35,0.05639209652415621
892.52,0.04749370439130199
892.69,0.026556687186974265
892.86,0.021402863493281323
893.03,0.018011745593435727
893.2,0.011463112091200893
893.37,0.027206232278756945
893.55,0.034860146206395895
893.72,0.045349948667115135
893.89,0.004784762667303137
894.06,0.03303216649054195
894.23,0.0538814766001994
894.4,0.0681641083996092
894.57,0.051939140688878796
894.74,0.07272793673079346
894.91,-0.0016921147452869192
895.08,0.05769420922110646
895.25,0.00962123781003473
895.42,0.0474289088579222
895.59,0.024444091281994058
895.76,0.06946760964401719
895.94,0.017899490556383665
896.11,0.028433726539452114
896.28,-0.008979171582401978
896.45,0.062353746061765504
896.62,0.02218842226706482
896.79,0.028739929618223265
896.96,0.006440739689946818
897.13,0.056639674515873095
897.3,-0.04529009597263422
897.47,0.025668812543272357
897.64,-0.006705845909521206
897.81,0.026789761634404403
897.98,0.037643367861602564
898.15,0.055104827361590766
898.32,0.0030046315936793876
898.49,0.0412102916069993
898.66,0.022430927159550116
898.83,0.08575290010136281
899.0,0.028924282655625987
899.17,0.0393158705978044
899.34,0.017724106635415657
899.51,0.06696700078837711
899.68,0.01858928447658439
899.85,0.053797050206631385
900.02,0.03700102378069594
900.19,0.045619181743328595
900.36,0.044600275126898736
900.53,0.035158364076006865
900.7,-0.003392185909158849
900.87,0.032308537871548235
901.04,0.03755612272497042
901.21,0.03052182138930796
901.38,0.032308537871548235
901.55,0.05992643136454516
901.72,-0.004658628435204173
901.89,0.05451133754629071
902.06,0.036259454034318774
902.23,0.0034443514140893067
902.4,0.010117148493631168
902.57,0.006240617735805536
902.74,0.023787484756321586
