Wavelength [nm],#25-F495-Di03.csv
400.08,0.05195505486978451
400.29,0.1210282797057743
400.5,0.10307846271042141
400.71,0.10624403476164168
400.92,0.031628618152913054
401.13,0.09359388220331225
401.34,0.04777906854997537
401.54,0.0435632260751956
401.75,0.07688488215122509
401.96,0.06149153828566986
402.17,0.05065787039239635
402.38,0.03106028589185835
402.59,0.04953423458979839
402.8,0.020807795552935025
403.01,0.08155572481310253
403.22,0.05942984720849382
403.43,0.05716453210763538
403.63,0.035652860610347566
403.84,0.029241463243382455
404.05,0.0313170436710775
404.26,0.09218296372627909
404.47,0.06599472042236626
404.68,0.062135004238316985
404.89,0.05894633127984514
405.1,0.08169662260629464
405.31,0.03916907304188217
405.52,0.05266459147611585
405.72,0.0641408957043665
405.93,0.08422422826960405
406.14,0.05492457812379282
406.35,0.08345904999472682
406.56,0.07015385943333122
406.77,0.023191325044372935
406.98,0.08412494937136991
407.19,0.019376055862146687
407.39,0.09373628913934721
407.6,0.05739831234053071
407.81,0.01218208821256893
408.02,0.0692400420849964
408.23,0.0588620727312439
408.44,0.04400762117198759
408.65,0.041608232203721035
408.86,0.017446323175465045
409.06,0.05941487086761553
409.27,0.015618875999549546
409.48,0.05470605920737831
409.69,0.02712372185919289
409.9,0.042254245349719166
410.11,0.06509867016093254
410.32,0.06799901243551598
410.52,0.0643912664047201
410.73,0.03013328419630248
410.94,0.08822232916654875
411.15,0.04622793069302867
411.36,0.06464685833369793
411.57,0.02684804786316695
411.78,0.053250426705510695
411.98,0.07760029456421463
412.19,0.039017935302620106
412.4,0.06354123996293398
412.61,0.049307842920227364
412.82,0.05331022698353071
413.03,0.07483851032824058
413.23,0.04947308876830576
413.44,0.030799429128667913
413.65,0.044840137581489616
413.86,0.036802948982134494
414.07,0.07255698275959234
414.28,0.05818201420651281
414.48,0.05924978177426495
414.69,0.05063752556433391
414.9,0.06562464622963751
415.11,0.03325364051293201
415.32,0.04516625742337437
415.53,0.07697512985347103
415.73,0.06792207342281831
415.94,0.06555476308041187
416.15,0.05749116352881776
416.36,0.04764022416268758
416.57,0.0411096049078679
416.78,0.06856441062212217
416.98,0.09180503794335694
417.19,0.03261894695762468
417.4,0.10203507063205516
417.61,0.037008125199377045
417.82,0.053982985305491143
418.02,0.03765855107991164
418.23,0.05933326276367808
418.44,0.05798072541954953
418.65,0.09605896015069224
418.86,0.029267070469251522
419.07,0.04461006338061967
419.27,0.08532920128679092
419.48,0.04344796183009646
419.69,0.03923640535799605
419.9,0.09794040837728427
420.11,0.05830415383943952
420.31,0.054829190578778754
420.52,0.018606553714264146
420.73,0.07979005504654271
420.94,0.07088592658404454
421.15,0.03869916780564873
421.35,0.07143708354471759
421.56,0.07662342269131674
421.77,0.07017502784457878
421.98,0.038349730574222855
422.19,0.05417943432317496
422.39,0.06203733856158247
422.6,0.05707453924291531
422.81,0.04396597571838287
423.02,0.05433694431387187
423.22,0.06444524946930433
423.43,0.062142661493601314
423.64,0.051608439750392816
423.85,0.047935995046775114
424.06,0.06333782343283534
424.26,0.06658415448818651
424.47,0.05918799267946061
424.68,0.03278361073684138
424.89,0.0682089343593445
425.09,0.041848201068313114
425.3,0.06307972203167411
425.51,0.07973583916837769
425.72,0.07228131246871455
425.93,0.041442527815199706
426.13,0.045733042274858526
426.34,0.04859625183957347
426.55,0.04925655514732417
426.76,0.029477825895501852
426.96,0.05949380742716498
427.17,0.026212453623049418
427.38,0.030902834882828533
427.59,0.050593516758930326
427.79,0.04045367461108134
428.0,0.022751936186987003
428.21,0.03839101842138893
428.42,0.05296544909467421
428.62,0.03876236584194163
428.83,0.06156095061560954
429.04,0.0421316257648571
429.25,0.0462925056727123
429.45,0.043627588275068
429.66,0.060573497602328004
429.87,0.04173545041916364
430.08,0.0436303392638479
430.28,0.038108855701481203
430.49,0.038731392404335645
430.7,0.029520091072931163
430.91,0.06021849266958591
431.11,0.06357068066042519
431.32,0.050935743007223776
431.53,0.07943475414885837
431.74,0.04822277941139723
431.94,0.05193228477498741
432.15,0.04789909022785621
432.36,0.07265392917753523
432.56,0.06078238788148909
432.77,0.03394939475406707
432.98,0.0629324944895982
433.19,0.03815216129516327
433.39,0.021674040816558236
433.6,0.06434209238145389
433.81,0.034954666349200365
434.02,0.022896967571571045
434.22,0.06390509309687295
434.43,0.04231730294919177
434.64,0.03474558721091292
434.84,0.04798285366297327
435.05,0.04458904542295789
435.26,0.035865523583411656
435.47,0.04813184629390426
435.67,0.031402681475689344
435.88,0.0232357006617812
436.09,0.04202115146485918
436.29,0.023749160489604966
436.5,0.04021194650228299
436.71,0.04625883318106393
436.92,0.04716713061802347
437.12,0.030157537887200603
437.33,0.0074609460100214285
437.54,0.016596609441746
437.74,0.025604345635315686
437.95,0.03960186306327985
438.16,0.03883915024574636
438.36,0.04316386613208219
438.57,0.05768035704197506
438.78,0.04125730855515825
438.99,0.03071634224852845
439.19,0.031469757127016516
439.4,0.022547572834354723
439.61,0.03232696853527995
439.81,0.024941290603931396
440.02,0.048062346634846445
440.23,0.03684977712680185
440.43,0.012148354235126868
440.64,0.02757501842517783
440.85,0.04308216692026088
441.05,0.04740840046559015
441.26,0.030011034322550697
441.47,0.012302082609622723
441.67,0.019134551746414697
441.88,0.04748013347552378
442.09,0.039092113179319564
442.29,0.0429624064627993
442.5,0.05559387434002374
442.71,0.03358707311977882
442.91,0.03496059436538233
443.12,0.02452784753517495
443.33,0.03418944330153089
443.53,0.037532173676259904
443.74,0.019750104405341064
443.95,0.04362914874662439
444.15,0.02867759844258822
444.36,0.03502153850272273
444.57,0.02916351569466237
444.77,0.040110675624802264
444.98,0.04990312183315912
445.19,0.05984982281827196
445.39,0.012053226673426827
445.6,0.017348735248350226
445.81,0.01456211965211884
446.01,0.025114455935302007
446.22,0.03376026931523038
446.43,0.056778386519171095
446.63,0.0406093238851759
446.84,0.040536130687257844
447.05,0.03450884769207983
447.25,0.035859062367830326
447.46,0.04107037683220912
447.67,0.0664331505782322
447.87,0.044910750025151415
448.08,0.02882146951144122
448.28,0.03657946554149088
448.49,0.01738731198527298
448.7,0.04564411038473673
448.9,0.05376649666295765
449.11,0.04520988709756312
449.32,0.04567173211257613
449.52,0.038596736831283396
449.73,0.04699888982268292
449.93,0.019505289324371046
450.14,0.04088710839436873
450.35,0.046882040632407994
450.55,0.029352758188584852
450.76,0.03131860314958909
450.97,0.03135086342716718
451.17,0.043750366450307186
451.38,0.04321355086000756
451.58,0.02088420606766561
451.79,0.04199624552536946
452.0,0.009141203000167927
452.2,0.017373294492135472
452.41,0.03516347691311643
452.62,0.027455119284598057
452.82,0.03438693990969088
453.03,0.03172479143590698
453.23,0.03718289059615691
453.44,0.02185279856807471
453.65,0.01917762163871308
453.85,0.02036962256228518
454.06,0.03224296604864237
454.26,0.04198744439130115
454.47,0.04092432891792062
454.68,0.022266772505779648
454.88,0.022683945828616322
455.09,0.030123317881971933
455.29,0.028849232918983458
455.5,0.030240512103208047
455.71,0.019860022406550406
455.91,0.020339311829511136
456.12,0.02979966723930366
456.32,0.049479161543531096
456.53,0.032927944779928685
456.73,0.022835368500379594
456.94,0.018345875852317672
457.15,0.04144305023889361
457.35,0.029776999690830586
457.56,0.04344130790068314
457.76,0.025639807395360332
457.97,0.03953680059772404
458.18,0.028352690481137144
458.38,0.031398529100359646
458.59,0.006710543527147707
458.79,0.03499986601041548
459.0,0.02367995131670356
459.2,0.001203436889632419
459.41,0.02379028979766233
459.62,0.014824446423915135
459.82,0.01897497857663711
460.03,0.012263875811383974
460.23,0.021292937350736015
460.44,0.026219965127775382
460.64,0.01972221526229195
460.85,0.04612005977394881
461.06,0.019474892439606567
461.26,0.024119474652808223
461.47,0.026552272539973963
461.67,0.02859968013399889
461.88,0.020385885705145875
462.08,0.03515509807377216
462.29,0.030056332909322206
462.49,0.02460582935662514
462.7,0.054627914601719035
462.91,0.014465530166547435
463.11,0.027771613303303178
463.32,0.026908293876548438
463.52,0.03252060079255548
463.73,0.0256512222795581
463.93,0.02173183381806862
464.14,0.03362853685419414
464.34,0.0318700313168519
464.55,0.01853411058507059
464.75,0.02003246655901591
464.96,0.02930840774755665
465.16,0.023208542787636163
465.37,0.011106344301036191
465.58,0.02012833589402607
465.78,0.022203099282206804
465.99,0.015190171309915224
466.19,0.021774378107727636
466.4,0.0292104583684302
466.6,0.02334832212705452
466.81,0.02189534363663471
467.01,0.03217273033553643
467.22,0.018929316146969577
467.42,0.014416952556835429
467.63,0.019734929298105646
467.83,0.01810154525386315
468.04,0.022359721378000474
468.24,0.03199709298843186
468.45,0.015077693477552995
468.65,0.016740357367807095
468.86,0.017332995463192963
469.06,0.02153087803384293
469.27,0.011197845672209928
469.47,0.03043336257852977
469.68,0.020307941752700797
469.88,0.025003303320308826
470.09,0.025144743165521958
470.29,0.018909012946874346
470.5,0.020425921521144887
470.7,0.015194265249836827
470.91,0.018469911538782826
471.11,0.01636239255227389
471.32,0.017116014318541213
471.52,0.014648272515241858
471.73,0.014754202829202534
471.93,0.017359324853856807
472.14,0.011244503346512376
472.34,0.01093619168556648
472.55,0.008201846334914867
472.75,0.01039708104906039
472.96,0.02575103009668983
473.16,0.010556278303284542
473.37,0.01702507046465638
473.57,0.01904912725599252
473.78,0.015519277207803812
473.98,0.02228287235533986
474.19,0.015032884123793226
474.39,0.009351041646164552
474.6,0.010863062438993681
474.8,0.018648270349966658
475.01,0.017922275524641745
475.21,0.007562681528618279
475.42,0.01609300125274861
475.62,0.012311243346951904
475.83,0.010725197206930255
476.03,0.016548481094216153
476.24,0.018109724605567878
476.44,0.00991405961042706
476.64,0.017490258212963
476.85,0.013012175442696752
477.05,0.010899219422887017
477.26,0.010907423636752567
477.46,0.016963346618590145
477.67,0.014402114389404265
477.87,0.0193113765829088
478.08,0.009715881074368684
478.28,0.018347332199432475
478.49,0.020496454965653763
478.69,0.009810084917266928
478.9,0.010401478738091902
479.1,0.01308446740252832
479.3,0.020363077595532145
479.51,0.014801954502335747
479.71,0.017969867753550996
479.92,0.008474838364545946
480.12,0.013868047724364826
480.33,0.008451892690090515
480.53,0.018337243071046328
480.74,0.011768963461024417
480.94,0.021270320845972305
481.14,0.00997563810031235
481.35,0.015422725461432016
481.55,0.01040471724666442
481.76,0.018773588902932646
481.96,0.013965477072634047
482.17,0.011849100502593655
482.37,0.008340332412395382
482.57,0.006612336023665052
482.78,0.00857355571287162
482.98,0.010533413719718008
483.19,0.012158146355166724
483.39,0.004962256072253608
483.6,0.00692823281985511
483.8,0.013667444500737778
484.0,0.011584260798733186
484.21,0.00686476562158616
484.41,0.016183346149700482
484.62,0.011902644960220135
484.82,0.01755198915797768
485.02,0.011201337967319985
485.23,0.007345381269586833
485.43,0.018066180113638367
485.64,0.009675357317958686
485.84,0.01109168044130685
486.05,0.006283774329873448
486.25,0.005054199229816692
486.45,0.005278388878406303
486.66,0.007152817487786045
486.86,0.007858534400306708
487.07,0.01040853793159233
487.27,0.008372675131671718
487.47,0.013061180406429326
487.68,0.01385181639625663
487.88,0.01678225960266125
488.09,0.015216348851682947
488.29,0.011038801055206032
488.49,0.007437551603757191
488.7,0.016397226077789526
488.9,0.00886631149182911
489.1,0.0064636967704466515
489.31,0.013519245481237197
489.51,0.01161582477761847
489.72,0.007154853516600017
489.92,0.014538298596166106
490.12,0.007852290807236843
490.33,0.010275856367979213
490.53,0.01250924704645402
490.74,0.014128436589837439
490.94,0.008597473883128039
491.14,0.008182618028545235
491.35,0.012926538495898275
491.55,0.007022508696666493
491.75,0.009333135627328222
491.96,0.013459498745920517
492.16,0.011242544870706786
492.36,0.015465663720797003
492.57,0.009886128584747939
492.77,0.003581837700567016
492.98,0.00886536983173988
493.18,0.007313779046138399
493.38,0.009091450404991373
493.59,0.009583135097149002
493.79,0.008827724990978739
493.99,0.012825360830513133
494.2,0.00622061638485346
494.4,0.005936582381132226
494.6,0.004310241318457082
494.81,0.012928202274267908
495.01,0.007198936492953923
495.22,0.01531269368257369
495.42,0.011927855572871812
495.62,0.01006711992955857
495.83,0.004372677891610041
496.03,0.011493387323216512
496.23,0.012622003959645252
496.44,0.013790227232701414
496.64,0.012248743542247925
496.84,0.010683481982410451
497.05,0.007490562300170795
497.25,0.01039185837065064
497.45,0.0027072597704096623
497.66,0.011470073077141232
497.86,0.009208250833354225
498.06,0.009171278635914068
498.27,0.005982780627196932
498.47,0.006864462539179302
498.67,0.00673554212042908
498.88,0.0072425709727502235
499.08,0.007227134200604047
499.28,0.017281458010125452
499.49,0.007610405665112275
499.69,0.012073159202525571
499.89,0.009673869218442266
500.1,0.014439684914342209
500.3,0.01076459564637689
500.5,0.010171329723632879
500.7,0.006769098297845686
500.91,0.008776134519621698
501.11,0.009112962013949146
501.31,0.00856568589554228
501.52,0.012669026546785188
501.72,0.005726187066152324
501.92,0.01055674133963006
502.13,0.007350387321564128
502.33,0.011899739350051152
502.53,0.013742794750818306
502.74,0.007416271609649669
502.94,0.014284687064738896
503.14,0.012969717511178324
503.34,0.004889901941724294
503.55,0.010063230623734806
503.75,0.014025096550335611
503.95,0.01140931036495024
504.16,0.007971237639528249
504.36,0.01225202343865354
504.56,0.010180067312843643
504.76,0.010926790031778107
504.97,0.01594222985652461
505.17,0.012364785366038971
505.37,0.013400711347520324
505.58,0.009903985747860415
505.78,0.013704328061756607
505.98,0.0072814589280775005
506.18,0.007786640997438739
506.39,0.007613218780809471
506.59,0.01475067384418011
506.79,0.01268797253251448
507.0,0.015343985503556304
507.2,0.01075910504368498
507.4,0.016282155120234586
507.6,0.020398553029775512
507.81,0.021923200374219656
508.01,0.021393509959442857
508.21,0.02224604743822136
508.41,0.024346730468279183
508.62,0.02780939927512439
508.82,0.03296017776008627
509.02,0.045736978644194876
509.23,0.046584546364244445
509.43,0.05794505131708634
509.63,0.06925598307738151
509.83,0.08626274476832091
510.04,0.10455705520874214
510.24,0.12608796635563713
510.44,0.1575277127438407
510.64,0.17847395722000647
510.85,0.20156536498487945
511.05,0.23610162205966329
511.25,0.2652493695679775
511.45,0.296917007171298
511.66,0.3295407052482971
511.86,0.3513453576020667
512.06,0.3758273034363912
512.26,0.3892998416525094
512.46,0.4303967831903097
512.67,0.4515748761369152
512.87,0.46265534366243843
513.07,0.48955167617425244
513.27,0.5026333121594845
513.48,0.5142494790284697
513.68,0.5305912094251897
513.88,0.568696066539993
514.08,0.5859226945962438
514.29,0.5979815229906037
514.49,0.6358576141672352
514.69,0.6779954929078791
514.89,0.7153561858630044
515.09,0.7283159100705044
515.3,0.7732932484572597
515.5,0.8030247903852958
515.7,0.8291564186262509
515.9,0.8558039151792988
516.11,0.8512188363569833
516.31,0.892674131167
516.51,0.9120001796256126
516.71,0.9158766985615419
516.91,0.9258052231133402
517.12,0.9354220401839981
517.32,0.9462150732015514
517.52,0.9575553394431036
517.72,0.931471696954473
517.92,0.9601028996444023
518.13,0.9597634579564084
518.33,0.9707668160911035
518.53,0.9562129380111749
518.73,0.9655879980887385
518.93,0.9520977604329177
519.14,0.9812480693193306
519.34,0.9471099345208993
519.54,0.9554270051676068
519.74,0.9646336716969868
519.94,0.9679018472497404
520.15,0.983964363380679
520.35,0.9792183111430801
520.55,0.9900903194204996
520.75,0.9817345674336619
520.95,0.9809621483053103
521.16,0.9749754113899503
521.36,0.9937705278577164
521.56,0.9636300845297032
521.76,0.9818968324108098
521.96,0.9722456367477055
522.16,0.974124811581099
522.37,0.9573429474775824
522.57,0.9932206999505371
522.77,0.9758575380666884
522.97,0.9765343211830945
523.17,0.9789959196751563
523.37,0.9649699656225176
523.58,0.9941081463454232
523.78,0.9683889572069305
523.98,0.9812764426667322
524.18,0.9918281447560817
524.38,0.9719558736895199
524.58,0.9833341888141508
524.79,0.9813544791267615
524.99,0.9852965095216375
525.19,0.9948450618762223
525.39,0.9707037704715423
525.59,0.9698034667498256
525.79,0.9899710809830505
526.0,0.991425598660079
526.2,0.9751036572246032
526.4,0.9668156057806824
526.6,0.9642338188880702
526.8,1.0006585828387053
527.0,0.9606461758135606
527.2,0.9580336360797626
527.41,0.9640107186514387
527.61,0.9791228839623011
527.81,0.9724356434435311
528.01,1.0034324418729232
528.21,0.9872818777119267
528.41,0.9572213650285866
528.61,0.9822932328650259
528.82,0.9938521084055715
529.02,0.9689463011743733
529.22,0.9873506282490191
529.42,0.9741238547339297
529.62,0.9546093487550695
529.82,0.9939086107088669
530.02,0.9788906425179666
530.22,0.9804387456607143
530.43,0.9795885199191281
530.63,0.9887969781393312
530.83,0.9854970055357586
531.03,0.9907324241279731
531.23,0.9893335875723622
531.43,0.9691274936480067
531.63,0.9820052240897281
531.83,0.9800713408124265
532.03,1.0132156616266923
532.24,0.9875923442784873
532.44,0.9815140746947616
532.64,0.9894879108635967
532.84,0.9657051085574648
533.04,0.9634203411279166
533.24,0.9738855084822434
533.44,0.9891170644782075
533.64,0.9616803743405897
533.84,0.9867705963213483
534.04,0.9869085863731225
534.25,0.9802257745915546
534.45,0.9726778009124603
534.65,0.9748064344814847
534.85,0.9764880390868459
535.05,0.9718582338848459
535.25,0.9799473940214026
535.45,0.9884976039277084
535.65,0.9749852242397069
535.85,0.988114958829105
536.05,0.9876562705720779
536.25,0.9784991136227779
536.46,0.9683662098198598
536.66,0.9837560816991839
536.86,0.9993541074776
537.06,0.979411228086146
537.26,0.9953089039932226
537.46,1.0008633275609948
537.66,0.9721591562166769
537.86,0.9824401193511102
538.06,0.9849366557900185
538.26,0.9845395833214299
538.46,0.9948048975053464
538.66,0.9967691461984589
538.86,0.9937250539139603
539.07,0.9924230064518457
539.27,0.9839534261190124
539.47,0.9873598848856211
539.67,0.9939324801338222
539.87,0.9776559405230072
540.07,0.9955226129901744
540.27,0.9899224911957248
540.47,0.9930662755846564
540.67,0.9924678305532816
540.87,0.9964433796035147
541.07,1.010330049178231
541.27,0.9884547188798647
541.47,1.0004296699462487
541.67,0.9973180199346369
541.87,0.9895147593501799
542.07,0.9976441540082316
542.27,1.0047717657936484
542.47,0.9989348638598925
542.67,0.9772400260608052
542.87,0.99462732108407
543.08,0.999363562098673
543.28,0.9874005271929147
543.48,1.0083390763681237
543.68,1.0065665739777336
543.88,0.9923363371437656
544.08,1.0101534005433856
544.28,1.0028804697168843
544.48,0.9997879215202823
544.68,1.0008489440685568
544.88,1.0145462771910696
545.08,1.00687471913998
545.28,1.0046229245856906
545.48,0.9903524752052358
545.68,0.9843774102677927
545.88,0.9822538110959359
546.08,0.9986151755151995
546.28,0.9921911861220842
546.48,1.00094742115521
546.68,0.9936691973430365
546.88,1.00307579026483
547.08,0.9915575481754471
547.28,0.9809262291073826
547.48,0.9851492519501126
547.68,1.0055731376001351
547.88,1.0057930769411845
548.08,0.9891755229367093
548.28,1.001797140622261
548.48,1.0032938527107398
548.68,0.9930639273186681
548.88,1.0003139234064529
549.08,1.0070366440101661
549.28,1.0079327545910104
549.48,0.9857673162499468
549.68,0.9855776333770044
549.88,1.0086526191291356
550.08,0.9880512916153854
550.28,1.0028205882651353
550.48,1.0091968714697364
550.68,0.9878843525179192
550.88,1.006984644357254
551.08,1.0208867005436928
551.28,1.0028056404362087
551.48,1.0059808165479072
551.68,1.0007264069842576
551.88,1.0076442559763017
552.08,1.0130651033158293
552.28,0.9904796115312243
552.48,0.9735205657690528
552.68,0.9961007529415065
552.88,0.9859705785874694
553.08,1.0056529874562574
553.28,0.9770840088146883
553.48,1.0013189304474035
553.68,0.9837566119253398
553.88,1.0070043595801896
554.08,0.9781017518377677
554.28,0.9990607850740655
554.47,0.9918897599804313
554.67,1.0038535760968885
554.87,1.008411676832924
555.07,1.00700143178641
555.27,0.9984668018479266
555.47,0.99959614199386
555.67,0.999176316735844
555.87,0.9936711905145701
556.07,1.0065203186424603
556.27,1.0049607838781442
556.47,0.9998978181228748
556.67,0.9920355103697405
556.87,1.0060547154021668
557.07,0.999188268138685
557.27,0.986185139158926
557.47,1.010731290184895
557.67,0.9941131520522003
557.87,1.0220592658696988
558.07,1.0091552071063727
558.26,0.995445100351612
558.46,0.9810795219836913
558.66,0.9903357046248332
558.86,0.9786512253398869
559.06,0.9990936073233051
559.26,0.9971772688916103
559.46,0.9949027887979275
559.66,0.9808611885412073
559.86,1.00790075739275
560.06,1.0032308640491197
560.26,1.008108268720567
560.46,1.0032308640491197
560.66,0.988783359789343
560.86,0.9906378896057717
561.05,0.9943555812814462
561.25,0.9927453208678018
561.45,1.0083004389081005
561.65,0.9886693604550402
561.85,0.9859824140191374
562.05,0.9908377344254282
562.25,0.9879737447800003
562.45,1.005357955468152
562.65,0.9939868723900002
562.85,0.996453715997504
563.05,0.9940520276416682
563.24,1.0139007350388671
563.44,0.9887359494446016
563.64,0.9760478359706134
563.84,0.9770091606288531
564.04,1.0039767474711712
564.24,0.9770533665849191
564.44,0.986417952772966
564.64,0.9765300992946558
564.84,1.001284144510673
565.03,1.007004409960613
565.23,1.0063523266846586
565.43,1.0060924851690969
565.63,0.9965775095595821
565.83,0.9763075536855012
566.03,0.9930086710502187
566.23,0.9952155311543663
566.43,1.001171249202578
566.63,0.9990172445304178
566.82,1.0113898893187294
567.02,0.99276792747532
567.22,1.002465368664845
567.42,0.9855998849517503
567.62,0.9814593077321068
567.82,1.0032893237224203
568.02,1.0005797397635787
568.22,0.9921127084141375
568.41,1.0043849087634031
568.61,1.0001946382756168
568.81,0.9947702144692824
569.01,1.0026301763858096
569.21,1.0127833588540678
569.41,1.012735173915309
569.61,0.993305826569189
569.8,1.0173143814265435
570.0,0.9894519534409639
570.2,1.0018312421278603
570.4,1.024460150826424
570.6,1.0107238906752298
570.8,1.0080657142128064
571.0,1.0227549623006815
571.19,1.0153990862385047
571.39,0.9921390134758309
571.59,1.013176280757254
571.79,1.0107594322132618
571.99,1.0259463336725216
572.19,1.0070141918661781
572.38,1.0074306599596565
572.58,0.9923689398007484
572.78,1.0139229344337206
572.98,1.0210241345745354
573.18,1.0323221493331198
573.38,1.0314499548001608
573.57,1.0192684270031105
573.77,1.014548975226183
573.97,1.0105835670912668
574.17,1.0088948645179403
574.37,0.9990371163921928
574.57,1.0002870134665756
574.76,0.9931037552828789
574.96,1.011887246643435
575.16,1.000095070850012
575.36,1.0345573308812637
575.56,1.0098072479422107
575.75,1.00984152195025
575.95,0.9896185248109446
576.15,1.0117064278381516
576.35,1.0191613837953617
576.55,1.0073281190465024
576.74,1.003785200750096
576.94,1.0194451562317137
577.14,1.0182226326758868
577.34,0.9965092598280151
577.54,1.006776444285907
577.74,1.015845197208302
577.93,1.0182036430031944
578.13,0.9993426903689953
578.33,0.9981251414152552
578.53,0.9879772370282449
578.72,0.982844114276946
578.92,0.9890583416136245
579.12,1.0191360618741845
579.32,1.0029360311114366
579.52,1.0197002680860519
579.71,1.010083261846926
579.91,1.0176350514735708
580.11,1.0157001238690828
580.31,1.0104004443145995
580.51,1.0128139038719965
580.7,1.0100349107635505
580.9,0.9999058244846177
581.1,0.9927133252661515
581.3,0.9933374395156942
581.49,0.9947439906844933
581.69,0.9799789206796026
581.89,0.9858765929543114
582.09,0.9844654288906447
582.29,1.004625927129592
582.48,1.0160810162004499
582.68,1.0228377914596924
582.88,1.0135308122605755
583.08,1.0058921520131463
583.27,0.9944317980385107
583.47,0.9901551466593097
583.67,1.016006033659876
583.87,1.0118393554804677
584.06,1.0188990215652047
584.26,1.008020263598506
584.46,1.0090905076235737
584.66,0.9951408550360687
584.85,1.003630787551375
585.05,0.9902653362536427
585.25,0.998405921902316
585.45,1.0314648064694174
585.64,1.0096241151987189
585.84,1.0111064350896177
586.04,0.9969533224692634
586.24,0.9994380691949735
586.43,1.0117352328306006
586.63,0.9906414983567077
586.83,0.9974710745305265
587.03,0.9952476227219812
587.22,1.004281670145998
587.42,0.9905408314487203
587.62,1.0056193080502651
587.82,1.0010311722216096
588.01,0.9971249633447838
588.21,1.0025360515643547
588.41,1.0048564221109646
588.6,1.0139669137852665
588.8,1.0042559344089406
589.0,1.0022366212537348
589.2,0.9921805701634104
589.39,0.9875236487194038
589.59,1.0083007346950963
589.79,0.9934570090865534
589.98,1.0102847268443143
590.18,1.0222589616171336
590.38,0.9883244922099899
590.58,1.0299233679043325
590.77,1.0016881639934592
590.97,0.9935858531647906
591.17,0.9889727732631918
591.36,0.981793644148074
591.56,0.9970357940529951
591.76,0.9968273138337777
591.96,0.9989838779510487
592.15,1.0026960514650876
592.35,1.0156228365326836
592.55,1.0061290037028563
592.74,1.02089487948386
592.94,1.0220295883707513
593.14,1.0181843970211069
593.33,1.0115517150972684
593.53,1.0133939385975819
593.73,1.0021323006870784
593.92,0.9918957283955934
594.12,0.9910743101804301
594.32,1.0022938997120248
594.51,1.0007382477040132
594.71,0.9978806670363511
594.91,1.007143870258292
595.11,0.9956519612263826
595.3,0.9882500733783387
595.5,0.9741217600166245
595.7,1.0154011707844457
595.89,1.009003541298449
596.09,1.008453736195177
596.29,1.0032135236170867
596.48,0.9968443927041771
596.68,1.0021470302716493
596.88,1.0009332300737754
597.07,0.9938262777549158
597.27,1.0205310616230616
597.47,1.0224473910655907
597.66,1.0097019710987838
597.86,1.0039831517412878
598.06,1.0169009278078
598.25,1.00560356397419
598.45,0.9962875208284437
598.64,1.0032626514928222
598.84,0.9943536666372552
599.04,1.014995180405978
599.23,1.0072533818785672
599.43,1.0047497216933774
599.63,0.9889078597589055
599.82,1.0060810038229986
600.02,1.0226923147981746
600.22,1.0384777273360963
600.41,1.0293690682761476
600.61,1.0319612092656445
600.81,1.007610160821293
601.0,1.017014239180581
601.2,1.0050066127236073
601.39,1.0134457233436747
601.59,1.0129157591841436
601.79,1.0134519175478456
601.98,1.0304119478673415
602.18,1.0170073139870257
602.38,1.0438610063708629
602.57,1.0081080050973314
602.77,1.0403849990195995
602.96,1.0334260121368701
603.16,1.028201754400601
603.36,1.0103840496582228
603.55,1.0143316190424543
603.75,1.0076737058261607
603.95,1.0100456466599104
604.14,1.012349634995249
604.34,1.0234692130731584
604.53,1.025380544427365
604.73,1.0030335144822706
604.93,1.0199749686272348
605.12,1.015332004673399
605.32,1.0151960506499251
605.51,1.0217926115941498
605.71,1.0072379908400229
605.91,1.006047017638453
606.1,0.9967238390792181
606.3,1.0059445032753982
606.49,1.0111075705367711
606.69,1.008733250062911
606.89,1.001451053530761
607.08,1.0122439910099024
607.28,1.0048169250806431
607.47,1.0180987599452997
607.67,1.0041409838560564
607.87,1.015118929314803
608.06,0.9951929373451962
608.26,1.0096019091728732
608.45,1.0234809149928716
608.65,1.0287744494450266
608.84,1.0113662493372413
609.04,1.0215863789570325
609.24,1.01520206582829
609.43,1.00331082235922
609.63,1.0164730398507913
609.82,1.0045517542938762
610.02,1.0018535728267113
610.21,0.992033247602621
610.41,1.01984219507019
610.61,1.0117432799195865
610.8,1.007789613072647
611.0,1.016856194642057
611.19,0.9981602301508592
611.39,1.0103241871559483
611.58,1.0104984861493826
611.78,1.0213545655874585
611.98,1.013582376984874
612.17,1.017337288114773
612.37,1.0193692411454203
612.56,1.003362512114751
612.76,1.032443596740379
612.95,1.0214055650778369
613.15,0.9992244368720442
613.34,0.9990536389871029
613.54,1.0107851310231823
613.73,1.0228455944009118
613.93,1.0106965752209445
614.13,1.0058462332757407
614.32,1.0116993554232314
614.52,1.0076461135177956
614.71,1.0196571131917052
614.91,1.0141102814442828
615.1,1.0138731575421496
615.3,1.0203882756414193
615.49,1.0123903668502199
615.69,1.001598859427807
615.88,1.0137559888838445
616.08,1.0188719623474
616.27,1.001969397010897
616.47,1.0045842993892298
616.66,1.0081120830810153
616.86,1.0190269098140876
617.06,1.013407853162632
617.25,1.010973050897481
617.45,0.9998366075975704
617.64,1.0001643456780782
617.84,1.0084336055805272
618.03,1.013519748721679
618.23,1.0020477584411107
618.42,0.9958622271654213
618.62,1.0247487045380337
618.81,0.9986120716871141
619.01,1.0071211980519168
619.2,1.0129618471003339
619.4,1.018604313844686
619.59,1.0107656254235577
619.79,1.012290665838312
619.98,1.0138598760688362
620.18,1.0254721006760272
620.37,1.0186077588798383
620.57,1.02313325423674
620.76,1.0222067392394503
620.96,1.0414263577373628
621.15,1.040715962761869
621.35,1.0435087594728487
621.54,1.034375212386262
621.74,1.0326162868435629
621.93,1.0295062178870427
622.13,1.024658616762878
622.32,1.0166381404452496
622.51,1.024409539825879
622.71,0.9959381508776272
622.9,1.0093869396243356
623.1,1.0125723626655518
623.29,1.0157500272092008
623.49,1.0070650745036793
623.68,1.02260925569395
623.88,1.004008862518307
624.07,1.0055863759095518
624.27,0.9896475797829001
624.46,0.9984179153563749
624.66,1.002751267595412
624.85,0.9966021549098981
625.05,1.017025621808416
625.24,1.0011674964430655
625.43,1.019500662272257
625.63,1.0032572007961245
625.82,0.9920308613018112
626.02,1.0056097594031839
626.21,0.9929277875380421
626.41,1.0124124927407252
626.6,1.0160656544473
626.8,1.0167133648903306
626.99,1.0135129790476063
627.19,0.9908426957456135
627.38,1.0079208112860345
627.57,1.0209949530118094
627.77,1.0098185940277027
627.96,0.9948236964692286
628.16,1.003510733487032
628.35,1.0057189334278198
628.55,0.9956946550226186
628.74,1.0044174597223074
628.93,1.0215906169253226
629.13,1.0138251168129395
629.32,1.0130436984717512
629.52,1.0157079749732927
629.71,1.0438678081341344
629.91,1.0047175996704776
630.1,1.0113890514470618
630.29,1.0241027360107822
630.49,1.0231798760007662
630.68,1.035171811442864
630.88,1.0162931409456484
631.07,1.038904425879037
631.27,1.0187181160563965
631.46,1.018493407439799
631.65,1.0234127397839685
631.85,1.0120686214281276
632.04,1.0357223512374485
632.24,1.0012936084883053
632.43,1.015401482669712
632.62,0.9914737395779502
632.82,1.005754908279973
633.01,0.9965679501241673
633.21,0.9930880441922041
633.4,1.007958391623461
633.59,1.012078496590931
633.79,1.0079251232798696
633.98,1.0197749343688245
634.18,1.024976895879228
634.37,1.0076217680091686
634.56,1.0303663373009042
634.76,1.011952396533274
634.95,1.0057005186620218
635.14,1.0208919781445476
635.34,1.0129622562271556
635.53,1.0298846148959853
635.73,1.027293679721626
635.92,0.9955992521765481
636.11,1.0023196740646125
636.31,1.0162602046372509
636.5,0.9990262445871076
636.7,1.015059071807047
636.89,1.0096536561164742
637.08,0.9898805830894108
637.28,0.9867823606323547
637.47,1.0157789573497407
637.66,1.0232443947860397
637.86,1.004408599115299
638.05,1.0023060948478817
638.24,0.9990281373002367
638.44,0.9932752118285993
638.63,0.9914798983640754
638.83,1.0209245187954386
639.02,1.0159601413996504
639.21,1.0031402889388568
639.41,1.0179703056858886
639.6,1.0297231123928272
639.79,1.0259694251086477
639.99,1.026336313646338
640.18,1.0148262375495474
640.37,1.0266618833657986
640.57,1.0013656884691025
640.76,1.0212582885986203
640.95,1.018295228369489
641.15,1.0482141657724937
641.34,1.0261873948258675
641.53,1.01700081724007
641.73,1.0380508041064658
641.92,1.0285754162883223
642.11,1.0323188660918434
642.31,1.012865265705411
642.5,1.0289243682435076
642.69,1.0305771892859938
642.89,0.9970066591555803
643.08,1.006218753454728
643.27,0.9922561633631649
643.47,0.9946387745807204
643.66,0.9912061780463601
643.85,0.9785672447178677
644.05,0.9777246118935508
644.24,0.9778830389113689
644.43,0.9903561590755946
644.63,1.0016439150013157
644.82,0.9979047997910698
645.01,1.0011843514856336
645.2,1.003545624985897
645.4,0.991271514190167
645.59,0.978372427427308
645.78,1.0163565789747686
645.98,1.012937242738507
646.17,1.0163303613953567
646.36,0.9992594287145194
646.56,1.0029005926054073
646.75,1.0030627953165339
646.94,1.0164309828533855
647.13,0.990754982860003
647.33,1.0011188319608972
647.52,1.0096385804270467
647.71,1.002353722895357
647.91,0.9860093827722156
648.1,0.9794708542185615
648.29,0.9665791132208131
648.49,0.9900598926056708
648.68,0.9991632943729039
648.87,0.9714404556623665
649.06,0.9834655948320522
649.26,0.9898039307214103
649.45,0.9983175166222565
649.64,0.9788663291316503
649.83,1.0125893664900305
650.03,0.9953745095475869
650.22,1.0152991343434083
650.41,0.9944926972906489
650.61,0.9904364281833294
650.8,0.9975539705170199
650.99,0.9914805743422432
651.18,1.0185920993155921
651.38,1.011314914488619
651.57,0.9943985285727095
651.76,1.0170698817578743
651.95,1.011774157097411
652.15,1.007228369679478
652.34,1.0125181335171245
652.53,1.0188829673657158
652.72,1.0258836410986851
652.92,1.0046531630885498
653.11,1.0171984864358323
653.3,0.9989726799380652
653.49,1.0131400232887668
653.69,1.0073017125903205
653.88,1.0142111344363567
654.07,1.011148727507427
654.26,1.0070985948867646
654.46,0.9904112549062176
654.65,1.0250540648889161
654.84,0.9860166085707726
655.03,1.0012296084544257
655.23,0.9905691572859102
655.42,1.005605982357664
655.61,1.0178529522581095
655.8,1.0146320873205432
655.99,1.0171277837754018
656.19,1.0036628415501772
656.38,1.0018024049582857
656.57,0.9981090101246183
656.76,0.9885864897942426
656.96,0.9843534730207416
657.15,1.0043870226737168
657.34,0.9877248143862186
657.53,1.0044696047379316
657.72,1.015716574013003
657.92,1.0039353182556576
658.11,0.9909931017595339
658.3,0.989653998602187
658.49,1.0016250104442852
658.68,0.9789941236234422
658.88,0.9875591790985947
659.07,0.9776684981024815
659.26,0.9801104422424814
659.45,0.9737754045641487
659.64,0.9708750927400345
659.84,0.9801461845593126
660.03,0.9698338613417404
660.22,0.9901004376496455
660.41,0.9924888829783688
660.6,0.9981404400770721
660.8,0.9801090549508717
660.99,0.9738864788947016
661.18,0.9813907889007156
661.37,0.9788886666158055
661.56,0.9740108450906382
661.76,0.9724953955366897
661.95,0.9822191828845028
662.14,0.9906148449444725
662.33,1.0022264231227656
662.52,1.0132084086920887
662.71,0.9896553065604909
662.91,0.9893550413493412
663.1,1.003565759419051
663.29,0.996138053474762
663.48,0.9947473224885767
663.67,0.992151521161232
663.86,0.996096597967493
664.06,0.9964944641045104
664.25,1.0322502024817182
664.44,1.0146301164525058
664.63,0.9943217204750756
664.82,0.9943510920322861
665.01,0.9950376898272641
665.21,1.0249616877145211
665.4,1.010080772213767
665.59,1.0202800201412379
665.78,1.0352635936132482
665.97,1.007252433841636
666.16,1.039469252139308
666.35,1.0309715571645504
666.55,1.0317210250343647
666.74,1.026860513451708
666.93,1.01855421010946
667.12,1.0161140224724026
667.31,1.0178984624146794
667.5,0.9999010534955344
667.69,1.0131338940358254
667.89,1.0133260240952566
668.08,1.0224280996658763
668.27,1.0005884965852732
668.46,1.0361211096630103
668.65,1.0449948457210432
668.84,1.0303016069761963
669.03,1.0390045510931343
669.22,1.0223159575686416
669.42,1.012178855435483
669.61,1.0289812747748022
669.8,1.0389892098670201
669.99,1.0412413807576648
670.18,1.0293780510029018
670.37,1.0325505470185177
670.56,1.0293602730497464
670.75,1.0282540659661803
670.94,1.0118343533943546
671.14,1.0148038910447819
671.33,1.013929695125072
671.52,1.0097430313043696
671.71,1.0140027213819962
671.9,1.0128021007696897
672.09,0.9942865424404231
672.28,0.9992080361540042
672.47,1.0070847880934783
672.66,1.0205673994602424
672.85,1.0259754087584976
673.05,1.0265869161389327
673.24,1.0419693702360557
673.43,1.030437690325309
673.62,1.0331775956116174
673.81,1.0150194478316945
674.0,1.020369960596495
674.19,1.019598986108966
674.38,1.014641330977257
674.57,1.0218717562266852
674.76,1.0279231155549469
674.95,1.0130667174725099
675.15,1.0134337040130712
675.34,1.0372089373322582
675.53,1.020117746711056
675.72,1.0128572517696606
675.91,1.0225943361861203
676.1,1.008178950407985
676.29,1.0055687905890718
676.48,1.0200583919787047
676.67,1.0122243520378866
676.86,1.012161450321101
677.05,1.0226600126902652
677.24,1.0240358165146293
677.43,1.0101087752999447
677.62,0.9949639779501941
677.81,0.9959475085741899
678.0,0.9961853024368349
678.2,1.0106924698192539
678.39,0.9926835168583035
678.58,1.0252643183326366
678.77,1.0111908359569097
678.96,1.0077492299098698
679.15,1.0207606053397633
679.34,1.0108612441778564
679.53,1.0269229589232296
679.72,1.0197440041310897
679.91,1.031899012786205
680.1,1.0118932016456048
680.29,1.035701419477866
680.48,1.0249057734421438
680.67,1.0095175023164262
680.86,0.9917544421761857
681.05,1.0076880502998187
681.24,0.9989927955900388
681.43,0.9911845475900742
681.62,1.0051974674718378
681.81,1.0170720924855492
682.0,1.0060133693162716
682.19,1.0034877263544366
682.38,1.0220303701678117
682.57,1.0185653689087948
682.76,1.0096435268029302
682.95,1.0175340745784889
683.14,1.0261073039408777
683.33,1.0239019802190252
683.52,1.0175066560095989
683.71,1.0209121177894882
683.9,1.036011623795417
684.09,1.0086492240039209
684.28,1.0182525823442228
684.47,1.0346989485246147
684.66,1.023509814172866
684.85,1.0208473708575614
685.04,1.0018561539999489
685.23,1.008327788993842
685.42,1.0172656401115974
685.61,1.0170791184202297
685.8,1.0150049600866573
685.99,1.028433142552719
686.18,1.004580399186732
686.37,1.0273148243275807
686.56,1.0047824647943948
686.75,0.9934902926990077
686.94,0.9917927431464424
687.13,1.0038067914551114
687.32,1.021109614461698
687.51,1.0043503159344294
687.7,1.0144636000019325
687.89,1.0080012708736321
688.08,1.0232305593471926
688.27,1.0453673818360931
688.46,1.0288839758456962
688.65,1.0276415883780547
688.84,1.0427610197392905
689.03,1.0516685042558414
689.22,1.052336609462161
689.41,1.0364906711186477
689.6,1.0764510383887547
689.79,1.0461967903201257
689.98,1.0639546235740123
690.17,1.0509919563495824
690.36,1.0358336635234098
690.55,1.034651230866564
690.74,1.0536424423284563
690.93,1.0442841049607319
691.12,1.0280490649082836
691.31,1.0315884011316079
691.49,1.0371026827197576
691.68,1.0276586441935258
691.87,0.9982318320367641
692.06,1.0040733319983484
692.25,1.0028557916527638
692.44,1.0085106640305959
692.63,0.9972113390626658
692.82,0.9883910786692335
693.01,0.9715673633820759
693.2,0.9793944531129732
693.39,0.9775891740125013
693.58,0.9823026850332216
693.77,0.9727804206048163
693.96,0.9810223843362187
694.15,0.9615768087053691
694.33,0.9660674432451669
694.52,0.9865814624931604
694.71,0.9844257882363053
694.9,0.9764502739190323
695.09,0.9833501809988279
695.28,0.9678851443377928
695.47,0.9521940085033751
695.66,0.9564371748694191
695.85,0.9571134457197197
696.04,0.9614553094413429
696.23,0.9611475527185009
696.42,0.9559326057533654
696.6,0.9472822481883487
696.79,0.9441404335507314
696.98,0.9590924743988757
697.17,0.9693914700772138
697.36,0.960280870121318
697.55,0.9380543183754404
697.74,0.9358033155129285
697.93,0.9503216393177902
698.12,0.9609770542617772
698.31,0.9642375150389123
698.49,0.9274494116877252
698.68,0.9648421664344872
698.87,0.9505037808715499
699.06,0.9537238010674225
699.25,0.9582555560109723
699.44,0.9711574052585821
699.63,0.9608200713115589
699.82,0.9856902366749688
700.0,0.969612713123749
700.19,0.9614571418668331
700.38,0.9724499337720254
700.57,0.9779679736036268
700.76,0.9794405029875884
700.95,0.9948787635659264
701.14,0.9901113518537991
701.33,1.0126437804621284
701.51,0.9836449358720681
701.7,0.9667533106655413
701.89,0.9926787728041526
702.08,0.9820632064693926
702.27,1.0155325527594563
702.46,1.0010843080729857
702.65,1.0134096904759198
702.83,1.0008747498958679
703.02,1.0116915113879699
703.21,1.0258065335135438
703.4,1.0224991107343933
703.59,1.0152621948064617
703.78,1.0220229503952267
703.97,1.0278257889411906
704.15,1.0169538710718535
704.34,1.0213886993650876
704.53,1.020416110744797
704.72,1.0081936129117193
704.91,1.007338284268456
705.1,0.9990254963950767
705.28,1.0305570209012356
705.47,1.0273239834200427
705.66,1.046165118025764
705.85,1.0196219549865595
706.04,1.0336947233820775
706.23,1.0307434372738549
706.41,1.0238956029611836
706.6,1.0057005716252418
706.79,1.031237898023352
706.98,1.0166620297757243
707.17,1.0259287239896657
707.35,1.024231523219161
707.54,1.0228288022765384
707.73,1.03408396601022
707.92,0.9978769695408233
708.11,1.000567699839533
708.3,0.9901792791602018
708.48,0.9753495042981504
708.67,0.9954441767761735
708.86,0.962663023906013
709.05,0.965235630542177
709.24,0.9565481746499706
709.42,0.9681728953825448
709.61,0.9639938838531725
709.8,0.9498756342889549
709.99,0.9562613950819521
710.18,0.9606258770040051
710.36,0.9434428501688021
710.55,0.9479617693489146
710.74,0.946586375442862
710.93,0.9447315440134373
711.12,0.9458577300701002
711.3,0.9465196855230767
711.49,0.9429285592819254
711.68,0.9304819673403845
711.87,0.9405663314231133
712.05,0.9227186109668707
712.24,0.9178203396956637
712.43,0.9182987498057801
712.62,0.9259339871817971
712.81,0.914750842475377
712.99,0.9099946524993604
713.18,0.9030838847325743
713.37,0.9221161706754917
713.56,0.9056080647674317
713.74,0.9090125758691685
713.93,0.8852282314555073
714.12,0.8845698426563228
714.31,0.9097435279863657
714.49,0.9087519200041235
714.68,0.9064496639565093
714.87,0.8988149817662582
715.06,0.8848965399419136
715.24,0.8957166073064792
715.43,0.867124306116144
715.62,0.8903196854414709
715.81,0.8942952425238175
715.99,0.8853955661452653
716.18,0.8771676389258796
716.37,0.8838997345443679
716.56,0.8957621216891122
716.74,0.8875945031936316
716.93,0.8952614957887055
717.12,0.9077900198639318
717.31,0.9045570105589728
717.49,0.900960926298248
717.68,0.890388561580284
717.87,0.8709636160718891
718.06,0.8749923280897132
718.24,0.8760466795147293
718.43,0.8827167367492629
718.62,0.8823040796877587
718.8,0.8981659331224563
718.99,0.8909262054218949
719.18,0.8924778502563473
719.37,0.9140172601485378
719.55,0.905170545845392
719.74,0.8731749128724313
719.93,0.8908545557490505
720.11,0.8903512888056994
720.3,0.8869216441828898
720.49,0.8887741965818403
720.68,0.8707369255727307
720.86,0.887504874298285
721.05,0.8738036471738309
721.24,0.8782374536981589
721.42,0.8950757362693795
721.61,0.88894925026365
721.8,0.8890719510580236
721.98,0.8941622057717258
722.17,0.8758161580516833
722.36,0.8739731614048276
722.55,0.8601732729991484
722.73,0.851015828781678
722.92,0.8297641932454817
723.11,0.8625874635279784
723.29,0.8556758606313984
723.48,0.8496588912697762
723.67,0.863688862938145
723.85,0.8671894571873016
724.04,0.8449766966795443
724.23,0.8500949296280133
724.41,0.8513140793313352
724.6,0.8534748240409006
724.79,0.8455593008106065
724.97,0.8559332465681234
725.16,0.8596698220785579
725.35,0.8506531714502327
725.53,0.8385302430848834
725.72,0.8586958203222549
725.91,0.8457490143766688
726.09,0.8501862790241667
726.28,0.8401616070193519
726.47,0.8553558599862877
726.65,0.8604589261169407
726.84,0.8495962582777734
727.03,0.8575090339373374
727.21,0.8651866743804398
727.4,0.8429166997520896
727.59,0.8536732366761833
727.77,0.8417304376685372
727.96,0.8474122449991346
728.15,0.8537361580886671
728.33,0.8321292562102363
728.52,0.8584964906705367
728.7,0.8465204801815275
728.89,0.8507021602067636
729.08,0.8554271091224727
729.26,0.8690611622144182
729.45,0.8577006271390135
729.64,0.8610745348110208
729.82,0.8567574256421492
730.01,0.8635713406994773
730.2,0.8667658959213638
730.38,0.8743079981306614
730.57,0.8646788429545407
730.75,0.9049120899863774
730.94,0.9078024423713373
731.13,0.911198303316457
731.31,0.9115829089273302
731.5,0.9010574716834101
731.68,0.9143567221974324
731.87,0.9263808823333001
732.06,0.917814757742353
732.24,0.932728735746956
732.43,0.9193677952162759
732.62,0.9491642037363396
732.8,0.9302190748898077
732.99,0.910796314737188
733.17,0.9402810353135096
733.36,0.9426442996697568
733.55,0.9605986476765128
733.73,0.9558088159542864
733.92,0.9573352203150739
734.1,0.9502504687300987
734.29,0.9437683139156506
734.48,0.9748132781827004
734.66,0.9718835610877468
734.85,0.950263093157661
735.03,0.9736153515683565
735.22,0.9691750967888599
735.4,0.9701070164565088
735.59,0.9611735577229086
735.78,0.9442299582809628
735.96,0.944153595072072
736.15,0.9655501127446683
736.33,0.9807803969765468
736.52,0.9786645313321353
736.7,0.987310085858183
736.89,0.9711680354648884
737.08,0.9766156969237304
737.26,0.9917012133551993
737.45,0.9573010796647565
737.63,0.9917845424247186
737.82,0.9828331082270056
738.0,0.9975047512238859
738.19,1.0268062466692098
738.38,1.0088187237612667
738.56,1.0034586689976357
738.75,1.0353075765832216
738.93,1.0303248353819396
739.12,1.0067405786471562
739.3,1.0190426880282386
739.49,1.0196587056808326
739.67,1.0160403607865203
739.86,0.9978879201664212
740.04,0.9872928059638896
740.23,0.9885928669048126
740.42,1.0165508740528495
740.6,1.0077392566029277
740.79,0.990115283762469
740.97,0.9829897952891994
741.16,1.0046281167845577
741.34,1.0115119913366342
741.53,1.0465273532878723
741.71,1.0627388167719587
741.9,1.0541944658457407
742.08,1.0629098172524596
742.27,1.0312606480613076
742.45,1.0162331803794666
742.64,1.039168332612728
742.82,1.0288299217567194
743.01,1.0208404167696434
743.19,1.0286788426480622
743.38,1.0416697269433757
743.57,1.042591609715527
743.75,1.035266005468141
743.94,1.0368684461992683
744.12,1.0529217771483352
744.31,1.043378692847787
744.49,1.0445152804334368
744.68,1.0372119940965525
744.86,1.0337834573211888
745.05,1.045191764851622
745.23,1.0537643928740836
745.42,1.0497273887704943
745.6,1.0556219405438014
745.79,1.0554427111339324
745.97,1.0261777562637844
746.16,1.031881551766025
746.34,1.0425299324042319
746.52,1.0149772525018819
746.71,1.028445160743896
746.89,1.03637135373883
747.08,1.0229274185986803
747.26,1.0199986911328245
747.45,1.0104955090341494
747.63,1.0103356022086958
747.82,1.0315594031675914
748.0,1.0226122842079788
748.19,1.0371024994988822
748.37,1.0324985361824557
748.56,1.0244575816519828
748.74,1.0046371296905194
748.93,0.9932324846697544
749.11,1.0303652106234038
749.3,1.000849681293105
749.48,1.0128178265126138
749.67,1.003846443577039
749.85,0.9929470740609
750.03,0.9977163968150717
750.22,1.0126156351573163
750.4,1.0041290124326192
750.59,1.0092665573688104
750.77,1.0194203494007015
750.96,1.0402843564435738
751.14,1.0253275532021784
751.33,0.9975702036843856
751.51,1.0216659191448005
751.69,1.0100051167863453
751.88,1.019098683296303
752.06,1.0446228631587562
752.25,1.0256019691246363
752.43,1.0460940028637251
752.62,1.0455515848706156
752.8,1.0400206921754152
752.99,1.0231599719872642
753.17,1.0104098379244457
753.35,1.0258122377059775
753.54,1.0369097125082387
753.72,1.0233056524325181
753.91,1.0356478523137411
754.09,1.025570614115069
754.28,1.0189925879589425
754.46,1.0105287021552953
754.64,0.9908195359167814
754.83,0.9957343351102528
755.01,1.0205259705858736
755.2,0.9959393638093191
755.38,1.0
755.56,0.9930795554517436
755.75,1.0157812360616651
755.93,1.0302467213602395
756.12,1.0236298033342317
756.3,1.0185563150025914
756.48,1.0236942352255551
756.67,1.0160192321259223
756.85,1.0018269091227714
757.04,1.034329071892168
757.22,1.025722100917111
757.4,1.0484009854079557
757.59,1.0501677095388477
757.77,1.044940515448583
757.96,1.0618511854589168
758.14,1.0648854897278173
758.32,1.012526151776819
758.51,1.0529658425443718
758.69,1.0205695896739024
758.87,1.0477480296753487
759.06,1.0273044019650113
759.24,1.0389965232971505
759.43,1.0352804414370054
759.61,1.0550633907848472
759.79,1.0432143396506144
759.98,1.0622419142241981
760.16,1.0388608846350118
760.34,1.0392158625910526
760.53,1.0310817484480757
760.71,1.0435293318734136
760.9,1.0274991373120634
761.08,1.0245399869824767
761.26,1.0241210265690752
761.45,1.0378435735925422
761.63,1.0412985824713987
761.81,1.0410545340837325
762.0,1.0281605617437974
762.18,1.053570268099984
762.36,1.0522745579002613
762.55,1.042392081676494
762.73,1.0348433608496543
762.91,1.0318047038861915
763.1,1.0454869456168807
763.28,1.0251085326862517
763.46,1.0338906915917412
763.65,1.0307880315441753
763.83,1.0558899883263515
764.01,1.026476233457089
764.2,1.032245881858187
764.38,1.0369838672654719
764.56,1.0226248797792061
764.75,1.015191862844802
764.93,1.019206324960612
765.11,0.989435264634899
765.3,1.0119967526775575
765.48,1.0206726979099365
765.66,1.0119913580266884
765.85,1.0192725113325827
766.03,0.9977867851435431
766.21,1.0038176506659497
766.4,1.0264578761921117
766.58,1.0153632953558005
766.76,1.024535474334359
766.95,1.0226535822670295
767.13,1.0481035386050763
767.31,1.04165783045571
767.49,1.0372771856898098
767.68,1.051468088604019
767.86,1.044460774347511
768.04,1.0229046824318304
768.23,1.0375479934316985
768.41,1.0271245010328716
768.59,1.02616596370224
768.78,1.04227453202752
768.96,1.0290967053176157
769.14,1.029815182897247
769.32,1.0221236717610689
769.51,1.036190217488795
769.69,1.0361524123282326
769.87,1.0160765660917463
770.06,0.9982234299795946
770.24,1.0085914566945422
770.42,1.0002774898349385
770.6,1.0140405093547555
770.79,1.0285339457193352
770.97,1.015623981971793
771.15,1.0418212747031148
771.33,1.0356873616223816
771.52,1.0330636994498672
771.7,1.0535555381431239
771.88,1.0128910198744285
772.07,1.0208320223653145
772.25,1.053078035076235
772.43,1.023846928696948
772.61,1.0151382625712584
772.8,1.0080879197608537
772.98,1.0276486338450521
773.16,1.0270398571501158
773.34,1.0237053919010777
773.53,1.0569960928958688
773.71,1.0349544401151582
773.89,1.0571896550628905
774.07,1.0388180316583024
774.26,1.0287368891054132
774.44,0.9998691693903434
774.62,1.026843077350434
774.8,1.0166253909537464
774.99,1.0091737287004645
775.17,1.045457826515445
775.35,1.019784849856052
775.53,1.0091416633823285
775.71,0.9961789169300711
775.9,0.9760818383492009
776.08,1.0025127385186832
776.26,1.0252481909898936
776.44,1.00211739044956
776.63,1.0301047406444106
776.81,1.0150818063408495
776.99,1.0068351131399722
777.17,1.0295534264838766
777.35,0.9977451999620224
777.54,1.0269784008489962
777.72,1.021881627566303
777.9,1.0238240373623808
778.08,1.0285386922644664
778.27,1.014102532513367
778.45,1.018197938980335
778.63,1.0069440074551048
778.81,1.0272783856944447
778.99,1.0242524283550116
779.18,1.0228796667444224
779.36,1.0118521001386322
779.54,1.008367086040663
779.72,1.02186326973652
779.9,1.0577614590963758
780.08,1.0471600418277618
780.27,1.0429807201145103
780.45,1.0522942427049538
780.63,1.0304231264132322
780.81,1.021058588104391
780.99,1.0177834505011512
781.18,1.0121568294329377
781.36,0.994579924122937
781.54,1.0115355323848585
781.72,1.004313060746693
781.9,1.0028068319096402
782.08,1.022072958640687
782.27,1.0251483494596714
782.45,1.0100944971503536
782.63,1.035202707546375
782.81,1.0509434729500435
782.99,1.0228629891333303
783.17,1.0263830273629924
783.36,1.0457169817566052
783.54,1.0485220304085745
783.72,1.0355099676599135
783.9,1.022980137187731
784.08,1.0457948035722926
784.26,1.0487548494234613
784.45,1.0716744956942639
784.63,1.0739550637826274
784.81,1.0384646427377233
784.99,1.0507009970163892
785.17,1.0878313343578307
785.35,1.0666408944424843
785.53,1.0477484495862497
785.72,1.036258661157257
785.9,1.0386490086112217
786.08,1.052146750787857
786.26,1.0222446342988123
786.44,1.041313999033171
786.62,1.060649410930552
786.8,1.0854401128495976
786.99,1.0569865581058242
787.17,1.0754600288962226
787.35,1.0468814221860427
787.53,1.0861725827150766
787.71,1.0719906074863652
787.89,1.0705094743050947
788.07,1.0507943984051127
788.25,1.0810220990110135
788.43,1.0670477492644042
788.62,1.0700157966039352
788.8,1.0679384390706383
788.98,1.0676427597046616
789.16,1.0713878812386177
789.34,1.0540631369169007
789.52,1.0815986425292716
789.7,1.0417734998951713
789.88,1.0238889554646877
790.06,1.0450124875748175
790.25,1.0482090245715334
790.43,1.0381931688540416
790.61,1.0548778014001021
790.79,1.0394057127774685
790.97,1.0701970742802134
791.15,1.0354848754859853
791.33,1.046927606434846
791.51,1.057556755264586
791.69,1.0576942671416596
791.87,1.0491047528943773
792.05,1.0499959520200037
792.24,1.0312205085695387
792.42,1.0328010496139228
792.6,1.0211751469854635
792.78,1.0099579855027443
792.96,1.00341269485659
793.14,1.026327392140667
793.32,1.0128524325000725
793.5,0.9937578777512581
793.68,1.0451235709806037
793.86,1.028007446459021
794.04,1.0338568501531176
794.22,1.0211212897662412
794.4,1.0341280644036543
794.58,1.0387687247867303
794.76,1.0148893045957839
794.95,1.0255625904953365
795.13,1.0202590650919896
795.31,1.0387098743178467
795.49,1.0353696684710252
795.67,1.011509576132948
795.85,1.0171536663326517
796.03,1.0163302772428957
796.21,1.0307387911706953
796.39,1.014966669166239
796.57,1.0101330483305009
796.75,1.0641344348356103
796.93,1.0447859041774972
797.11,1.0431170623511048
797.29,0.9958799608486739
797.47,1.0145409601373119
797.65,1.0483291159644341
797.83,1.0802376186410116
798.01,1.0314128214712968
798.19,1.0678346681636144
798.37,1.0642679412641471
798.55,1.0538186042009485
798.73,1.0461905024558622
798.91,1.0506807054786613
799.09,1.0420735735336526
799.27,1.0214557694316497
799.45,1.0438607404462528
799.63,1.0294037625800168
799.81,1.0665187883998333
799.99,1.0234017922742433
800.17,1.0154577604670154
800.35,1.04167873437303
800.53,1.002027473660412
800.71,1.0257114547495942
800.89,1.0438607404462528
801.07,1.0048913819507466
801.25,1.0163919702108783
801.43,1.0329187709028627
801.61,1.0293690256057213
801.79,1.0308358808530842
801.97,1.0304778503585899
802.15,1.0206917512110505
802.33,1.0381840140113854
802.51,1.0381868400865315
802.69,1.0381749872871628
802.87,1.0210424949906332
803.05,1.0321796052719272
803.23,1.0550719104442132
803.41,1.0561264087744695
803.59,1.0470194133670556
803.77,1.0547392955360417
803.95,1.0528161488224816
804.13,1.0692618230965345
804.31,1.0349956522846426
804.49,1.0171954728399546
804.67,1.0361821171838093
804.85,0.9968513055967901
805.03,0.9972169605233144
805.21,1.0032300581308797
805.39,1.0169680816665225
805.57,1.0004082073164553
805.75,1.0303063564349486
805.93,0.9775510975158929
806.11,1.0028869126872098
806.29,0.9666357670408736
806.47,1.000821950817479
806.65,1.0064229120132602
806.83,1.000416278900874
807.0,1.0157595549014766
807.18,1.0689808595655113
807.36,1.030135161075417
807.54,1.0251917130138306
807.72,1.0413604498942062
807.9,1.019887987372513
808.08,1.017015950157956
808.26,1.0449848192148325
808.44,1.0407208553082132
808.62,1.0260401713469776
808.8,1.0093132115580672
808.98,0.9731981067262838
809.16,1.0008413133264182
809.34,1.001063723138121
809.51,0.9680368163591955
809.69,1.015500678641617
809.87,1.024203283954053
810.05,0.9978305537628577
810.23,1.0217464307076478
810.41,1.0272657916252312
810.59,0.9980491912564471
810.77,1.0085386416456061
810.95,1.008374708760069
811.13,1.0175498178453248
811.31,1.0081221015760162
811.48,1.0066526646953295
811.66,0.9755269956824829
811.84,1.004143521805264
812.02,1.0064682025505354
812.2,1.035171009382342
812.38,1.0247080046792916
812.56,1.037727569340438
812.74,0.9819416966529025
812.92,1.0192504934822864
813.1,1.0308089360691068
813.27,1.0496825949659072
813.45,1.0431723981002352
813.63,1.0552059531921942
813.81,1.0535697080643607
813.99,1.023494339766465
814.17,1.0427123886412617
814.35,1.0492131582987743
814.53,1.0331059040833168
814.7,1.0398352731499814
814.88,1.0171237979338572
815.06,1.0464461479617582
815.24,1.0239410137190552
815.42,1.0002324245644338
815.6,1.0327566366911434
815.78,1.010546899806926
815.95,1.0596250069506903
816.13,1.0083086621004604
816.31,1.021164164383469
816.49,0.994811897347502
816.67,1.0381091096022448
816.85,1.0232420435691354
817.03,1.0274440290846953
817.2,1.0279433371704072
817.38,1.0480476488027972
817.56,1.0119732057550845
817.74,1.0043983204814597
817.92,0.993426612498544
818.1,1.0151047256823982
818.27,0.9680861623554128
818.45,0.9941881178717988
818.63,1.0014589767744542
818.81,1.0
818.99,1.0481266787668622
819.17,1.0155526019207048
819.34,1.053286799907777
819.52,1.0419884174275407
819.7,1.0437037407254273
819.88,1.0671214945490035
820.06,1.0382509500820516
820.24,1.0223834780945864
820.41,1.0230468945726194
820.59,0.986634627508502
820.77,1.0007658001371829
820.95,0.9796914668626753
821.13,1.0113534580617256
821.3,1.0036003866807894
821.48,1.0070157728706624
821.66,1.0050218434025318
821.84,0.9989447222351391
822.02,1.003380599995697
822.19,1.0010337329752452
822.37,1.0213905349041246
822.55,1.0129517867409112
822.73,1.0028777195061014
822.91,1.0139131506029258
823.08,1.0096321811866409
823.26,0.996578471256413
823.44,0.9872378259521273
823.62,1.0253233983022487
823.8,1.0163697613392129
823.97,1.0441397578277105
824.15,1.0251402441481796
824.33,1.0082174251749945
824.51,1.009404882612953
824.69,1.0385301567923186
824.86,1.0166466583542833
825.04,1.0288840143594704
825.22,1.0243080889975293
825.4,0.9909005053242441
825.57,1.0
825.75,1.0074679062104206
825.93,1.001637790946001
826.11,0.9848462774270981
826.28,0.9820399840507952
826.46,1.0230112704349186
826.64,0.9957953409958287
826.82,0.986054831599551
826.99,0.9844205179217083
827.17,1.0386799805417959
827.35,1.007368630309456
827.53,1.033552433417258
827.7,1.027015719445692
827.88,1.087665488745114
828.06,1.0344880878161504
828.24,1.0273738042747083
828.41,1.0221309793907551
828.59,1.017859819688631
828.77,1.0014259349876231
828.95,1.0291973207988179
829.12,1.00345276920163
829.3,1.0458651634445386
829.48,1.040137105700795
829.66,1.0476264962421695
829.83,1.0277241907343684
830.01,1.06744969276433
830.19,1.0469892497274722
830.36,1.026327690469274
830.54,1.0159861822508418
830.72,1.0514212839420172
830.9,1.0171559047991279
831.07,1.040298192337629
831.25,1.0871029409348107
831.43,1.0882495907941074
831.6,1.0406720599041719
831.78,1.0776098367631348
831.96,1.0416863361453745
832.14,1.0539288863816518
832.31,1.0623155610698103
832.49,1.0688577209612167
832.67,1.0473745872829907
832.84,1.0481296025538065
833.02,1.015665934823612
833.2,1.0320908993170101
833.37,1.050909554157515
833.55,1.038822948991938
833.73,1.0459810760096502
833.91,1.005007086242783
834.08,1.021728910462498
834.26,1.0079027113691021
834.44,1.0129686456423963
834.61,1.0
834.79,0.9867066363213041
834.97,1.0235783586152356
835.14,1.002879565786339
835.32,1.0445181471056086
835.5,1.0238365875164968
835.67,1.0697412020958743
835.85,1.0233593262743306
836.03,1.0427652016089122
836.2,1.052605299107944
836.38,1.0421466081543307
836.56,1.0258923635199955
836.73,0.9800283484787494
836.91,1.0283856459686496
837.09,1.052887538725878
837.26,1.0175527422139043
837.44,1.011986131155198
837.62,1.0507771709415574
837.79,1.0415464653777413
837.97,0.9884848391605412
838.14,1.0156642062218044
838.32,1.0006876464804497
838.5,0.987343707866349
838.67,0.9936123100291087
838.85,1.030194156423602
839.03,0.9956324119986609
839.2,1.0078112497144387
839.38,1.0578160511584755
839.56,1.0406095461648988
839.73,1.0665829260196942
839.91,0.9979249317951953
840.08,1.0038281225550028
840.26,1.0512458250134387
840.44,1.0148700399769233
840.61,1.0186851886843897
840.79,0.9785872504941356
840.97,1.006784572483305
841.14,0.9709988206662027
841.32,0.9848723182659733
841.49,0.984316360246743
841.67,1.0
841.85,0.9684785170557697
842.02,1.0032229517446063
842.2,0.9684301673598592
842.37,0.9804805488122806
842.55,1.022840544218769
842.73,0.9970987911194831
842.9,1.0014585385496197
843.08,0.9669329949978704
843.25,1.0099138187221397
843.43,0.9935169506347662
843.61,1.001821180990015
843.78,1.0331141873664178
843.96,0.9585616460171354
844.13,1.0100916802123205
844.31,0.999619115992881
844.49,1.0148375221529597
844.66,1.0326441219962779
844.84,1.022344496499562
845.01,0.975485308143029
845.19,0.9880836659942008
845.37,1.0225815261156666
845.54,0.9832347180589992
845.72,1.0038722599930077
845.89,1.034917945618998
846.07,1.0323149425448332
846.24,0.99535148798368
846.42,1.0432458815654833
846.59,0.9894838159205444
846.77,1.0527496522522233
846.95,1.010767820484681
847.12,1.0384697740610884
847.3,1.05703876203024
847.47,1.0569196279541782
847.65,1.0589566823316992
847.82,1.0355919208201971
848.0,1.045991847319825
848.17,1.0548009106900749
848.35,1.0647415951925785
848.53,1.08016885918889
848.7,1.0727281680842453
848.88,1.0469990824574158
849.05,1.0528419042274428
849.23,1.0617635759678716
849.4,1.007722098036435
849.58,1.020699894713485
849.75,0.9908693659464374
849.93,0.9891687932974791
850.1,0.9675063798924372
850.28,0.9751941501629576
850.45,1.0296459089665662
850.63,0.9785165799512848
850.8,0.9888681425103184
850.98,0.9676935474252546
851.16,1.0012779709376538
851.33,1.029506456748629
851.51,1.0125406965982078
851.68,1.038504584220221
851.86,1.0218933805646448
852.03,1.0597357821762023
852.21,1.0494001457452653
852.38,1.0492136627002924
852.56,1.0383676574192502
852.73,1.0501022079847249
852.91,1.0469850246609624
853.08,1.0448768408141937
853.26,0.9700018521351897
853.43,0.9787663830859111
853.61,1.0046806153493877
853.78,1.0526930974569577
853.96,1.016616883537364
854.13,1.0314779919386867
854.31,1.0104238839645974
854.48,1.0220338003517087
854.66,0.9981416708584913
854.83,1.056751777320724
855.0,1.052195256000833
855.18,1.0199290977457727
855.35,1.0526701056674619
855.53,1.025968140074348
855.7,1.0576885149469128
855.88,1.052619495361794
856.05,1.0265675900885418
856.23,1.0116307674800393
856.4,1.0545853822371878
856.58,1.0840471139125254
856.75,1.0570453118228214
856.93,1.0953103711811836
857.1,1.1279059109396146
857.28,1.102578694516396
857.45,1.0812527571076647
857.62,1.0766314159962467
857.8,1.0699275461380724
857.97,1.053891488710253
858.15,1.0111950947486006
858.32,1.0993935290750414
858.5,1.0294806559938978
858.67,0.9985261398117206
858.85,1.0278838035039857
859.02,1.0524834115328021
859.19,1.0454200294457843
859.37,1.0809200358309186
859.54,1.059827720630294
859.72,1.107534253133288
859.89,1.0581557882885881
860.07,1.0803225228591735
860.24,1.0275830308385547
860.41,1.105293682497411
860.59,1.0510341763763165
860.76,0.9906273003290934
860.94,1.0584229763782311
861.11,1.0427242881046284
861.29,1.0220765494330546
861.46,1.0069094864917054
861.63,1.0101199953251063
861.81,1.026860474328923
861.98,1.0953990210853952
862.16,1.0314587604841756
862.33,1.0139225706289234
862.5,1.063324080849374
862.68,1.098925136320345
862.85,1.044957175460336
863.03,1.0725518925017108
863.2,1.0729459486780213
863.37,1.049549067835882
863.55,1.0614423015353347
863.72,1.0573423979964955
863.9,1.0280084629888169
864.07,1.0941332790416083
864.24,1.0343353293659698
864.42,1.0406865276578485
864.59,1.0404280470095502
864.77,1.0681631002202527
864.94,1.0792785085374113
865.11,1.0587398159253758
865.29,1.0546585794350636
865.46,0.9994231228146626
865.63,1.067288637046354
865.81,1.0857595515471754
865.98,1.0718790466976793
866.16,1.0198543482324967
866.33,1.0151839884295824
866.5,0.9994211191557502
866.68,1.0387026577824041
866.85,1.0317282451935548
867.02,1.0233887094790932
867.2,1.0687194368316406
867.37,1.0585887671956147
867.54,0.9865139911541568
867.72,1.0694676343976102
867.89,1.0029386333029604
868.06,0.9903931093021398
868.24,1.025911868433431
868.41,0.9766253085687798
868.59,0.9460260550482466
868.76,1.0209945070444435
868.93,1.0278729031266223
869.11,0.9301836262221875
869.28,1.0070900444924635
869.45,0.9899147240946946
869.63,0.9909471319015908
869.8,1.0050810709545057
869.97,1.0163883786352135
870.15,0.9575768700833114
870.32,1.0275435321562632
870.49,1.0152820374217517
870.66,0.9750873734205574
870.84,1.051018061443754
871.01,1.028486796796248
871.18,1.006525408014046
871.36,1.0223354604041028
871.53,1.0520379989704713
871.7,1.0279539463761143
871.88,1.0163324055782803
872.05,1.0248243638847256
872.22,1.0104474702230657
872.4,1.0205098182008572
872.57,0.9920078388343327
872.74,0.9718754814070537
872.92,1.0065769084271963
873.09,0.9967201742318955
873.26,1.0434053910315366
873.43,1.0210604465117687
873.61,1.0571439892814776
873.78,1.0070152240455637
873.95,1.0442708132668603
874.13,1.0554149432552868
874.3,1.0415006874877235
874.47,1.0505973661288854
874.64,1.0630881077620093
874.82,1.0014169612298
874.99,1.0152121968569798
875.16,1.03683716869802
875.34,1.0871832352198583
875.51,1.0014931265156175
875.68,1.1119171835846033
875.85,1.0938593674086152
876.03,1.061725085631507
876.2,1.0119183187882328
876.37,1.118929982468355
876.54,1.0036563840728963
876.72,1.0349060560644798
876.89,0.985146359121498
877.06,1.0512439576644463
877.23,1.054285817899814
877.41,1.0458975657668297
877.58,0.9985068734843826
877.75,1.0865751433835933
877.92,1.044564950015063
878.1,1.0386556725113674
878.27,1.1602040969460494
878.44,1.0890907754502022
878.61,1.088272397783607
878.79,1.0533017907867839
878.96,1.0807081315982858
879.13,1.1340913006029285
879.3,1.094022850056517
879.48,1.0233782126193631
879.65,1.0472956801817779
879.82,1.0601884766510725
879.99,1.0558039675451432
880.16,0.9912173630836304
880.34,1.0506026181588142
880.51,1.0573889948452815
880.68,1.1201932198855984
880.85,1.0172772498453688
881.03,1.0507103216930236
881.2,1.0213557409065257
881.37,1.1838919361440852
881.54,1.09286261261971
881.71,1.0814024879804287
881.89,1.118594215589106
882.06,1.103313883497921
882.23,1.085108600424045
882.4,1.0169280466678237
882.57,1.1621415623622668
882.75,1.1260499139141933
882.92,1.0540075734172418
883.09,1.1665951698731067
883.26,1.1072267929696566
883.43,1.0749220246957403
883.61,1.0597292216306735
883.78,1.0321328047633775
883.95,1.0625854278225353
884.12,1.087118300780799
884.29,1.0591731477691364
884.47,1.0336738759702278
884.64,1.0930046739444648
884.81,1.0452705321404494
884.98,1.0730486381128825
885.15,1.02544364578941
885.32,1.0779603187586175
885.5,1.0371218363551684
885.67,1.0457809417617292
885.84,1.0311182418566471
886.01,1.0230102735077258
886.18,1.0794347857145288
886.35,1.0086333318380853
886.53,1.0437831951076484
886.7,1.0726777644610281
886.87,1.0570086845963764
887.04,1.0905134838973942
887.21,1.0174556750772485
887.38,1.0126155876161984
887.55,1.08027636819512
887.73,1.0758542322185343
887.9,1.0900925486878417
888.07,1.0271415826417762
888.24,1.0494818643627342
888.41,1.0100860214273535
888.58,1.1898724948871333
888.75,1.0705903134280572
888.93,1.0
889.1,1.0594848481659598
889.27,1.079310912382729
889.44,1.183925688728928
889.61,1.0597032610184804
889.78,1.0801256351039261
889.95,1.050177063667113
890.12,1.1067121720590303
890.3,1.1923344514363672
890.47,1.0730850264191742
890.64,1.0473996538060943
890.81,1.1603665893459971
890.98,1.113747523233303
891.15,1.0836486940017822
891.32,1.1013364439004363
891.49,1.087601605181532
891.66,1.0438197819519244
891.84,1.0730567520937833
892.01,1.06812342776627
892.18,1.114511723514615
892.35,1.098874632254872
892.52,1.049056118228774
892.69,1.048834948803329
892.86,1.0313652928367538
893.03,1.1038851716799818
893.2,1.049262635610073
893.37,1.122294073656385
893.55,1.0257656913137336
893.72,1.0535828780244116
893.89,1.0085609912888833
894.06,1.0476979648816325
894.23,1.1507296667181055
894.4,1.1283709961368311
894.57,1.1130819579178326
894.74,1.095885797296694
894.91,1.0487010530925884
895.08,1.118750321358367
895.25,1.0670095722123945
895.42,1.1150232384380234
895.59,1.0811968198198585
895.76,0.957558385844653
895.94,1.1756401414873974
896.11,1.0642057512386647
896.28,1.1288058516913704
896.45,1.124777214671367
896.62,1.0828857479896468
896.79,1.0140932537419363
896.96,1.0623917544981432
897.13,1.0670346484517144
897.3,1.1975853230192175
897.47,1.127918327678368
897.64,1.138270441486368
897.81,1.163449411828068
897.98,1.0494149746926007
898.15,1.0336633415313439
898.32,1.055929008471574
898.49,1.0621659162549077
898.66,1.0558610898765972
898.83,1.0250478657506477
899.0,1.0887277305187752
899.17,1.1286742071891107
899.34,1.0477665334678539
899.51,1.050095731501295
899.68,1.1438717279301343
899.85,1.1178003672433512
900.02,1.0922711569656822
900.19,1.0788020859111014
900.36,1.1212571477872415
900.53,1.1214679026628203
900.7,1.1676791754527338
900.87,1.148663837709634
901.04,1.1749897958681872
901.21,1.117986347250275
901.38,1.1114978782822256
901.55,1.0631873866435353
901.72,1.0805311121347536
901.89,1.0300951298393755
902.06,1.1608606819706382
902.23,1.1045338092922283
902.4,1.1042694658905476
902.57,1.0558291787788874
902.74,1.080329900138601
