Wavelength [nm],#49.csv
400.08,0.0843668478656893
400.29,0.1350246446786123
400.5,0.11415156810905819
400.71,0.10469237509976954
400.92,0.08792927988820881
401.13,0.07561557904040274
401.34,0.06579780524408065
401.54,0.11647544650892508
401.75,0.03662440972168351
401.96,0.05337763227661225
402.17,0.016857763610701487
402.38,0.08082038533250471
402.59,0.07200699955777255
402.8,0.09270149631997357
403.01,0.08425306482833571
403.22,0.11821548175796295
403.43,0.0764623340820405
403.63,0.04104027479688194
403.84,0.10601727245067526
404.05,0.068676716917923
404.26,0.10395580713616884
404.47,0.10956347981957366
404.68,0.053845793417191
404.89,0.06165830150670437
405.1,0.06463835553396574
405.31,0.0690394645535335
405.52,0.08519671402157891
405.72,0.050433239050236056
405.93,0.06070930117809602
406.14,0.08777479332269841
406.35,0.08600853803368447
406.56,0.0473576314710516
406.77,0.04202439718362024
406.98,0.055104827361590766
407.19,0.07823854037616854
407.39,0.10291696348959985
407.6,0.07989759885501553
407.81,0.10864868116056024
408.02,0.05147744746829786
408.23,0.08072076007426017
408.44,0.05222868585478377
408.65,0.08144063565117343
408.86,0.07893127718534391
409.06,0.03822521839654804
409.27,0.05694785448811808
409.48,0.04057962422666665
409.69,0.036780062088878324
409.9,0.0720348969246657
410.11,0.0800847580621753
410.32,0.10291894607811293
410.52,0.07716012008902293
410.73,0.08818868619863648
410.94,0.052245898258200495
411.15,0.05308138268804882
411.36,0.04806258277223868
411.57,0.10035557976076313
411.78,0.058859132708440134
411.98,0.10520327826802865
412.19,0.06278780969442808
412.4,0.0768086604121014
412.61,0.05991824645906411
412.82,0.07464724440620321
413.03,0.10269782745762858
413.23,0.05995684146571415
413.44,0.05057903261583795
413.65,0.06650143035771933
413.86,0.0796850094726559
414.07,0.05480187995206201
414.28,0.08700141401659504
414.48,0.08362729037375397
414.69,0.07517161198233427
414.9,0.07213597273674804
415.11,0.03939821483170575
415.32,0.0534781942466747
415.53,0.08007599727837539
415.73,0.0914647994672477
415.94,0.032000146303103494
416.15,0.08387718918590573
416.36,0.06335573201478845
416.57,0.051267342144013364
416.78,0.043808647449288196
416.98,0.08774606604589708
417.19,0.03161439757751837
417.4,0.07347788206558341
417.61,0.05265804732506431
417.82,0.039299794390055307
418.02,0.0727654279718462
418.23,0.07556915035351751
418.44,0.08352701083190073
418.65,0.05131947111428105
418.86,0.027055833727723622
419.07,0.060003026913692394
419.27,0.06271682060166832
419.48,0.0478509631565402
419.69,0.04408385033600818
419.9,0.026002812403174716
420.11,0.020972306618009966
420.31,0.059862048988902405
420.52,0.09505394972483754
420.73,0.05538669739031843
420.94,0.05737855687706284
421.15,0.0751465927229701
421.35,0.08184910401465449
421.56,0.04883247716066704
421.77,0.04413992862422699
421.98,0.034737898576379565
422.19,0.0727654279718462
422.39,0.05830415383943952
422.6,0.06488344575022037
422.81,0.04668713518028501
423.02,0.0513443397072702
423.22,0.03715039256247316
423.43,0.056359368553171314
423.64,0.0629777691439945
423.85,0.046143030818991265
424.06,0.04713918965700442
424.26,0.0568794528807858
424.47,0.044028886821325025
424.68,0.054995260594659215
424.89,0.06097874180345193
425.09,0.06616220348481269
425.3,0.057552168769324105
425.51,0.06590421350457575
425.72,0.041357356217671705
425.93,0.05802958789854325
426.13,0.043067492113615116
426.34,0.05823293805482641
426.55,0.0649569056127812
426.76,0.05677926636486614
426.96,0.04495458126178782
427.17,0.0391159988488924
427.38,0.06317619098293785
427.59,0.07441375110548046
427.79,0.04727105525327614
428.0,0.03822288178824842
428.21,0.06482700416925452
428.42,0.05974814954878576
428.62,0.047559049681990415
428.83,0.04647889446478898
429.04,0.06212343393854883
429.25,0.045410260072039514
429.45,0.04284109780489947
429.66,0.048994699298330405
429.87,0.05610492820106935
430.08,0.0292127061874235
430.28,0.07938403540085794
430.49,0.05790882098479778
430.7,0.027901275545112868
430.91,0.048585476663727555
431.11,0.059302543379934874
431.32,0.054197132206511664
431.53,0.05802626005929694
431.74,0.042047420315931845
431.94,0.0663429140464076
432.15,0.03760182581268327
432.36,0.04423263979155777
432.56,0.044720848912035725
432.77,0.04019709470715314
432.98,0.0667479159289728
433.19,0.04602325653824704
433.39,0.039820409414315625
433.6,0.027563086578838075
433.81,0.02517634262553677
434.02,0.051999068314041004
434.22,0.04670846142053755
434.43,0.06929428033090468
434.64,0.05642829671585756
434.84,0.048715738302185764
435.05,0.05653168235517091
435.26,0.03290578612702919
435.47,0.03544027091115631
435.67,0.02844513241149298
435.88,0.03897842196979645
436.09,0.041302487662507235
436.29,0.05681905484140381
436.5,0.056160086364027535
436.71,0.03589208136781462
436.92,0.03807921623653726
437.12,0.021832709886232367
437.33,0.011023541322261122
437.54,0.028804375669365705
437.74,0.030387494008774867
437.95,0.0592314994730387
438.16,0.03950339409491999
438.36,0.035003216802718284
438.57,0.026269702276707555
438.78,0.02946380222045325
438.99,0.054010208522929634
439.19,0.032132679948969275
439.4,0.03804130531182533
439.61,0.04458461425404488
439.81,0.043742289654786444
440.02,0.018374799479051823
440.23,0.03423961392118342
440.43,0.053582877326463094
440.64,0.0345526275558517
440.85,0.025707960453729303
441.05,0.05346300808974954
441.26,0.030011034322550697
441.47,0.018296203483873157
441.67,0.053672067529991645
441.88,0.044929879482151686
442.09,0.04227182160691943
442.29,0.036594890870402755
442.5,0.05900574618128088
442.71,0.02249387949590052
442.91,0.03103766995223348
443.12,0.037916681000378434
443.33,0.05079553953087183
443.53,0.053152750133449195
443.74,0.041714730747090784
443.95,0.03845608126181911
444.15,0.044722314097284985
444.36,0.01889721973734406
444.57,0.060541553325733403
444.77,0.047815472877312214
444.98,0.04290776329243941
445.19,0.03957704271731825
445.39,0.049248052353489356
445.6,0.0375575016185641
445.81,0.03955510937108684
446.01,0.036904924004830496
446.22,0.017026162369438987
446.43,0.03298969513251715
446.63,0.024960542467995582
446.84,0.033927425263062375
447.05,0.026273030776067387
447.25,0.05033022090639948
447.46,0.03365597252936538
447.67,0.03920411747009729
447.87,0.03836496700351694
448.08,0.04571659691646114
448.28,0.030323488045007056
448.49,0.02166219627122891
448.7,0.03657228633896427
448.9,0.03796555184165829
449.11,0.02747384784860145
449.32,0.052933583231567306
449.52,0.020961888866771833
449.73,0.0331538373745863
449.93,0.021984416279303105
450.14,0.03298853163996942
450.35,0.02993772135476191
450.55,0.029352758188584852
450.76,0.026450857436772952
450.97,0.05091953285288098
451.17,0.03831712989604757
451.38,0.026608639414729414
451.58,0.034425795520728567
451.79,0.04656905580925791
452.0,0.03513869081650222
452.2,0.04607924319236522
452.41,0.039526785101186
452.62,0.032552908408907094
452.82,0.023400923058364016
453.03,0.04596413273832011
453.23,0.022520701112849654
453.44,0.03434945270948142
453.65,0.035311398707616834
453.85,0.03712498819690972
454.06,0.037664574081983315
454.26,0.04810715293467844
454.47,0.034666086365998404
454.68,0.038374403930725616
454.88,0.052268669806664475
455.09,0.02306374516778696
455.29,0.04179790981339701
455.5,0.04339514433186773
455.71,0.024388389859497556
455.91,0.03778604831608757
456.12,0.037857809537980534
456.32,0.034165822373921705
456.53,0.043818395852226785
456.73,0.04337482475891076
456.94,0.04213728244388426
457.15,0.04989313905221465
457.35,0.02819511436423955
457.56,0.015337842518004621
457.76,0.029703874934900017
457.97,0.029840307086223913
458.18,0.03141943632917143
458.38,0.026946326220841383
458.59,0.0216547178973511
458.79,0.038973103824062764
459.0,0.024189512928751208
459.2,0.0421097807712857
459.41,0.02571385572909551
459.62,0.02844662691780668
459.82,0.03031915931707821
460.03,0.027089183491513295
460.23,0.03274784211020774
460.44,0.028626737334577716
460.64,0.02250841455571983
460.85,0.014905509275694973
461.06,0.034971697300474856
461.26,0.03699024936299257
461.47,0.02801463767887235
461.67,0.02859968013399889
461.88,0.024511541778451298
462.08,0.04679726883607958
462.29,0.024763981551188547
462.49,0.029764163912912218
462.7,0.029812493884550633
462.91,0.045797550883795925
463.11,0.027771613303303178
463.32,0.026032817757678933
463.52,0.02623826703146818
463.73,0.01687725759950009
463.93,0.023842900210347278
464.14,0.02677179919994452
464.34,0.01603320875552619
464.55,0.02407670683285255
464.75,0.018841740515952745
464.96,0.024317705473765168
465.16,0.023989039357522193
465.37,0.03981094346482459
465.58,0.009360515409345037
465.78,0.028278730509967848
465.99,0.01826890465478458
466.19,0.029486050333918195
466.4,0.02371912358748395
466.6,0.025785888710764034
466.81,0.02347420506740689
467.01,0.03487077529278503
467.22,0.0196945818910047
467.42,0.023410866297761648
467.63,0.03080720042802162
467.83,0.020211642219649974
468.04,0.022359721378000474
468.24,0.025336522527343093
468.45,0.02728327111431998
468.65,0.005343248759847008
468.86,0.014114653745277657
469.06,0.02290948898412987
469.27,0.024007085526762083
469.47,0.027228772150034275
469.68,0.030210719615779112
469.88,0.027452164775909057
470.09,0.021479873778926174
470.29,0.027614939794444744
470.5,0.010125108619908623
470.7,0.02173347995601321
470.91,0.02566540035789205
471.11,0.030253710478569954
471.32,0.017744456764629102
471.52,0.022528564641639475
471.73,0.030915963539890696
471.93,0.014855781732465361
472.14,0.01586917826070081
472.34,0.01525255493880902
472.55,0.014398648294709214
472.75,0.008888999794944358
472.96,0.004464399658650438
473.16,0.016068499594074043
473.37,0.02640161987198875
473.57,0.01875366012564794
473.78,0.018711873891386996
473.98,0.022002483158997832
474.19,0.022760280942099136
474.39,0.01021497969124057
474.6,0.011145430962419604
474.8,0.018648270349966658
475.01,0.02131069780575281
475.21,0.0196756474128737
475.42,0.01609300125274861
475.62,0.018538447678920135
475.83,0.019735468649460224
476.03,0.015505584467592842
476.24,0.01919950293563939
476.44,0.018933582752966117
476.64,0.012227752900766765
476.85,0.011524254099143028
477.05,0.021931015201186885
477.26,0.012663803148305772
477.46,0.009672281925991453
477.67,0.020165844714612427
477.87,0.01463557135206194
478.08,0.016197740761881907
478.28,0.017618021153518234
478.49,0.01141106234437755
478.69,0.017566774582541703
478.9,0.015313218030575965
479.1,0.01308446740252832
479.3,0.00976604357913766
479.51,0.011958670099745085
479.71,0.015482570619148293
479.92,0.01567832559461369
480.12,0.017537375918878818
480.33,0.017925282250376276
480.53,0.01611377136792299
480.74,0.019314457261530246
480.94,0.014140944626320838
481.14,0.012551590472991503
481.35,0.02119476810810682
481.55,0.009747178852808383
481.76,0.018995837240666977
481.96,0.012449167393264196
482.17,0.009926627935478079
482.37,0.011225460289832304
482.57,0.012285235119976609
482.78,0.006455123139608525
482.98,0.011352000347457642
483.19,0.014611395991701906
483.39,0.01205952956674538
483.6,0.009943022641288457
483.8,0.017779733662710937
484.0,0.011188022779410169
484.21,0.01562713785191506
484.41,0.008340163504532516
484.62,0.012503068712523019
484.82,0.009403723665212091
485.02,0.010804628373726132
485.23,0.01269147269571716
485.43,0.011423571702150843
485.64,0.006799850225385977
485.84,0.015337578768842222
486.05,0.019443015487725174
486.25,0.016701041265314905
486.45,0.008160526055695063
486.66,0.011615052015930827
486.86,0.015259813517051902
487.07,0.01022422214428214
487.27,0.010255392665122123
487.47,0.013617202276622888
487.68,0.012383514615346534
487.88,0.01825002260381421
488.09,0.012758171535068485
488.29,0.010853185214563238
488.49,0.011296802004853487
488.7,0.01114119503969406
488.9,0.006758263944488088
489.1,0.011426061467276387
489.31,0.009629894836181143
489.51,0.008645080262275387
489.72,0.01104420416165607
489.92,0.011054870878231027
490.12,0.010147702841318693
490.33,0.008893560077990357
490.53,0.011284072414998007
490.74,0.014995518000048664
490.94,0.017796054022356747
491.14,0.010251058866859009
491.35,0.007103096245136613
491.55,0.009393191656804056
491.75,0.008491876401468276
491.96,0.009902872046120403
492.16,0.010227740777176891
492.36,0.013098588208533764
492.57,0.005490131204830495
492.77,0.010588293889513305
492.98,0.005052038200112247
493.18,0.008958388424789594
493.38,0.009419240199763125
493.59,0.009583135097149002
493.79,0.005424419272340831
493.99,0.010673210854124851
494.2,0.012850124150590688
494.4,0.015051950219130686
494.6,0.013591405054327555
494.81,0.011321640103490349
495.01,0.011407778438361259
495.22,0.013529720782245841
495.42,0.010646517081152404
495.62,0.013290082260896488
495.83,0.010580426182933336
496.03,0.00927309331110758
496.23,0.016229580434455125
496.44,0.010600674280672635
496.64,0.010531729664081793
496.84,0.01242523641554001
497.05,0.007806145587197768
497.25,0.009453841174793438
497.45,0.01200458177379304
497.66,0.006786576897784668
497.86,0.010292098660228193
498.06,0.0066616602186550244
498.27,0.012045709687110339
498.47,0.008562393983392704
498.67,0.009310335622099208
498.88,0.010141355535762018
499.08,0.00616143721232069
499.28,0.0038281319020182863
499.49,0.014686815731676349
499.69,0.01055397291804537
499.89,0.012974956321047459
500.1,0.010312803942364423
500.3,0.008204150781271593
500.5,0.010925082899292617
500.7,0.008704350354519547
500.91,0.013203217438247773
501.11,0.012226161863995087
501.31,0.014378364526040452
501.52,0.009408062514962531
501.72,0.012275296013620781
501.92,0.014151993150053811
502.13,0.016088500109226415
502.33,0.011607618060871567
502.53,0.009479011364976584
502.74,0.009620380555002039
502.94,0.011323247037894188
503.14,0.004562057592783309
503.34,0.011131504837599438
503.55,0.007166137356610824
503.75,0.008500613163268781
503.95,0.00738948182736944
504.16,0.009580961254510575
504.36,0.013847504751748226
504.56,0.010324524395839434
504.76,0.009312815056307043
504.97,0.013921873677904774
505.17,0.007301473148053232
505.37,0.01166169967539492
505.58,0.005484550695043089
505.78,0.010152924950931879
505.98,0.008435615057793439
506.18,0.01064563353166309
506.39,0.008040357997976984
506.59,0.009385314945653145
506.79,0.0063770291751228825
507.0,0.01057839055795074
507.2,0.012678629995783166
507.4,0.006325496771249105
507.6,0.007725290067834875
507.81,0.007812332826577562
508.01,0.011975842067742052
508.21,0.010462538864883604
508.41,0.007932096762308907
508.62,0.01279694273559784
508.82,0.010112382358460072
509.02,0.010306763493058386
509.23,0.01068524779976176
509.43,0.006226489207627563
509.63,0.0063420546607646355
509.83,0.011547869395983401
510.04,0.008466689254905025
510.24,0.009810017641184257
510.44,0.007516964474165893
510.64,0.008321010148915363
510.85,0.0120251969256882
511.05,0.011892138617030592
511.25,0.0074653232667101985
511.45,0.011505761974938035
511.66,0.008295296573894433
511.86,0.009112807143783992
512.06,0.009262205370292017
512.26,0.01170319640439986
512.46,0.004809938864106779
512.67,0.00845471986399237
512.87,0.008801966775238496
513.07,0.00855229410768266
513.27,0.00865007117502691
513.48,0.009454896858369276
513.68,0.011172765617227732
513.88,0.006325862164923184
514.08,0.009645141020318817
514.29,0.00989240563443129
514.49,0.009901142886449804
514.69,0.0034140708715872195
514.89,0.009809551260807261
515.09,0.011854667431935383
515.3,0.007077063309490681
515.5,0.008667823590778551
515.7,0.010556961422112574
515.9,0.008744986619826766
516.11,0.011729413423264291
516.31,0.008313900840432237
516.51,0.007156407681460396
516.71,0.010450757933951003
516.91,0.010053780468413891
517.12,0.008292624489198295
517.32,0.010381358036580699
517.52,0.010029980134278459
517.72,0.010489243567528428
517.92,0.010599835626049698
518.13,0.00972735991231676
518.33,0.009440179811300265
518.53,0.0061410725697184955
518.73,0.011565160118849716
518.93,0.013825883703729738
519.14,0.01164187017490947
519.34,0.008022571036080181
519.54,0.009842757651837425
519.74,0.005891029185597024
519.94,0.012427380291104429
520.15,0.00567348115962166
520.35,0.008136172390006354
520.55,0.0077495127985013484
520.75,0.007849624676873094
520.95,0.0048708484649216035
521.16,0.008126789700286522
521.36,0.009975371757817448
521.56,0.008185628122124197
521.76,0.013546029441207584
521.96,0.009981554719982797
522.16,0.00946194290761239
522.37,0.006146074997180247
522.57,0.009657251107631147
522.77,0.010945094378566894
522.97,0.006472013865359023
523.17,0.006979867364719336
523.37,0.005212910891495853
523.58,0.012614261133000184
523.78,0.010441726830940086
523.98,0.010845479940715342
524.18,0.0059048526249681765
524.38,0.009144052819170006
524.58,0.00451733053937217
524.79,0.014200343478427262
524.99,0.010112377870240727
525.19,0.012993868598394185
525.39,0.017499243534593815
525.59,0.016718621584825507
525.79,0.011715436873217073
526.0,0.018393851667776115
526.2,0.0167561249353051
526.4,0.020737145911111685
526.6,0.02099477226654757
526.8,0.021455665490456674
527.0,0.024259790022400324
527.2,0.024548322889507455
527.41,0.02797091437337247
527.61,0.034487190256520035
527.81,0.03386930269576204
528.01,0.038141208061817415
528.21,0.03951001250071849
528.41,0.04104559939081631
528.61,0.05145385026645076
528.82,0.05333255220528356
529.02,0.058671551244948154
529.22,0.06383837613894319
529.42,0.06657305943042031
529.62,0.0719437881093985
529.82,0.08180321422077616
530.02,0.08438161921680487
530.22,0.08728244617992627
530.43,0.10232011560998686
530.63,0.11421440488312051
530.83,0.11683257590888015
531.03,0.12263437966073187
531.23,0.13429672872656864
531.43,0.1352504513888224
531.63,0.14810360271491424
531.83,0.16097147709216228
532.03,0.1730462224740283
532.24,0.18033947377102305
532.44,0.19046606871395325
532.64,0.20043099331562736
532.84,0.2085712860622366
533.04,0.22037614003933714
533.24,0.2360440965010385
533.44,0.24598328105384398
533.64,0.2569417840010442
533.84,0.2620574094371603
534.04,0.2811430273501584
534.25,0.29558374077783905
534.45,0.3082947512857204
534.65,0.3168914163009373
534.85,0.3429417619925811
535.05,0.34961251644977337
535.25,0.36067573880001436
535.45,0.367585242364947
535.65,0.3876724976283799
535.85,0.3926851034115668
536.05,0.4005240969135271
536.25,0.42614875669069074
536.46,0.4326292073114518
536.66,0.4417998983901401
536.86,0.4549743598480991
537.06,0.4744501502614677
537.26,0.4753435579692831
537.46,0.490205075232553
537.66,0.49475195997764904
537.86,0.51399818130908
538.06,0.5271605569263984
538.26,0.5306810498669668
538.46,0.5570092810288048
538.66,0.566419419833181
538.86,0.5640507795478534
539.07,0.5766488252742524
539.27,0.5963586650607955
539.47,0.6044387505382613
539.67,0.6085366200624914
539.87,0.6263222053181005
540.07,0.624752326795566
540.27,0.6442531031781144
540.47,0.6408330752852055
540.67,0.6559950611263032
540.87,0.6846463248449746
541.07,0.6891198884151295
541.27,0.6629419317427168
541.47,0.6730211709046987
541.67,0.6915722924832396
541.87,0.6900434473211334
542.07,0.6911700072609053
542.27,0.6941828322470669
542.47,0.7044247211201554
542.67,0.724115082251069
542.87,0.710718111703065
543.08,0.7253770455774243
543.28,0.7270826059753396
543.48,0.7260771749964403
543.68,0.7456259949281173
543.88,0.744054656938364
544.08,0.7585628228683338
544.28,0.7527063406023045
544.48,0.7679861431888289
544.68,0.7885068089207836
544.88,0.7934642554709169
545.08,0.7961216105049665
545.28,0.7982039663409014
545.48,0.7816054826679765
545.68,0.7791867518387338
545.88,0.7989473688234177
546.08,0.8009048490698417
546.28,0.7871570595708645
546.48,0.78356690054312
546.68,0.8006852296832663
546.88,0.8006039414523972
547.08,0.8177926536599655
547.28,0.804204053489043
547.48,0.8089414399822994
547.68,0.8344135078421402
547.88,0.8312498142873516
548.08,0.8351106358028821
548.28,0.8313859239702281
548.48,0.8269133527162819
548.68,0.8253370788428236
548.88,0.821482222863787
549.08,0.8410358148612479
549.28,0.8354217847518379
549.48,0.85924294379543
549.68,0.8366510215091155
549.88,0.8497780221074156
550.08,0.8278346974495095
550.28,0.8450765778816428
550.48,0.8485651504585466
550.68,0.8376708587358495
550.88,0.8371639628950612
551.08,0.8449162484630807
551.28,0.8426763103548167
551.48,0.8458628156337623
551.68,0.8436149535319767
551.88,0.8399871282798455
552.08,0.8421735519447829
552.28,0.8392917033477327
552.48,0.833644470442217
552.68,0.8453640706013233
552.88,0.8393732910739251
553.08,0.8691438088829325
553.28,0.8393843640033926
553.48,0.8396992225463387
553.68,0.8527748966226659
553.88,0.8795668322928579
554.08,0.8655406631533963
554.28,0.8765454158466054
554.47,0.8721077535375704
554.67,0.8779353733634196
554.87,0.8832750029604112
555.07,0.8998899753525244
555.27,0.8668161871898904
555.47,0.8737943730812658
555.67,0.8733586981360092
555.87,0.8705656382657241
556.07,0.8672503876386602
556.27,0.870209695269775
556.47,0.8690028335255063
556.67,0.8609277579946999
556.87,0.883215828344647
557.07,0.8782402208027459
557.27,0.864898787363027
557.47,0.8826712273118137
557.67,0.8781016485291825
557.87,0.8882672533390613
558.07,0.883627145225662
558.26,0.8715518299154594
558.46,0.8717049939856711
558.66,0.8715454073050746
558.86,0.8662413265371114
559.06,0.8859959433312575
559.26,0.8830582826524244
559.46,0.8973561587347354
559.66,0.8814400995421107
559.86,0.8899971470701722
560.06,0.8880303677976991
560.26,0.901079121609083
560.46,0.8842946812409046
560.66,0.8831108020152578
560.86,0.8894474198128366
561.05,0.8781993855469967
561.25,0.8866083713720795
561.45,0.9045949552008685
561.65,0.875560019606224
561.85,0.8917803152246696
562.05,0.8804031929787286
562.25,0.8872292133468881
562.45,0.9075256574756007
562.65,0.8848633926478717
562.85,0.8850412935857545
563.05,0.8938286934037771
563.24,0.8890941355532109
563.44,0.8911794768082818
563.64,0.8872664676468127
563.84,0.8859338613173998
564.04,0.8823876935401099
564.24,0.881330381167197
564.44,0.8853399636268499
564.64,0.8844034351151724
564.84,0.9121842715393567
565.03,0.8874361723231057
565.23,0.8924013587721694
565.43,0.9042890233112848
565.63,0.8947828653174387
565.83,0.874563782213964
566.03,0.8749328932316908
566.23,0.875408525570847
566.43,0.8918546569619635
566.63,0.9044761683566173
566.82,0.8917960514720712
567.02,0.9019330965653378
567.22,0.9030617040982941
567.42,0.8811990508519398
567.62,0.8767139534763798
567.82,0.8845834352691925
568.02,0.8870473693960662
568.22,0.887846561108345
568.41,0.8893054143283116
568.61,0.9111476271808852
568.81,0.9003435312757687
569.01,0.8969360512523473
569.21,0.8931114532740644
569.41,0.9114370730011725
569.61,0.8951246162506278
569.8,0.9203343910767464
570.0,0.8927934904272511
570.2,0.9131605706735691
570.4,0.9136129593828679
570.6,0.9030950242620136
570.8,0.9167190713207826
571.0,0.9208438490907914
571.19,0.9253736589980155
571.39,0.8782967748969
571.59,0.8985330204459648
571.79,0.9009555838225634
571.99,0.9201202761093153
572.19,0.9015130594132535
572.38,0.9068754953107975
572.58,0.9055656300342608
572.78,0.9159822922103065
572.98,0.9008862227200475
573.18,0.9231623156571942
573.38,0.9137290230711189
573.57,0.9031809237219948
573.77,0.9142376197193428
573.97,0.9103283224630847
574.17,0.9091384807307179
574.37,0.9088149223406662
574.57,0.9261418679345733
574.76,0.9136552373774153
574.96,0.9134608444357937
575.16,0.913295384789006
575.36,0.9218620351740314
575.56,0.9025044175156701
575.75,0.9065055414726269
575.95,0.9024712789578646
576.15,0.9074814574081564
576.35,0.9114147080817454
576.55,0.9048296227726965
576.74,0.9199430041354679
576.94,0.9152001479456
577.14,0.9310211339022715
577.34,0.91141067509476
577.54,0.9336672002999241
577.74,0.9104319391339101
577.93,0.9199039707859445
578.13,0.9246910965620274
578.33,0.9070070141966585
578.53,0.9105807003975716
578.72,0.904390712538007
578.92,0.9031014151376062
579.12,0.9310144969435648
579.32,0.9133397268721116
579.52,0.9440398181903455
579.71,0.9297976675185725
579.91,0.9225964227214076
580.11,0.9187399649442624
580.31,0.9204838757401984
580.51,0.9025766426202617
580.7,0.9176181611601856
580.9,0.9021516395178079
581.1,0.9094770792679587
581.3,0.9101506128973613
581.49,0.8960999587095363
581.69,0.889015569429395
581.89,0.9034744631049626
582.09,0.9174314008308811
582.29,0.9188102585418515
582.48,0.9190273537200876
582.68,0.915915404171132
582.88,0.9267632958763256
583.08,0.9217864337609781
583.27,0.9114655888123205
583.47,0.9189909210823201
583.67,0.9036829904326761
583.87,0.9122384284225651
584.06,0.9235576888929776
584.26,0.936410767183274
584.46,0.9181854313878379
584.66,0.900667863525791
584.85,0.9168642747851817
585.05,0.9107967831703987
585.25,0.9291104093029939
585.45,0.9323317113880604
585.64,0.9378720484201514
585.84,0.9217843427163366
586.04,0.9195861779008611
586.24,0.9084989339148486
586.43,0.9247620153199393
586.63,0.9183938656704912
586.83,0.9288154312296353
587.03,0.9165072540959841
587.22,0.9068271344316525
587.42,0.9242329964555911
587.62,0.9159913446485355
587.82,0.9012886955131869
588.01,0.9040108729629458
588.21,0.921852040683592
588.41,0.9208029624981146
588.6,0.9285611234091437
588.8,0.9370121707476803
589.0,0.9150083923580766
589.2,0.9105419991313977
589.39,0.9081370876080544
589.59,0.9301040408060643
589.79,0.9179321996856271
589.98,0.9381046439005819
590.18,0.922753857777829
590.38,0.9053088738290513
590.58,0.9322435841401899
590.77,0.9199997840877386
590.97,0.9118752000032101
591.17,0.9196587766318259
591.36,0.9121264661432551
591.56,0.9135748703576406
591.76,0.9176034739772266
591.96,0.9136296258391398
592.15,0.9318549750376133
592.35,0.9157684415858324
592.55,0.9304450943418285
592.74,0.9379712546263886
592.94,0.91816242277589
593.14,0.9179846583333751
593.33,0.9072195581076531
593.53,0.9208539991961077
593.73,0.9194361175186476
593.92,0.9285350594884145
594.12,0.9119517889673685
594.32,0.9087945474498932
594.51,0.8958147927711475
594.71,0.9150423916311207
594.91,0.9175207706542652
595.11,0.9160921028155099
595.3,0.9160719527024194
595.5,0.9158957200540299
595.7,0.9187004863439259
595.89,0.9260021449533714
596.09,0.9364576312362511
596.29,0.907909594630344
596.48,0.920552945728696
596.68,0.9305482381692555
596.88,0.9344872488209578
597.07,0.9243251318746507
597.27,0.935700447916866
597.47,0.9491129058470719
597.66,0.9272352167591216
597.86,0.9169096020480211
598.06,0.9352909228132296
598.25,0.9449916803200348
598.45,0.9321544431398092
598.64,0.9374503099518918
598.84,0.9157678137688893
599.04,0.9153049995588282
599.23,0.9153466064298875
599.43,0.9177646224460363
599.63,0.9259599638906946
599.82,0.9230660879969111
600.02,0.9396739285612312
600.22,0.9170962976236764
600.41,0.9284070316463237
600.61,0.9388811963165745
600.81,0.9130791270049892
601.0,0.9347171040136402
601.2,0.909789941652824
601.39,0.9219042918120819
601.59,0.9301626449828813
601.79,0.9386371432406501
601.98,0.9428143434273609
602.18,0.9287704430328328
602.38,0.9629158014804292
602.57,0.9271200905455769
602.77,0.9608474070537686
602.96,0.951320427395037
603.16,0.9448024872751396
603.36,0.9480797517088859
603.55,0.9485364588930053
603.75,0.9107474929504893
603.95,0.9304177685483275
604.14,0.9199089848102233
604.34,0.9357390594425425
604.53,0.940962646658086
604.73,0.9326192086210802
604.93,0.9429552058738506
605.12,0.9294545261158494
605.32,0.9449958902855472
605.51,0.9329529439039564
605.71,0.9383842831054465
605.91,0.9300011897609372
606.1,0.9258313569322982
606.3,0.9429327685561766
606.49,0.937485491441808
606.69,0.9433248459459008
606.89,0.9357908812638258
607.08,0.9464210318213293
607.28,0.9298869793817509
607.47,0.955953528092306
607.67,0.9352746219020742
607.87,0.9397991723646935
608.06,0.9443627007545858
608.26,0.946827163353995
608.45,0.9505616672611021
608.65,0.9380173022960907
608.84,0.9468968830964084
609.04,0.9389595250500721
609.24,0.924078571828306
609.43,0.9335151077594462
609.63,0.9309913195439822
609.82,0.9384174419063818
610.02,0.9232091257505335
610.21,0.933289392013156
610.41,0.9453237291399209
610.61,0.9562295930269955
610.8,0.9409214738872285
611.0,0.9441638552481865
611.19,0.9420910537960931
611.39,0.9244934447831917
611.58,0.9218253221438534
611.78,0.9444957778739199
611.98,0.9479342215579833
612.17,0.9467622667990807
612.37,0.9508789064645423
612.56,0.9444754409769335
612.76,0.9717455489925819
612.95,0.9651496171873235
613.15,0.9442456284680645
613.34,0.9308296132391511
613.54,0.9272215961664
613.73,0.9397553214316694
613.93,0.9316607694217443
614.13,0.9452657000561094
614.32,0.9343164759810009
614.52,0.929672560281375
614.71,0.945453638286221
614.91,0.9295335944740336
615.1,0.9413964193522533
615.3,0.9420633167189666
615.49,0.9254083284251863
615.69,0.9367188268573271
615.88,0.9456389836879392
616.08,0.9414376773793683
616.27,0.9329584434207174
616.47,0.9398206516541106
616.66,0.94957127734173
616.86,0.9635387411051624
617.06,0.9435545934758333
617.25,0.9387337991557305
617.45,0.9234506594617278
617.64,0.9196349634197852
617.84,0.9355904044389151
618.03,0.9573543728593956
618.23,0.9474954735699206
618.42,0.9342012986501311
618.62,0.9408147756606893
618.81,0.9302770129879665
619.01,0.9336433817889565
619.2,0.9478223734559807
619.4,0.9526286634263058
619.59,0.9431078102616607
619.79,0.9359760740318002
619.98,0.9308646418578169
620.18,0.9478428414728965
620.37,0.9352845200019784
620.57,0.9486654287608739
620.76,0.9385613547708543
620.96,0.9594038297924442
621.15,0.9411787833050868
621.35,0.9479375335608444
621.54,0.9407381326416016
621.74,0.9348487636865491
621.93,0.9416543714098025
622.13,0.9340776373409932
622.32,0.9467412288260099
622.51,0.9493543561435842
622.71,0.947527540929347
622.9,0.9600216946356426
623.1,0.9537903226531046
623.29,0.9436314815670711
623.49,0.9525630711895811
623.68,0.944723694718836
623.88,0.9465484997559053
624.07,0.9365782029092063
624.27,0.9426890016781347
624.46,0.9367998818678184
624.66,0.9400557151181465
624.85,0.9380929199437528
625.05,0.9293689550720169
625.24,0.9385396515329091
625.43,0.9608291044792051
625.63,0.9378626309662398
625.82,0.9289418466078159
626.02,0.9384601020695512
626.21,0.9244788740669492
626.41,0.9476662468228888
626.6,0.9357373822108007
626.8,0.9445116285641025
626.99,0.9316797208400521
627.19,0.9225341559020811
627.38,0.9234883335349
627.57,0.9436992484540458
627.77,0.9308429464135719
627.96,0.9250708849562115
628.16,0.9299565855514128
628.35,0.9341042297570604
628.55,0.9386057806225405
628.74,0.9435074862435672
628.93,0.949157579498434
629.13,0.9424669051883879
629.32,0.9416056942589145
629.52,0.9386353285384001
629.71,0.956481736153787
629.91,0.9364410662577464
630.1,0.940689324387224
630.29,0.9478789210452762
630.49,0.9456231480282781
630.68,0.9499411099513692
630.88,0.9429299711741611
631.07,0.9529794580645653
631.27,0.9405828609585947
631.46,0.9563520525828441
631.65,0.9393357634593824
631.85,0.9290642898792795
632.04,0.95043523765804
632.24,0.933249802003449
632.43,0.9295557184709193
632.62,0.9083427004629637
632.82,0.9400094409602805
633.01,0.9325910203874905
633.21,0.9333302490437916
633.4,0.9390439674554696
633.59,0.9210930332198298
633.79,0.930241497283786
633.98,0.9301697630100885
634.18,0.935307191945321
634.37,0.9389372307172426
634.56,0.946459352653669
634.76,0.9326798842317073
634.95,0.9503616374968571
635.14,0.9487521561753408
635.34,0.957828275973295
635.53,0.9486527980423525
635.73,0.9670313967718972
635.92,0.9557230882252697
636.11,0.9511084081766265
636.31,0.9619097968718543
636.5,0.9484794863360589
636.7,0.9615058046115723
636.89,0.9492289196837289
637.08,0.9382182967564031
637.28,0.9340880383533421
637.47,0.9498104350965878
637.66,0.9648192943778859
637.86,0.9461269188110484
638.05,0.9404850137335159
638.24,0.9419532914777684
638.44,0.9473519873423241
638.63,0.9354779803196124
638.83,0.9494023489472367
639.02,0.9417817569399116
639.21,0.927504186782966
639.41,0.9361155632866655
639.6,0.9389325145383732
639.79,0.9401535047669226
639.99,0.9474188182408182
640.18,0.9574197689888
640.37,0.954592901708077
640.57,0.9430963137873948
640.76,0.9522142743466913
640.95,0.9577662389878461
641.15,0.9674856300185496
641.34,0.9479901914608205
641.53,0.9438154809927096
641.73,0.9652499885389144
641.92,0.9592823141706335
642.11,0.9635494606861881
642.31,0.9414721010866515
642.5,0.9497726049866707
642.69,0.9396720319492553
642.89,0.9310624532800313
643.08,0.944842360662413
643.27,0.9371382673009861
643.47,0.9225302926914091
643.66,0.946874436445021
643.85,0.9308104414543614
644.05,0.9273118914421129
644.24,0.93509348970316
644.43,0.944866343394437
644.63,0.9520524791282914
644.82,0.948804238373097
645.01,0.9445176880960878
645.2,0.9467247117503687
645.4,0.9359001823340393
645.59,0.935117282281924
645.78,0.9492762269995938
645.98,0.9484358467993786
646.17,0.9515656326796805
646.36,0.9538994374788343
646.56,0.9498478181774733
646.75,0.9750335775712841
646.94,0.9655509507221633
647.13,0.9580705788297103
647.33,0.9692321210753263
647.52,0.973730143541971
647.71,0.9531138399244912
647.91,0.9519655475179404
648.1,0.9424250775129658
648.29,0.9380378600485049
648.49,0.9596821812230014
648.68,0.9365963069244915
648.87,0.9532070006455061
649.06,0.9565971864341369
649.26,0.9566203597965454
649.45,0.956348903477435
649.64,0.947907355140296
649.83,0.9567418008575642
650.03,0.959503359100301
650.22,0.9682614231633638
650.41,0.9572709272550345
650.61,0.9682151877857714
650.8,0.9571944840478471
650.99,0.9532835889755978
651.18,0.9616946697517951
651.38,0.9621893274171978
651.57,0.950240262154236
651.76,0.9514309994182033
651.95,0.9586491602738924
652.15,0.9575685312321558
652.34,0.9454433584029802
652.53,0.9549426224243812
652.72,0.9593391528922472
652.92,0.9639142454357361
653.11,0.9648511807267691
653.3,0.9423766837987461
653.49,0.9562624939102474
653.69,0.9579914457465972
653.88,0.9692248943000751
654.07,0.9668396822856022
654.26,0.9489847647471181
654.46,0.9420915002179414
654.65,0.979649571814367
654.84,0.9447323100654345
655.03,0.9488293712427449
655.23,0.9593235369806432
655.42,0.9553421744389489
655.61,0.9558424319147825
655.8,0.9558168343654183
655.99,0.952465588848042
656.19,0.9512560316784104
656.38,0.9288524358571438
656.57,0.9511179117213824
656.76,0.9370842040723952
656.96,0.9292587325665046
657.15,0.9430640752998067
657.34,0.9310701115533816
657.53,0.9332412228504694
657.72,0.9401817667868737
657.92,0.9465372617463105
658.11,0.9449157065504126
658.3,0.9553888013121824
658.49,0.9548820629586674
658.68,0.9516486359080133
658.88,0.9488969356819198
659.07,0.9518059467596288
659.26,0.9589717818238627
659.45,0.9513514751334933
659.64,0.9458429012061426
659.84,0.9565153017908845
660.03,0.9472806283385621
660.22,0.9591275495039818
660.41,0.9696628909905545
660.6,0.9782725103742109
660.8,0.9741224598389983
660.99,0.9747569295982115
661.18,0.962490808878005
661.37,0.9576795955770547
661.56,0.9595187512750089
661.76,0.9621199931412774
661.95,0.9623238902201358
662.14,0.9660392842836066
662.33,0.9572139556407652
662.52,0.9549360174034619
662.71,0.9448909967677062
662.91,0.95665296117029
663.1,0.9475736993523325
663.29,0.9451603593416215
663.48,0.9479595839146023
663.67,0.9587228149961086
663.86,0.9620394152338689
664.06,0.945177313634426
664.25,0.9636075696765933
664.44,0.9503165172820943
664.63,0.94889548427568
664.82,0.962697728420096
665.01,0.9638043257988679
665.21,0.9763260183977358
665.4,0.962906673116333
665.59,0.9702229948170119
665.78,0.9676832247945443
665.97,0.9632478014781963
666.16,0.9800680276696495
666.35,0.9622565267994708
666.55,0.9462422504090519
666.74,0.9645200680525947
666.93,0.9581543346467497
667.12,0.9657085741288507
667.31,0.95800745356556
667.5,0.9361795046196983
667.69,0.9362068003974199
667.89,0.9550121442197731
668.08,0.9624529581486445
668.27,0.9401695138305518
668.46,0.9654842729886789
668.65,0.9807740144681896
668.84,0.9580362613915175
669.03,0.9798493111999664
669.22,0.9726257587157996
669.42,0.9675230521720455
669.61,0.9797528080340424
669.8,0.9702556543282527
669.99,0.9907458365129143
670.18,0.9585309824278767
670.37,0.9539284565276366
670.56,0.9716417840509276
670.75,0.967724002935431
670.94,0.9545521050317645
671.14,0.9596347237512279
671.33,0.9499525953720628
671.52,0.9447232101507195
671.71,0.966333882634775
671.9,0.9725102177271006
672.09,0.9477908188521421
672.28,0.9411966844348124
672.47,0.9534998415273106
672.66,0.9593619981679267
672.85,0.9783538260345853
673.05,0.980719411960316
673.24,0.9755596030128936
673.43,0.965670277141291
673.62,0.973457923510706
673.81,0.9692554926935111
674.0,0.9704078184369324
674.19,0.9681769039983283
674.38,0.9560760070682287
674.57,0.9687546339618783
674.76,0.9615168698351824
674.95,0.9499275406778633
675.15,0.9512144433209523
675.34,0.9597327938459124
675.53,0.9651962981898732
675.72,0.9757922056524357
675.91,0.9765914535008664
676.1,0.9614276659771572
676.29,0.9662835042516205
676.48,0.9773831396566646
676.67,0.9551773758610821
676.86,0.9527613086701039
677.05,0.9745334719765368
677.24,0.9448408826138637
677.43,0.9518046268527888
677.62,0.9458124027440885
677.81,0.9355653863296199
678.0,0.9234048884027634
678.2,0.963501665520816
678.39,0.9435728765921211
678.58,0.9761793570006569
678.77,0.9710055613843701
678.96,0.9450509151845592
679.15,0.9510859883946067
679.34,0.9643423304349621
679.53,0.9675280342757996
679.72,0.9807701626431575
679.91,0.9924395196967761
680.1,0.961244567051391
680.29,0.977375263237864
680.48,0.9753009134743885
680.67,0.9620323294688804
680.86,0.9574488497487115
681.05,0.9631782854061316
681.24,0.9499419408249294
681.43,0.9754569790860022
681.62,0.9561782154335237
681.81,0.9725406705202312
682.0,0.949141164596279
682.19,0.957736962999179
682.38,0.9784867746718083
682.57,0.9550305508653636
682.76,0.9478839189799089
682.95,0.9432181422080335
683.14,0.9675730708988305
683.33,0.9606807251808244
683.52,0.9648830983002722
683.71,0.9758785968071744
683.9,0.9767599404576088
684.09,0.9686592824328514
684.28,0.960902138955841
684.47,0.9746231570491624
684.66,0.9807741964097451
684.85,0.9699674013883645
685.04,0.9587521333344708
685.23,0.9413970404137045
685.42,0.9713972829476549
685.61,0.9554502513496419
685.8,0.9389453348198084
685.99,0.9663593221812155
686.18,0.9546031547270561
686.37,0.9768395215777548
686.56,0.9688100122104688
686.75,0.9556526190119895
686.94,0.9442932441064773
687.13,0.952672322449966
687.32,0.9565329120936463
687.51,0.9509035773114407
687.7,0.9363601599914972
687.89,0.9481476082345136
688.08,0.9575834876205277
688.27,0.9603424717130719
688.46,0.9667206365256109
688.65,0.9798490710679066
688.84,0.9636053851846734
689.03,0.9890721643976352
689.22,0.9896394875146335
689.41,0.9840287207567657
689.6,1.001921953479047
689.79,0.9950653428521684
689.98,0.9954855559830109
690.17,0.9873049071328841
690.36,0.9688310737399928
690.55,0.9781592241810748
690.74,0.9841294549324093
690.93,0.9868315850956096
691.12,0.9807971786397135
691.31,0.9744782454433366
691.49,0.983378856007045
691.68,0.9687383140341375
691.87,0.9634925320531887
692.06,0.9745155639077688
692.25,0.9714420834723626
692.44,0.9677435326247791
692.63,0.9720061344367603
692.82,0.9548307424584719
693.01,0.9451208300573157
693.2,0.9605852872366103
693.39,0.9696920258073828
693.58,0.9530864076620311
693.77,0.9602256533644021
693.96,0.9698277234109545
694.15,0.9655770313607005
694.33,0.96023528505293
694.52,0.9834683617915736
694.71,0.9649046871900305
694.9,0.9840851166210812
695.09,0.9685147653503476
695.28,0.9536475583275477
695.47,0.9397456212208842
695.66,0.958011734813898
695.85,0.9642612047664331
696.04,0.9550311943482334
696.23,0.9648327441950659
696.42,0.9498179912406745
696.6,0.9563497014999528
696.79,0.9458395838609753
696.98,0.9577111813266299
697.17,0.9554203292413775
697.36,0.9517243554400062
697.55,0.9477233698811607
697.74,0.9358033155129285
697.93,0.939151986487743
698.12,0.9600148446408346
698.31,0.9676845015411858
698.49,0.9550524780864187
698.68,0.9614989368623065
698.87,0.9444882489092435
699.06,0.9616142128669865
699.25,0.9628346659383402
699.44,0.9598806012995316
699.63,0.9617888058120972
699.82,0.9645508135811727
700.0,0.9744049734196452
700.19,0.9657878000840429
700.38,0.9589428974112285
700.57,0.953972697330349
700.76,0.9706756647875603
700.95,0.9811494914235164
701.14,0.9745720476240547
701.33,0.9751484315054717
701.51,0.9709970196131341
701.7,0.9551753900985892
701.89,0.9538871958709316
702.08,0.9590783333223867
702.27,0.9524247684710356
702.46,0.9456761655434197
702.65,0.96892876597043
702.83,0.9611829733708668
703.02,0.9531256997130471
703.21,0.9615107683921933
703.4,0.9563187996473731
703.59,0.9506998167762494
703.78,0.9409140355250014
703.97,0.9616004112611568
704.15,0.9601473939739545
704.34,0.9421310824284683
704.53,0.9580642049566331
704.72,0.9376192936987776
704.91,0.9513299087489164
705.1,0.9477016398691158
705.28,0.9577239782513373
705.47,0.9407616039453474
705.66,0.9662939017787796
705.85,0.9652757538159199
706.04,0.9892176885177352
706.23,0.9854136976437915
706.41,0.9897749047794004
706.6,0.9718324696164518
706.79,0.9836001035377401
706.98,0.9876160589504752
707.17,0.9830899626154354
707.35,0.9910547180639546
707.54,0.9976267086742212
707.73,0.9918740213485568
707.92,0.9694954044549877
708.11,0.9809252853916945
708.3,0.9608274618187822
708.48,0.9476038790911357
708.67,0.9545528854013405
708.86,0.9560547095530949
709.05,0.9529070522360481
709.24,0.9654385736985699
709.42,0.9604101869392629
709.61,0.9559925247094331
709.8,0.9496548221052059
709.99,0.9658816508951288
710.18,0.9411600184441874
710.36,0.949947473638667
710.55,0.9398204816783432
710.74,0.9563788732783373
710.93,0.9681956168769478
711.12,0.9596741184547012
711.3,0.9647209690215254
711.49,0.9760778392199687
711.68,0.9788719704661952
711.87,0.9880669242428473
712.05,0.9650046540227339
712.24,0.9650708183850896
712.43,0.957028714037193
712.62,0.9561878804660857
712.81,0.9506213268665632
712.99,0.9512330576588295
713.18,0.947551278796452
713.37,0.9547293115053737
713.56,0.9545478643218622
713.74,0.9482687852740429
713.93,0.9296703489945171
714.12,0.9485485732770431
714.31,0.9669738222707003
714.49,0.971456316684707
714.68,0.9493740917537041
714.87,0.9575343418951151
715.06,0.9480358165757183
715.24,0.9424409845522775
715.43,0.932509343139893
715.62,0.93711661965311
715.81,0.9298700483625327
715.99,0.9482688319405711
716.18,0.948364914881805
716.37,0.9657029155939449
716.56,0.9594117995957605
716.74,0.9417113763983471
716.93,0.9465288477946769
717.12,0.949377184272033
717.31,0.9548329405200005
717.49,0.951762145279382
717.68,0.936117442598153
717.87,0.9449444761906727
718.06,0.944054133834022
718.24,0.9406008190113117
718.43,0.9455637443477655
718.62,0.979050126184421
718.8,0.9597648616882433
718.99,0.9615175145920688
719.18,0.9605238413840834
719.37,0.9768694319554517
719.55,0.9664816646321449
719.74,0.9487026208635929
719.93,0.9623472048217249
720.11,0.9686202701516311
720.3,0.9623466836127319
720.49,0.9823297417855807
720.68,0.9486994612540027
720.86,0.9716055083790324
721.05,0.9373126954333262
721.24,0.9568482190302459
721.42,0.9540434112215144
721.61,0.978980547369378
721.8,0.9542589963568917
721.98,0.9518698690622853
722.17,0.9581169539938322
722.36,0.9500028661557762
722.55,0.9230539312953894
722.73,0.9293079155190797
722.92,0.9229187284371341
723.11,0.9464054399156319
723.29,0.9503126489884192
723.48,0.9512928565140253
723.67,0.9812280792345061
723.85,0.9638695521428869
724.04,0.971107638065569
724.23,0.9524541025771677
724.41,0.95321833227742
724.6,0.9672473136091425
724.79,0.9582029536320769
724.97,0.9532361510415549
725.16,0.9376847058455559
725.35,0.9337182234856488
725.53,0.9297594632030992
725.72,0.9550284089025611
725.91,0.9401085713506876
726.09,0.9617809640683075
726.28,0.956631089375735
726.47,0.9461588678143167
726.65,0.9581009242598716
726.84,0.977120627817816
727.03,0.9804669677453643
727.21,0.9728332655090196
727.4,0.9428011895836413
727.59,0.9720331100814549
727.77,0.9442045091319958
727.96,0.9618530612497836
728.15,0.9547777337982652
728.33,0.9433436239709547
728.52,0.9495692396697972
728.7,0.9391711950958685
728.89,0.9389180802149921
729.08,0.9565296162863993
729.26,0.9623411478838062
729.45,0.9496307363717869
729.64,0.9575677341408549
729.82,0.95626276600972
730.01,0.9496263411813455
730.2,0.9592445724661235
730.38,0.9531296887193466
730.57,0.9419875478479703
730.75,0.9644684804337395
730.94,0.9644802177146876
731.13,0.9536300153226135
731.31,0.9502574350943684
731.5,0.9567997411575453
731.68,0.9525057457925971
731.87,0.949170800497948
732.06,0.9400135029955565
732.24,0.9403561467496245
732.43,0.9570298595196455
732.62,0.9552644992879789
732.8,0.9450095970599028
732.99,0.9566616656584356
733.17,0.9881846349437481
733.36,0.9721561812714479
733.55,0.9620243545040074
733.73,0.9775804256894179
733.92,0.9761128329308947
734.1,0.9572306325562328
734.29,0.9572588753753488
734.48,0.9800064167017313
734.66,0.9596309844975446
734.85,0.950263093157661
735.03,0.9519467997162823
735.22,0.9609207294017764
735.4,0.962409252453893
735.59,0.9466613792980285
735.78,0.9391714510955625
735.96,0.9305386701686493
736.15,0.946028509966647
736.33,0.9588336881186847
736.52,0.9474324898484539
736.7,0.94783035297253
736.89,0.9524207939510265
737.08,0.9616757255138916
737.26,0.9657510392436799
737.45,0.9445040738669536
737.63,0.9507072545483116
737.82,0.9466922834417543
738.0,0.9466804735209321
738.19,0.9490027502390643
738.38,0.9588020815331871
738.56,0.9363348706731502
738.75,0.9725533555617221
738.93,0.9511939344711272
739.12,0.9576121304303833
739.3,0.9535095754345073
739.49,0.9779503706552822
739.67,0.9551930417698853
739.86,0.9640946428291614
740.04,0.9571623458782671
740.23,0.9240388637070478
740.42,0.9557760645307863
740.6,0.9455628560980501
740.79,0.935419853914798
740.97,0.9449131062827149
741.16,0.9631072976316695
741.34,0.9523457102809093
741.53,0.96537188361621
741.71,0.9940314842451455
741.9,0.9855299411091977
742.08,0.989652990583477
742.27,0.9684698635933363
742.45,0.9524979885617247
742.64,0.946833362948359
742.82,0.9639625978041008
743.01,0.9452770991919683
743.19,0.9683167071697598
743.38,0.9836099074022723
743.57,0.9654288882179164
743.75,0.9559517986176137
743.94,0.9729444482263925
744.12,0.9691176261885035
744.31,0.9797009962955868
744.49,0.9484341627277271
744.68,0.9502015961354958
744.86,0.9470861511836801
745.05,0.9632476611146447
745.23,0.9748366140768355
745.42,0.9627044584221293
745.6,0.990192604941899
745.79,0.9709452121399392
745.97,0.9400093085621607
746.16,0.9629446876403658
746.34,0.9472849057902238
746.52,0.927019933263557
746.71,0.9324937812010886
746.89,0.9487746964518006
747.08,0.9385872716106777
747.26,0.9391706478043254
747.45,0.9214881402120774
747.63,0.9250324319795925
747.82,0.9487851790701368
748.0,0.9293886339763119
748.19,0.9607813883623981
748.37,0.9464980430533371
748.56,0.9553260358264363
748.74,0.9509588405457196
748.93,0.9472410029356371
749.11,0.9508507288514207
749.3,0.95836561663786
749.48,0.9591253754542208
749.67,0.956549433666784
749.85,0.9732276688842325
750.03,0.968885906605353
750.22,0.9691777095588292
750.4,0.9585674959347511
750.59,0.9633614577879338
750.77,0.9591453390385245
750.96,0.9796380889248846
751.14,0.9610679325063657
751.33,0.9386833753294955
751.51,0.943611217060221
751.69,0.966939614097294
751.88,0.9359036613616504
752.06,0.9402111964212745
752.25,0.9480687330824137
752.43,0.9664235378500661
752.62,0.9775180887574059
752.8,0.950450571592343
752.99,0.9374680756343869
753.17,0.9611463795777734
753.35,0.9611349829995226
753.54,0.9707065773744137
753.72,0.9607639016009504
753.91,0.9642029934924776
754.09,0.9646174060500792
754.28,0.9409449218151628
754.46,0.953733027148561
754.64,0.9456575755073996
754.83,0.9382214050450403
755.01,0.9728817468901964
755.2,0.94068570707184
755.38,0.9344406039482492
755.56,0.9464033656262695
755.75,0.9589687862396704
755.93,0.974819231971032
756.12,0.9427201602720838
756.3,0.9734478744678369
756.48,0.9699975592923166
756.67,0.9387676080420359
756.85,0.933470059445739
757.04,0.9538750355633866
757.22,0.9565650750980521
757.4,0.9408089859979141
757.59,0.960894114614128
757.77,0.9666067003264003
757.96,0.9659972338646254
758.14,0.9805656987288663
758.32,0.9604111746312884
758.51,0.9913812978108271
758.69,0.9571722722461283
758.87,0.9714129919419433
759.06,0.9674506846631785
759.24,0.9903673926516998
759.43,0.9725596566601069
759.61,0.9753705061161795
759.79,0.95816974951969
759.98,0.9864284547932199
760.16,0.9843932190220835
760.34,0.9681273467387462
760.53,0.9767277360866168
760.71,0.9812777067211125
760.9,0.9701302474024139
761.08,0.9697133072051712
761.26,0.9832405854357724
761.45,0.9884410842165038
761.63,0.9658973826561935
761.81,0.9839825113233923
762.0,0.9447444112810893
762.18,0.9759640732571919
762.36,0.969259439085518
762.55,0.9707587465808125
762.73,0.9536970449153482
762.91,0.9451484092397567
763.1,0.9718264246871222
763.28,0.9564785433438303
763.46,0.9609188421284426
763.65,0.9764918970968121
763.83,0.9674101975426723
764.01,0.965851676166141
764.2,0.9741727296965232
764.38,0.9874194222006797
764.56,0.9848657898774229
764.75,0.9823774391000297
764.93,0.9728410561103845
765.11,0.9552114740155575
765.3,0.9620602696572241
765.48,0.9791774999312958
765.66,0.9844112345653052
765.85,0.9793828948535162
766.03,0.966064038867662
766.21,0.9817927429777781
766.4,0.963343277677968
766.58,0.9515690403545716
766.76,0.9559242976029477
766.95,0.9538270934684749
767.13,0.964664684604913
767.31,0.9599277617069641
767.49,0.9692754446072271
767.68,0.9810692087893264
767.86,0.9648382111369358
768.04,0.9500391614455697
768.23,0.9773267885816281
768.41,0.9474462792488115
768.59,0.9554053199268276
768.78,0.9587118737197888
768.96,0.9550065581186139
769.14,0.9713099183441586
769.32,0.9666031196982592
769.51,0.9964379707196068
769.69,0.975331295117206
769.87,0.9591156293356452
770.06,0.9449263293674299
770.24,0.9406912344312247
770.42,0.9499130847936069
770.6,0.9709458766817433
770.79,0.9655099393975026
770.97,0.9699964240010703
771.15,0.9546819631979625
771.33,0.9707887233052319
771.52,0.9647228311308947
771.7,0.9884841718500537
771.88,0.9491143952325192
772.07,0.9472522510621844
772.25,0.9600191424101088
772.43,0.9670231043162205
772.61,0.9522874402888016
772.8,0.9474285215544517
772.98,0.948614002463586
773.16,0.9721529829349554
773.34,0.9450465915020473
773.53,0.9681850787873416
773.71,0.9427654396587676
773.89,0.9705221967965623
774.07,0.9579358611646966
774.26,0.9386680283444656
774.44,0.9318372523689518
774.62,0.9399667137088815
774.8,0.9455652521998307
774.99,0.9631701774231354
775.17,0.972424982113754
775.35,0.947864247000944
775.53,0.9550983004456223
775.71,0.9491400667243952
775.9,0.9376277773526125
776.08,0.9634991667812353
776.26,0.9636804097525059
776.44,0.9477269232764903
776.63,0.9590953523979533
776.81,0.9623622178042515
776.99,0.9802987915377269
777.17,0.9780382794018898
777.35,0.9534450109805804
777.54,0.9589981729671196
777.72,0.9548860271163877
777.9,0.955716902303823
778.08,0.9504968655507362
778.27,0.9368743782735003
778.45,0.9363072135688273
778.63,0.9583359552693709
778.81,0.9434075281861519
778.99,0.9528576392649776
779.18,0.9358286270008508
779.36,0.9544988339505384
779.54,0.9481514996168745
779.72,0.966448818769114
779.9,0.9765300154036624
780.08,0.988034019237732
780.27,0.9706438872420502
780.45,0.9973218581903124
780.63,0.9748557722338126
780.81,0.9665293963903719
780.99,0.9852971472234576
781.18,0.9846292961192743
781.36,0.9495516014519524
781.54,0.980727220283834
781.72,0.969808574773149
781.9,0.9743174880267921
782.08,0.9801909345532297
782.27,1.0037150970792696
782.45,0.9799552128014408
782.63,0.9889446042416343
782.81,1.0007340558061966
782.99,0.96175122572663
783.17,0.9536474988871184
783.36,0.9444969550558787
783.54,0.9591775732191336
783.72,0.9604317503218107
783.9,0.9590482170628897
784.08,0.9935010674798397
784.26,0.9756225752882693
784.45,1.0181860660716788
784.63,0.9900268067513054
784.81,1.007937148501435
784.99,0.987592807376654
785.17,1.0025139559029075
785.35,0.9948376771910752
785.53,0.9855824486638921
785.72,1.004063470646934
785.9,0.9851587806932909
786.08,0.9996849138925205
786.26,0.9757471695492116
786.44,0.9893944906696457
786.62,0.9988944117799118
786.8,1.001292100005287
786.99,0.9580428638121953
787.17,0.9808961952161461
787.35,0.9793403902230998
787.53,0.9983892975193444
787.71,0.987839424411087
787.89,1.0114782865147829
788.07,1.0235428005306237
788.25,1.0117140384112309
788.43,1.0062908999309812
788.62,0.9967434513207472
788.8,0.9638207348563588
788.98,0.9909037853697887
789.16,0.9757117093716886
789.34,0.977786747369491
789.52,0.9887043201457413
789.7,0.9633449921868458
789.88,0.9359710989585921
790.06,0.9631100665740219
790.25,0.954617021696453
790.43,0.9761082379855776
790.61,0.97508615151161
790.79,0.9673883756324398
790.97,1.0147327192933782
791.15,1.0071998298087506
791.33,0.9907176163095909
791.51,0.9696518926786728
791.69,0.995829330086145
791.87,0.970234447731833
792.05,0.9761187720591734
792.24,0.9646397554875389
792.42,0.9842828303933286
792.6,0.9743121167717328
792.78,0.9776803773214353
792.96,0.9636547997773155
793.14,0.9902361989412096
793.32,0.9648700178331353
793.5,0.950231728016788
793.68,0.9810375655023144
793.86,0.9659039782238005
794.04,0.9731601136091866
794.22,0.966557957870118
794.4,0.9634090855878346
794.58,0.9664939980349977
794.76,0.9720152829284063
794.95,0.9749626682134717
795.13,0.9667046669357736
795.31,0.9729561152026003
795.49,0.979969218365899
795.67,0.9596279483336593
795.85,0.965513983310398
796.03,0.9458050139851156
796.21,0.9676338610614444
796.39,0.9627615017173343
796.57,0.9601915958444608
796.75,0.9713945844625261
796.93,0.9725800586668385
797.11,0.9534116487307976
797.29,0.9274514845092585
797.47,0.935732546553609
797.65,0.9479675035018926
797.83,0.9673860949634686
798.01,0.9324259073001174
798.19,0.9432857692402568
798.37,0.9693693730232281
798.55,0.9677088374794308
798.73,0.98088016086868
798.91,0.9757858851601952
799.09,0.9639910857144416
799.27,0.9526493364267042
799.45,0.9723696657100699
799.63,0.9495142944380842
799.81,0.9903315714535126
799.99,0.9599361316264953
800.17,0.9558615755339439
800.35,0.9700670907684602
800.53,0.9312502113332993
800.71,0.9740994904360706
800.89,0.9658002155991774
801.07,0.9674534970200331
801.25,0.9397690396902612
801.43,0.9762906471473429
801.61,0.9550712257289959
801.79,0.9562012647755557
801.97,0.9452961660230439
802.15,0.9224059329585607
802.33,0.9376789408622468
802.51,0.9343969670308305
802.69,0.9413457226577446
802.87,0.9113487479561292
803.05,0.942856822153487
803.23,0.9439267820931648
803.41,0.986375110913444
803.59,0.9583372286621027
803.77,0.9663454701519151
803.95,0.9633888059298706
804.13,0.9795687837473349
804.31,0.9512488312104113
804.49,0.9412982134084306
804.67,0.9680158080143123
804.85,0.940568393139414
805.03,0.9314179557531046
805.21,0.9424645895437035
805.39,0.9315216704172483
805.57,0.967751622000025
805.75,0.9557859320503832
805.93,0.9530426626937942
806.11,0.9476231555320501
806.29,0.9314293371698937
806.47,0.9669164795964754
806.65,0.9504814202848648
806.83,0.9352686309140991
807.0,0.9531360604245562
807.18,0.9740510873107795
807.36,0.9598197852327774
807.54,0.9590634663525254
807.72,0.9744162165602849
807.9,0.9570504102487216
808.08,0.9602252165057777
808.26,0.9582131537151319
808.44,0.9584263519104629
808.62,0.9684554021894336
808.8,0.9453907140458793
808.98,0.9533604849331395
809.16,0.939425440497888
809.34,0.9212844877790456
809.51,0.935653064512591
809.69,0.928229734508678
809.87,0.9278223496370207
810.05,0.9422927300920142
810.23,0.9433274836103721
810.41,0.9620066838009073
810.59,0.9005087540788043
810.77,0.9406673875395056
810.95,0.9389527808805495
811.13,0.9591244748919019
811.31,0.9464380328500553
811.48,0.9443393720490766
811.66,0.9342288008966728
811.84,0.9308686098805973
812.02,0.929295854878631
812.2,0.953105320823544
812.38,0.9278793376928787
812.56,0.9679202703811844
812.74,0.9404744815595676
812.92,0.947683953006963
813.1,0.9537865958963397
813.27,0.9685728701611006
813.45,0.9706797082420863
813.63,0.9599126895907304
813.81,0.9538834687098112
813.99,0.923988900755554
814.17,0.9610220278519633
814.35,0.9598831126664021
814.53,0.9386498980274197
814.7,0.9375364060074257
814.88,0.92757096279328
815.06,0.957797662511905
815.24,0.9427293397308874
815.42,0.9318996026208796
815.6,0.9298403951721608
815.78,0.9231910557539079
815.95,0.9737453673097783
816.13,0.9527593212002388
816.31,0.9383887659059015
816.49,0.9521279618883133
816.67,0.9471236104268854
816.85,0.9688508694434269
817.03,0.9696415607470186
817.2,0.9791032435073477
817.38,0.97338899450922
817.56,0.9538176349446738
817.74,0.9457540473953311
817.92,0.9525255347117071
818.1,0.9876190773095097
818.27,0.9469702397033551
818.45,0.9307417379722699
818.63,0.9501516268728127
818.81,0.9638390873433313
818.99,0.9669129083477823
819.17,0.9563523752547961
819.34,0.9801431264494604
819.52,1.0273177655552674
819.7,1.003284096123876
819.88,0.9915133742524248
820.06,0.9507837775610938
820.24,0.9590484093951319
820.41,0.953399685699319
820.59,0.9518342236627144
820.77,0.9675811275259238
820.95,0.9463453568964506
821.13,0.968003890916955
821.3,0.9498517569461469
821.48,0.9555667718191377
821.66,0.9740978603448358
821.84,0.9752009725257674
822.02,0.9539718308278167
822.19,0.991730136198038
822.37,0.9752182827330265
822.55,0.9689157118218132
822.73,0.990058787160741
822.91,0.9994648788229644
823.08,0.9876922129281811
823.26,0.9852611069507021
823.44,0.989060993673252
823.62,0.9904037648538847
823.8,0.9791417557129385
823.97,0.9701249200068545
824.15,0.990162513159408
824.33,0.9663350646056675
824.51,0.9892515627280539
824.69,0.9849705062157622
824.86,0.9645587273747517
825.04,0.9665269366301465
825.22,0.961917327237204
825.4,0.9309508933427936
825.57,0.9464638325718112
825.75,0.9629370580668013
825.93,0.998362209053999
826.11,0.9735498660545713
826.28,0.9579062126190512
826.46,0.9800756073063509
826.64,0.9638399325641261
826.82,0.9422670028221409
826.99,0.9627205250269448
827.17,0.9802237693470517
827.35,0.9529541295627042
827.53,0.9985411985470757
827.7,0.948812321050268
827.88,0.9914111514405125
828.06,0.9625891928773961
828.24,0.9726261957252919
828.41,0.933323331322725
828.59,0.9107009015568452
828.77,0.9324106815866655
828.95,0.9404603654298614
829.12,0.9185721929948943
829.3,0.9499921766314384
829.48,0.9601602061932848
829.66,0.9464571688209149
829.83,0.9481289334647303
830.01,0.9480013381772786
830.19,0.9411147376832943
830.36,0.9511902367704472
830.54,0.9177438258729407
830.72,0.9575999939425472
830.9,0.9401048235960275
831.07,0.9433489180181155
831.25,0.9802038770602702
831.43,0.9718091584963268
831.6,0.9679553467421675
831.78,0.9984352855491303
831.96,0.9827078901915484
832.14,0.9705560677801327
832.31,0.9862905765646417
832.49,0.9836502215069257
832.67,0.9682091585337825
832.84,0.9770219962001182
833.02,0.9523878451439248
833.2,1.0003146166599708
833.37,0.9728060766612031
833.55,0.9602223883279324
833.73,0.9394318240148746
833.91,0.9646374534103458
834.08,0.9575008074777613
834.26,0.9481582134186902
834.44,0.9652060726667417
834.61,0.9564458723824553
834.79,0.956005296396697
834.97,0.9624020768027324
835.14,0.9750437631850621
835.32,0.966693830683952
835.5,0.9555479854422085
835.67,0.999669472975849
835.85,0.9552553750238173
836.03,0.9910491438492974
836.2,0.9972848877879771
836.38,0.9442367953650393
836.56,0.9754354499938505
836.73,0.9216984456230336
836.91,0.9819667660905049
837.09,0.9912969872982732
837.26,0.9440299352047204
837.44,0.9473942021521861
837.62,0.9729411128535121
837.79,0.9523237282550508
837.97,0.9345280855127915
838.14,0.9470083236326189
838.32,0.964242383016616
838.5,0.9318507346649562
838.67,0.9304077987381834
838.85,0.964315996953925
839.03,0.9247430990538504
839.2,0.9351326654148795
839.38,0.9639947944881351
839.56,0.9803953915066006
839.73,1.0271397796275927
839.91,0.9795951626527533
840.08,0.9651988858636121
840.26,0.9627303090811355
840.44,0.9628249000576921
840.61,0.9499377963550313
840.79,0.9426690900326856
840.97,0.9700050479685459
841.14,0.9501321184626169
841.32,0.986983157577698
841.49,0.9390476727771147
841.67,0.9508220713984822
841.85,0.9543115584291493
842.02,0.933392330611472
842.2,0.9540802434325224
842.37,0.9765043643110786
842.55,0.990421707263097
842.73,0.9793288867263171
842.9,0.9551499395991905
843.08,0.9199991814464609
843.25,0.9687898299488196
843.43,0.9337288287109433
843.61,0.9431791531115336
843.78,0.9401686841902225
843.96,0.9011854635793228
844.13,0.9330958978516526
844.31,0.9577218752097945
844.49,0.9201056499456012
844.66,0.9628008842367995
844.84,0.9469791608484969
845.01,0.9434276341762209
845.19,0.9780893213441757
845.37,0.9762504639128334
845.54,0.9215079981853145
845.72,0.9368821621139753
845.89,0.9600383511249244
846.07,0.9548369477686668
846.24,0.9620371518667203
846.42,0.980162439648861
846.59,0.9232708050498979
846.77,0.978088605987538
846.95,0.9326014199292187
847.12,0.9793478055040473
847.3,0.9934812843394012
847.47,0.9896884731967068
847.65,0.9774818227205316
847.82,0.9627902645970667
848.0,0.9801116335914271
848.17,0.97573700137386
848.35,0.9541072236609571
848.53,1.0
848.7,1.0329415820146288
848.88,0.9961546205262114
849.05,1.0192914888449394
849.23,0.9901349843940205
849.4,0.9439131826827346
849.58,0.9598422042558388
849.75,0.9771734148660934
849.93,0.939595193389787
850.1,0.9487600605996125
850.28,0.9617401299123584
850.45,0.9746505995793131
850.63,0.9330708836943874
850.8,0.908471393973729
850.98,0.9396379438735021
851.16,0.956974978432325
851.33,0.9632238365162015
851.51,0.9887566168429862
851.68,0.9929186971549019
851.86,0.9776773374634995
852.03,0.9820343512252023
852.21,0.9632897999507661
852.38,0.9569934659285734
852.56,0.9692166469543224
852.73,0.9715636116843454
852.91,0.980573499419025
853.08,1.0060144219647889
853.26,0.9494061088250215
853.43,0.9733450340865694
853.61,0.9953193846506123
853.78,0.9926044775499007
853.96,0.948764609093128
854.13,0.9873148390694845
854.31,0.9406291826364243
854.48,0.9577685493258918
854.66,0.9623688348844477
854.83,1.0042563832990543
855.0,0.9852904278543108
855.18,0.9487537486537276
855.35,0.965525021744934
855.53,0.9889394958942592
855.7,0.9966626478956332
855.88,0.9542015503332533
856.05,0.9230938181647472
856.23,0.9571987756734549
856.4,0.9597791920357565
856.58,0.9804541595552266
856.75,0.9926234510573938
856.93,0.9776616317544101
857.1,1.0064952220399024
857.28,1.0627720369428693
857.45,1.004037404079884
857.62,1.01268732052918
857.8,1.0045604921394395
857.97,0.9748170613503491
858.15,0.9532726480058409
858.32,0.9952417991400246
858.5,1.0336182919228658
858.67,0.9154986825386446
858.85,0.9619766315854742
859.02,0.9933109377458194
859.19,0.9643865678209191
859.37,1.0391548560472188
859.54,1.0183681598426342
859.72,0.9936118265465373
859.89,1.0301352721131776
860.07,1.0224903064005686
860.24,0.9802234873233003
860.41,1.061969719386497
860.59,0.9515175324424994
860.76,0.9552193237945573
860.94,1.0169262828759362
861.11,0.9898529815751508
861.29,0.9547956368751738
861.46,0.9750195488376806
861.63,0.9664442260272792
861.81,1.0096697707584124
861.98,1.0317996736951318
862.16,0.9776056281299088
862.33,0.9480581018844011
862.5,1.0168117028803647
862.68,1.0512083058599433
862.85,0.9983141059202374
863.03,0.9977149010235682
863.2,1.0328854686663211
863.37,0.9784315822361455
863.55,1.0109103152259005
863.72,1.0208517810896347
863.9,0.9622743151579203
864.07,1.050045540756298
864.24,0.9662369261234631
864.42,1.0116247221879566
864.59,0.9607270400478655
864.77,0.9667923357901332
864.94,0.9457874904854466
865.11,0.9539295561369602
865.29,0.9694382136492118
865.46,0.9226984571647939
865.63,0.9771699267164157
865.81,0.942418586818325
865.98,0.9886191509395341
866.16,0.9602913035350066
866.33,0.995748483239717
866.5,0.9513740090830153
866.68,0.9934503194522085
866.85,0.956734211099698
867.02,0.9796098430182264
867.2,0.938451287011661
867.37,0.9925993136173961
867.54,0.9337426521921619
867.72,0.9816858054769937
867.89,0.9183059941777006
868.06,0.9261470277601992
868.24,0.9337138249377348
868.41,0.9376674895167463
868.59,0.8974495045916684
868.76,0.9833278914647067
868.93,0.9535451614556295
869.11,0.899088938741313
869.28,0.9871090100137024
869.45,0.9369670255918411
869.63,0.9767211963183763
869.8,0.9510946920628828
869.97,0.9888559025280548
870.15,0.9458951386569768
870.32,0.9768383934140514
870.49,0.9904487266114052
870.66,0.9393153967936655
870.84,0.9470445438178756
871.01,0.9966875817678781
871.18,0.9843390207662894
871.36,0.9742803789286089
871.53,1.024649578459697
871.7,0.9813640357492572
871.88,0.9816260437244347
872.05,0.9825558524053278
872.22,0.9555982515519708
872.4,0.9649348269469215
872.57,0.9340646703832453
872.74,0.937998220374641
872.92,0.9487001142678695
873.09,0.9501466483248113
873.26,0.9782973044842317
873.43,0.9880657469766643
873.61,0.9738376916542633
873.78,0.9572071333220619
873.95,0.9985719092494562
874.13,1.029894903598247
874.3,1.0247547960453087
874.47,1.0368637953224737
874.64,1.049569227527293
874.82,1.0148780929129002
874.99,1.0043463419591372
875.16,0.968941210705591
875.34,0.9453257677434787
875.51,0.9880549878750607
875.68,1.0312149967821003
875.85,1.0427327201209955
876.03,1.0112911742008854
876.2,0.9970204203029418
876.37,1.0404206476363036
876.54,0.9546608374960871
876.72,0.9398427544420668
876.89,0.9287025237831903
877.06,1.0084131870792374
877.23,1.011632675264246
877.41,1.0062233987480447
877.58,0.9529665147580517
877.75,1.0248502726378832
877.92,0.9792542474067809
878.1,0.9914957520474992
878.27,1.0492293839573799
878.44,0.9828357221609703
878.61,0.9920475317312065
878.79,1.0303410193709386
878.96,1.0411947755032918
879.13,1.0757528776133427
879.3,1.0098971421112124
879.48,0.9129363116244407
879.65,0.9975951349060113
879.82,0.9503851746524944
879.99,0.9498573045246539
880.16,0.9129720523741552
880.34,0.9883862843569935
880.51,1.0376882951222743
880.68,1.0103763930836487
880.85,1.0024681785493383
881.03,1.0077354728006307
881.2,0.9802870083939762
881.37,1.0455178059762587
881.54,1.0359185577113974
881.71,1.06039539430806
881.89,1.0303173182708993
882.06,1.0123623450339392
882.23,1.0606625130682021
882.4,0.9678367113311351
882.57,1.0737007101646667
882.75,0.9753188979748433
882.92,1.0239049915125495
883.09,1.0409660253786328
883.26,1.0563395013908365
883.43,1.0950230557116705
883.61,1.018445789033002
883.78,1.0199744462042617
883.95,1.0295045588306238
884.12,1.0825331270554939
884.29,1.047338518215309
884.47,1.0434215769089779
884.64,0.9828437980102444
884.81,0.9954729467859551
884.98,0.9953766684738682
885.15,1.0163566294360493
885.32,1.064966932298848
885.5,0.999094589357191
885.67,1.1020533493438545
885.84,1.0499777823758272
886.01,0.999079589059691
886.18,1.0160760875850832
886.35,1.0249407364211354
886.53,0.9990684426572841
886.7,0.9471434440283432
886.87,1.0399060792174635
887.04,1.0613155858659769
887.21,1.0229679935226954
887.38,1.0164973068827212
887.55,1.0861502487947627
887.73,1.0076814412373198
887.9,0.9905165738223325
888.07,0.9653710842156649
888.24,0.9871347152656892
888.41,0.9606645164333216
888.58,1.0405345775601744
888.75,1.0071613361448755
888.93,0.9929681543392559
889.1,1.0009751614453437
889.27,0.9064537956511403
889.44,1.0178670669050958
889.61,0.9969119002921476
889.78,1.0595806004618937
889.95,0.9307556521393839
890.12,1.0401491340420115
890.3,1.0637513069367734
890.47,0.9464729383972245
890.64,1.0206085451330844
890.81,1.0835713212084774
890.98,1.0347561876546203
891.15,1.02144838307738
891.32,1.0288008840559135
891.49,0.9989445589737165
891.66,0.9760034527406128
891.84,0.9745889557934667
892.01,1.003193285676544
892.18,1.0188999932014413
892.35,1.0354659007001172
892.52,0.9580978990129221
892.69,0.9663581463799289
892.86,0.9059041214897385
893.03,0.9825035500328452
893.2,1.021894504715588
893.37,0.9855470640224272
893.55,0.9559836106723718
893.72,1.0
893.89,0.9882286369777853
894.06,1.0021680893128015
894.23,1.0417405230911676
894.4,1.0206310529505622
894.57,1.046831921965971
894.74,1.0157929548488673
894.91,0.9512989469074115
895.08,0.9538193194717461
895.25,0.9443479823998758
895.42,0.9854825038864631
895.59,1.096719741256008
895.76,0.9543752647830019
895.94,1.0272118529064982
896.11,1.025440014641735
896.28,1.085870567794247
896.45,1.0678400390446268
896.62,1.0612633789488695
896.79,1.0328842587311846
896.96,1.0105948262355338
897.13,1.0755663309819326
897.3,1.0905068253829964
897.47,1.0310829581274539
897.64,1.1140124692957771
897.81,1.0985687292703616
897.98,1.0135891180404653
898.15,0.9407989511000505
898.32,1.0048633920410064
898.49,0.9856540193257906
898.66,0.9769269411379272
898.83,1.0438337650636333
899.0,0.9753534081892291
899.17,1.0274838112442761
899.34,0.9571325981698747
899.51,1.0
899.68,1.0565210359725528
899.85,1.0937336255484729
900.02,1.0454857816028011
900.19,0.9437127957777848
900.36,1.1065996903624102
900.53,1.1407923417228145
900.7,1.0791445708136904
900.87,1.1128743952980555
901.04,1.0806593590329925
901.21,1.1577889704190423
901.38,1.0825910209497966
901.55,1.0
901.72,1.0356449184858745
901.89,0.9724127976472392
902.06,1.0740243846236566
902.23,1.0459948760885804
902.4,1.0460410628607613
902.57,1.0167487536336661
902.74,1.0394841882037191
