Wavelength [nm],#3-591-Oriel-53915.csv
400.08,0.02899670149768527
400.29,0.021654088398624583
400.5,-0.051945012870493405
400.71,0.07986582050981514
400.92,0.000663254198500392
401.13,0.08011015483113011
401.34,-0.01320742487622708
401.54,0.03784462055098153
401.75,0.05963039396713584
401.96,0.001989560885914059
402.17,0.035962171791659454
402.38,-0.011788688626476017
402.59,0.01912990551548039
402.8,-0.002198188692517309
403.01,-0.0020618156591260283
403.22,-0.04036902074758169
403.43,0.033731486853000585
403.63,-0.018221281254996145
403.84,0.01492732932337871
404.05,-0.035396658555432316
404.26,0.039859215237880184
404.47,-0.01297365598507216
404.68,-0.002994509356244336
404.89,0.0182667778769566
405.1,0.05326617748574648
405.31,0.02796767622501292
405.52,-0.018906078123902867
405.72,-0.0181050442204162
405.93,0.00845390764141151
406.14,0.010703134586804516
406.35,0.027370313137658645
406.56,-0.03422886860447547
406.77,-0.003174975950573298
406.98,0.006351022385161786
407.19,-0.0031670233134361483
407.39,0.009798695079894563
407.6,0.03134650690270618
407.81,0.05719983158829821
408.02,-0.011283720177370322
408.23,0.028502784754832415
408.44,0.01582111368811499
408.65,-0.044091787334737155
408.86,0.028296609177208373
409.06,0.03587081256642943
409.27,-0.019448136051357083
409.48,0.01703556592548056
409.69,0.0005687862275579572
409.9,-0.025645640241158955
410.11,0.006307094548364803
410.32,-0.010269804349615105
410.52,-0.007578636179532208
410.73,-0.014262023217247052
410.94,-0.015209909694952497
411.15,0.06793052867725916
411.36,0.012682794907792266
411.57,0.008196883053329114
411.78,-0.0028366333237836937
411.98,0.013193332588648566
412.19,0.01298426334968755
412.4,0.02373897861543177
412.61,0.004744148057113019
412.82,0.027481205892927157
413.03,0.017959071189073448
413.23,0.005208355157025878
413.44,0.04127098391599323
413.65,-0.0067343690285811405
413.86,-0.0038800314832319713
414.07,0.04435770182998535
414.28,0.01207097451038125
414.48,0.011602833147990972
414.69,0.013303046232594231
414.9,0.0374088980321585
415.11,-0.00975837971848415
415.32,0.01711347064473575
415.53,0.050100945504299985
415.73,0.007995134400634417
415.94,-0.03205866754448525
416.15,0.0205507276088946
416.36,-0.005792502534455362
416.57,0.01673103554111878
416.78,0.00151755202903018
416.98,0.010625599994159792
417.19,0.02860074943719944
417.4,-0.04075087220030356
417.61,0.02344485935711475
417.82,0.020421406070209234
418.02,-0.004676212230950616
418.23,-0.0015513156982197797
418.44,-0.004820559552480497
418.65,0.022848887182019387
418.86,0.0005209928293888114
419.07,-0.015935593182799707
419.27,-0.011904035659236258
419.48,-0.009388054087228481
419.69,0.014029691472332984
419.9,0.020323528510481855
420.11,0.017239121895867012
420.31,0.02966489852816051
420.52,0.018606553714264146
420.73,0.011664014922916592
420.94,0.007208326536845102
421.15,-0.008682484586869058
421.35,0.011804602671442567
421.56,0.007594299921638469
421.77,-0.0004916700392332258
421.98,0.013066906589319796
422.19,-0.008806433041766445
422.39,-0.0032933940759192434
422.6,-0.0005161462484594232
422.81,0.03580249733267646
423.02,-0.010502822162497674
423.22,0.01738515135407818
423.43,-0.018823439672418715
423.64,0.008026010408253025
423.85,0.018352085288341573
424.06,0.007119035622598605
424.26,0.01100268164580064
424.47,0.05539821621492671
424.68,0.014610442671354057
424.89,-0.0004778949216349503
425.09,-0.013983952628834052
425.3,-0.017991059149459303
425.51,0.03363042028903789
425.72,-0.005028578158892565
425.93,0.012633423459918827
426.13,0.019966057382838878
426.34,0.029322879409067595
426.55,-0.00831139655935162
426.76,0.018909526358973743
426.96,-0.0041153070463600915
427.17,0.022771508229491286
427.38,0.0022154072382869158
427.59,-0.001300565210339613
427.79,0.0012537359184612183
428.0,0.021892439209139143
428.21,0.006172160791177735
428.42,0.00972573369971305
428.62,0.017170505507276425
428.83,0.016314782163147853
429.04,-0.021320634960338394
429.25,0.006591453642436683
429.45,0.007449026647315637
429.66,-0.015846571204056158
429.87,0.0031174788802920766
430.08,0.027610746956709675
430.28,0.015676692821385146
430.49,-0.010011238571005604
430.7,0.010094304739111605
430.91,-0.0012703062185225266
431.11,0.009792150926247235
431.32,0.02892136591203051
431.53,0.03250074787558908
431.74,0.01117062483860491
431.94,0.028420205437407097
432.15,0.0003732544655195814
432.36,0.02880393983917
432.56,0.017186782107258537
432.77,0.010520519929994327
432.98,-0.008034344282769362
433.19,0.01453887556591196
433.39,0.01141739769608667
433.6,-0.006273598759568466
433.81,-0.03349359971644482
434.02,0.012711232311706558
434.22,-0.014601268903788663
434.43,0.014590965084653504
434.64,0.01979199444888214
434.84,-0.0018533018034761642
435.05,0.015083707119843352
435.26,-0.0011311946213691689
435.47,0.009310556887851726
435.67,0.013657387090511137
435.88,0.0060618228712191104
436.09,0.019742573591948923
436.29,-0.0010532602742441657
436.5,-0.0105321348759951
436.71,0.012196648651816208
436.92,-0.020642692074604355
437.12,-0.005916716783661749
437.33,0.0003357553855420422
437.54,0.018631237146349285
437.74,0.01057159360444398
437.95,-0.008381692605019572
438.16,0.0009772508428490109
438.36,-0.0289218696106323
438.57,0.02968390388162794
438.78,0.0024081112173064863
438.99,0.010010683337949616
439.19,-0.028193296848731956
439.4,0.018505729579362393
439.61,-0.002403027667887342
439.81,0.030127773100718996
440.02,-0.011312747676742795
440.23,0.021841338694495914
440.43,0.004256064122491397
440.64,0.016157112574984225
440.85,0.0049925604359416535
441.05,0.017135362344793233
441.26,0.003533306231488497
441.47,0.018962216914345426
441.67,0.014110913086985321
441.88,0.018152212551744724
442.09,0.017470095871640456
442.29,-0.007977718276373056
442.5,0.00032155051165807375
442.71,0.02249387949590052
442.91,0.0003080953825674715
443.12,0.0009379980964831055
443.33,-0.006329431498061003
443.53,0.018306848805873084
443.74,0.009081571610776914
443.95,-0.005514992359025745
444.15,-0.002794728418547738
444.36,0.004013233184686829
444.57,-0.009117690215244284
444.77,0.0009446229245433612
444.98,-0.014326988404358233
445.19,0.0091678725658877
445.39,0.023146420297305126
445.6,0.010401971808589204
445.81,0.02110790267375332
446.01,0.01518564071885696
446.22,0.03376026931523038
446.43,-0.001503907378131067
446.63,-0.017772668325073748
446.84,0.014702100392675554
447.05,0.0091678725658877
447.25,0.01957900901194003
447.46,-0.004033916010090322
447.67,-0.023033672491353893
447.87,-0.008645656515494303
448.08,0.01716965750797921
448.28,0.02093952180028132
448.49,0.005173356882541756
448.7,-0.008786833889898054
448.9,0.014871863256682306
449.11,0.02806504915690017
449.32,0.005731550958124655
449.52,0.002110844490914643
449.73,-0.011842583081727703
449.93,0.001531618901113625
450.14,0.0019584086762578176
450.35,0.010572785037452107
450.55,0.007252940819601163
450.76,-0.0027556168401238583
450.97,-0.0037576317189663903
451.17,0.016584183679009098
451.38,-0.0048834340159705164
451.58,-0.006198972838460293
451.79,0.011701377394608465
452.0,-0.0003124289330445436
452.2,-0.002500054608023585
452.41,-0.00028840211494882156
452.62,-0.0042644574888804
452.82,0.006054580661532117
453.03,0.010365779482287282
453.23,0.016004172453601986
453.44,-0.005412628649539935
453.65,0.006938204551958508
453.85,0.00640681786676473
454.06,0.016520302751953653
454.26,-0.0014068525526468821
454.47,-0.0034048891581950694
454.68,0.008843746318324673
454.88,-0.0012898822225606255
455.09,0.006772423519667788
455.29,0.009965745781297023
455.5,0.012350212272230876
455.71,0.004262312290843559
455.91,-0.0071525153614577916
456.12,-0.016400348606443786
456.32,-0.010133480223876905
456.53,-0.005733156526729572
456.73,-0.0023254654163210897
456.94,0.012656626449986531
457.15,0.00024886727395349585
457.35,-0.012933904127127416
457.56,0.004408717091407421
457.76,0.005827478140104363
457.97,0.022695522393539606
458.18,-0.004870389539234286
458.38,0.020515366505981666
458.59,0.002725430361760135
458.79,0.004703927681354922
459.0,0.0027879252227499297
459.2,0.008995121438518758
459.41,0.004554630483330556
459.62,0.006067330392127715
459.82,0.0022053200907676588
460.03,0.016433493596420348
460.23,-0.002991460739344036
460.44,0.024294547362333514
460.64,0.0043981191484386275
460.85,0.0071018716511315125
461.06,0.0020996869895421244
461.26,0.008490676790441517
461.47,-0.010494310978785166
461.67,0.0016978585868538433
461.88,0.011676167328167762
462.08,0.010900575652298353
462.29,0.01850938449157604
462.49,0.012413402223582953
462.7,0.011678147975850645
462.91,0.008768799127047708
463.11,-0.0002313645313451551
463.32,0.008523295380288893
463.52,0.0011089319871189736
463.73,0.011174180557462384
463.93,0.016665274476599833
464.14,0.014343962201617084
464.34,0.003947212590303935
464.55,0.009154332319593417
464.75,0.0025684845940895026
464.96,0.001443653385554207
465.16,0.0013546388308273837
465.37,0.011914924559171076
465.58,0.0009855439212597904
465.78,-0.000200790870162052
465.99,-0.002512545423083563
466.19,0.008664535323203687
466.4,0.005283928251450097
466.6,-0.002652388099180301
466.81,0.01044859826353641
467.01,0.0017233658180164668
467.22,0.011276658706618325
467.42,0.007671517251140767
467.63,-0.0013023858487347063
467.83,0.008606108907822426
468.04,0.0031323028877039633
468.24,0.007945032990055745
468.45,0.0015159405478119001
468.65,0.009833018817528254
468.86,0.006962783261021419
469.06,-0.004318077284037234
469.27,-0.005169516364162272
469.47,0.006220901563230477
469.68,0.004941562309993073
469.88,0.012059321340707616
470.09,-0.013836140310087725
470.29,0.011207616120177457
470.5,0.003147138590038895
470.7,0.0014619143668664234
470.91,-0.010312043737654064
471.11,0.0024710746259778245
471.32,0.011774253526794154
471.52,-0.003634005218000616
471.73,0.0026328822961864135
471.93,0.0020251232353341916
472.14,0.00292008850097319
472.34,0.004461646805702668
472.55,0.007582166138935433
472.75,0.0025550585276570286
472.96,0.006932414781901383
473.16,0.0004505392701704569
473.37,0.007648521057324008
473.57,0.00043469804428394486
473.78,0.003909834722046781
473.98,-0.007718771653257395
474.19,-0.006493435584344664
474.39,0.00647124816257782
474.6,0.005780429017327078
474.8,0.0004127464999803324
475.01,0.008039377204734457
475.21,0.0009556092281153216
475.42,0.0020217240429419355
475.62,0.007979275116017483
475.83,-0.0038502418912799877
476.03,-0.00039858908841267673
476.24,0.0077568304698885145
476.44,0.0016676384515342097
476.64,0.008280873916619589
476.85,0.007060490068481857
477.05,0.010648496791562021
477.26,0.004634639666919693
477.46,0.0033868813289236145
477.67,-0.0003831068796079772
477.87,0.004545675853918719
478.08,0.0025138147549095473
478.28,-0.0011009623582806003
478.49,0.007727795065481789
478.69,0.006416533188709213
478.9,0.005489739445607839
479.1,0.004356963887684522
479.3,0.005762719617388633
479.51,0.005798220560798652
479.71,0.0034983207897534506
479.92,-0.0017494660910340816
480.12,0.007676056396122466
480.33,0.006872994430042889
480.53,0.006775190214804971
480.74,-0.00012090555795446638
480.94,0.005897603372348832
481.14,-0.005694738833485828
481.35,-0.006333435283726872
481.55,-0.0031844095596936764
481.76,0.005660936976607172
481.96,0.003134693648563683
482.17,-0.00160820746721538
482.37,0.0013335932814771462
482.57,-0.0028424958035208774
482.78,0.0011590417064507878
482.98,0.0021429007853867644
483.19,0.001527397930180935
483.39,0.008612282440849375
483.6,-0.0033220525730182737
483.8,0.005237251718692803
484.0,0.0016783103156577522
484.21,0.006267331151336463
484.41,-0.00010634088257144486
484.62,-0.002707666345816716
484.82,-0.007280819962831731
485.02,-0.0014933690276833294
485.23,0.006581653922996786
485.43,0.0016550299205515438
485.64,0.0014322369859169186
485.84,0.004336842192955121
486.05,-0.0016504740153018564
486.25,0.008872835962766926
486.45,0.006623386227807724
486.66,0.006595038171767947
486.86,-0.004168544164404233
487.07,0.0017456959280134211
487.27,-0.0016057277956154279
487.47,0.0032381273663430834
487.68,0.00210540214897586
487.88,0.0017376888408434166
488.09,0.0008454660776291655
488.29,-0.0004693810646470522
488.49,0.0013730152591772955
488.7,0.0026227999089876116
488.9,0.0011368038182453606
489.1,0.0011468774524147928
489.31,-0.0015077911019339212
489.51,0.004975337037439811
489.72,0.003972657534281427
489.92,0.0016496160398063132
490.12,0.004674027990815818
490.33,0.0002542082655600077
490.53,-0.0009676738995621159
490.74,0.005631038769767435
490.94,-0.0009417944094054373
491.14,0.01042342893671849
491.35,-0.004201232829871319
491.55,0.006006501713750394
491.75,-0.0022762416895390257
491.96,-0.003138092519813353
492.16,7.969984187795393e-05
492.36,0.004475670271003393
492.57,0.004475670271003393
492.77,-8.82107793572309e-05
492.98,0.006046820364884673
493.18,0.0015576462208592144
493.38,0.00040502084353992397
493.59,-0.002053402617248222
493.79,0.005748543626496822
493.99,-0.001411939013286274
494.2,0.002339928912226789
494.4,-0.0005743946460095317
494.6,-0.006436369323077151
494.81,0.0003970173422029498
495.01,0.005580151129335716
495.22,0.0028318833802787402
495.42,0.005521163114274774
495.62,0.003460047150315839
495.83,0.0003933520638386987
496.03,0.0005505096921082074
496.23,0.002426679139530389
496.44,0.00501895661462227
496.64,0.004912411517356276
496.84,0.005458218683021774
497.05,-0.0005568115190170087
497.25,0.003669401800340684
497.45,0.0027072597704096623
497.66,0.0008541484039330197
497.86,0.0033245054874669715
498.06,0.0036814883481599107
498.27,0.0032544625502358986
498.47,7.273676232569462e-05
498.67,0.0015859551170888221
498.88,0.005564327278374974
499.08,0.00616143721232069
499.28,-0.00149062493141943
499.49,0.008225745670900455
499.69,-0.0005360869586600935
499.89,0.0036718926682510074
500.1,0.002976126658848361
500.3,-0.0012845566600009801
500.5,0.00595031193993835
500.7,0.00781115709759315
500.91,0.0034636350172704065
501.11,0.004072543209112861
501.31,0.0037963085576976233
501.52,0.004664842105038664
501.72,0.0028981627479273083
501.92,-0.0011278270442471332
502.13,0.006185305616542489
502.33,0.0003609484274575155
502.53,0.005068200965829976
502.74,0.0027141725262312807
502.94,6.97749358842966e-05
503.14,-7.665132771049215e-05
503.34,0.0014853912712469433
503.55,0.003544770772705844
503.75,0.0044299411938511155
503.95,-0.0002194793330513613
504.16,0.0015323431795989434
504.36,0.002679135560085425
504.56,-0.00036529974584906163
504.76,-0.00301208475638108
504.97,0.0003566250500287381
505.17,0.0010808324230993252
505.37,0.0015174649213300577
505.58,0.003488676800222362
505.78,0.0037603993514473684
505.98,-0.0002205559150761069
506.18,0.0006391596618778597
506.39,0.005050383477804387
506.59,-0.001910177472298358
506.79,0.0021697336035284838
507.0,0.003990656368437166
507.2,-0.002266242845552709
507.4,-0.0012131159786970434
507.6,0.0017368251517530366
507.81,0.0032470521493992385
508.01,0.0021426888278779765
508.21,0.0013129910314684061
508.41,0.005490250425883576
508.62,0.0010014411688269787
508.82,-0.00048569141217376816
509.02,0.004078795986022674
509.23,0.0019457181866854504
509.43,-0.0004728064024059576
509.63,0.004977327363224139
509.83,0.004792455709515273
510.04,0.0015546883188744284
510.24,-0.0003423061697400319
510.44,-0.005763119835163946
510.64,0.00033451541765492076
510.85,0.0015247247821565655
511.05,0.007994012106337338
511.25,0.0012520667661155502
511.45,0.0032561129296353234
511.66,-0.00033049552232630725
511.86,0.0015047243815837642
512.06,-0.0016466878313882382
512.26,0.0022600463176879735
512.46,-0.001256684885197632
512.67,-0.001643016754242332
512.87,0.003061941313026137
513.07,0.0005931206592562424
513.27,-0.000329076250665286
513.48,-0.00032105455689675384
513.68,-0.0033502397408845036
513.88,-0.005054526236482277
514.08,0.0013207114873770248
514.29,0.000437596673721123
514.49,-0.0005714205314710149
514.69,0.0029169585487896573
514.89,0.0025590720249944626
515.09,0.003286933334524418
515.3,0.0005603407665263385
515.5,0.0034776027718821045
515.7,0.004683041652861507
515.9,0.0004307545346400347
516.11,0.0017779070193961175
516.31,0.0022760505846147893
516.51,0.0011592015641516634
516.71,0.0017694288610868643
516.91,0.0052359378134359804
517.12,0.002682339625331218
517.32,-0.002104428541630584
517.52,0.002124814127979699
517.72,-0.003500963628617228
517.92,0.001614002212626803
518.13,0.004235131621500094
518.33,0.001620603868591317
518.53,-0.0028072371010223343
518.73,0.0005251322019262216
518.93,-0.0008861063353004312
519.14,0.0008923557719779712
519.34,-6.106342579110953e-05
519.54,0.005951464452184053
519.74,0.005657588074686045
519.94,0.0028562947437543004
520.15,-0.00041303784917170924
520.35,0.0019016657329303847
520.55,0.002270042360424691
520.75,0.0014509062619139036
520.95,0.0008568435895352091
521.16,0.0012075486099501886
521.36,-0.0010992453840200631
521.56,0.0031028759601261996
521.76,0.0008400795183598068
521.96,0.0001659872283176691
522.16,-5.923032012174413e-05
522.37,0.0016033758973903237
522.57,0.0005051960408562609
522.77,-0.0030912206989398196
522.97,-0.0026043336015572605
523.17,0.0010415409901561958
523.37,0.0009302421118036509
523.58,0.004276732376523602
523.78,-0.003705872740783322
523.98,0.0024749484270191356
524.18,-0.0023774330952192695
524.38,0.0027903054519518586
524.58,-0.0012557935969023976
524.79,0.005755019318195721
524.99,-0.0007217730085527076
525.19,0.002025915143548027
525.39,0.0019894749607044836
525.59,0.0025403210264999324
525.79,0.005610877471595648
526.0,0.001136512262112293
526.2,-0.0032902809357935768
526.4,0.00048173645256717896
526.6,0.0006950478516685247
526.8,0.0034544012325133074
527.0,0.002716504153400967
527.2,0.0016478958771951712
527.41,-0.0038780071740268564
527.61,-0.0008102018072184177
527.81,0.0006860580720128391
528.01,-0.001165787579722222
528.21,-0.002883728459525938
528.41,0.0017270010715025252
528.61,-0.0018810786188953204
528.82,0.0001586828008406739
529.02,-0.0010064754097426321
529.22,0.0009158602494484464
529.42,0.0023541240130070386
529.62,0.0014056726115295223
529.82,0.0027220199148374155
530.02,0.0002608296509021065
530.22,-0.0009018031117722349
530.43,0.0022826012552968514
530.63,0.0012239272598037997
530.83,0.0017827019126962756
531.03,-0.0004769407301701148
531.23,-0.002642768197952984
531.43,-0.0002692058045826215
531.63,0.0022058387477998827
531.83,0.0015422035915748115
532.03,-0.0010322056742866964
532.24,0.004150762525542038
532.44,0.0021874537553980104
532.64,-0.00016567669965776615
532.84,0.005342299736102353
533.04,-0.002918821075467139
533.24,0.0026190719099436614
533.44,0.004851572433734648
533.64,0.0026193522503212144
533.84,-0.0002719854590305901
534.04,0.0006887598150187968
534.25,0.001023421305587076
534.45,0.001843058817368699
534.65,0.0004773137717887251
534.85,0.00313541286763032
535.05,-0.0012430656908827198
535.25,0.0019807281133400827
535.45,0.0023299104844410503
535.65,0.00047797709939809146
535.85,0.00026459988607184363
536.05,-0.00016409399458450785
536.25,0.0003676570038278279
536.46,-0.00177243343345621
536.66,0.00026066457704991097
536.86,0.00037367283220386465
537.06,-0.000592868375891661
537.26,0.0011163980114232371
537.46,0.001777507599728118
537.66,0.0036352573301665705
537.86,-0.0009131969867195465
538.06,0.0029348119733565077
538.26,4.9899344261674795e-05
538.46,0.0005921575910048151
538.66,-0.0016723736044667867
538.86,5.0116933134451076e-05
539.07,-0.002510949174104628
539.27,0.0028508217176907882
539.47,0.0011122475998415157
539.67,0.000592799185281124
539.87,0.004731750724804092
540.07,-0.0027214812957119276
540.27,0.0017848268281417223
540.47,-0.0006964421590397575
540.67,0.0020951507304772287
540.87,0.00037411583634274084
541.07,0.0028784109012723485
541.27,0.0007986793527351829
541.47,0.0013396274313349215
541.67,0.0006942276456961594
541.87,0.0012273319788678799
542.07,0.0016567190337795847
542.27,0.0011103605296011632
542.47,0.0043107362274640414
542.67,-0.002715113545459306
542.87,0.00015498840997428515
543.08,0.0025957356371266167
543.28,-0.0014445377767177033
543.48,0.0018442261141962165
543.68,0.0011272141083372453
543.88,0.0024640484939848937
544.08,0.0029360666395242974
544.28,-0.001976725221379022
544.48,0.0015345174890365766
544.68,0.0014295393600473373
544.88,0.0018686856833745496
545.08,-0.0005938873267844688
545.28,0.001448289490832467
545.48,-0.0015402938037019636
545.68,0.0031948954087569065
545.88,0.0012189849742614174
546.08,0.0018611213399767142
546.28,-0.00206076465794305
546.48,0.0005759502706133249
546.68,0.0002607470878497592
546.88,0.0008984725965858083
547.08,0.0015464886481275151
547.28,0.003316435898475899
547.48,-0.0008982887807103146
547.68,0.0026227210219783525
547.88,0.0006942276456961594
548.08,-0.00037084626664413205
548.28,-0.00026732751956186774
548.48,0.0014313620795684476
548.68,0.000364797805618344
548.88,0.0022467731572150293
549.08,0.0011163980114232371
549.28,-0.0007963192018697671
549.48,-0.002148379341979298
549.68,0.0016168960182854778
549.88,-0.00026362101273217834
550.08,-0.0016134680668245585
550.28,-0.0005775704987360672
550.48,0.0031845445642632564
550.68,0.00035640774967101937
550.88,0.000987360066179003
551.08,0.0001536449734239316
551.28,0.0034780821021745062
551.48,-5.548277373105389e-05
551.68,0.0030583003196414742
551.88,-0.003670149537134574
552.08,0.0006763775788540122
552.28,-0.00036516660493700375
552.48,-0.0006598409183531349
552.68,0.0014849177315713186
552.88,-0.0007653940938490872
553.08,0.0021430290176898785
553.28,0.0030016101643686602
553.48,-0.0022856838384306515
553.68,0.002014513578521188
553.88,0.0010946897207093449
554.08,-0.0013843762411442763
554.28,0.0014058193036070475
554.47,0.002024567848456257
554.67,0.0015071880845598869
554.87,0.001398957711133354
555.07,0.0010942321448641611
555.27,0.002910135101597361
555.47,-0.00025531670711904665
555.67,0.003961012819311525
555.87,0.00015017887442219172
556.07,0.0010668079793278967
556.27,0.0005539092848816309
556.47,0.001580878609767783
556.67,-0.0003603193288731074
556.87,-0.0009778649616107673
557.07,0.0013668776171874041
557.27,0.003907901414919747
557.47,0.0007635796407683188
557.67,0.002686759740006072
557.87,0.0014847653771758054
558.07,-0.0005624122031372828
558.26,-0.0018754826609789245
558.46,-0.0013688284888111607
558.66,-0.00045591081674666137
558.86,0.0009582891281679903
559.06,-0.0012617768556868493
559.26,0.00276942413601909
559.46,0.0006467684407200272
559.66,0.0021628088905250604
559.86,0.00014902277133530995
560.06,0.0035813343512104702
560.26,-0.0008644201949849006
560.46,-0.0003562812086540339
560.66,-0.0013311177531326885
560.86,-0.00035145531519737534
561.05,4.666280778307526e-05
561.25,0.0011400005791160084
561.45,0.0013471935386511484
561.65,0.0046772114505735
561.85,0.0020066932086604842
562.05,-0.0007338367460423441
562.25,-0.0003478522340729912
562.45,0.004313275501772962
562.65,0.0007364822529761616
562.85,-0.0012341833713722572
563.05,0.004012028597337609
563.24,0.0036473151637874414
563.44,0.00034000027481887883
563.64,0.002323085056955641
563.84,0.0009345552237661727
564.04,0.002731152917026527
564.24,0.0009093417684884277
564.44,0.004672147775392792
564.64,0.000824974121034742
564.84,-0.0005461345082746268
565.03,0.002315522089016125
565.23,4.6051731914240746e-05
565.43,0.0014220276070594537
565.63,-0.0012251319839645908
565.83,-0.0010058567875745206
566.03,-0.0003426505645351388
566.23,-0.0001492731801052882
566.43,0.001705263002674286
566.63,-0.0002485169406892895
566.82,0.0028937411060639333
567.02,0.002841840297108111
567.22,0.0004409285252377523
567.42,0.004307834492732982
567.62,0.0019564466308792704
567.82,0.001109781353237249
568.02,0.0038138395837830005
568.22,4.532528503895757e-05
568.41,0.002676862368194238
568.61,-5.146011963252192e-05
568.81,0.002660529716099849
569.01,0.0014096988542648947
569.21,-5.199650668366956e-05
569.41,0.002476186679507452
569.61,0.0018890397654561565
569.8,0.0010185547718993687
570.0,0.0028260348416672024
570.2,-0.00034010763487902227
570.4,-5.13252565302622e-05
570.6,0.0009233487294924916
570.8,0.0017949832054589899
571.0,0.0009210141999891602
571.19,0.0018233330528205599
571.39,0.0008023153013963049
571.59,0.005719777602260099
571.79,-0.0003389967562053474
571.99,0.004710301595629962
572.19,0.004369094283056897
572.38,0.002651030090250274
572.58,4.49491405621425e-05
572.78,0.001869631458440338
572.98,0.002370904543821311
573.18,0.0024649241742538863
573.38,4.532092577851176e-05
573.57,0.005672856037510233
573.77,0.0009065565072543495
573.97,0.0006226238455588338
574.17,0.0018622999008126655
574.37,4.537329231033909e-05
574.57,0.005785351782494729
574.76,0.005334785937424076
574.96,-0.0016669511624016785
575.16,-0.0013812631769736996
575.36,-0.000722706769928903
575.56,0.0015836996870991287
575.75,0.0018425621996645777
575.95,0.0036641105256071515
576.15,0.001743806769230355
576.35,0.0020674288687052822
576.55,0.00270961703508672
576.74,0.005154612855998645
576.94,0.004123437674333387
577.14,0.0009990222554428904
577.34,0.006082494274011908
577.54,0.0009039607764106443
577.74,0.0038399671259769326
577.93,0.0030152153092568765
578.13,0.0034246980209440636
578.33,0.002106518269586459
578.53,0.004928508415832723
578.72,0.004494955475756432
578.92,0.0032891017360093134
579.12,0.004159340067437413
579.32,0.002128264835593504
579.52,0.003090298543995934
579.71,0.003944954724895101
579.91,0.0023327096086856523
580.11,0.0028042536485588746
580.31,0.006852117449517206
580.51,0.006734010157445493
580.7,0.00683054614460379
580.9,0.007860945447647056
581.1,0.00854514166237937
581.3,0.0119422801774446
581.49,0.010368531737443972
581.69,0.012476261100761457
581.89,0.016131664148354655
582.09,0.014355000340358495
582.29,0.014488708044637382
582.48,0.022652591864421315
582.68,0.025807763477661054
582.88,0.024551443396692012
583.08,0.03017078557810674
583.27,0.029183988014345134
583.47,0.036423259216438714
583.67,0.04385009452846039
583.87,0.05022059367803835
584.06,0.05335647204735342
584.26,0.06019696904649466
584.46,0.07061274120640199
584.66,0.08433150958534916
584.85,0.09146523810592241
585.05,0.10413012772705771
585.25,0.11913119707979464
585.45,0.12988437290445706
585.64,0.14440663000696152
585.84,0.15929933711470365
586.04,0.16714915137045694
586.24,0.18267164408892925
586.43,0.20011138803034847
586.63,0.2159447323249716
586.83,0.22137194712099725
587.03,0.23216492606128214
587.22,0.2417720650152259
587.42,0.2470127212644656
587.62,0.2607800259876153
587.82,0.2678677226571602
588.01,0.27920048760194655
588.21,0.28549095370202376
588.41,0.2943245101836713
588.6,0.301276826580316
588.8,0.307039301904284
589.0,0.3095363804616115
589.2,0.3198957811175771
589.39,0.3233196735072177
589.59,0.3315078774528715
589.79,0.3391579177418948
589.98,0.33906605397766354
590.18,0.3493969608686993
590.38,0.34368936918990045
590.58,0.3752305733095433
590.77,0.3617802235838939
590.97,0.3664868017108404
591.17,0.3653321351226938
591.36,0.3632419930359553
591.56,0.36964307908225574
591.76,0.3834724264638009
591.96,0.3916200168733413
592.15,0.38641587346282097
592.35,0.40604987133875736
592.55,0.39768609065567445
592.74,0.41110171499524595
592.94,0.4027637978295477
593.14,0.4149448591066324
593.33,0.41553822424534437
593.53,0.4196584367089738
593.73,0.41287564124924675
593.92,0.4212813322489652
594.12,0.4099747125521861
594.32,0.40698104644734345
594.51,0.40266532649037906
594.71,0.39617439518300873
594.91,0.377369957098733
595.11,0.3637061556395554
595.3,0.341537842257537
595.5,0.31778034241009956
595.7,0.2994800803802112
595.89,0.28281166344541314
596.09,0.254584843625262
596.29,0.22948885158309798
596.48,0.20562226926624785
596.68,0.17666056539359257
596.88,0.16130613269793123
597.07,0.1427880203946835
597.27,0.12537677485757331
597.47,0.1108550352493974
597.66,0.09323885499828356
597.86,0.08100352499266113
598.06,0.068394714152369
598.25,0.05860125233607812
598.45,0.05294656333599639
598.64,0.045254954586104325
598.84,0.037994382967105236
599.04,0.03373649223454359
599.23,0.027679568430053352
599.43,0.022302385547553
599.63,0.0225051412535515
599.82,0.016720109105431577
600.02,0.01610605467667466
600.22,0.016494418670115977
600.41,0.014588003079543284
600.61,0.01256685058245603
600.81,0.01150429139323595
601.0,0.00864316165755784
601.2,0.007325240892074264
601.39,0.010450018302853427
601.59,0.009638036844426498
601.79,0.007137921263130687
601.98,0.004148639620028507
602.18,0.005986503478723922
602.38,0.0046563468414678654
602.57,0.0029917822929043394
602.77,0.003647089915515055
602.96,0.006635413960618342
603.16,0.004867699160374456
603.36,0.0030376828136877815
603.55,0.00534841346915097
603.75,0.002966364443848568
603.95,0.003914228437514404
604.14,0.0045830969270614415
604.34,0.005445530125959086
604.53,0.001606627362680005
604.73,0.004731475771398532
604.93,0.0019019164540336807
605.12,0.0056099826109907635
605.32,0.0006032946797725961
605.51,0.00143471640083328
605.71,0.0029203644096734895
605.91,0.000684524505944359
606.1,0.0017719683317538528
606.3,0.0040670666294271695
606.49,-0.00023213693107051748
606.69,0.002044237602780455
606.89,-0.00032002776836252754
607.08,-0.00032485950074955753
607.28,-0.00022557276390168014
607.47,0.004383521784578656
607.67,0.0022029334667463293
607.87,0.0013259963512852115
608.06,0.0004870465159843194
608.26,0.004481303680416873
608.45,0.003987281610960756
608.65,-4.784674978981251e-05
608.84,0.0014977282220209587
609.04,0.0015846237016248546
609.24,-0.0014694243022632936
609.43,0.002100244594002606
609.63,0.00039813316225031746
609.82,-0.00022569355823070025
610.02,-0.00048799956057814106
610.21,0.002930296112641783
610.41,0.0025989944717836407
610.61,0.0027108492532924005
610.8,-0.0012716129334904528
611.0,0.0007437113755628793
611.19,0.0030199579418149973
611.39,0.001616104775204078
611.58,0.002123229718599502
611.78,0.002335873835514999
611.98,0.0027400898413729485
612.17,0.00021638538141939705
612.37,0.0029203251807981044
612.56,0.006334560961426637
612.76,0.0003093927470004168
612.95,0.001722283188155226
613.15,0.0021949490443865785
613.34,0.0006427703805714408
613.54,0.003521831291176241
613.73,-0.0009754880103240382
613.93,0.003011274644676619
614.13,0.0029206784215109233
614.32,0.0027970838184267284
614.52,-0.002481103085919185
614.71,0.0005506734347360183
614.91,0.0003800615375583694
615.1,0.002225693620071471
615.3,0.0018240050555100784
615.49,0.00045496953259583327
615.69,3.965365108722469e-05
615.88,0.0017792644892014565
616.08,0.001393920630847263
616.27,0.0010233662225389137
616.47,-0.00029412672994338706
616.66,-0.0010477781417776457
616.86,-0.00037959749399322064
617.06,0.0002872941269637628
617.25,-0.00021021514009508097
617.45,-0.002494085106870677
617.64,0.0004495859286993993
617.84,0.0016926100070101628
618.03,0.000957333659148994
618.23,-0.001845339729018207
618.42,0.0017420204577232475
618.62,0.002236438098222303
618.81,-0.0006963135907432257
619.01,0.0011710505135244286
619.2,0.0012772969889230676
619.4,0.0002844921696846945
619.59,0.0007843356873333542
619.79,0.0019658014693665284
619.98,-0.0006994543901751849
620.18,-0.001498307532056826
620.37,0.0034968773332630454
620.57,0.003716951811356098
620.76,0.00020325113052894434
620.96,0.002114589172144763
621.15,0.0008736596856926029
621.35,0.00020325113052894434
621.54,0.0020368123213522814
621.74,0.0021530997585333324
621.93,-0.0005441794239013765
622.13,0.0006203031152835015
622.32,0.002213225760756885
622.51,-0.0002929789870453081
622.71,0.001282485176576534
622.9,0.0014642974613115881
623.1,0.0014546659075369216
623.29,0.0020285390970123584
623.49,0.0006283898485843714
623.68,0.0029484483495297196
623.88,0.001709714972398516
624.07,0.002256832036671972
624.27,0.0008672200072511661
624.46,0.0014547870340944965
624.66,-0.0025452374190386845
624.85,0.002193783296899462
625.05,0.0012197107439144107
625.24,0.0020407189882257477
625.43,-0.0019948988414581485
625.63,-0.0005452701941492325
625.82,0.0019483899132824683
626.02,0.002383831508439791
626.21,0.00020805969344660753
626.41,0.0005427297890473602
626.6,0.0002089569217208472
626.8,-0.0012976905797042603
626.99,0.0008788659459221227
627.19,0.001936334508389154
627.38,-0.0005501405359005313
627.57,0.0024398040388852087
627.77,0.0026869840209062072
627.96,0.0018219929104360331
628.16,0.000982253824367845
628.35,-0.00047192100711688476
628.55,0.0008155376493126195
628.74,0.0002948843824036258
628.93,0.0003022009940377187
629.13,0.0021013510362042154
629.32,0.0007317621111290331
629.52,-0.0006497903316290144
629.71,0.0015267415525487377
629.91,0.0016701351874621106
630.1,0.0032827822059779636
630.29,0.0004760701954704819
630.49,4.106350078569552e-05
630.68,0.0010857314469728107
630.88,-0.00022271199853763724
631.07,0.003305660813242702
631.27,-4.540233417414824e-05
631.46,4.130103949357072e-05
631.65,0.0006502669162539525
631.85,0.0009091599031437103
632.04,0.0020068123037800516
632.24,-0.003150262397779333
632.43,0.002403963439106259
632.62,0.0003812281188707952
632.82,0.0020465869046666922
633.01,0.002505504036821258
633.21,0.0029285014475703857
633.4,-0.0010082474959756578
633.59,0.001099515509130866
633.79,0.0011731989360072488
633.98,0.0034845573424510446
634.18,-0.002341365725770988
634.37,0.0034981454059146203
634.56,-0.004308892428441433
634.76,0.00021718409908906317
634.95,0.0020584329977693244
635.14,0.001113455208558482
635.34,0.001995053085913115
635.53,0.004842323963688926
635.73,0.003285260330716426
635.92,0.0005811881760673916
636.11,0.0005773510849803706
636.31,0.0015695340419557135
636.5,0.001635132127273466
636.7,0.000220203106113861
636.89,0.002634306040576612
637.08,-0.001467206888304841
637.28,0.0017157573596418276
637.47,0.002359820898604666
637.66,4.229071021598638e-05
637.86,0.005155523641667798
638.05,-0.000756468024948446
638.24,0.0024271142701416037
638.44,0.000661084107913629
638.63,0.001373087422666066
638.83,0.0016659545400424455
639.02,0.0016750189275507867
639.21,0.0037209035124438424
639.41,-0.00022721447656797835
639.6,-0.0004079071125198289
639.79,-0.0013954097258474
639.99,0.0004088733745803163
640.18,0.0012178509304933973
640.37,0.0018628032783504717
640.57,0.0032295093510359783
640.76,0.002949925769841743
640.95,-0.000958340195380908
641.15,0.002087536169312654
641.34,0.00031673271008651266
641.53,-0.0009572075570669973
641.73,0.0009600926649382176
641.92,-0.0008699321689356349
642.11,0.0015123046909188104
642.31,0.002035903203508523
642.5,0.0021552072946087486
642.69,0.0030734412071010565
642.89,0.001494060140243928
643.08,-0.0008587987645487576
643.27,0.0026849451360808096
643.47,-0.0017449695924022272
643.66,0.00013337807531850485
643.85,4.190708591240872e-05
644.05,0.0013952530254542068
644.24,-0.0009504675540511412
644.43,-0.0007759449854678002
644.63,0.0035135233691190406
644.82,-0.0011413172236008507
645.01,-0.00013927763735314453
645.2,0.0034975520405984236
645.4,0.00013376613819775834
645.59,-4.8051102838182216e-05
645.78,0.0010541009285938382
645.98,0.001244860587248443
646.17,0.0012499428430675936
646.36,0.0023579070469819923
646.56,0.002102576236479415
646.75,0.000693418996341943
646.94,-0.0006095126283292702
647.13,0.002378604983951726
647.33,0.0006033509285533935
647.52,0.0008004957294997499
647.71,-0.001744464263882474
647.91,0.0006968468101225004
648.1,-0.0007025425461175676
648.29,-4.868373423449765e-05
648.49,0.0030165181687826664
648.68,0.0019961214580883086
648.87,0.003857977956419476
649.06,0.00042005121042673583
649.26,-0.0031078339354393392
649.45,0.001726529205578021
649.64,0.0005998276204114807
649.83,-0.000523336839270212
650.03,-0.0007106997149391217
650.22,0.0006149323625674061
650.41,0.0018488606776059051
650.61,0.0016381107459997521
650.8,0.003242985685583692
650.99,0.0011675566746558068
651.18,-0.0007033958256667185
651.38,4.443206828564831e-05
651.57,-0.0008895861996937959
651.76,-0.00014417702903724995
651.95,0.0008921253420858558
652.15,-0.00042513862592089084
652.34,0.003874196320168776
652.53,0.00041797009109596295
652.72,-0.0004262590470012351
652.92,-0.001949464230388615
653.11,0.0029576907227089767
653.3,0.0016316852651463397
653.49,-4.962958436404384e-05
653.69,0.0020360610320295054
653.88,0.001173710112221857
654.07,0.0007119199112379526
654.26,0.0019375589208910152
654.46,0.0017364298933761069
654.65,0.000621189431009131
654.84,-5.029996916987911e-05
655.03,0.0015579350063130598
655.23,0.0016643268317104156
655.42,0.00032982398336457063
655.61,0.00023467354586945898
655.8,-5.0569352426757546e-05
655.99,0.001103801278388101
656.19,0.00023209482982584472
656.38,0.0017522433663000813
656.57,-0.00023909458316426855
656.76,0.0013650202615423646
656.96,0.002699853085695012
657.15,0.0003310507413306768
657.34,0.0003277685145904578
657.53,0.002897751548677338
657.72,0.0013784124101659237
657.92,0.0005251464350636273
658.11,0.0028889600528204658
658.3,0.0011837366129700286
658.49,0.0020524095095088594
658.68,0.0010854193363932052
658.88,-0.000911890829214789
659.07,-0.003199777550064105
659.26,0.00023744701941777815
659.45,0.0017550737353130101
659.64,0.0008062862251048466
659.84,0.0017888987943135701
660.03,-0.0017632228880091565
660.22,0.00043824902063860637
660.41,-0.0005393154658622395
660.6,0.0022971655617388368
660.8,-0.00034073159693362025
660.99,0.0012061760947517984
661.18,0.000627210183745742
661.37,-0.000638107348992683
661.56,0.0028473315259340748
661.76,0.0024931527203039
661.95,-0.0001469346154790221
662.14,0.0014969054325381548
662.33,0.0048856651291092155
662.52,0.0017939372258219397
662.71,0.0001383577376311095
662.91,-0.0009138147470865002
663.1,-0.00014733110568701155
663.29,-0.0040095478987294784
663.48,0.0018940010238032545
663.67,-0.0004388149417358979
663.86,-0.0005395259823708004
664.06,0.0032592937157804847
664.25,-5.215035052485215e-05
664.44,0.0037774394152756932
664.63,0.001200255768376605
664.82,0.00043547460951801433
665.01,0.0002404504929235143
665.21,0.00034383962322303896
665.4,0.0009269635132656508
665.59,0.002717643688693332
665.78,-0.0003466221652331216
665.97,0.002986358500510304
666.16,-0.0004468686011096074
666.35,0.0010427976925906953
666.55,0.0011335792917208938
666.74,0.00044813188849556065
666.93,0.0012308175120445846
667.12,0.001913169056920406
667.31,0.0011281167807813371
667.5,0.0013329304288619162
667.69,0.0010340446134658862
667.89,-0.0004537638431310603
668.08,-0.00025319492011033573
668.27,0.002204039669185892
668.46,0.002355018390798794
668.65,0.002563923378484121
668.84,0.0008443804954200913
669.03,-0.0007510398115690234
669.22,0.0001459188912162218
669.42,0.00390824649627287
669.61,-0.0020375004328840466
669.8,-0.0016609380269502066
669.99,0.0005503433947395026
670.18,-0.0004525395954173767
670.37,0.0045541944090877855
670.56,-0.0009548378631961329
670.75,0.0005501220504180931
670.94,-0.0001520343447373362
671.14,0.0008360470841837326
671.33,0.001041863887694879
671.52,0.0044212705922743135
671.71,0.001039898003545874
671.9,0.004115649427632365
672.09,-0.001726722816163369
672.28,0.0011355992378060218
672.47,0.0007455215761553739
672.66,-0.0012448519848473275
672.85,4.7442676752042085e-05
673.05,0.002483260894244044
673.24,0.00345282940687936
673.43,0.0012445745059304894
673.62,-0.000958005785646111
673.81,0.0005515083808605963
674.0,0.0023786462094586677
674.19,0.0025732481761771985
674.38,0.0036826706717541487
674.57,-0.0010612112600786932
674.76,0.001266310551066068
674.95,0.0017426834742155003
675.15,-0.0022755257271018597
675.34,-0.0008694430907143365
675.53,0.0006509321282947825
675.72,0.001353147703388582
675.91,0.0031012480042877876
676.1,0.0013602526546719906
676.29,-0.0002560405352594729
676.48,-0.0009751629781160724
676.67,0.0015760473056040413
676.86,-0.001661271901583284
677.05,0.002231826541947612
677.24,0.0033353519596255074
677.43,0.004438796217565296
677.62,0.00246475237444817
677.81,-0.003396877030573347
678.0,-0.0011573367748905906
678.2,0.0014878184173650602
678.39,-0.001756835633659568
678.58,-0.00015764697241771073
678.77,0.004219069579699579
678.96,0.0010538170731398322
679.15,-0.0007624486221464146
679.34,0.0022000395852322797
679.53,0.0012815352104294162
679.72,0.0024136246057284137
679.91,-0.0007797420555162891
680.1,0.0005609513676186161
680.29,0.0025397017390405173
680.48,0.0006687585662619336
680.67,0.001378627917344174
680.86,0.00116773620659667
681.05,0.0018685222590670673
681.24,0.003774118107397703
681.43,-0.002357009246784017
681.62,0.0003537562498464958
681.81,-0.0028311676300577992
682.0,0.0025960656095914783
682.19,0.0005612390800992633
682.38,0.0010830277900243173
682.57,-0.0016016526294817572
682.76,-0.00015683831667094955
682.95,-0.002092750619446112
683.14,0.0014992246738916193
683.33,0.0003591736103796375
683.52,0.001499069369686608
683.71,0.001394612884137651
683.9,0.00036338481849776
684.09,-0.00015556158280432845
684.28,0.0018119030503165928
684.47,-0.00046908596792107326
684.66,0.0037063193854297827
684.85,0.000874270930435881
685.04,0.0008735496942205177
685.23,-0.0010824868276479004
685.42,0.0004650513707791391
685.61,-0.0002601763944140865
685.8,0.0035671677626007646
685.99,-0.000575826021866399
686.18,-0.000969902273833175
686.37,-0.0004703526524116273
686.56,0.0006727912234216654
686.75,-5.3784114953114185e-05
686.94,-0.0016956989767130117
687.13,0.0015917762053698525
687.32,0.0034806138598380593
687.51,0.002016808851752817
687.7,0.000358617009297661
687.89,0.00025679123097194207
688.08,0.003263813009516132
688.27,0.0016061530487219715
688.46,0.002037704113918694
688.65,-0.0012163118616023017
688.84,-0.0022843485293719086
689.03,-0.0032389655918582737
689.22,0.002934185042303061
689.41,0.003963333552736462
689.6,0.00037064050904881774
689.79,-0.0026803353572754426
689.98,0.0016629516715544832
690.17,-0.0013254498937699246
690.36,0.002382326167795546
690.55,0.0010995174738671063
690.74,-0.0023836264690244597
690.93,0.0022801772036524135
691.12,0.002639980472759465
691.31,-0.001101282220594312
691.49,0.0009083962428268562
691.68,0.0019574290627326512
691.87,0.000257031610398448
692.06,0.0016158827637794341
692.25,0.0016363922060400834
692.44,-5.5558558153365465e-05
692.63,0.001873896814143932
692.82,0.0016327655540754455
693.01,-0.0025640360386376387
693.2,0.0015291664845325402
693.39,0.00026372451958567647
693.58,-5.537238304278744e-05
693.77,-0.0034318590216753943
693.96,0.004421488379834581
694.15,-0.002161044177771345
694.33,4.9968131012629314e-05
694.52,0.004881258492775811
694.71,-0.000909787525665712
694.9,0.002523930926683002
695.09,-0.0008035434230181939
695.28,0.0010138898676090146
695.47,0.0023506763603688124
695.66,0.0002594059189105446
695.85,-0.00026581012536179826
696.04,0.001945266600018718
696.23,0.0004707803705416515
696.42,0.0018418929972798274
696.6,0.004688845796024782
696.79,0.0024925709924329023
696.98,0.0007938422000704065
697.17,0.001223405132777249
697.36,0.0026906777004338336
697.55,0.003237668404812897
697.74,-0.002164005613446483
697.93,0.0033478346217911204
698.12,0.0031508327035898306
698.31,-0.0007032689412799452
698.49,0.0021650135184950628
698.68,5.081957228541471e-05
698.87,0.0036379428748442156
699.06,0.0036755695253364263
699.25,0.0005826356198365827
699.44,0.0017859880094249036
699.63,-0.0016714735566843218
699.82,0.004712597824912859
700.0,0.0014672183459885039
700.19,0.0012419486559965833
700.38,-0.001986260828322047
700.57,0.001142090406009024
700.76,0.0009166530758089651
700.95,-0.0008203541907635052
701.14,0.00037720552854312705
701.33,0.0036482999627916574
701.51,0.002232054435301214
701.7,-0.0010121414950120754
701.89,-0.0006041407817039243
702.08,0.0023061370909446396
702.27,0.0014632341420778906
702.46,-0.0028765367044133244
702.65,0.0022318110925442806
702.83,-0.0009325683467187593
703.02,0.0021078520897642077
703.21,-0.0009405904654831819
703.4,0.0020272492300598267
703.59,0.0011497398965273633
703.78,0.001769487451478216
703.97,-5.8854546393593215e-05
704.15,-0.0015994741021025972
704.34,-0.0013602753512872974
704.53,0.000824504414095735
704.72,0.002782684557692274
704.91,0.00501498595345873
705.1,0.00037585770533613206
705.28,-0.002795997748073389
705.47,0.0018002376989982166
705.66,-0.0009487517971663849
705.85,0.003689723772329178
706.04,-0.0015194946599519585
706.23,0.002184716509522874
706.41,0.0009415115438110752
706.6,-0.00028265635862216045
706.79,-0.0008399398839012816
706.98,-0.0034369688583164516
707.17,-0.0033288848175033847
707.35,0.0016385970871829005
707.54,0.0010703795924589708
707.73,0.005019058456624305
707.92,-0.0008412538339751551
708.11,0.0006212024862802514
708.3,0.0008244134340094202
708.48,-0.000611152884049144
708.67,0.0028303021800241703
708.86,0.0036864727250541128
709.05,-0.001613686168204505
709.24,0.0016081868422893621
709.42,0.0007176316798285705
709.61,0.001941576806611839
709.8,0.0036954269240743703
709.99,0.000723893266183083
710.18,-0.0008326937942629622
710.36,0.0029183955685121066
710.55,-0.0006082616736179416
710.74,0.00283439654892907
710.93,-0.0021716807865252543
711.12,0.0019625138440664204
711.3,0.004097673270067752
711.49,0.0016484901133618712
711.68,0.0010758509662432906
711.87,-0.002957639123018529
712.05,-0.0040972345784811015
712.24,0.005253080222614476
712.43,0.003289393122426214
712.62,0.0012853672486490386
712.81,-0.0015357081754308697
712.99,-0.0012954451662919061
713.18,-0.0038229162522542283
713.37,0.002334373704065736
713.56,-0.001859574786674999
713.74,0.0032585198045135175
713.93,-5.874992156685205e-05
714.12,-0.0022961627487325196
714.31,-0.00028601314358551
714.49,0.003378382557600128
714.68,0.0003931405328704233
714.87,0.0003973255257152007
715.06,0.0015054217291245887
715.24,-0.0011882863465614553
715.43,-0.0009451769466120486
715.62,0.0021903690931758695
715.81,0.0002799785961050009
715.99,0.002668557764153483
716.18,0.001987066272771796
716.37,0.000749811088451455
716.56,0.0012074093706746813
716.74,0.0031834190429067574
716.93,0.0012145517569694913
717.12,0.0015605291548099138
717.31,0.0014480423444837233
717.49,-0.0007607106168797239
717.68,0.0006286253934074972
717.87,0.0029215240114946603
718.06,-0.0020345697321323773
718.24,-0.0005305831230737869
718.43,0.004494054359778996
718.62,0.004174818238125947
718.8,-0.0038607664921501686
718.99,0.006189814340176351
719.18,-0.0017223432567425704
719.37,-0.0017594704947819172
719.55,0.000414055577843526
719.74,0.004192582432650192
719.93,0.00017530271864942795
720.11,0.0018600873518817376
720.3,-0.003733217027899244
720.49,0.00501922752917217
720.68,-0.0037527685498728552
720.86,-0.0007855139966476033
721.05,0.0022857649585011036
721.24,0.00041724082318804457
721.42,0.0008918231794161933
721.61,-0.0034662385913723785
721.8,-0.0016545984948036936
721.98,-0.001518921099397093
722.17,0.002621808226302157
722.36,0.0027335687227578506
722.55,0.0011194675535105962
722.73,-0.0010288686393808862
722.92,-0.003581730515609664
723.11,-0.0003094262322140389
723.29,-0.002615422734906253
723.48,-0.0021133085530233102
723.67,0.00042589231059157143
723.85,-0.001560932149421043
724.04,0.0013925660813871735
724.23,0.001536154120521863
724.41,0.0005404942369747676
724.6,0.0010430650788455377
724.79,0.005696069980666258
724.97,0.004928620209752198
725.16,0.0009022702718670266
725.35,0.0022464320665381413
725.53,0.0025605267075075513
725.72,0.0047270822697950765
725.91,0.0010354156105500765
726.09,0.00740753796633098
726.28,-0.00313641713066224
726.47,0.0014133263959645126
726.65,5.7730435882423333e-05
726.84,-0.0005662053225099172
727.03,0.0010606966186973614
727.21,-0.0009602454704904542
727.4,0.004569956037698523
727.59,0.002181320406191775
727.77,-0.0037110416059054794
727.96,0.0021499150790183475
728.15,-0.0008044852601900309
728.33,0.0051189743047825535
728.52,0.0034039180938058725
728.7,0.002627905103084414
728.89,0.0020041711620822594
729.08,0.003259813660386691
729.26,0.006128386420319173
729.45,0.0050209500042618545
729.64,-0.0003128330526142426
729.82,0.0020641998149027252
730.01,0.003391730430932302
730.2,-0.0005644411069142866
730.38,0.0010531799998658418
730.57,-0.002168203274507522
730.75,0.003094305123137702
730.94,0.004420253923592297
731.13,0.002219562585769853
731.31,0.0012049179690199303
731.5,0.00119988060436068
731.68,0.0005723919213073979
731.87,0.007998393597232277
732.06,0.0005576153979009844
732.24,-0.00231682946542904
732.43,-0.003479162982396876
732.62,0.0003140664751181228
732.8,0.001955790317087228
732.99,-0.0004458638965232111
733.17,0.002629075795086391
733.36,0.0024984018628394504
733.55,0.0010979527726454558
733.73,0.004208040447906684
733.92,0.0009543655215352607
734.1,-0.005016678893746745
734.29,0.0037157322006087265
734.48,-0.0003283072283164233
734.66,0.0027692400479710924
734.85,-0.00019397101570982168
735.03,0.0013346837588105913
735.22,0.003930010461779714
735.4,0.003524449861389488
735.59,0.003751681113058264
735.78,0.0024623830390801574
735.96,0.0009418531516256652
736.15,-0.0023641269551320687
736.33,0.003697335162615018
736.52,0.00018909176313506326
736.7,6.040181500538356e-05
736.89,0.0009659642923416337
737.08,0.0031791249765759804
737.26,6.207268759101155e-05
737.45,-0.000827215810350174
737.63,0.002017510736056032
737.82,-0.0012299209256954064
738.0,0.002557133969160393
738.19,0.0030691482631443087
738.38,-0.0023071857021718174
738.56,0.0005727585350467911
738.75,-0.001402813582992929
738.93,0.0012326750171465005
739.12,0.0036906253453404215
739.3,-0.0015140614023940542
739.49,0.001656541235549466
739.67,0.00046016255898068554
739.86,0.00019420877966136015
740.04,0.0098868811863692
740.23,0.003042492783113867
740.42,0.0031077540487724543
740.6,0.0008488551779458134
740.79,-6.969080512791064e-05
740.97,-0.0004617324521664426
741.16,0.0036325722388146366
741.34,0.0004646591785114684
741.53,0.004475078788799852
741.71,0.004090685091142946
741.9,6.432664974532584e-05
742.08,0.0007548106149895219
742.27,0.0016804246283266232
742.45,-0.0016670647264324235
742.64,0.003563002295446925
742.82,0.00047205230241676637
743.01,-0.005987085615953046
743.19,0.004844160112239504
743.38,0.00034325062841845944
743.57,0.004628549570248754
743.75,-0.0007586687904785779
743.94,0.0018884527042188945
744.12,0.0014245648617447865
744.31,0.006322058387392498
744.49,0.0014476069232509795
744.68,0.0032110698989632606
744.86,0.0003352869778344614
745.05,-0.002249893381004627
745.23,-0.0019977771699426234
745.42,0.0015845387968535854
745.6,0.001046760510569162
745.79,0.0017504770011961058
745.97,0.0023820698848396535
746.16,0.006218471924829077
746.34,0.0046068894905983366
746.52,-7.199660293579083e-05
746.71,0.004419373963635514
746.89,6.54161038468219e-05
747.08,-0.003074563692264789
747.26,6.544335877298744e-05
747.45,-0.0014351282324093773
747.63,0.003096714963919583
747.82,0.004633034306361826
748.0,0.0011751760892834474
748.19,0.0021825895224538835
748.37,0.003189003731139476
748.56,0.0026113378338863727
748.74,0.0014714066414979188
748.93,0.0007556446055868075
749.11,0.0023262890989554363
749.3,0.003465456736806131
749.48,0.003485198791579175
749.67,0.0009218960824797267
749.85,-0.0010836715600158792
750.03,0.0013517821910782432
750.22,0.0013577897060666388
750.4,0.0034842063481901695
750.59,0.0013502404843430107
750.77,0.003232585204001643
750.96,0.003291777301543563
751.14,0.002239132709610888
751.33,0.000496139112265747
751.51,0.005089514238098021
751.69,-0.0035567141781924698
751.88,0.005276911650894229
752.06,-7.710961682814527e-05
752.25,-0.001822507735061893
752.43,-0.0022868482125025964
752.62,0.0008039447735925607
752.8,0.004320361701757417
752.99,0.0019499571738377766
753.17,0.0013886464309993617
753.35,0.0015357141915079441
753.54,0.005781236087599984
753.72,0.0013970445053916002
753.91,0.0005177474712194165
754.09,0.002300050428913153
754.28,0.0028891321555124944
754.46,0.00259083526032374
754.64,0.0021427829546755922
754.83,0.003011150941150021
755.01,0.0054642865034440855
755.2,-0.001091843723933073
755.38,0.0005172074655815909
755.56,-0.00022510247459122136
755.75,0.0020246909575517788
755.93,0.0023051909942657027
756.12,-0.0014250830760490763
756.3,0.00444615689349683
756.48,-0.0016199436257404388
756.67,-0.002624276142998002
756.85,0.00433452808954922
757.04,0.004154456343936986
757.22,-0.0005435183086995557
757.4,-0.003318515988482498
757.59,0.005370628273278286
757.77,0.0013218789203813584
757.96,0.0017649471207674399
758.14,-0.0029039825321306918
758.32,-0.001318922900028308
758.51,-0.003530342172059503
758.69,0.0036029360201389
758.87,0.005326643947508412
759.06,0.0030036728820998803
759.24,0.0008500345658368877
759.43,-0.0007101211154146984
759.61,0.0030545628555450847
759.79,0.0009951944114218948
759.98,0.003505393322862611
760.16,0.008189068853412473
760.34,-0.0047697702113884315
760.53,0.0008545486314580706
760.71,0.0008536153500356156
760.9,0.0016548827568720903
761.08,0.0014710360104922416
761.26,0.004929339004317474
761.45,-0.0008754338010857139
761.63,-0.0007084548088550599
761.81,-0.0033479314706117563
762.0,0.00555162231227616
762.18,0.0022733938328470715
762.36,0.00194605274605612
762.55,0.0022389243368237167
762.73,-0.0002367454574117143
762.91,-0.0017713494587850306
763.1,-0.006536391764542687
763.28,-0.0019065406441293761
763.46,0.0012932234541861236
763.65,0.006896401225323727
763.83,-0.0025171475541487954
764.01,0.0009734864288199662
764.2,0.006949098035550846
764.38,-0.0017474539241926622
764.56,0.0011421319099118082
764.75,0.0005273434404760468
764.93,0.002621546771967537
765.11,0.0024509029910222825
765.3,0.0029198930864936796
765.48,0.00022039238466177363
765.66,0.003368256006866999
765.85,-0.0003777975424350417
766.03,0.00124990910958174
766.21,-0.0021332998118111547
766.4,0.002138982274041757
766.58,-0.003588979480342713
766.76,-0.0012530394530384959
766.95,-0.0009420394037175984
767.13,0.003187783350360841
767.31,0.0005003585470832264
767.49,-0.002698049453240351
767.68,-0.0011134820707042437
767.86,-0.0024015758937181095
768.04,-0.0012209308013909595
768.23,0.0035340204664616164
768.41,-0.001346163130172292
768.59,0.0021764487097419034
768.78,-0.0019064090522242481
768.96,0.0033313915107464876
769.14,0.004004126045739621
769.32,-0.0012018335184322481
769.51,-0.0036373700435900075
769.69,0.0012010005788261869
769.87,0.001035444919764241
770.06,0.001977626229134279
770.24,0.0028367359044232897
770.42,0.004366472240785322
770.6,-7.350790209947024e-05
770.79,-0.001181357569681905
770.97,-0.001317499466584299
771.15,0.0007652626118649469
771.33,0.004887545803704152
771.52,0.0043537868590182265
771.7,0.0006203594691160356
771.88,0.005491740424354222
772.07,6.292646490168864e-05
772.25,0.003787320880848421
772.43,0.0012906261718204353
772.61,0.001550485590305216
772.8,0.0018159028479854198
772.98,0.0001984258859909922
773.16,0.0038301383253367452
773.34,-0.0003406002801352465
773.53,-0.0014254136597191293
773.71,0.001130178846603302
773.89,0.005226023692284694
774.07,0.0007400073465555168
774.26,-0.00020339025229483502
774.44,-0.0026857924075891115
774.62,0.004029267963205288
774.8,-0.0004731233617319831
774.99,0.00046829497439421843
775.17,0.0010198965764964224
775.35,0.0030039849565126706
775.53,0.00248320151651801
775.71,0.005596071422308362
775.9,0.0025730157998285976
776.08,-0.0017891725802285199
776.26,0.0022238961747917366
776.44,0.003238445869684334
776.63,0.0016836006035127915
776.81,0.0033995756891690367
776.99,0.0034136998267840263
777.17,0.0019618083747712373
777.35,6.250080511533828e-05
777.54,0.0047374102637643654
777.72,-0.001962427696516066
777.9,0.0031592050520167403
778.08,0.002363060935055968
778.27,-0.0011454986155941395
778.45,-7.18108297570347e-05
778.63,-0.0030084614479331485
778.81,-0.0007503289096310057
778.99,0.002652946299524651
779.18,-0.00047773515551228406
779.36,6.419520045319406e-05
779.54,0.002122115642227393
779.72,-7.270939439998629e-05
779.9,0.0034391570501202976
780.08,0.0016148756940699328
780.27,0.0023135458386742665
780.45,-0.0006383529985605313
780.63,0.0021492373230727
780.81,-0.0013288913213714666
780.99,0.004966934951335527
781.18,0.0013234487677551037
781.36,0.0031229675340354525
781.54,-0.0010591274469866933
781.72,-0.0021605341428955305
781.9,-0.0003548925957692507
782.08,0.00643387451985157
782.27,0.0020677691684977506
782.45,0.006413066200915773
782.63,-0.0015315762677364795
782.81,-0.002867042425785104
782.99,-0.0010825807939925762
783.17,0.0015263125055381974
783.36,0.0013833729395860658
783.54,0.0061700298650975574
783.72,0.0032569485827555395
783.9,0.0034575123397423218
784.08,0.0036985308628618738
784.26,0.0052193766703721054
784.45,0.0012946069040204338
784.63,0.0014532051922419985
784.81,0.0057195127240902074
784.99,0.002522983170010723
785.17,0.0008596508382019625
785.35,0.006643944343250018
785.53,0.0013132719655192281
785.72,0.002886818175429726
785.9,-0.0014731111339730287
786.08,0.004012814257306349
786.26,0.0028533722303257683
786.44,0.00023288163406609108
786.62,-0.0010311627027030036
786.8,-0.0015390165980238475
786.99,0.006805701584205147
787.17,0.004214175641618126
787.35,-0.003103514706109327
787.53,0.001525532241570615
787.71,-0.001707146510731337
787.89,0.0028648529086485355
788.07,-0.000407770493077466
788.25,0.0008901405087671004
788.43,-0.0012463890151025601
788.62,-0.0023656834740111536
788.8,0.0023690416952516177
788.98,0.003385647969949778
789.16,-0.002712538776907699
789.34,0.0026902899861167237
789.52,0.0021025513827292483
789.7,0.0013987060632571565
789.88,-0.0021985602090415068
790.06,0.0014334993270770742
790.25,0.0029043814480766384
790.43,0.0019300544397607017
790.61,0.004792754977289675
790.79,0.009591762045607157
790.97,0.0016416102369642312
791.15,0.006423486392407997
791.33,-0.0035288145297871576
791.51,0.0025239898237347964
791.69,0.0011245556317483565
791.87,-0.00025708977998558426
792.05,-0.0012934995621383403
792.24,-0.00043618620621617405
792.42,-0.00043201322464379746
792.6,8.178866184384791e-05
792.78,0.0028279344838170453
792.96,-0.001284670923532918
793.14,0.003046170461365948
793.32,8.07514943649702e-05
793.5,-0.006837448121385785
793.68,-0.00044399785011566624
793.86,-0.0009617821441421642
794.04,-0.0021978493510886004
794.22,0.005539273506140439
794.4,-0.001324446317526664
794.58,0.0004335120597754514
794.76,0.0013402568104985348
794.95,-0.003069047587557282
795.13,0.0007876765063917197
795.31,-0.0018610394226263411
795.49,-0.002080454181647985
795.67,-9.363075216066597e-05
795.85,-0.00045185204705688073
796.03,0.005647624144125774
796.21,0.009487658629008295
796.39,0.0011530077864878325
796.57,-0.003714626594435278
796.75,0.0031832585635685074
796.93,-0.003569852793710634
797.11,-0.0026543990799309876
797.29,0.004562714612220814
797.47,0.004752061712873193
797.65,0.005642326708767095
797.83,0.005090590107177693
798.01,-0.002105531470961725
798.19,-0.004175497569571062
798.37,0.0032831565349821516
798.55,0.0032423339196726362
798.73,0.0036860064540863127
798.91,-0.0010377863618532077
799.09,-0.0021849407475428716
799.27,0.003971393194539724
799.45,-0.0035801139992813285
799.63,0.0024912241722583467
799.81,0.003571753999008124
799.99,0.0021475774262607913
800.17,0.0026950927606311536
800.35,0.00994060984792987
800.53,0.0013770643533930422
800.71,0.0014124706812025864
800.89,0.00028426841889072133
801.07,-0.0016045194528527687
801.25,-0.007153146445126864
801.43,-0.005394127991598319
801.61,0.004759575996848879
801.79,-0.005406841318073876
801.97,0.016893955099846453
802.15,-0.00163403084603652
802.33,0.00681994643961505
802.51,-0.001474360012933222
802.69,0.000491348476211804
802.87,0.005936949609167763
803.05,0.005942738963559954
803.23,-0.0033100775473009643
803.41,0.010670367073209099
803.59,-0.0008984828556768124
803.77,0.0005010111381995913
803.95,-0.004707194645844945
804.13,0.004795456332684883
804.31,0.005354784487933734
804.49,0.005034364639862706
804.67,-0.0067024427495187555
804.85,-0.001678407021135462
805.03,-0.0012978460046722377
805.21,9.512985952007415e-05
805.39,-0.0005108154081691148
805.57,0.0003002820007738399
805.75,0.0034190599713124596
805.93,0.002568488710725356
806.11,0.0007157941272244404
806.29,-0.005634825326305194
806.47,0.004412072328715289
806.65,0.0021695401335113168
806.83,0.00342831130773718
807.0,-0.003012724453193114
807.18,0.001615584282239549
807.36,-0.0015755618537881529
807.54,0.0013585099434017202
807.72,0.010120779078354946
807.9,-0.00011187563691103686
808.08,0.00669390952931465
808.26,-0.0016051216648478271
808.44,-0.0028843108368335844
808.62,-0.0005353641123274548
808.8,0.004544682782055478
808.98,-0.0032771702617864556
809.16,0.005146991510452494
809.34,0.004993376601611204
809.51,0.0005196589161594339
809.69,-0.0052083930056758335
809.87,0.006152652636701223
810.05,0.007695291131100893
810.23,0.0014214747781069266
810.41,0.0014462542497284843
810.59,0.0005356537197525319
810.77,-0.003399863123416519
810.95,-0.0003369226829827005
811.13,-0.0023389635203198865
811.31,-0.0027502702497826464
811.48,-0.0036653470353763735
811.66,-0.00535975772228767
811.84,-0.0007695560187360525
812.02,0.000997268143179794
812.2,0.005517164195445327
812.38,-0.00434700101768986
812.56,-0.00034537149376827044
812.74,0.006793315909639525
812.92,0.004183295981021613
813.1,0.0022105932164257327
813.27,0.0021886276149445205
813.45,0.0038026855480509563
813.63,0.0017114356365889702
813.81,-0.0019864525777384843
813.99,0.00010853993896907847
814.17,0.0026773952780788667
814.35,0.013870932288070403
814.53,0.009137975688137963
814.7,-0.0029531790128428854
814.88,0.005431303787595661
815.06,-0.0010677372874384305
815.24,0.005274351555330042
815.42,-0.0036092692253991464
815.6,0.0063820203686479685
815.78,0.003317968245485123
815.95,0.0062498841551623645
816.13,0.0036727189819199166
816.31,0.011398365909961801
816.49,0.007185810590142444
816.67,0.005590421316426423
816.85,0.008499213514620019
817.03,-0.003528567946555159
817.2,0.0037592834898317637
817.38,0.002826488692715752
817.56,0.011355296223017008
817.74,0.00109254843294452
817.92,0.0008450997786977151
818.1,-0.0026071194759039536
818.27,0.0070717280202873154
818.45,0.015128141025250163
818.63,-0.001101230071365647
818.81,-0.00037101993817497395
818.99,-0.009657614963126854
819.17,0.0011215992218285144
819.34,0.0016265602184418935
819.52,0.004672153148357932
819.7,0.0013821555629262542
819.88,0.004235912284515665
820.06,0.0006301775229345275
820.24,0.002917793968428546
820.41,-0.0019067574646411635
820.59,-0.0026551137018199266
820.77,0.002162421250678349
820.95,0.003628263114462106
821.13,0.0006376574303797922
821.3,0.006293276102109641
821.48,0.005838999883163931
821.66,0.012018387438736278
821.84,0.0038177899712550792
822.02,-0.007158752564214084
822.19,-0.004788451938388761
822.37,-0.0019639581310024715
822.55,0.010742528729206103
822.73,0.004309050888959373
822.91,-0.0006766010565755797
823.08,-0.0028170857647179873
823.26,-0.00013917120235397114
823.44,0.0024668040132175078
823.62,0.007855910726631
823.8,0.006197069664560464
823.97,0.01089262184856052
824.15,0.0001287680631612372
824.33,0.0014503021224375478
824.51,0.0025450211634023548
824.69,0.0094197278570537
824.86,0.012745761795165757
825.04,0.0063359172223339
825.22,0.004178620734547323
825.4,-0.0028178397075684933
825.57,-0.0012062356346341859
825.75,-0.0034653233854110075
825.93,-0.00014433769128425108
826.11,-0.0009722564973195939
826.28,0.0006934875762760735
826.46,-0.003796516411025129
826.64,0.0009730206088790005
826.82,0.005988396415991407
826.99,-0.005989414198264109
827.17,-0.0016079171875571993
827.35,0.0004169576364924697
827.53,0.007139731139743745
827.7,-0.0012878754555897673
827.88,0.005470570249685999
828.06,0.0007222691235732146
828.24,0.009932721180027602
828.41,-0.004405987734269021
828.59,0.013174089902787688
828.77,0.006978874619280499
828.95,-0.006448822829841883
829.12,0.011357085266632247
829.3,0.0033943839922170906
829.48,0.00014010020908085806
829.66,-0.006368572769323579
829.83,-0.0013500717929360781
830.01,0.0019228282141639554
830.19,-0.0007520590692653774
830.36,0.00575991385135316
830.54,0.01060064760243861
830.72,0.009463688274826644
830.9,0.0055594832224865245
831.07,0.003933811132948122
831.25,0.004711849737895839
831.43,0.002289348522174287
831.6,0.0174000073151187
831.78,0.003902780576377777
831.96,-0.0010896428392915534
832.14,-0.006982481919463419
832.31,0.007313112157922887
832.49,-0.003624864421022618
832.67,0.005445341973530067
832.84,-0.0026483009434921036
833.02,0.009974354186256463
833.2,-0.000795595366760398
833.37,-0.0001672037280744035
833.55,0.001422836584413828
833.73,-0.01634033524778563
833.91,0.0010862945648123985
834.08,0.003985089535203169
834.26,0.01058053658841657
834.44,0.01153615530516369
834.61,0.008038963029398254
834.79,0.0026812154387914505
834.97,0.015762841047799712
835.14,0.0036702379267126465
835.32,0.010378078044949937
835.5,0.012714314350501668
835.67,-0.0008358291294179622
835.85,0.0031160758982831534
836.03,-0.0015013493063861473
836.2,0.008984042611635197
836.38,-0.00308927407307199
836.56,0.005135724750945423
836.73,-0.0049227828946693105
836.91,0.009507930082177839
837.09,0.00015773307469926673
837.26,0.004130267222451893
837.44,-0.004837328510775888
837.62,0.0011595979259419612
837.79,0.0018631965396728699
837.97,0.005419108066174908
838.14,-0.004508884096143159
838.32,0.011508184353569035
838.5,0.007616888597313498
838.67,-0.0072378501468733205
838.85,0.010455146299228744
839.03,0.008221555388242815
839.2,0.0032166125270748996
839.38,-0.0005292685508626942
839.56,-0.006836679053871103
839.73,0.003065428346425959
839.91,0.0036214169929176614
840.08,0.003992113416580617
840.26,0.0005272310316068055
840.44,0.0029992244043897066
840.61,0.0022814343995668077
840.79,0.004307147977305183
840.97,0.003739093240988491
841.14,0.01113051930125428
841.32,-0.002648673069208434
841.49,0.0008808584459195366
841.67,-0.0023098685474808294
841.85,0.004771156479918478
842.02,-0.005202838567731566
842.2,-0.0005484458335537729
842.37,0.0023391615165672328
842.55,-0.003878758002340227
842.73,-0.010345992640008753
842.9,0.007099882346305859
843.08,0.008700968323257039
843.25,-0.0031315832920587607
843.43,-0.000910788110263648
843.61,-0.0038349616962400986
843.78,-0.0013278702504273807
843.96,0.007604548205242553
844.13,-0.0016927025562631865
844.31,0.001322133334064061
844.49,0.0005597257480686874
844.66,-0.003237377164680214
844.84,-0.0058810627599444575
845.01,0.0050806597124713046
845.19,0.0017187286109548014
845.37,-0.004877912147163639
845.54,0.003989841050543941
845.72,-0.005625920184085554
845.89,0.011434161808811004
846.07,0.004466167624836333
846.24,-0.002916467521030461
846.42,-0.009731821872979657
846.59,-0.0021533939421959983
846.77,0.006683471435056203
846.95,-0.0014073050753359946
847.12,0.015173784036136258
847.3,-0.0018451130882854944
847.47,0.008031121523197984
847.65,0.012475570944040356
847.82,0.0066618461999543325
848.0,0.0192549314772448
848.17,0.0064720390158167105
848.35,0.0014223576942181688
848.53,0.0060740389565879255
848.7,0.010041288547391052
848.88,0.014301061552199276
849.05,0.002294522562805217
849.23,-0.004944850643910565
849.4,0.004662205724761752
849.58,0.003921066387094004
849.75,0.0022707152379772434
849.93,0.01102751108520361
850.1,0.019775793421855137
850.28,0.006925130252640988
850.45,0.0019210647922761927
850.63,0.003912966587456232
850.8,0.010089265454610186
850.98,0.00020030979209068517
851.16,-0.0019292151205108038
851.33,0.0019120282420261822
851.51,-0.0084449816213929
851.68,0.008175020258448467
851.86,-0.010529761748505603
852.03,0.002457351779358586
852.21,0.004745687554104279
852.38,-0.00954513485194274
852.56,0.004225449305039584
852.73,0.004726408952088096
852.91,-0.015147600126758143
853.08,0.00021801031471704575
853.26,0.003792850758167531
853.43,0.01557337753617891
853.61,-0.008204546258117397
853.78,0.0066888909210318665
853.96,0.0016022474633849277
854.13,0.007268701993358308
854.31,0.01471635917241471
854.48,0.01628262179767676
854.66,-0.0178997872614211
854.83,0.0030604450659467404
855.0,-0.009266450125196907
855.18,0.004968619693212075
855.35,0.015069024018463837
855.53,0.006478196414763733
855.7,0.009759954175720353
855.88,0.012410026867068494
856.05,0.00021963614171395144
856.23,-0.008620155869019132
856.4,-0.0012108268242061835
856.58,0.0031621373165600214
856.75,-0.018947293938670257
856.93,-0.0027445301353694208
857.1,0.017222942116320927
857.28,-0.0033319075583817925
857.45,0.00023781471873419196
857.62,0.011911477187467504
857.8,0.009866484392800202
857.97,0.018872710209598163
858.15,0.011911202623511119
858.32,0.003421264327376411
858.5,0.0038641501009293137
858.67,0.005635659640795197
858.85,0.0032807692938960384
859.02,0.0059024403786890455
859.19,0.012630496252439137
859.37,-0.0002760558196134638
859.54,0.0007721045607027301
859.72,0.007703723562134391
859.89,-0.010324649268108051
860.07,0.016316836717987063
860.24,-0.016929099217663304
860.41,0.004097253045322308
860.59,0.0038128771343025132
860.76,-0.00704450908518778
860.94,0.011177474570312445
861.11,0.008796515972621129
861.29,0.007606539771255506
861.46,0.015132425451535154
861.63,0.014099402801487556
861.81,-0.004044530415139237
861.98,0.0019365571826203743
862.16,0.005050049771664121
862.33,0.008820067917797526
862.5,0.011471870634551094
862.68,0.00143803573110618
862.85,0.016561786805149883
863.03,-0.0037297253976832324
863.2,-0.000914082680391505
863.37,0.006686922443022788
863.55,0.006587087325898698
863.72,0.017070208080273545
863.9,0.021418599247871425
864.07,0.014579471298608083
864.24,0.02029860209099688
864.42,0.0020176001639169686
864.59,-0.012433805824879638
864.77,-0.016620597302060627
864.94,0.02242603810853827
865.11,-0.020460331566332923
865.29,-0.007363496254828109
865.46,0.0031562237370436307
865.63,-0.0015192674667133233
865.81,0.0021263609260797857
865.98,0.003277219125514715
866.16,0.0026109770263429534
866.33,0.010003954391231324
866.5,-0.00435826477343476
866.68,-0.014605059403332217
866.85,0.0008487149956941947
867.02,0.027869280368972987
867.2,0.012830350905475869
867.37,-0.008343519629788182
867.54,0.0008626489862292767
867.72,0.018611783146488592
867.89,0.0032155836358293624
868.06,0.002084228759765121
868.24,0.014143796346673685
868.41,0.014067502452380719
868.59,0.023671306872725492
868.76,-0.0003265121175976462
868.93,0.016396218553862012
869.11,0.007316769478498175
869.28,-0.013231812922985583
869.45,0.0040790043510891575
869.63,-0.002281825181022446
869.8,-0.012403387685256872
869.97,0.014075141305552503
870.15,-0.01323649424206969
870.32,0.009684821108901908
870.49,0.011124828500816579
870.66,0.004133722119204714
870.84,0.005470700969858902
871.01,0.0022996284848903945
871.18,0.0029176554537623457
871.36,0.0003189388830322345
871.53,-0.008578585309264994
871.7,0.010962754407008144
871.88,-0.0064844937615204145
872.05,-0.0037094154472898317
872.22,0.012061097031349482
872.4,-0.014243590384327027
872.57,0.004309921443955475
872.74,-0.012482669346068129
872.92,-0.001663153461985207
873.09,-0.014122127497917638
873.26,-0.020026689241113116
873.43,0.007350954411961553
873.61,0.003766837466287946
873.78,0.0052412303390776014
873.95,0.004620746870914494
874.13,0.006176741355840655
874.3,0.007623911477771259
874.47,0.0017862482287022033
874.64,0.010117547257996134
874.82,0.01592042590388622
874.99,0.011931594622835
875.16,-0.006160313653759686
875.34,-0.00630140991056832
875.51,-0.009353524557365838
875.68,0.008733516822084408
875.85,0.01256893148985348
876.03,-0.011689208399333873
876.2,-0.0018836731358200384
876.37,0.02912713658186051
876.54,0.017895238020081205
876.72,0.004063379096439163
876.89,0.012975563623540378
877.06,0.0049494190829131165
877.23,0.010447090854820337
877.41,0.013591298434915983
877.58,-0.0011413287214701094
877.75,0.02202152844459442
877.92,0.03032815656879738
878.1,-0.012005506347595113
878.27,0.012909131837622902
878.44,0.005289231900036783
878.61,0.013893934669615023
878.79,-0.01683416270172527
878.96,0.01973248496248563
879.13,0.029144154725550108
879.3,-0.0037351624454484986
879.48,0.02375808682590455
879.65,0.01881504165260948
879.82,0.0028233462943945925
879.99,-0.010941441035204004
880.16,0.021933616131561518
880.34,0.018641028165946063
880.51,0.015821566011517272
880.68,0.018566154171552666
880.85,-0.005371395763847958
881.03,0.021892439209139143
881.2,-0.008648070508218145
881.37,0.017725747032337324
881.54,0.02056225557701947
881.71,0.01616777967740009
881.89,0.022712328679246527
882.06,-0.032255810333929394
882.23,0.030305201551574245
882.4,-0.011450788402461231
882.57,0.028993143580515742
882.75,0.025096470006309823
882.92,0.015468497705362893
883.09,0.011353254195661107
883.26,0.02132833874304994
883.43,-0.03154836440842294
883.61,0.03379200303322331
883.78,0.017778319260002097
883.95,-0.014778008265393053
884.12,-0.015157462782573664
884.29,0.00953254195661076
884.47,0.02168528760180422
884.64,0.028417192580153797
884.81,-0.004100402875167286
884.98,-0.0014136085601481763
885.15,0.01133262075435314
885.32,-0.019980837091911813
885.5,0.022156505766293355
885.67,0.036692683763616125
885.84,0.00987412274304558
886.01,-0.017974499981790393
886.18,-0.011847865649353483
886.35,-0.001466493217900151
886.53,-0.0051503727904833345
886.7,0.02215371452434875
886.87,0.016600190712506062
887.04,-0.0024611657453340744
887.21,-0.004160676812240748
887.38,0.026658893919454363
887.55,0.007314178660346766
887.73,0.016775521623049888
887.9,-0.012829915774894809
888.07,0.022903024896056057
888.24,0.03708291950119436
888.41,0.016612910833040104
888.58,0.014369745642072508
888.75,-0.002587060282552575
888.93,0.011523409975392192
889.1,-0.02099403327475345
889.27,-0.0066385033192516195
889.44,0.007852284799383049
889.61,0.026219225457198014
889.78,0.01897459584295616
889.95,0.0024799742977918873
890.12,0.020572440606721715
890.3,0.005911824036753631
890.47,0.01798429290292485
890.64,0.028307096975065924
890.81,-0.005114538858714374
890.98,0.01629456759347312
891.15,0.0434021147488495
891.32,-0.015497837823319234
891.49,0.012107199398626449
891.66,0.027618171923964686
891.84,0.018498417522651748
892.01,-0.014400416582112198
892.18,0.0449944611742311
892.35,-0.0005682894487591925
892.52,-0.01076043600536731
892.69,0.026556687186974265
892.86,-0.018326507433273496
893.03,0.02019880183933008
893.2,0.03335761680678891
893.37,-0.003923168288322832
893.55,-0.019891947835287988
893.72,0.011450576855752669
893.89,0.03902872782283679
894.06,0.0026789161113212902
894.23,-0.009888767011306764
894.4,-0.0063369161440874925
894.57,0.013102912717097927
894.74,-0.00623683751354286
894.91,-0.01829474648139665
895.08,0.011513528692852637
895.25,-0.007415094108370636
895.42,0.017277186160576243
895.59,-0.008989893349712388
895.76,0.023842874427019167
895.94,0.0005828568886120927
896.11,-0.011543439326131527
896.28,-0.029254166756043625
896.45,-0.013966297863439626
896.62,0.013779723195651374
896.79,-0.026458647537693916
896.96,0.020567174670658474
897.13,0.027388191555124976
897.3,0.0006006887286033799
897.47,-0.009000640752733902
897.64,0.002997342966715143
897.81,0.006826474693571673
897.98,-0.006830109361738008
898.15,0.01679826630868228
898.32,-0.020096480601101214
898.49,0.04479678677555167
898.66,0.011501583488041983
898.83,-0.031972068926680884
899.0,0.011671668388086346
899.17,0.025573964975666358
899.34,0.017724106635415657
899.51,0.015618875999549546
899.68,0.03657325046785117
899.85,-0.03360322226424202
900.02,-0.0019867890217050346
900.19,0.026856780335923522
900.36,0.009955375759115427
900.53,-0.00625114819540915
900.7,0.011363581530681722
900.87,0.01579033368158889
901.04,-0.007558434022296588
901.21,0.004934420780814619
901.38,0.008907748602439163
901.55,0.0018971987327269606
901.72,0.004582646727800334
901.89,-0.01696459582222578
902.06,0.04195363746690773
902.23,-0.013281058072667237
902.4,-0.030507318736452366
902.57,0.04811250181997103
902.74,0.008810723713531542
