Wavelength [nm],#15-inconnu.csv
400.08,0.7393551646579322
400.29,0.8152479823585386
400.5,0.8214461754469821
400.71,0.8789705463739723
400.92,0.8493957298580839
401.13,0.8861374133015731
401.34,0.7615982529702995
401.54,0.9127912657557353
401.75,0.8461474803585375
401.96,0.8782914098641359
402.17,0.8692082824534416
402.38,0.8286041019266626
402.59,0.7964231879371751
402.8,0.8734670866500122
403.01,0.7976994988575116
403.22,0.8373141741537947
403.43,0.8180492956698946
403.63,0.7481383867795182
403.84,0.7748777119853957
404.05,0.7718391383853365
404.26,0.810326411729554
404.47,0.8366171522604723
404.68,0.719351005056163
404.89,0.8169420096870016
405.1,0.8365249405568481
405.31,0.8705616367828443
405.52,0.8555573758981441
405.72,0.8180620116815412
405.93,0.8157997377831872
406.14,0.806689118252594
406.35,0.8304590454093167
406.56,0.8272285880753545
406.77,0.8568686517417204
406.98,0.7724822434433314
407.19,0.8572271652213087
407.39,0.9396698542697685
407.6,0.812900670037442
407.81,0.8932436371375563
408.02,0.8851352214786827
408.23,0.9040646499945397
408.44,0.8555441491451529
408.65,0.8817098321863535
408.86,0.8432736466414852
409.06,0.8599128531079427
409.27,0.8659939182340354
409.48,0.9293678250964417
409.69,0.9541323839089942
409.9,0.8987457846451817
410.11,0.860514104919202
410.32,0.8759740287866384
410.52,0.9222260730137919
410.73,0.8440472534447107
410.94,0.8279876897194599
411.15,0.8457973301120465
411.36,0.7932493646671412
411.57,0.7926429324082734
411.78,0.7778952422839942
411.98,0.7952778708633793
412.19,0.7838073329126036
412.4,0.7180673154551926
412.61,0.7379230325907323
412.82,0.7956138331091371
413.03,0.7852510971276343
413.23,0.7996438373384174
413.44,0.7882418920785325
413.65,0.7049938221903953
413.86,0.7284136168933644
414.07,0.7503841428823678
414.28,0.8316947051091198
414.48,0.8493026741122497
414.69,0.6949239688892129
414.9,0.8165976367163864
415.11,0.7624097930074155
415.32,0.7267450769340016
415.53,0.744695248682875
415.73,0.7570818721779331
415.94,0.7457983577476638
416.15,0.7762465024278941
416.36,0.7820782911175347
416.57,0.7409777004782906
416.78,0.7421274669496463
416.98,0.7554469431780436
417.19,0.7940673770782067
417.4,0.8053880482877481
417.61,0.7652511681146911
417.82,0.8038745213438213
418.02,0.782130852229465
418.23,0.8112578067681167
418.44,0.8435290018493489
418.65,0.7661344891278506
418.86,0.9491415549448583
419.07,0.9055898236638207
419.27,0.9118117153280219
419.48,0.8558017065589674
419.69,0.8313089147651779
419.9,0.8087974422793405
420.11,0.7974747288237447
420.31,0.9204808371200464
420.52,0.8662170569814965
420.73,0.8830672445639253
420.94,0.8031783271268381
421.15,0.8068286479381968
421.35,0.8618040919444737
421.56,0.783947810552046
421.77,0.8214736053461591
421.98,0.7977374081207755
422.19,0.8833212620944528
422.39,0.8646720538223178
422.6,0.9619315807768879
422.81,0.8548714953652194
423.02,1.0029926046066018
423.22,0.8738789370511939
423.43,0.9845778854921866
423.64,0.8446191649541103
423.85,0.8709065755995627
424.06,0.9018553365346714
424.26,0.8888370543152283
424.47,0.9204146942447882
424.68,0.8828840280224151
424.89,0.8825093709667456
425.09,0.837006131948651
425.3,0.8811576048594749
425.51,0.8515405512085259
425.72,0.8717565343706752
425.93,0.8734145414692204
426.13,0.8649454584970004
426.34,0.8834837030337599
426.55,0.8770139213539199
426.76,0.8370720488118583
426.96,0.7510157519179161
427.17,0.827092493973704
427.38,0.8305648804744261
427.59,0.8434670314369562
427.79,0.8040003065368994
428.0,0.8117701618513194
428.21,0.785207615798592
428.42,0.8075408746145847
428.62,0.7616898377877692
428.83,0.7896891058968911
429.04,0.8374579074573759
429.25,0.7997302486472763
429.45,0.7420311257847223
429.66,0.7498979566336518
429.87,0.8006234957760584
430.08,0.7709198300079234
430.28,0.7891376689270971
430.49,0.7419037736879471
430.7,0.7636529329385287
430.91,0.8047315170445205
431.11,0.7934221556242688
431.32,0.7994245642437947
431.53,0.749685299875897
431.74,0.6889162855659311
431.94,0.7481932148362367
432.15,0.7584103348747888
432.36,0.7588250586389912
432.56,0.7659604321593939
432.77,0.767273176747544
432.98,0.7130803077590301
433.19,0.7591444855616366
433.39,0.8027568630678544
433.6,0.7933019873892991
433.81,0.7818681630875044
434.02,0.7322606731692763
434.22,0.779434506760046
434.43,0.78043737853217
434.64,0.7525180397883905
434.84,0.7757373004009775
435.05,0.7386670036009856
435.26,0.7654408065816896
435.47,0.8477010954070247
435.67,0.8158925707537761
435.88,0.7860421058592473
436.09,0.8318326702496452
436.29,0.8008916777568778
436.5,0.8064475753142821
436.71,0.7971078573692636
436.92,0.7825891251813685
437.12,0.7634361376391526
437.33,0.767718785641972
437.54,0.7497407923337961
437.74,0.7792918679103835
437.95,0.8349656494438793
438.16,0.761536458146664
438.36,0.7925834962120007
438.57,0.730960913532274
438.78,0.8126913699782147
438.99,0.7476497820273205
439.19,0.7626736297409117
439.4,0.8100333670153604
439.61,0.7357796367288449
439.81,0.753642081402589
440.02,0.7837972109306262
440.23,0.7494243322606313
440.43,0.7323198270131136
440.64,0.7247016033897764
440.85,0.7727988385145871
441.05,0.7564702266727004
441.26,0.7552424647192055
441.47,0.7569050978776213
441.67,0.703605319093667
441.88,0.7347735846893024
442.09,0.7354482588236909
442.29,0.7357481029155434
442.5,0.7850520740008002
442.71,0.7696530971041742
442.91,0.7737780255084162
443.12,0.8170192759755525
443.33,0.7708358720350951
443.53,0.7795095553927511
443.74,0.7878844656139599
443.95,0.7503994938581454
444.15,0.8056120987988661
444.36,0.7897636899437166
444.57,0.7608993532512388
444.77,0.798391138559323
444.98,0.854369354015926
445.19,0.8143773572006426
445.39,0.9053815837963322
445.6,0.7998069081450688
445.81,0.8678941971997406
446.01,0.8287279375163229
446.22,0.8524919461815426
446.43,0.795417254074776
446.63,0.8459196906616092
446.84,0.8636203517006935
447.05,0.8644257830748721
447.25,0.8510676600405591
447.46,0.8628335203973907
447.67,0.9085882459941186
447.87,0.8922921157349236
448.08,0.9248458125776701
448.28,0.9130419127988748
448.49,0.9175558030565643
448.7,0.955850456310574
448.9,0.9592821806528055
449.11,0.9402886678618291
449.32,0.9304072601096679
449.52,0.9057447781207141
449.73,0.8852014401178656
449.93,0.9894637104415388
450.14,0.8894199254384095
450.35,0.9703474412641193
450.55,0.8970613769918392
450.76,0.963491907153879
450.97,0.9090632420805065
451.17,0.9462713274078771
451.38,0.914112527007182
451.58,0.9305257584581987
451.79,0.9262634341722987
452.0,0.924961796530126
452.2,0.8906965799491252
452.41,0.9029163928154521
452.62,0.9858394746546971
452.82,0.9392878016110884
453.03,0.9199037051739262
453.23,0.9044242463310342
453.44,0.9182037183471561
453.65,0.9243381489182445
453.85,0.9592286102890802
454.06,0.9051218594165336
454.26,0.9115423946911828
454.47,0.889959235128701
454.68,0.9522140267726603
454.88,0.898493791868421
455.09,0.8913911890125389
455.29,0.8980291694564932
455.5,0.9016033509296255
455.71,0.8928286369469175
455.91,0.9254548531937189
456.12,0.9151209011206035
456.32,0.9797645160973019
456.53,0.9155990041896898
456.73,0.9224635526240448
456.94,0.9332806206453893
457.15,0.9508838587725714
457.35,0.9098325363843109
457.56,0.9448339383228903
457.76,0.9304028433853829
457.97,0.9341659124745517
458.18,0.9217979808751258
458.38,0.9060090503212811
458.59,0.9033610057393514
458.79,0.9031523282923474
459.0,0.901145047262756
459.2,0.9673723209515385
459.41,0.929789843502689
459.62,0.9323756039767527
459.82,0.9220704105656655
460.03,0.9087316995942039
460.23,0.8923238952609658
460.44,0.9148002638791973
460.64,0.9038761243767383
460.85,0.854944147684585
461.06,0.8995055684780057
461.26,0.8883000623366144
461.47,0.9205448274531877
461.67,0.8757624968550028
461.88,0.9202373159160951
462.08,0.9054073625562522
462.29,0.9201336067772558
462.49,0.8860477002565673
462.7,0.884990069368508
462.91,0.8884390171431303
463.11,0.8752992393300817
463.32,0.8761201291799654
463.52,0.8860205160488447
463.73,0.9096281637954025
463.93,0.8682694571218116
464.14,0.8877209209116624
464.34,0.8887254835822641
464.55,0.8963960855222294
464.75,0.8602881442805888
464.96,0.9139103857770969
465.16,0.8950232113503293
465.37,0.9207591347027814
465.58,0.8843456318312037
465.78,0.8682347477479323
465.99,0.8980169579512026
466.19,0.8893375035541655
466.4,0.8760527292300703
466.6,0.9134663862783122
466.81,0.9218463591767772
467.01,0.9186732162886492
467.22,0.9058723134836796
467.42,0.8901993030795258
467.63,0.8874319101791875
467.83,0.9092658304711665
468.04,0.9271576645656074
468.24,0.9126725206212806
468.45,0.8657386459955632
468.65,0.887065014702941
468.86,0.893437129784582
469.06,0.8769589726868904
469.27,0.919230626472685
469.47,0.9465901595250751
469.68,0.9129238498246562
469.88,0.9212865960699926
470.09,0.8803919900192831
470.29,0.9095922981213843
470.5,0.8986532924233206
470.7,0.8956995254364867
470.91,0.909402254413943
471.11,0.9358353410071086
471.32,0.9003918722950696
471.52,0.8928280270809924
471.73,0.8933945399275762
471.93,0.9095595047397339
472.14,0.8763670239606958
472.34,0.9004153335144757
472.55,0.9234694957965398
472.75,0.9185636122777343
472.96,0.9278105576449099
473.16,0.932934640962061
473.37,0.9227997432129634
473.57,0.9214057433283416
473.78,0.9001587946224895
473.98,0.889246267444898
474.19,0.9224500533591443
474.39,0.8986312693777471
474.6,0.9065360187460196
474.8,0.9116278459577586
475.01,0.9474794546427784
475.21,0.9267716153360922
475.42,0.9109721114994924
475.62,0.9006354787029417
475.83,0.9202325969352494
476.03,0.8915387508311755
476.24,0.9272572964677266
476.44,0.892796524934393
476.64,0.937113061519255
476.85,0.8955975190606471
477.05,0.8896820422170013
477.26,0.904402772299747
477.46,0.9268379370501304
477.67,0.911789866327249
477.87,0.9089448455045611
478.08,0.9058930000924006
478.28,0.901786112483549
478.49,0.9268257567259376
478.69,0.9107980688493401
478.9,0.9146292932496818
479.1,0.9117814509580654
479.3,0.9180496036065493
479.51,0.9059346743476256
479.71,0.8873932751879503
479.92,0.8963627321093479
480.12,0.9018454707967507
480.33,0.8996271820398295
480.53,0.8868252903110221
480.74,0.9211152920856209
480.94,0.8975152168425102
481.14,0.886443432904394
481.35,0.8978792454819072
481.55,0.9195611364849449
481.76,0.9135453966213456
481.96,0.9094546505747717
482.17,0.904089979707234
482.37,0.8928381074094858
482.57,0.8730951461417711
482.78,0.8945020578514978
482.98,0.8708679594740728
483.19,0.8744753935972832
483.39,0.8882686372724296
483.6,0.8691581217497927
483.8,0.9095296384365905
484.0,0.8589392651210058
484.21,0.8795173818329777
484.41,0.9006530198278725
484.62,0.9003296571177212
484.82,0.881850150354899
485.02,0.872656220456373
485.23,0.8686388963865119
485.43,0.8917645570598798
485.64,0.892839435683457
485.84,0.8919225880263724
486.05,0.9009186548114694
486.25,0.8919325804575085
486.45,0.9033523333215836
486.66,0.9022026932581602
486.86,0.8800992783087278
487.07,0.8785358961625851
487.27,0.9013456012471988
487.47,0.8741537167128574
487.68,0.8895102909865152
487.88,0.9034945826741929
488.09,0.9387346576474549
488.29,0.9212988835674564
488.49,0.9009459063718617
488.7,0.924059413622
488.9,0.8872194562172553
489.1,0.8902962947379427
489.31,0.893750011923696
489.51,0.9065089226053794
489.72,0.919384368447929
489.92,0.88678859916711
490.12,0.9088897992625973
490.33,0.9215546855431325
490.53,0.8974353808523967
490.74,0.9138121078250042
490.94,0.9017114677715747
491.14,0.8970950682938897
491.35,0.9129909216650904
491.55,0.9061886885774135
491.75,0.8968616189095707
491.96,0.9187056754331402
492.16,0.9020714049743652
492.36,0.9191812789384408
492.57,0.9212102008060951
492.77,0.9065805841473829
492.98,0.8852684569962469
493.18,0.8949094607041886
493.38,0.892484947314865
493.59,0.9067438033874363
493.79,0.9053556885864505
493.99,0.9014977510806902
494.2,0.8811539461508082
494.4,0.8948477210116607
494.6,0.884229694452563
494.81,0.8925209907749814
495.01,0.8942933157557311
495.22,0.9040436402732648
495.42,0.8971725860395176
495.62,0.8847790966546695
495.83,0.8898522610872892
496.03,0.8889852993945534
496.23,0.882047934388825
496.44,0.9020807243727165
496.64,0.9013497480908187
496.84,0.8934362969548916
497.05,0.9092698049797453
497.25,0.8977561256515648
497.45,0.8766555280884472
497.66,0.8771362835615462
497.86,0.8739639812749415
498.06,0.9187511037412385
498.27,0.8793477117077232
498.47,0.8934933912266139
498.67,0.8739865768594384
498.88,0.9028144333348151
499.08,0.9045439983351907
499.28,0.9083296616354558
499.49,0.9007764240666559
499.69,0.8948723091139701
499.89,0.9042684740244494
500.1,0.9185323126642904
500.3,0.9072215272408904
500.5,0.9097003695559635
500.7,0.9015998761952752
500.91,0.9257725763977028
501.11,0.8994881191270881
501.31,0.9216033600091785
501.52,0.9330020117098254
501.72,0.9327227899032786
501.92,0.9207546580119098
502.13,0.9110168847789724
502.33,0.914700583559561
502.53,0.9285448715338249
502.74,0.9168316224620373
502.94,0.9468421515181374
503.14,0.9389719857647534
503.34,0.9076526480633018
503.55,0.9158394405900483
503.75,0.9571125631793496
503.95,0.9417124862050784
504.16,0.9502449064460008
504.36,0.9377762287893072
504.56,0.9297938576640459
504.76,0.955982500668971
504.97,0.9320294457050041
505.17,0.9506688723904818
505.37,0.9453660499673935
505.58,0.9421196570501988
505.78,0.9373532491250518
505.98,0.9480629741627827
506.18,0.9555426660928114
506.39,0.942051446204274
506.59,0.9248849754206225
506.79,0.9401161596976397
507.0,0.9161815947802315
507.2,0.9148553574819305
507.4,0.9372730524013915
507.6,0.9125405589000141
507.81,0.9073109680694098
508.01,0.9249356470985024
508.21,0.9258332107442859
508.41,0.9139927457059078
508.62,0.9065742659995535
508.82,0.9182434309122532
509.02,0.9213892101334159
509.23,0.9187896017492602
509.43,0.9033961573033167
509.63,0.9212552349319134
509.83,0.9065050745792811
510.04,0.9185468124989336
510.24,0.9199996883699166
510.44,0.9260109588480194
510.64,0.9191875024650427
510.85,0.9098820238820956
511.05,0.8960947657666936
511.25,0.9004556990436645
511.45,0.931208571670621
511.66,0.9166173430698662
511.86,0.9007014025692143
512.06,0.912991719282984
512.26,0.9054391409125152
512.46,0.926277333133453
512.67,0.9259062183207454
512.87,0.9256405792395217
513.07,0.9275715216193197
513.27,0.9281668205944624
513.48,0.922681111533805
513.68,0.909578505770362
513.88,0.9296717570699663
514.08,0.9033861663297967
514.29,0.9126375652030381
514.49,0.9157147908051674
514.69,0.9214562529979852
514.89,0.9174945466269578
515.09,0.9099767069474934
515.3,0.9348327745703566
515.5,0.9223998692199141
515.7,0.9238889970324702
515.9,0.9274055855248621
516.11,0.923705117570344
516.31,0.9138682177792572
516.51,0.9216691445902533
516.71,0.8914222504689668
516.91,0.9144832928741421
517.12,0.8972243560044776
517.32,0.913679994714097
517.52,0.9238671704624151
517.72,0.8910423693791707
517.92,0.9042709213690014
518.13,0.9105721958734416
518.33,0.9160297844921408
518.53,0.8899954464476927
518.73,0.8822005531843163
518.93,0.884893389934628
519.14,0.8927437340685279
519.34,0.8857897931029899
519.54,0.8880958410160288
519.74,0.873358197330794
519.94,0.8654211995598208
520.15,0.8815469762134829
520.35,0.8577608851570816
520.55,0.8651117596413895
520.75,0.859809896544985
520.95,0.8568720547290795
521.16,0.8574636335390715
521.36,0.8548763712038376
521.56,0.8460490845154829
521.76,0.8356097452459872
521.96,0.8311045455744518
522.16,0.81786555684358
522.37,0.8154112999939022
522.57,0.8235122220456498
522.77,0.8214580722141146
522.97,0.8172554918551368
523.17,0.7799520171203548
523.37,0.8028874241141666
523.58,0.801455648545771
523.78,0.786680725207608
523.98,0.8074777751849872
524.18,0.7892986512784314
524.38,0.79689917898582
524.58,0.7956531909499794
524.79,0.7833829192667884
524.99,0.79580942170274
525.19,0.7998348494490576
525.39,0.777262490202756
525.59,0.7907888932882188
525.79,0.797241419874717
526.0,0.7909582660672421
526.2,0.7854172360787233
526.4,0.7834395052570508
526.6,0.780354833712023
526.8,0.8064864092271088
527.0,0.777528245927066
527.2,0.7703566481928126
527.41,0.7704754387150755
527.61,0.7786380016002744
527.81,0.7882845382951209
528.01,0.8019148867529171
528.21,0.7979231680895016
528.41,0.7783479550745884
528.61,0.7903089516258225
528.82,0.7985217280983787
529.02,0.8024815754968642
529.22,0.8099350808698766
529.42,0.7828289508641146
529.62,0.769185929761411
529.82,0.8032588125442794
530.02,0.7919672820145617
530.22,0.792333494473746
530.43,0.7894003018739204
530.63,0.8011196881115559
530.83,0.8202278074245895
531.03,0.8189663304089303
531.23,0.8212567856823121
531.43,0.8046515546348011
531.63,0.8341679034376743
531.83,0.8380130376197239
532.03,0.8401121593360841
532.24,0.8353558032084483
532.44,0.8430299174948254
532.64,0.8406930821596601
532.84,0.8551993472426294
533.04,0.8386253889759107
533.24,0.8518751792599379
533.44,0.8564946247371473
533.64,0.8523945145689196
533.84,0.8555521208095185
534.04,0.8582295695040585
534.25,0.8581226340913181
534.45,0.848620248298766
534.65,0.856738284212511
534.85,0.8586090676308518
535.05,0.8632806151953436
535.25,0.8592028254016134
535.45,0.8824802363557374
535.65,0.8744985181940849
535.85,0.8717272133087195
536.05,0.8832175859340945
536.25,0.8774555392194775
536.46,0.8851532566680335
536.66,0.8733185332514283
536.86,0.8871841060874596
537.06,0.8903004496464969
537.26,0.887840159110686
537.46,0.8985590115831075
537.66,0.8841019419777575
537.86,0.8901436735014576
538.06,0.8810957297467423
538.26,0.8720809359745704
538.46,0.8911193102162174
538.66,0.8808891898498505
538.86,0.8883272306721752
539.07,0.8876257154055427
539.27,0.8899355804941657
539.47,0.8914437172529815
539.67,0.8749657513291212
539.87,0.8778524748591058
540.07,0.8884917425648188
540.27,0.8915313299668878
540.47,0.8860735742217403
540.67,0.8832513735758646
540.87,0.88295485604294
541.07,0.9040936486821071
541.27,0.8788814489896918
541.47,0.8833446095934635
541.67,0.881349201908335
541.87,0.881559577557644
542.07,0.8571500657718611
542.27,0.8795394235203425
542.47,0.8669644961005673
542.67,0.8650354816409431
542.87,0.8600996548950001
543.08,0.8434362762735721
543.28,0.8520095821133884
543.48,0.8580245858844748
543.68,0.8842775897366594
543.88,0.8575398562204102
544.08,0.8763422691716078
544.28,0.8742194890293861
544.48,0.8682992640953041
544.68,0.8677769613222762
544.88,0.8755009805117282
545.08,0.8787256576712894
545.28,0.8606672031847673
545.48,0.86292033450956
545.68,0.8549930093983708
545.88,0.8544174922241449
546.08,0.8793072199016215
546.28,0.857436384472106
546.48,0.8631502775807666
546.68,0.8671586575813829
546.88,0.8696501298111682
547.08,0.8773172823470031
547.28,0.8560509887330638
547.48,0.8538096574947253
547.68,0.8689240906737459
547.88,0.8632190166664802
548.08,0.8640109386417651
548.28,0.8566516068361313
548.48,0.8686709048234036
548.68,0.8743099556534398
548.88,0.8727563792510932
549.08,0.8774984247321086
549.28,0.8609123695042846
549.48,0.8606034209185969
549.68,0.8579710417344133
549.88,0.8779250963829172
550.08,0.8563037939485043
550.28,0.8863407395382518
550.48,0.8717663489390177
550.68,0.8701161519929472
550.88,0.8903306587487865
551.08,0.8858541815287186
551.28,0.900243895601469
551.48,0.9014739168686882
551.68,0.8930106284614917
551.88,0.8933936193575213
552.08,0.9122025057176276
552.28,0.9034508430286121
552.48,0.90024732219105
552.68,0.8942072705971894
552.88,0.8857313792196784
553.08,0.922533134858696
553.28,0.8855218929231535
553.48,0.8978336184203564
553.68,0.9172311435686105
553.88,0.9319427151238285
554.08,0.9197746422467753
554.28,0.9395771730982118
554.47,0.9314788695782593
554.67,0.9353224119954638
554.87,0.9332258246472814
555.07,0.944093044690606
555.27,0.9136298374331984
555.47,0.912261848166096
555.67,0.9416214486529408
555.87,0.9243605188918782
556.07,0.9372419330663199
556.27,0.9338899617871786
556.47,0.9251006840672357
556.67,0.9310765320458314
556.87,0.9465337843300186
557.07,0.9393230433667017
557.27,0.9369189074830374
557.47,0.960651935988718
557.67,0.9493528081732406
557.87,0.9639869659522594
558.07,0.9649050394255712
558.26,0.9620425029301003
558.46,0.969747470979271
558.66,0.9689937190046731
558.86,0.9583142409480256
559.06,0.9651542370959497
559.26,0.954533866789865
559.46,0.9609213807841106
559.66,0.9625282217754164
559.86,0.9718408903181472
560.06,0.9628450634351247
560.26,0.9806415084296464
560.46,0.9737492296009033
560.66,0.9502138601176098
560.86,0.9600616354458986
561.05,0.9664305623580747
561.25,0.9595526793588399
561.45,0.980698979406465
561.65,0.9748755384003065
561.85,0.970788527116804
562.05,0.9523367248301534
562.25,0.9615554136409846
562.45,0.9678522671910886
562.65,0.96500556882705
562.85,0.9525191975221368
563.05,0.9566789346568166
563.24,0.98489920150454
563.44,0.9591555732034684
563.64,0.9693174758301246
563.84,0.9583599389930301
564.04,0.9600336879147288
564.24,0.9440255762301585
564.44,0.9654543581399351
564.64,0.9529628131092066
564.84,0.9922951329359615
565.03,0.9637941062599297
565.23,0.966870173136935
565.43,0.9661965339004949
565.63,0.9640149576550348
565.83,0.9372341240781221
566.03,0.9328055606493245
566.23,0.9491284026821405
566.43,0.9647649198224448
566.63,0.9500760221452279
566.82,0.9436396856124944
567.02,0.9307649590303959
567.22,0.9587790359237913
567.42,0.9392731990399469
567.62,0.9601470686818995
567.82,0.9519178267634439
568.02,0.9597080864312743
568.22,0.954984726070931
568.41,0.9615102452990167
568.61,0.9536760904031778
568.81,0.9487674713750065
569.01,0.9681456415496386
569.21,0.9613549228488568
569.41,0.9664608015207514
569.61,0.9495511567533085
569.8,0.9627448983912014
570.0,0.9396843519487844
570.2,0.9512311307001399
570.4,0.9645716069379178
570.6,0.9622714028062367
570.8,0.9692919796235324
571.0,0.9648951222626238
571.19,0.9741374320866139
571.39,0.939195742788957
571.59,0.9473910542027894
571.79,0.9303518896909393
571.99,0.9631698110041734
572.19,0.9499398087359074
572.38,0.9645837375948836
572.58,0.9556444625918498
572.78,0.9589993585986295
572.98,0.9519448352582048
573.18,0.9679681693734651
573.38,0.9599902715692146
573.57,0.9395238479209307
573.77,0.9394111755383303
573.97,0.9531436620595732
574.17,0.944144076575515
574.37,0.9608106371622503
574.57,0.9754125130300328
574.76,0.9475696463287369
574.96,0.9441774897624295
575.16,0.9453342612430684
575.36,0.9636188099888918
575.56,0.9496176674341332
575.75,0.9487105298361982
575.95,0.9492355387544353
576.15,0.9574225890725291
576.35,0.9589811583074169
576.55,0.9716392275862635
576.74,0.9831558566620725
576.94,0.9701208574976107
577.14,0.9777702962644942
577.34,0.9725458002689832
577.54,0.9834883822329308
577.74,0.9538876296812292
577.93,0.9936766292725746
578.13,0.9692942500944924
578.33,0.9569719954801071
578.53,0.9641195667561684
578.72,0.9652245559667824
578.92,0.9600351291141707
579.12,0.9769410454416076
579.32,0.9736704306780842
579.52,0.9769687687109926
579.71,0.9615694548475654
579.91,0.9700680747962094
580.11,0.9776392175197911
580.31,0.9575472772976802
580.51,0.960616089569893
580.7,0.9654990210891264
580.9,0.9534772954011521
581.1,0.9639403019581342
581.3,0.9602149959651451
581.49,0.9554177781273981
581.69,0.9355485802699535
581.89,0.9503342440976116
582.09,0.957821285715205
582.29,0.9507197150684261
582.48,0.963675822229572
582.68,0.9717830593121981
582.88,0.9703836067303487
583.08,0.9597052830068709
583.27,0.9516494463010682
583.47,0.9489942836444237
583.67,0.951139476196168
583.87,0.9562131773500164
584.06,0.9540217833562928
584.26,0.9556975915511098
584.46,0.947987301741409
584.66,0.9572021462792213
584.85,0.9561512580333937
585.05,0.934852634928224
585.25,0.9528340421685264
585.45,0.9694829286652037
585.64,0.9638857459374807
585.84,0.9486092071277014
586.04,0.9465446578698032
586.24,0.9406226449355313
586.43,0.935929414303898
586.63,0.950212771257685
586.83,0.9381818218573148
587.03,0.932162143952987
587.22,0.9295386021625983
587.42,0.9340667855435552
587.62,0.9400607141305047
587.82,0.9347549212508813
588.01,0.9330394688688376
588.21,0.9344383706696481
588.41,0.9378938326193941
588.6,0.9494171230479538
588.8,0.9488342107725151
589.0,0.9341128655670616
589.2,0.9403303032707866
589.39,0.9215376130575837
589.59,0.9391593877461694
589.79,0.9323267796952096
589.98,0.923893021352075
590.18,0.931714033005065
590.38,0.9316936827718302
590.58,0.9503500806428115
590.77,0.9426962111109124
590.97,0.921542899580917
591.17,0.926608709449142
591.36,0.919093183943737
591.56,0.933675891935767
591.76,0.9283346183629785
591.96,0.9333978184278285
592.15,0.9597451626074851
592.35,0.9364734056652926
592.55,0.9273805924904005
592.74,0.9417192150719241
592.94,0.9394420677127433
593.14,0.9309735133484514
593.33,0.9236303279680583
593.53,0.9306887093551712
593.73,0.9533675110608513
593.92,0.946861764593834
594.12,0.9330573263532262
594.32,0.9368718799250769
594.51,0.9186081906325528
594.71,0.9330106493664043
594.91,0.9310662908842734
595.11,0.9394975030224294
595.3,0.9471253302025242
595.5,0.9170802873772126
595.7,0.95192967906673
595.89,0.9639858348062036
596.09,0.9574526244242735
596.29,0.9383003465519354
596.48,0.9495102832668347
596.68,0.9510850494632928
596.88,0.968270177491632
597.07,0.9507973045316023
597.27,0.962017535997336
597.47,0.975555171593827
597.66,0.9580203173610317
597.86,0.9585937481777764
598.06,0.9584479951686684
598.25,0.9512489934245469
598.45,0.9481181035775011
598.64,0.9682124525985024
598.84,0.955384710150115
599.04,0.9484424969991992
599.23,0.9516135158227231
599.43,0.9521302558745897
599.63,0.9538751834974489
599.82,0.9555902448077978
600.02,0.9676891320157678
600.22,0.9586410901822152
600.41,0.9760731232894004
600.61,0.9738329280866068
600.81,0.9588317806173419
601.0,0.9636598043588677
601.2,0.9462016705517851
601.39,0.9435463807556677
601.59,0.9639281297071421
601.79,0.9501541959357233
601.98,0.9626847265431392
602.18,0.9596762071597937
602.38,0.9761870501892096
602.57,0.9392820981915742
602.77,0.9813243079651148
602.96,0.9686454590378091
603.16,0.9568624480385545
603.36,0.9652929511423364
603.55,0.9691032628435402
603.75,0.9569724351890281
603.95,0.9646098319504076
604.14,0.9525991950917648
604.34,0.9398368585505543
604.53,0.9617452663703486
604.73,0.9469594589009048
604.93,0.9674826092114783
605.12,0.9476156506992207
605.32,0.9682094891311382
605.51,0.9668937772803768
605.71,0.9552729283988332
605.91,0.960877628308796
606.1,0.9546797739291835
606.3,0.9721980154504449
606.49,0.9544681406095988
606.69,0.9516032392347018
606.89,0.9393278242450558
607.08,0.9464210318213293
607.28,0.9432673268279816
607.47,0.9659263141846142
607.67,0.9472474665293679
607.87,0.9529022444375228
608.06,0.9328791621903324
608.26,0.9654874774069371
608.45,0.9768859743038919
608.65,0.9749354638482002
608.84,0.9819049310551118
609.04,0.9713390934856208
609.24,0.9614169791258604
609.43,0.9557065657347589
609.63,0.9672320072157231
609.82,0.9687624705322226
610.02,0.9473938378704804
610.21,0.9543006071271226
610.41,0.9828034309391687
610.61,0.9688625153647326
610.8,0.9670035491192372
611.0,0.9689213911287076
611.19,0.9624161302246959
611.39,0.9672775763023334
611.58,0.9612163362911237
611.78,0.9866754570094785
611.98,0.9852857582663866
612.17,0.9922945386156564
612.37,0.9803690123526146
612.56,0.9852566776507075
612.76,0.9963456388286935
612.95,0.9976117757971008
613.15,0.9769916272039771
613.34,0.9799543530904505
613.54,0.9827607748212126
613.73,0.9694545941528548
613.93,0.9745319637596562
614.13,0.9785638113222843
614.32,0.9809467640250231
614.52,0.9658025472335957
614.71,0.9856188219506573
614.91,0.9831696643013976
615.1,0.9799890212422329
615.3,0.9764685318638618
615.49,0.9752192662995602
615.69,0.9560734409834105
615.88,0.9778744034217679
616.08,0.9695340518158564
616.27,0.9602838269469122
616.47,0.9620753414163716
616.66,0.9853647985651787
616.86,0.9729264675332585
617.06,0.96648036709342
617.25,0.9702397558992558
617.45,0.9614393930266121
617.64,0.9548049385285091
617.84,0.9656868008243258
618.03,0.9666179043909163
618.23,0.9607649482683183
618.42,0.951725983596582
618.62,0.9589692530027337
618.81,0.9479118668458111
619.01,0.9493423865852277
619.2,0.9621051731270494
619.4,0.9645944335642977
619.59,0.9628999985403551
619.79,0.9334054772551598
619.98,0.9438223958156639
620.18,0.9500261643879846
620.37,0.9408833147091864
620.57,0.9467853409607149
620.76,0.9557510158858362
620.96,0.9450415855267853
621.15,0.9429309046534459
621.35,0.9326395576403342
621.54,0.9300843137906535
621.74,0.919476000062027
621.93,0.9267345606703091
622.13,0.9148987131920882
622.32,0.9170601240116198
622.51,0.9217068161367211
622.71,0.9158616967508487
622.9,0.9170261586777487
623.1,0.9249821274062112
623.29,0.9259748721167566
623.49,0.9167330504923497
623.68,0.9223638058156283
623.88,0.9062928386345713
624.07,0.8959948249780508
624.27,0.9096440763451518
624.46,0.8978306390669475
624.66,0.9045393516137381
624.85,0.90593770299352
625.05,0.9089719230045087
625.24,0.898844772468682
625.43,0.8961377770281954
625.63,0.9057917308197829
625.82,0.8856096549364139
626.02,0.8940843933577991
626.21,0.8689114904372797
626.41,0.8847651011773224
626.6,0.8757871242995608
626.8,0.8726441595356811
626.99,0.8841744653062309
627.19,0.8654453762260855
627.38,0.8800923993614126
627.57,0.8879983527084291
627.77,0.8843967277086129
627.96,0.8744958537375274
628.16,0.8816625931932182
628.35,0.8752077511720497
628.55,0.8674814815961989
628.74,0.8727431795381407
628.93,0.8757668937401805
629.13,0.8714521747268907
629.32,0.8894309003719092
629.52,0.8815860348167159
629.71,0.8877088975052534
629.91,0.8675641110687724
630.1,0.8761221634911887
630.29,0.8825317920052133
630.49,0.8833163384773466
630.68,0.8909151491635922
630.88,0.8948431876264635
631.07,0.9070175399625737
631.27,0.8955048291714012
631.46,0.9092858924161518
631.65,0.9096564167443888
631.85,0.9000648686059372
632.04,0.9222145801804557
632.24,0.8909056841529237
632.43,0.8981401941616771
632.62,0.8709124172101647
632.82,0.8964116509604844
633.01,0.8981825203502958
633.21,0.9104945469446178
633.4,0.9081724043446816
633.59,0.9039891767334018
633.79,0.9028954675048957
633.98,0.920635419653691
634.18,0.9137723417879653
634.37,0.9290112072634417
634.56,0.9215092334093589
634.76,0.9104449112690728
634.95,0.9180879318411035
635.14,0.9369669377348268
635.34,0.9362541097870016
635.53,0.9511884623365573
635.73,0.9520784237230855
635.92,0.9471910261185772
636.11,0.9492348252782855
636.31,0.9406188106893767
636.5,0.9447615111231973
636.7,0.9558920677840933
636.89,0.9507484766650258
637.08,0.9278325794007984
637.28,0.9246594556044218
637.47,0.9355469708256359
637.66,0.948754635433094
637.86,0.9317548856951743
638.05,0.9451858993849669
638.24,0.9390377033784783
638.44,0.9372648050852231
638.63,0.9300641657384519
638.83,0.9502140759694736
639.02,0.9443208703444015
639.21,0.956664012643778
639.41,0.9580393362234497
639.6,0.9658634557670257
639.79,0.95785584644998
639.99,0.968908518611962
640.18,0.9526283629514463
640.37,0.9619635930139804
640.57,0.9579367951516422
640.76,0.9719281573633605
640.95,0.9527600819713192
641.15,0.9746387914144686
641.34,0.9641406056914078
641.53,0.952361346343333
641.73,0.9660751867002595
641.92,0.9595561999497547
642.11,0.9633658307652117
642.31,0.9436465121917914
642.5,0.9564757125478646
642.69,0.9479361371616861
642.89,0.9378655006537124
643.08,0.9434003308758094
643.27,0.9569989306754573
643.47,0.9359333562396082
643.66,0.9431574601553382
643.85,0.9219171820011945
644.05,0.9267707888970169
644.24,0.9298576376903411
644.43,0.9435016489240022
644.63,0.9368006010605289
644.82,0.9354131761681953
645.01,0.945337623739988
645.2,0.9368151444820925
645.4,0.9463561809604016
645.59,0.9483846167172729
645.78,0.9564437166626947
645.98,0.9537955616481888
646.17,0.9562049398942705
646.36,0.9533440090147238
646.56,0.9546197608508854
646.75,0.951273710873324
646.94,0.9598561214377513
647.13,0.9584441148757707
647.33,0.9620529493262358
647.52,0.9606897111994961
647.71,0.9544319247458911
647.91,0.9433846356182326
648.1,0.9498902214334889
648.29,0.9268975644554426
648.49,0.9329274996382652
648.68,0.9233949514747521
648.87,0.9469741359203548
649.06,0.9375262532006516
649.26,0.9302032712111084
649.45,0.9452258189245757
649.64,0.9302032712111084
649.83,0.9470867979855107
650.03,0.9402462151759686
650.22,0.9632250621683288
650.41,0.9540425084254149
650.61,0.9404620774158254
650.8,0.9361209992714027
650.99,0.9267891113805962
651.18,0.9468396758262716
651.38,0.9290932025379869
651.57,0.9527609242965166
651.76,0.948978972204365
651.95,0.9413176010265032
652.15,0.9640459014644152
652.34,0.9401184807128602
652.53,0.9456880988144513
652.72,0.9558566266353332
652.92,0.9439721179133799
653.11,0.9458670590872166
653.3,0.9215501043613399
653.49,0.9401190367269053
653.69,0.9347587238683045
653.88,0.9400497176426539
654.07,0.9359662830342664
654.26,0.9340303915190006
654.46,0.9433135951808744
654.65,0.9738900166674896
654.84,0.9543399463535431
655.03,0.9414517205161905
655.23,0.9751368692083088
655.42,0.9466006426269985
655.61,0.9452066305695257
655.8,0.9589727747678884
655.99,0.9588163401355505
656.19,0.9444938626626986
656.38,0.9447894902251437
656.57,0.9559399359036058
656.76,0.9497239591762918
656.96,0.9482242198140904
657.15,0.9789232171545348
657.34,0.9525044741251383
657.53,0.969663746565954
657.72,0.9665665607359756
657.92,0.9636223019781897
658.11,0.9519316062324599
658.3,0.9434292033660867
658.49,0.9532570525143822
658.68,0.9506078041956614
658.88,0.9425808266088986
659.07,0.9406401958108694
659.26,0.9593561211042012
659.45,0.9598079569950541
659.64,0.9594535604812244
659.84,0.9644568279671595
660.03,0.9660274085141998
660.22,0.9740259007639213
660.41,0.9776617428837201
660.6,0.9703449128080446
660.8,0.96948767652658
660.99,0.9678900407149663
661.18,0.9622969629290541
661.37,0.972535719069636
661.56,0.9564271045943413
661.76,0.9615327062132352
661.95,0.9407946846316418
662.14,0.9543320290081548
662.33,0.9571171546354276
662.52,0.9428930565371457
662.71,0.9103773377467985
662.91,0.9201148598558664
663.1,0.9316723397808891
663.29,0.9271057593361341
663.48,0.9314233769341956
663.67,0.9356618524821974
663.86,0.9336421654473801
664.06,0.9219044503282587
664.25,0.9581832236934297
664.44,0.9350972686234474
664.63,0.923776315529828
664.82,0.9365958778106593
665.01,0.9335439637651257
665.21,0.940567410203521
665.4,0.9446046886117269
665.59,0.9601324482101521
665.78,0.9574675876475308
665.97,0.9328659840335053
666.16,0.9522422049114373
666.35,0.946621367716402
666.55,0.9310240639439673
666.74,0.9493859727868936
666.93,0.9265727004178815
667.12,0.9191351189342238
667.31,0.9271276887402342
667.5,0.9331121629812653
667.69,0.9315654994975417
667.89,0.9291616613883732
668.08,0.9369209696897228
668.27,0.9148641606638016
668.46,0.9445139621009868
668.65,0.9249079308548137
668.84,0.9212556923973845
669.03,0.910219703366187
669.22,0.9105378056581567
669.42,0.9026681716009778
669.61,0.8977715307601158
669.8,0.9257396234749281
669.99,0.9380373401299477
670.18,0.9251559176830836
670.37,0.9260852193856431
670.56,0.9194346091058154
670.75,0.9292140126683596
670.94,0.8869272284925955
671.14,0.8985440000397611
671.33,0.8984127234092965
671.52,0.9068446904878131
671.71,0.9098264467031733
671.9,0.9081027495137008
672.09,0.8978473191503233
672.28,0.8909069802140795
672.47,0.8980189657530289
672.66,0.9016341764944925
672.85,0.9237853316659587
673.05,0.9251101369827012
673.24,0.9216705309675525
673.43,0.9090861118480119
673.62,0.9278135950026021
673.81,0.9319588772725246
674.0,0.9283504371058602
674.19,0.9367579108030272
674.38,0.9317411052370635
674.57,0.9401298470108249
674.76,0.9447630005022143
674.95,0.9203029980111809
675.15,0.9202058182682242
675.34,0.9295578748038619
675.53,0.9212390216262158
675.72,0.9258699077655502
675.91,0.9411733048847859
676.1,0.9421414989657358
676.29,0.9296307371017304
676.48,0.947090874219437
676.67,0.9245146261660496
676.86,0.9249206331416333
677.05,0.9444933634100844
677.24,0.9469979430703047
677.43,0.9470055113063504
677.62,0.9353374768804923
677.81,0.9218882277675109
678.0,0.9066402964804323
678.2,0.9327608147904609
678.39,0.9240288462821097
678.58,0.9389531573350168
678.77,0.9166791395571898
678.96,0.9110348150607148
679.15,0.9147296112386312
679.34,0.928172338031346
679.53,0.9215945890899844
679.72,0.9195843165077496
679.91,0.9454195463041233
680.1,0.9431997093821974
680.29,0.9428154589177205
680.48,0.9400607942056289
680.67,0.9214038518385448
680.86,0.912658165273671
681.05,0.9057202252706447
681.24,0.8972651501839597
681.43,0.899223350859258
681.62,0.8992098954971045
681.81,0.9230727398843931
682.0,0.8942054686391535
682.19,0.9040875252529912
682.38,0.9258414299984932
682.57,0.9226442962133549
682.76,0.9114642166922466
682.95,0.9057033779935924
683.14,0.9282049141625863
683.33,0.9146357849320529
683.52,0.9147456929236697
683.71,0.9023756085371908
683.9,0.8954197320592396
684.09,0.8822687979701592
684.28,0.888514056704321
684.47,0.8809877855081125
684.66,0.8958254011984556
684.85,0.8809016536157136
685.04,0.8693473823369364
685.23,0.8782703435961862
685.42,0.8794525488593895
685.61,0.8874424364353539
685.8,0.8721991330550225
685.99,0.857834287236406
686.18,0.8529182927816058
686.37,0.8707998423440673
686.56,0.8687941180320389
686.75,0.8441738814824951
686.94,0.8428310312543708
687.13,0.8563707872612012
687.32,0.837778332215522
687.51,0.840074099934313
687.7,0.8192049999758445
687.89,0.8198155364301534
688.08,0.8148814802020587
688.27,0.8235136175712621
688.46,0.8095332027566413
688.65,0.8212791957541039
688.84,0.8288498142941058
689.03,0.840220190124647
689.22,0.8326296591281509
689.41,0.822200527100154
689.6,0.8370610550541346
689.79,0.8313817153315409
689.98,0.8256564715343735
690.17,0.8135937197345142
690.36,0.7970839290419937
690.55,0.7996528833533205
690.74,0.8123043536672948
690.93,0.7929160559390231
691.12,0.8026856164721122
691.31,0.7862030069105742
691.49,0.7872493568901758
691.68,0.7851951272786323
691.87,0.775754698309615
692.06,0.7672978540430694
692.25,0.7761905504722938
692.44,0.7794582246886359
692.63,0.7950334211059348
692.82,0.7850238840838956
693.01,0.7623993270862451
693.2,0.7587565972149632
693.39,0.7723700388984069
693.58,0.7641754242296741
693.77,0.7549182831976289
693.96,0.7747207758563494
694.15,0.7723031156978446
694.33,0.7777417532558433
694.52,0.7840152202899099
694.71,0.7815343445750226
694.9,0.7875148002922732
695.09,0.7872878892991282
695.28,0.785151615619834
695.47,0.7791718861064002
695.66,0.7656005095985854
695.85,0.7907178196763771
696.04,0.7980089713346877
696.23,0.7846795265835623
696.42,0.7795576043786768
696.6,0.7786908778946882
696.79,0.7820839727112182
696.98,0.7948248521148805
697.17,0.7776348958571105
697.36,0.7799602459114504
697.55,0.786218333741657
697.74,0.7715694330320461
697.93,0.7871383303531011
698.12,0.8083064610722369
698.31,0.8124623906106816
698.49,0.7981063074517019
698.68,0.8214068331764134
698.87,0.8102469040661974
699.06,0.8150018314561707
699.25,0.8322767875440855
699.44,0.8394139743908275
699.63,0.8360685950755609
699.82,0.8475793391288343
700.0,0.8566678511500132
700.19,0.8472360313879254
700.38,0.8460626649674259
700.57,0.8628997169294992
700.76,0.8609528754686899
700.95,0.8683733273965768
701.14,0.8561256027959334
701.33,0.8794480931800511
701.51,0.860000651064903
701.7,0.8642515368388556
701.89,0.8803471077693605
702.08,0.8662795931400825
702.27,0.8779119629256712
702.46,0.8738949711117707
702.65,0.8734256045321727
702.83,0.8914216691754105
703.02,0.8786464419822766
703.21,0.9165147612403735
703.4,0.9161496556045052
703.59,0.9129286296293224
703.78,0.8950418412871388
703.97,0.9240912477684318
704.15,0.9211755085230704
704.34,0.9058680083780152
704.53,0.9290402204924082
704.72,0.9170806373334015
704.91,0.9207896962787244
705.1,0.9131609009835008
705.28,0.9373526309838469
705.47,0.9349689194602983
705.66,0.9281381536273651
705.85,0.9309924504405265
706.04,0.9465377055671036
706.23,0.9643196603901977
706.41,0.9460959654131437
706.6,0.9537247715127423
706.79,0.9582750933545224
706.98,0.9733182361023874
707.17,0.9655035237354881
707.35,0.9729376913580398
707.54,0.9642876162406626
707.73,0.9635459568831091
707.92,0.9605563288374017
708.11,0.9607151711043233
708.3,0.9470343145718746
708.48,0.9447298302649111
708.67,0.9625533554529383
708.86,0.9381021222276675
709.05,0.9382460401963272
709.24,0.9449906558867913
709.42,0.9400053533169224
709.61,0.9404343263743842
709.8,0.9309961925784072
709.99,0.9393700156890487
710.18,0.9245697980807065
710.36,0.9251417061688434
710.55,0.9299189155925129
710.74,0.9365713208383986
710.93,0.9411730116360328
711.12,0.9420385658011861
711.3,0.9476432215414995
711.49,0.9438398796925933
711.68,0.9262790797449502
711.87,0.9409138967364283
712.05,0.9152035847473937
712.24,0.9148813147054123
712.43,0.9047934885031836
712.62,0.9100226803433934
712.81,0.9307563434220772
712.99,0.909320455139805
713.18,0.9034259416099887
713.37,0.9117392622296202
713.56,0.8961576207155417
713.74,0.8972242680886959
713.93,0.8993386037741429
714.12,0.8750625138053416
714.31,0.9045407739605171
714.49,0.8843350342765837
714.68,0.8738316291132583
714.87,0.8731753391368937
715.06,0.8605348367451536
715.24,0.84662215295401
715.43,0.8153703869803969
715.62,0.8346358334348329
715.81,0.8325491623260475
715.99,0.8234318593488065
716.18,0.8366784532384843
716.37,0.8419553272639898
716.56,0.8388002722581624
716.74,0.8177176840449305
716.93,0.8329751427859756
717.12,0.8277434165046064
717.31,0.8239761897900276
717.49,0.8104275612791171
717.68,0.7975520393128517
717.87,0.7973268529769137
718.06,0.7979216742842995
718.24,0.8031743115167723
718.43,0.7988428492850903
718.62,0.7939144435332653
718.8,0.794314174943143
718.99,0.8093914394638407
719.18,0.7923056159306731
719.37,0.7894028385891652
719.55,0.7752720860034197
719.74,0.7728258923959114
719.93,0.7734874568547435
720.11,0.7822655526613175
720.3,0.7550166301721454
720.49,0.7721020807003323
720.68,0.7387362353887145
720.86,0.7593687150765455
721.05,0.7123897075124518
721.24,0.7307521187402527
721.42,0.7277221324578552
721.61,0.7361025947184331
721.8,0.7435323940117701
721.98,0.7289194640384636
722.17,0.7267222829101939
722.36,0.7264147104241867
722.55,0.6987165451181988
722.73,0.7072189606907957
722.92,0.6883898671674703
723.11,0.7128163641141276
723.29,0.7084360820836332
723.48,0.7112534439383432
723.67,0.6978088833633224
723.85,0.6984976420199529
724.04,0.7030642130604271
724.23,0.7028997290573278
724.41,0.6681765428979797
724.6,0.6814616552889158
724.79,0.6717522282307968
724.97,0.6541423670781662
725.16,0.6299727494395021
725.35,0.6321057358607116
725.53,0.626496839986599
725.72,0.6435448476129229
725.91,0.6287953697796698
726.09,0.6268744120258477
726.28,0.6196313107854832
726.47,0.6154732870674652
726.65,0.6116372219409149
726.84,0.6095503862023993
727.03,0.6113427428308393
727.21,0.5949223063692307
727.4,0.5650939063012047
727.59,0.583493103713095
727.77,0.5610511600776402
727.96,0.5458053195901661
728.15,0.5495024380557431
728.33,0.5348992922060075
728.52,0.516013391032501
728.7,0.5115336813432826
728.89,0.48554908993822044
729.08,0.49670408431307145
729.26,0.48491609506863853
729.45,0.4841492656007133
729.64,0.47374093596267364
729.82,0.45272062797835994
730.01,0.4489763742459429
730.2,0.4426352540321225
730.38,0.4337022072058978
730.57,0.42655495058249604
730.75,0.42529979918628374
730.94,0.42168152308029383
731.13,0.4185330962509637
731.31,0.40410697182102784
731.5,0.4034310296506766
731.68,0.39627249907786416
731.87,0.38364794356957616
732.06,0.3670863361797289
732.24,0.3605478710221801
732.43,0.3557006583269195
732.62,0.34739546546525957
732.8,0.33847177336660134
732.99,0.3361527445172603
733.17,0.3323034464407229
733.36,0.32161166074721276
733.55,0.3172160393416759
733.73,0.3126391783622719
733.92,0.31225397058789744
734.1,0.2851043121343004
734.29,0.28424376255414524
734.48,0.2893189936706289
734.66,0.2787746495535766
734.85,0.2638430267876255
735.03,0.2682402577484788
735.22,0.2607182208943314
735.4,0.2579355501478405
735.59,0.25058601414676385
735.78,0.23363616141186938
735.96,0.22987429412028784
736.15,0.23189510638112334
736.33,0.22602139175823585
736.52,0.22241213590011147
736.7,0.22206980882133928
736.89,0.21972687906099156
737.08,0.20584308497091217
737.26,0.20911246007328368
737.45,0.2010107073173733
737.63,0.18927778181707308
737.82,0.19444683041159405
738.0,0.1969238807401469
738.19,0.18430552818277732
738.38,0.18775605476453022
738.56,0.17734917396976038
738.75,0.1750018331950649
738.93,0.17042703551723895
739.12,0.1653348863646431
739.3,0.16934481531993936
739.49,0.16689593222849472
739.67,0.1676245836482546
739.86,0.16242834099642875
740.04,0.1566091216033137
740.23,0.1604090788917213
740.42,0.1560378302971013
740.6,0.15248581505904002
740.79,0.14385177761332224
740.97,0.13915279390494337
741.16,0.14353393104058426
741.34,0.14034873995505567
741.53,0.1421853485776175
741.71,0.14108894206884914
741.9,0.13070438663557382
742.08,0.1461647829485255
742.27,0.13157380708996694
742.45,0.13099261427625794
742.64,0.12900934592109106
742.82,0.1356463080862804
743.01,0.12241677254539889
743.19,0.1313041995984569
743.38,0.12299114693175409
743.57,0.12424459633625803
743.75,0.12095707770851423
743.94,0.1162787648662073
744.12,0.11556690683463254
744.31,0.10962452244478264
744.49,0.11605371710747152
744.68,0.10444958324987832
744.86,0.10928354492528274
745.05,0.10215397300813439
745.23,0.11556886197926843
745.42,0.10255876432805171
745.6,0.1079473666438701
745.79,0.09859976986806544
745.97,0.10518430021240982
746.16,0.09808768030324294
746.34,0.10577032093755771
746.52,0.09169771418132272
746.71,0.09560720984119726
746.89,0.10085015967022294
747.08,0.08754332886442416
747.26,0.09450370704155554
747.45,0.09179770526574878
747.63,0.09432563045934193
747.82,0.09266715893174826
748.0,0.09134686158122314
748.19,0.09627904262418203
748.37,0.0923116269738565
748.56,0.09195926618101377
748.74,0.09098206157667464
748.93,0.08887145645653852
749.11,0.0928569868180338
749.3,0.08800874540074342
749.48,0.08466476670479911
749.67,0.08825041136858267
749.85,0.08801349489514584
750.03,0.09026958120422077
750.22,0.09124419020194609
750.4,0.08848491056452543
750.59,0.08375131985622734
750.77,0.09227848356721755
750.96,0.08429995589534815
751.14,0.07778760568982312
751.33,0.08039355913746858
751.51,0.08170938724024046
751.69,0.07604921503490213
751.88,0.0829738277881262
752.06,0.08668956874741984
752.25,0.08051109751803016
752.43,0.07959259457417849
752.62,0.08411926290791212
752.8,0.08597430141496724
752.99,0.07606186753308289
753.17,0.08232147085767509
753.35,0.08102567349059765
753.54,0.07608545038900717
753.72,0.07957423304485134
753.91,0.08300001663230219
754.09,0.07975522457979026
754.28,0.07796920643070754
754.46,0.07658833350669579
754.64,0.07277312759492188
754.83,0.08391169195359728
755.01,0.0706379887286628
755.2,0.07533513029352495
755.38,0.08350944292200244
755.56,0.07958087508189758
755.75,0.0785261114850527
755.93,0.07993347586463422
756.12,0.06976343836125669
756.3,0.07640845165964352
756.48,0.08038672764192771
756.67,0.07417821059156345
756.85,0.0828916203687224
757.04,0.071149076820723
757.22,0.07323424420205585
757.4,0.074986262951777
757.59,0.08093379326191551
757.77,0.08652160612498633
757.96,0.08392547705873141
758.14,0.07248229901154095
758.32,0.07337405621359543
758.51,0.07826897678699969
758.69,0.07605701308045232
758.87,0.07810762121964195
759.06,0.07273016829557517
759.24,0.06889974454253778
759.43,0.0740844147310367
759.61,0.07537428693478879
759.79,0.07342919432401739
759.98,0.07183110367423803
760.16,0.07217687086286974
760.34,0.07475562444536739
760.53,0.07535703109242328
760.71,0.06903396670731769
760.9,0.06929643890378656
761.08,0.07990580453043336
761.26,0.0694609165787266
761.45,0.0705364979572262
761.63,0.06953042219742538
761.81,0.07518441592440668
762.0,0.0749636015294202
762.18,0.06684049116156693
762.36,0.06451947876995097
762.55,0.07062323127481782
762.73,0.07161800758365332
762.91,0.06445003882599049
763.1,0.06334666655343338
763.28,0.06383216311623877
763.46,0.06495276576840263
763.65,0.06650081697340678
763.83,0.06205330217438821
764.01,0.058890247116202034
764.2,0.0641053056893988
764.38,0.06161015475190244
764.56,0.0604560059256685
764.75,0.060535201677443966
764.93,0.059190175757520155
765.11,0.05334019165108648
765.3,0.06380341292509852
765.48,0.05444877385855336
765.66,0.058978178855634084
765.85,0.05206136119970873
766.03,0.055399899264225484
766.21,0.04661516253800882
766.4,0.05357664101624787
766.58,0.052450469293672634
766.76,0.05178472243141446
766.95,0.04393225413160836
767.13,0.05411220847857446
767.31,0.04316720219722216
767.49,0.04753878282404224
767.68,0.044290837473645914
767.86,0.05339233701296224
768.04,0.049169370548636154
768.23,0.04411473644456659
768.41,0.04301369793400295
768.59,0.04395758429880248
768.78,0.047272963206457366
768.96,0.04236355718071868
769.14,0.04661733556397471
769.32,0.044313745964530964
769.51,0.04409382231367897
769.69,0.04458389537270542
769.87,0.04247417993211031
770.06,0.04051552974869941
770.24,0.03858828150429249
770.42,0.03558407867136271
770.6,0.043299154659125864
770.79,0.0396803608148029
770.97,0.03808811878085792
771.15,0.04146757344332454
771.33,0.03974817318000751
771.52,0.04129105779255194
771.7,0.04501873305927054
771.88,0.036701578015075814
772.07,0.03291342327174386
772.25,0.03425549166486897
772.43,0.034267521855599864
772.61,0.03047538014610252
772.8,0.0321456019511864
772.98,0.029600387730973315
773.16,0.030466415517988107
773.34,0.03400528003108523
773.53,0.03566943064780596
773.71,0.03234902994182099
773.89,0.03456798448464664
774.07,0.034012605910814765
774.26,0.03305689806415551
774.44,0.032507641590015464
774.62,0.03113680912989978
774.8,0.02754870493934038
774.99,0.025426233350657825
775.17,0.02818538449413474
775.35,0.024259330409973984
775.53,0.03138699015182106
775.71,0.0274684779605218
775.9,0.022394696725905137
776.08,0.022147968045120835
776.26,0.028552223677621995
776.44,0.02732376223342802
776.63,0.0235534121927259
776.81,0.02355313991455212
776.99,0.029413934123933557
777.17,0.026363720150449202
777.35,0.0271201012608464
777.54,0.020897739485192777
777.72,0.024241496673007273
777.9,0.025368053440676913
778.08,0.02292173972272835
778.27,0.018195117402737705
778.45,0.02369415425650145
778.63,0.0231651051136159
778.81,0.02042095550993808
778.99,0.021455390754533614
779.18,0.0190173655024571
779.36,0.024585781694175052
779.54,0.024754397555496462
779.72,0.020965531295458834
779.9,0.02437944270793049
780.08,0.026532270928439593
780.27,0.024225285504895132
780.45,0.022196329799828933
780.63,0.01868052519145003
780.81,0.021682148660247796
780.99,0.02443071148409156
781.18,0.020886162797769694
781.36,0.01952217146976441
781.54,0.012445886076750057
781.72,0.019126507606911914
781.9,0.021959421085870384
782.08,0.02157366025416884
782.27,0.01878570602521106
782.45,0.018814876985635838
782.63,0.018979092178705182
782.81,0.01739289782524086
782.99,0.016316297728856188
783.17,0.019017822359455778
783.36,0.011899739350051152
783.54,0.022440890361385975
783.72,0.02325848138711496
783.9,0.018188369511364755
784.08,0.020172569111640403
784.26,0.021420522286242756
784.45,0.018105256213975712
784.63,0.020785856720480705
784.81,0.01625149823560967
784.99,0.016461927969078447
785.17,0.020657053573598497
785.35,0.027449669603462262
785.53,0.02115678348188271
785.72,0.018984413430591283
785.9,0.023726042480543427
786.08,0.018191689093883766
786.26,0.013048829617281384
786.44,0.021285609110739494
786.62,0.016342366470111343
786.8,0.019296095987227736
786.99,0.016199090282967392
787.17,0.015039665019135307
787.35,0.01866853559723937
787.53,0.019726470272979312
787.71,0.018722620478642593
787.89,0.019590356115903568
788.07,0.016201191525102254
788.25,0.01878658808148093
788.43,0.017791860776024557
788.62,0.013591405054327555
788.8,0.02086794197231702
788.98,0.018931905701583485
789.16,0.0176371101278937
789.34,0.014776912740952518
789.52,0.015084153603295196
789.7,0.01493794318343125
789.88,0.013564900199629975
790.06,0.01107903237882366
790.25,0.009387664062869071
790.43,0.01724097235041171
790.61,0.015061300638044974
790.79,0.01621599824526782
790.97,0.018974221170350268
791.15,0.02185169312544514
791.33,0.02002093668476934
791.51,0.02345371901085699
791.69,0.015374344504085976
791.87,0.01504610375901554
792.05,0.019151580473533325
792.24,0.02319480646796514
792.42,0.018189415983260262
792.6,0.018479867190197355
792.78,0.01913842797969125
792.96,0.023457366786745246
793.14,0.021702004627269032
793.32,0.018416888527801635
793.5,0.0140820967122355
793.68,0.020098639522377056
793.86,0.020609170408147307
794.04,0.024291188851609524
794.22,0.012931724924324883
794.4,0.0224244644788307
794.58,0.015870832336844557
794.76,0.013718112438318834
794.95,0.019517076891199026
795.13,0.021222907381789915
795.31,0.018642820946644063
795.49,0.01795032745245303
795.67,0.011593015782832714
795.85,0.021347598917354788
796.03,0.016953200696899654
796.21,0.020698276585379503
796.39,0.025028408599297433
796.57,0.02143704694020083
796.75,0.01739486628282306
796.93,0.016355304575053384
797.11,0.021461923930009043
797.29,0.020863739080510882
797.47,0.018933985797411977
797.65,0.023788891323765386
797.83,0.027142037262559673
798.01,0.020358288534674925
798.19,0.013987883523418594
798.37,0.017001167389610036
798.55,0.01419163615365873
798.73,0.01769460146119207
798.91,0.017920551613497846
799.09,0.017525201808762814
799.27,0.02043314732744334
799.45,0.022504467323380007
799.63,0.027826541615417526
799.81,0.020781556811755704
799.99,0.020681796907461577
800.17,0.018525329383478277
800.35,0.019791947063373356
800.53,0.01833411678593048
800.71,0.016914965456693194
800.89,0.021731590839745598
801.07,0.019654179025391478
801.25,0.028108649938739235
801.43,0.022626016288814575
801.61,0.025570739836664625
801.79,0.01992964677140288
801.97,0.033695846964197244
802.15,0.015800685452163427
802.33,0.02264751701428254
802.51,0.024179363327249462
802.69,0.023953059413113934
802.87,0.018991090020023457
803.05,0.03363670228849119
803.23,0.024125746928543395
803.41,0.028972456890970905
803.59,0.025884727290114342
803.77,0.021585776826156436
803.95,0.023101307953870796
804.13,0.027065482048089798
804.31,0.01567142186664339
804.49,0.023613381271537896
804.67,0.021483626437868487
804.85,0.02626625580735201
805.03,0.027327702898379738
805.21,0.02230177950931874
805.39,0.01867927695277901
805.57,0.022547580747592062
805.75,0.022931371648608156
805.93,0.02810668970181973
806.11,0.022367639281298198
806.29,0.025068456537921505
806.47,0.026604744400644854
806.65,0.0216454668833971
806.83,0.025699232504494098
807.0,0.03161682381715695
807.18,0.029294424484074797
807.36,0.027094695558240466
807.54,0.026760153899014164
807.72,0.027603031095493627
807.9,0.022103429406853645
808.08,0.02179556529450066
808.26,0.024191859970198275
808.44,0.024831454556191155
808.62,0.026775059495478353
808.8,0.022747778100095713
808.98,0.02436887713078696
809.16,0.026179824670908045
809.34,0.026693328619279724
809.51,0.026174319469963042
809.69,0.024094259768887592
809.87,0.027546626846087302
810.05,0.027437251889096043
810.23,0.02426621006694918
810.41,0.022677813302162637
810.59,0.027413463075369682
810.77,0.0270327314596415
810.95,0.02875417090462552
811.13,0.0176544998477716
811.31,0.02490877836043465
811.48,0.02516286664438477
811.66,0.02020579143083288
811.84,0.021038453482652836
812.02,0.016164087916848865
812.2,0.018819020307997748
812.38,0.025925869580361076
812.56,0.01863136997088316
812.74,0.02507456127336782
812.92,0.014827686494756428
813.1,0.01924886846676513
813.27,0.01397380130453179
813.45,0.0291982138423069
813.63,0.02164055566862586
813.81,0.024332577906056134
813.99,0.01968715641102336
814.17,0.01994907155924483
814.35,0.022267490102079266
814.53,0.02025044698883174
814.7,0.03169643727737754
814.88,0.019084061599724988
815.06,0.03193967750771969
815.24,0.0249904805004344
815.42,0.024049253942229964
815.6,0.02125028099441522
815.78,0.021889683122898445
815.95,0.02440729367924088
816.13,0.018865701108476296
816.31,0.029035169562852587
816.49,0.02298594139547747
816.67,0.015355880652001637
816.85,0.027188691848563866
817.03,0.015415098147305272
817.2,0.017609459304729225
817.38,0.021059955417879833
817.56,0.021373692875230627
817.74,0.012577051912311352
817.92,0.02665173219182102
818.1,0.004078578776960805
818.27,0.015230152681309604
818.45,0.020455699642767868
818.63,0.024674026277326302
818.81,0.027053027915540158
818.99,0.026437394112019688
819.17,0.01993523057751984
819.34,0.017964494152430132
819.52,0.025919304135788156
819.7,0.016034276730988554
819.88,0.01940897043927124
820.06,0.019500646230079934
820.24,0.02580998747425544
820.41,0.005437857289270514
820.59,0.01474508822107383
820.77,0.007267755498564364
820.95,0.011902109948187006
821.13,0.011733082354338911
821.3,0.017865947576075757
821.48,0.008177590840051418
821.66,0.020740536506291575
821.84,0.0185916786793085
822.02,0.012344708949422904
822.19,0.015110907835082416
822.37,0.014991953683242559
822.55,0.015405171955934119
822.73,0.01660476150593754
822.91,0.01912288249374169
823.08,0.01832020072818829
823.26,0.015652499921893725
823.44,0.018354408440161042
823.62,0.013986838736649134
823.8,0.00989346738631821
823.97,0.019774402387063243
824.15,0.014611734800699487
824.33,0.008872492603077778
824.51,0.013024747503549797
824.69,0.01871068765094616
824.86,0.02429102484732999
825.04,0.013354462767625756
825.22,0.024705451443572113
825.4,0.012704827680485677
825.57,0.011312171674444774
825.75,0.01174707815433475
825.93,0.008317582196387641
826.11,0.0061913214462340285
826.28,0.018372878276274558
826.46,0.022021006515956787
826.64,0.017231035425008354
826.82,0.014913304192278801
826.99,0.010702888028476997
827.17,0.014096736566254674
827.35,0.023373075139028365
827.53,0.013558457532610521
827.7,0.02117782808345925
827.88,0.01435558600087999
828.06,0.02585765515907269
828.24,0.012814174261575835
828.41,0.015455147616408616
828.59,0.008638262680278239
828.77,0.012112240574723621
828.95,0.00872233405581842
829.12,0.013946662167854689
829.3,0.012271512400837485
829.48,0.021249244688758308
829.66,0.015521866497263706
829.83,0.018921379496709547
830.01,0.004894180318319466
830.19,0.014712757296738129
830.36,0.015521866497263706
830.54,0.019320383375625107
830.72,0.020589930999122763
830.9,0.01759871466047095
831.07,0.010358160636048427
831.25,0.01415307760145925
831.43,0.02128752431812797
831.6,0.012161938994126858
831.78,0.017672267744030738
831.96,0.01033550114129259
832.14,0.014403110956019184
832.31,0.022580424620026397
832.49,0.009580725900306628
832.67,0.01947071320862601
832.84,0.00573556530781613
833.02,0.01396763169031438
833.2,0.009272137752301637
833.37,0.01690805046140268
833.55,0.026880508054537122
833.73,-0.005241454831663166
833.91,0.015481667512813222
834.08,0.019642686780238474
834.26,0.01279329577176516
834.44,0.01311769745667543
834.61,0.008354572649815244
834.79,0.010277423255189103
834.97,0.017355973386666983
835.14,0.01934787387455821
835.32,0.007410201571242689
835.5,0.005305645257536427
835.67,0.02097895446455218
835.85,0.009038158615719095
836.03,0.009107072798150217
836.2,0.018826324380218272
836.38,0.013445164510550075
836.56,0.023061207187865324
836.73,0.010293713502473947
836.91,0.01852454703692538
837.09,0.017229027220394058
837.26,0.022676560882426186
837.44,0.009812387345577373
837.62,0.014856071666756804
837.79,0.007652458108702403
837.97,0.007393135638653556
838.14,0.014154850976645168
838.32,0.010476714632894499
838.5,0.02157126197544153
838.67,0.010580442929823705
838.85,0.014572531266083549
839.03,0.010573333542809989
839.2,0.008310905819100071
839.38,0.00916444062540864
839.56,0.013468094028578315
839.73,0.02513911577686807
839.91,0.015380136820144597
840.08,0.016172503364316353
840.26,0.001243955856969583
840.44,0.016099021526917258
840.61,0.017793666514909233
840.79,0.010523752672556138
840.97,0.00945241743745594
841.14,0.018911323512760862
841.32,0.009312749697231245
841.49,0.017277390915233736
841.67,0.019625610397081054
841.85,0.010083765964901119
842.02,0.02201319838672073
842.2,0.0184652033701674
842.37,0.01896684215795778
842.55,0.010120285228518095
842.73,0.009962469523609515
842.9,0.00782915162111577
843.08,0.03323455267967571
843.25,0.023672445104837393
843.43,0.014576496484461554
843.61,0.021661572163969193
843.78,0.013347735514235027
843.96,0.026729942351180064
844.13,0.024844678742801996
844.31,0.010844233512038278
844.49,0.020723537904655046
844.66,0.017260094786471027
844.84,0.011540070104120845
845.01,0.007343554345422469
845.19,0.012481869003289521
845.37,0.03171973362650292
845.54,0.015420715101226298
845.72,0.011024797785847322
845.89,0.01376202485007754
846.07,0.01965029725433629
846.24,0.014128076538809377
846.42,0.012089494513273341
846.59,0.01848948591747613
846.77,0.0298121651148772
846.95,0.01374740523643731
847.12,0.010719389144852334
847.3,0.01567393524957391
847.47,0.024117103336335315
847.65,0.021482841855827717
847.82,0.02283999202731664
848.0,0.02091229534462588
848.17,0.007308694140856023
848.35,0.01658336416336627
848.53,0.023283061086140245
848.7,0.03014848795891768
848.88,0.020710027341846876
849.05,0.025360433138276302
849.23,0.016929749178043955
849.4,0.024577090134515395
849.58,0.013029020061027475
849.75,0.023437185089417827
849.93,0.026857736265811134
850.1,0.006861662353464789
850.28,0.022060903034565173
850.45,0.01738849555744109
850.63,0.025809529329415923
850.8,0.040186509778564146
850.98,0.020604385102456182
851.16,0.01894431019449984
851.33,0.015168552288511696
851.51,0.027879794732036348
851.68,0.006404694547173944
851.86,0.011792900787994946
852.03,0.02626183640596552
852.21,0.02921915425359352
852.38,0.024594072606818607
852.56,0.008240669267519263
852.73,0.024135372405630143
852.91,0.020542947452242256
853.08,0.028439528764880054
853.26,0.02304539341767261
853.43,0.019639389285685285
853.61,0.025963945792413044
853.78,0.025639917199411433
853.96,0.016834390705968514
854.13,0.02183314602469096
854.31,0.03193842833131454
854.48,0.012151284231731398
854.66,0.018337630997999642
854.83,0.02008597826216397
855.0,0.022525205802583156
855.18,0.005917624347772674
855.35,0.023208949439798846
855.53,0.014653351623354738
855.7,0.02930730221558336
855.88,0.018743855012469633
856.05,0.015134774437035701
856.23,0.01975891678227707
856.4,0.03374297057329121
856.58,0.015866933605662686
856.75,0.02924615915302361
856.93,0.028032777225221125
857.1,0.02321853169161536
857.28,0.03341269943256606
857.45,0.021938861648110482
857.62,0.030181218749486594
857.8,0.034189109136477575
857.97,0.03096052076143063
858.15,0.012884689123389432
858.32,0.03567129237832073
858.5,0.037482442023795144
858.67,0.028234849194413488
858.85,0.007843573503639139
859.02,0.02236782438897991
859.19,0.023985503613885212
859.37,0.021128598819532753
859.54,0.029636355741984952
859.72,0.03006233064925368
859.89,0.029855713549461916
860.07,0.04416197797583392
860.24,0.038236962459446376
860.41,0.029323864476993658
860.59,0.013509370645802642
860.76,0.022115001002077223
860.94,0.03683990344673172
861.11,0.034431088835398166
861.29,0.03756757114468688
861.46,0.020447415060539282
861.63,0.026882554791095498
861.81,0.026039200833254447
861.98,0.00974700335335448
862.16,0.02477842499055395
862.33,0.03505875871846091
862.5,0.03781020514712258
862.68,0.01831350016222385
862.85,0.031172868829759084
863.03,0.01969253911074307
863.2,0.04153806777976847
863.37,0.025340689157707808
863.55,0.04333762282366892
863.72,0.029812963190605887
863.9,0.05742948023349298
864.07,0.04198536266515224
864.24,0.048911376562638324
864.42,0.027591988977421718
864.59,0.015288283553097672
864.77,0.03231701311247982
864.94,0.020094317269202647
865.11,0.026185992844994937
865.29,0.04611962985905133
865.46,0.04815264419335764
865.63,0.05074958452465084
865.81,0.042555863798319646
865.98,0.03322682191621439
866.16,0.03472830504949936
866.33,0.03733513356447954
866.5,0.04542548783204962
866.68,0.04910546956154838
866.85,0.024500679594525916
867.02,0.044061463854499036
867.2,0.028964479552904532
867.37,0.040994389587571484
867.54,0.03956163089169223
867.72,0.03882054951670247
867.89,0.04318099655609092
868.06,0.040511791551206176
868.24,0.05090249342665712
868.41,0.047631161943363504
868.59,0.02966841186736477
868.76,0.0336351904542961
868.93,0.025687186262736115
869.11,0.023157459327245545
869.28,0.04091034501946403
869.45,0.05009307566904517
869.63,0.019057078193799322
869.8,0.041582991206365987
869.97,0.02194156305045501
870.15,0.0261124958255835
870.32,0.03472439579641387
870.49,0.03277438151496483
870.66,0.04118326933991422
870.84,0.03905220976827925
871.01,0.04204864727035293
871.18,0.042070103538038695
871.36,0.02130073502021978
871.53,0.02154867725258678
871.7,0.023608587291440747
871.88,0.03638807088146524
872.05,0.0372172385248256
872.22,0.01793779903182394
872.4,0.03405372344349807
872.57,0.03428052581520765
872.74,0.036096044587202815
872.92,0.005571445807930642
873.09,0.02785964233382022
873.26,0.01184914479767167
873.43,0.07334035348217062
873.61,0.03887940919346093
873.78,0.031197559307663023
873.95,0.05531796851522229
874.13,0.013468181257852097
874.3,0.03456295423296015
874.47,0.009737262906098493
874.64,0.027391672002355837
874.82,0.03646636373598651
874.99,0.042355988336794624
875.16,0.03284374732061435
875.34,0.03655136672292137
875.51,0.05485091561418258
875.68,0.01710827205630643
875.85,0.02019977436860268
876.03,0.040250192924739074
876.2,0.04876918171416938
876.37,0.03923229849093642
876.54,0.033252051126245234
876.72,0.017431655887090985
876.89,0.04862430173194524
877.06,0.024070298808452833
877.23,0.02207976611906618
877.41,0.04081866795761152
877.58,0.021255569012790968
877.75,0.03244261051854546
877.92,0.028023072947328594
878.1,0.06066715797377535
878.27,0.036272229308921766
878.44,0.05841675854465273
878.61,0.02264164976528779
878.79,0.05368820664694277
878.96,0.023095323779080877
879.13,0.04220499569336782
879.3,0.01440959809177407
879.48,0.01972736051222125
879.65,0.015608554860624546
879.82,0.048371382678989945
879.99,0.04243626705145477
880.16,0.05626574225918834
880.34,0.02527743710480695
880.51,0.02952640060143522
880.68,0.03499544322066324
880.85,0.03658763957490511
881.03,0.04166086969963985
881.2,0.025028290152072526
881.37,0.012263610315186281
881.54,0.053852626138802345
881.71,-0.00046283614655844826
881.89,0.056596390276133966
882.06,0.038386161288580745
882.23,0.037548486694046146
882.4,0.030022925933706635
882.57,0.03636321459698241
882.75,0.010111515205321818
882.92,0.05265404005821789
883.09,0.04594678673761772
883.26,0.020419637107713867
883.43,0.06073364161925706
883.61,0.03730548665855704
883.78,0.06554329931367131
883.95,0.02187917088780617
884.12,0.016938753294562812
884.29,0.0013393368808841946
884.47,0.017254514447826882
884.64,0.021193528584467207
884.81,0.03935930797966412
884.98,0.038347042564585314
885.15,0.02859795182573852
885.32,0.03941750100989197
885.5,0.030305201551574245
885.67,0.046230379963976366
885.84,0.02779068623626666
886.01,0.04737467678015094
886.18,0.004228221935729703
886.35,0.059926088741817866
886.53,0.01348077406383517
886.7,0.06085226443216893
886.87,0.03655323032123782
887.04,0.03841589149865042
887.21,0.0252383548968093
887.38,0.04606749025206744
887.55,0.031788681158858925
887.73,0.031178223943024743
887.9,0.04217395605557701
888.07,0.045365024323732926
888.24,0.025207272054138183
888.41,0.0327505451168056
888.58,0.03357033501268149
888.75,0.002528179820929836
888.93,0.018555255636136355
889.1,-0.01806854893872264
889.27,0.023865693751028733
889.44,0.05514746190110737
889.61,0.03342479144218703
889.78,0.03849237875288687
889.95,-0.0035412733422616827
890.12,0.015289659811720212
890.3,0.008072885288847644
890.47,0.050924023120017516
890.64,0.0520069238781131
890.81,0.06716336056483363
890.98,0.05631684428667229
891.15,0.09273339582682363
891.32,0.03143693619372493
891.49,0.017384404530044043
891.66,0.04326809404965195
891.84,0.0195572110312573
892.01,-0.0026917024347845645
892.18,0.027206232278756945
892.35,0.01770202303311933
892.52,0.033185669907909526
892.69,0.059113319722526966
892.86,0.041267548956558736
893.03,-0.004952344988454975
893.2,0.036641792514127115
893.37,0.05722386853986959
893.55,0.03593371667780146
893.72,0.04097583617532643
893.89,0.026187240889511673
894.06,0.07097372946456777
894.23,0.02605446120608762
894.4,0.048679225057411596
894.57,0.059934834683068976
894.74,0.042270095236549454
894.91,0.038154201421376426
895.08,0.025807548856359774
895.25,0.019843036961077948
895.42,0.022860838511936606
895.59,0.0005626736879180254
895.76,0.03339223761197224
895.94,0.05624346510644929
896.11,0.05387374118118716
896.28,0.04349728651408229
896.45,0.05871945825580336
896.62,0.045012034032329895
896.79,0.04635649679564364
896.96,0.06059207378267484
897.13,0.01032482649468857
897.3,0.03501877725453158
897.47,0.07468424651348811
897.64,0.03817140264307191
897.81,-0.0019074633430426467
897.98,0.08335221945225815
898.15,0.05858724200276426
898.32,0.023674047767956764
898.49,0.05436077389169133
898.66,0.0005722398165338469
898.83,0.0494334947629238
899.0,0.06466184078124382
899.17,0.038066606450337305
899.34,0.08631194956361606
899.51,0.05068588805045618
899.68,0.030150405470970174
899.85,0.053797050206631385
900.02,0.053895742661736364
900.19,0.028107607096417193
900.36,0.06592021319938077
900.53,0.05586312021171487
900.7,0.09721531936248141
900.87,0.07773359939393644
901.04,0.044391661626071485
901.21,0.044737043949582035
901.38,0.021296401744908672
901.55,0.030267045797171415
901.72,0.050789022542822866
901.89,0.03319395391006649
902.06,0.01348272030396294
902.23,0.0299262497681205
902.4,0.06563725370807867
902.57,0.0509039607589154
902.74,0.10275586116376001
