Wavelength [nm],#5-Filtre-vert.csv
400.08,0.08706783061534805
400.29,0.04964681834430056
400.5,0.044944659367578355
400.71,0.08141748017168729
400.92,0.09637437914850318
401.13,0.08909930641258487
401.34,0.004811311817878191
401.54,0.04642252883730264
401.75,0.040938031767705815
401.96,0.04391140859937837
402.17,0.05947528955283849
402.38,0.05732256059664393
402.59,0.011198341409136567
402.8,0.026559291614298108
403.01,0.011424884417039868
403.22,0.06353117054915446
403.43,-0.008999360376039335
403.63,0.05720251735648505
403.84,0.04485688206520472
404.05,0.048662606249970056
404.26,0.0032325912960009546
404.47,0.07960995773399357
404.68,0.0420040636727253
404.89,0.03182662901125278
405.1,0.0077774652928694335
405.31,0.029212275871331725
405.52,0.008420904814286099
405.72,0.0217717751370542
405.93,-0.0033035559043425033
406.14,0.0486072290470802
406.35,0.015897616962349245
406.56,0.03176021233896554
406.77,0.010635943618208061
406.98,-0.011061050820705706
407.19,0.0005901565491609907
407.39,0.06357121627423142
407.6,-0.01365206612626346
407.81,-0.007111230377029334
408.02,0.011215566337114498
408.23,0.024859670197663036
408.44,0.024042178370911164
408.65,0.023502594273060853
408.86,0.017446323175465045
409.06,0.026453189245954998
409.27,0.015618875999549546
409.48,0.015858363010421254
409.69,0.01746738162950746
409.9,0.03272443684573627
410.11,0.028209838404027295
410.32,0.016221179793044646
410.52,0.053944022481199595
410.73,0.036963331490694716
410.94,0.0005297788274498668
411.15,0.03480551070132841
411.36,0.038112017435363126
411.57,0.0685388868498633
411.78,0.0162329670861764
411.98,-0.0029084079052429496
412.19,0.029962745058121822
412.4,0.009365939795500414
412.61,0.036575358673623264
412.82,0.05331022698353071
413.03,0.027245510232202775
413.23,0.04364878171418998
413.44,0.020327874341342596
413.65,0.027304805334065558
413.86,0.03900202900728944
414.07,0.030780270271285687
414.28,0.02590428641922072
414.48,0.0005221474209505113
414.69,0.021836641508420445
414.9,0.0005113811585321054
415.11,0.0015066731992677011
415.32,0.023347423262211
415.53,0.029428496004937632
415.73,0.026187240889511673
415.94,0.01573124119895397
416.15,0.015273522477477005
416.36,0.024590812646272976
416.57,0.0258729990536497
416.78,0.03761970665607971
416.98,0.049185833020028435
417.19,0.0034870149345417227
417.4,0.00790211572775941
417.61,0.02344485935711475
417.82,0.023567804123516913
418.02,0.030430664660983937
418.23,0.006566628096699935
418.44,-0.028237987847135763
418.65,0.035050566010131526
418.86,0.030372688840015472
419.07,0.02100751929657483
419.27,0.02766763053972829
419.48,0.03354120884559803
419.69,-0.004390599444113106
419.9,0.016537339248686618
420.11,-0.0032933940759192434
420.31,0.039730615348407806
420.52,0.03198484801611449
420.73,-0.009688923026279654
420.94,0.038082314438517555
421.15,0.04963339528084514
421.35,0.039254474819458055
421.56,0.026420424313368905
421.77,0.016245179459564357
421.98,0.022999444583388855
422.19,0.02526788864746415
422.39,0.020972306618009966
422.6,0.01803000670639007
422.81,0.037616603640611215
423.02,0.02740350285445683
423.22,0.032444382750950546
423.43,0.026479021694282966
423.64,-0.01376520426281687
423.85,0.033592281224504306
424.06,0.010930478863970588
424.26,0.014531664048491807
424.47,0.018447895685721236
424.68,0.022687406256015088
424.89,0.01488626425963677
425.09,0.006727975355591511
425.3,0.02622936694934074
425.51,0.008733494094194402
425.72,0.029533490592272973
425.93,0.021363455082731214
426.13,0.02352012426449676
426.34,-0.0004632416198960356
426.55,0.014366887446308537
426.76,-0.006630530854302524
426.96,-0.007750113587704381
427.17,-0.01335841840286907
427.38,0.021938013743909277
427.59,0.007206661341999721
427.79,0.015740669783125178
428.0,-0.004751967104144411
428.21,0.011128908118902535
428.42,0.024986809721464047
428.62,0.04436025555833631
428.83,0.011287430112874334
429.04,0.023009026642195445
429.25,0.04717475127338509
429.45,0.034976193103214176
429.66,0.019661743594869815
429.87,0.024671695553150626
430.08,0.04443131887920481
430.28,-0.025598486877991593
430.49,0.02514738049317497
430.7,0.01252252803083905
430.91,0.022826655507898346
431.11,0.04308362171407168
431.32,0.021583240213632754
431.53,0.006151832073051928
431.74,0.028152862351134723
431.94,0.0033912177554667653
432.15,0.010670518880692518
432.36,0.026367829320371933
432.56,0.016421946918236948
432.77,0.01754918237721615
432.98,0.006464257186854119
433.19,0.005093561274211435
433.39,0.005894589861986595
433.6,0.03712562808751819
433.81,0.0041153376822613275
434.02,0.01052857475602131
434.22,0.03175486865850677
434.43,-0.005641767951631177
434.64,0.0033430424106482785
434.84,0.01720169881604862
435.05,0.03334891654558092
435.26,-0.00039126025727355233
435.47,0.029467764848686694
435.67,0.01883309795285478
435.88,0.04684978262380407
436.09,0.009681280359021714
436.29,0.03201663407755468
436.5,0.013390074916621713
436.71,-0.006315408157557551
436.92,0.02339873915875186
437.12,0.006570525217790604
437.33,0.010311022259813184
437.54,0.014561981737142717
437.74,0.013304821246420653
437.95,0.03451269806815718
438.16,0.012933640127974488
438.36,-0.005119975733320912
438.57,0.03719514741245277
438.78,0.0010206398838117803
438.99,0.006128372292216085
439.19,0.024177606085536145
439.4,0.012442964696873898
439.61,0.030965007899861625
439.81,-0.010715776561483346
440.02,0.009984840500240302
440.23,0.0029176554537623457
440.43,-0.00758237104646181
440.64,0.008545175341521818
440.85,-0.008372213769082636
441.05,0.014444425622944618
441.26,-0.0087368604448574
441.47,0.024290324358123592
441.67,0.015994777584271338
441.88,0.02452784753517495
442.09,0.013654445758520614
442.29,0.041052151785080336
442.5,-0.00036082385659335416
442.71,0.013358308276236039
442.91,0.019268896712786924
443.12,0.035366427007006346
443.33,0.002305738541196286
443.53,0.009294977772879262
443.74,0.007198889352912651
443.95,0.002891242303782831
444.15,0.007696047201830915
444.36,0.043703863991772784
444.57,0.010964253868641175
444.77,0.0035128886753800106
444.98,0.039092113179319564
445.19,0.0015655800280300603
445.39,0.014010849077640644
445.6,0.020506354993696144
445.81,0.00444590952777465
446.01,0.025735006886329823
446.22,-0.010864015873546665
446.43,0.01217459016919495
446.63,0.018339904176111598
446.84,0.017706057403673495
447.05,0.014236067591126125
447.25,0.008725640108013168
447.46,0.003998355317990401
447.67,0.015216635922454648
447.87,0.027653685695387793
448.08,0.016004476307633006
448.28,0.004673980309423372
448.49,0.02715847606745796
448.7,0.009356814201646874
448.9,0.003932747611167365
449.11,0.0014609902834576576
449.32,0.008757322257704312
449.52,0.0015027462852418303
449.73,0.010655627146429298
449.93,0.00772943628844377
450.14,0.003650960837914814
450.35,0.051118120451819515
450.55,-0.016010024831960613
450.76,0.016106897797038666
450.97,0.007177801195403083
451.17,-0.0003192189342430474
451.38,0.01343922688916399
451.58,-0.01149785566791971
451.79,0.02370500438981565
452.0,0.019185686929206178
452.2,0.019029406917148727
452.41,0.018255657684346848
452.62,0.021790909146476904
452.82,0.010102060554126227
453.03,0.013332308920290017
453.23,0.028494185717160017
453.44,0.010492203894068606
453.65,0.004156518850423378
453.85,0.0030557447398398213
454.06,0.0035084434719353987
454.26,0.01806494735809903
454.47,0.019542000198853052
454.68,0.02656214088576524
454.88,-0.0017999636704580074
455.09,0.006772423519667788
455.29,0.014281971412768208
455.5,0.02129536218771946
455.71,0.019356870467334055
455.91,0.022454067767277975
456.12,0.016369430074842192
456.32,0.01721176829328273
456.53,-0.009544814402033907
456.73,0.020267936468063196
456.94,0.0002437186630822242
457.15,0.02559913371391664
457.35,0.020285687731284363
457.56,0.013776538885633594
457.76,0.01903569764360834
457.97,0.02932996532246075
458.18,0.014552334164982857
458.38,0.015073785208792675
458.59,0.008703100109841494
458.79,0.019603569482532245
459.0,0.01297915746370292
459.2,0.011917003144351136
459.41,0.007439979380480322
459.62,0.010445888408021424
459.82,0.023907231072481067
460.03,0.02523602003149713
460.23,0.013045405923916375
460.44,0.015148812976484642
460.64,0.00997051773529438
460.85,-0.004833103539377309
461.06,0.015248491113915217
461.26,0.011248699942623877
461.47,0.018265536752883105
461.67,0.006589098868152943
461.88,0.01809385455330953
462.08,0.02739365089890054
462.29,0.005519067521611607
462.49,0.01288234172869996
462.7,0.012155367605026961
462.91,0.013990802579922457
463.11,0.021645961901973855
463.32,0.02428186551993993
463.52,0.02578952890567623
463.73,0.013367671727476887
463.93,-0.008245308952288364
464.14,0.018629423235523097
464.34,0.023951620036189045
464.55,0.004464443186854831
464.75,0.013681927662679035
464.96,0.02639716475451162
465.16,0.0025253836856564257
465.37,0.01636211597891294
465.58,-0.0006096887431373995
465.78,0.011570744633624973
465.99,0.01788406298667591
466.19,0.014833873104156134
466.4,-0.0013841211254132103
466.6,0.00994170591665219
466.81,0.020316482205862532
467.01,0.015984460592044804
467.22,0.022373011995127638
467.42,0.008046263657012692
467.63,0.004602825420553814
467.83,0.008606108907822426
468.04,0.005350851175045869
468.24,0.015345666835709936
468.45,0.010331079952143612
468.65,0.01570425658526527
468.86,0.0012412868736164293
469.06,0.007744768530973509
469.27,0.006216474617661867
469.47,0.0012359831189041517
469.68,0.013136964679437193
469.88,0.015907532199507975
470.09,0.002489186957475304
470.29,0.00551527933522758
470.5,0.01876450008546162
470.7,0.0008079928962487853
470.91,0.01192855806686535
471.11,-0.0001748906933166641
471.32,0.01680179309549727
471.52,0.012441790719850524
471.73,0.012889384285661592
471.93,0.015481667512813222
472.14,0.009086321719891105
472.34,0.0019951535181355028
472.55,0.006342805746976563
472.75,0.003158291029303441
472.96,0.01649597338449879
473.16,0.011781216367904431
473.37,0.008586175998057246
473.57,-0.001042637607438958
473.78,0.012326680524220628
473.98,0.007983023341896309
474.19,0.0037177673541310013
474.39,0.0024395372855563965
474.6,0.011992536532697372
474.8,0.011354060809972128
475.01,0.009733588345289992
475.21,0.011416807037245005
475.42,0.007974956708629376
475.62,0.01583096753458612
475.83,0.0038349896332308675
476.03,0.0027301007914572613
476.24,0.004215050897156101
476.44,0.010171760271642462
476.64,0.001439617010764484
476.85,0.015244057458027337
477.05,0.005634044165062082
477.26,0.008900132766406048
477.46,0.00816378578269517
477.67,0.004378235562955287
477.87,0.005037865878218388
478.08,0.009235743319738076
478.28,0.014943880651832688
478.49,0.00011570935576388129
478.69,0.0032653780121913354
478.9,0.0012796771949072137
479.1,0.019453186183630553
479.3,0.0015239060108308386
479.51,0.011484789365979974
479.71,0.005985617924156154
479.92,0.010566173366823679
480.12,0.018454707967507315
480.33,0.0007829582841449008
480.53,0.006552843044492637
480.74,0.007881890897127474
480.94,0.004560845331164182
481.14,0.0011744674936585789
481.35,0.007430666412189975
481.55,0.007993743135858952
481.76,0.008994662042622123
481.96,0.008550085360598866
482.17,0.010140235998490921
482.37,0.013080185353898897
482.57,0.006402228649727586
482.78,0.00836171245554531
482.98,0.012170586975197274
483.19,0.0023451478090259956
483.39,0.008003944712750082
483.6,0.007531190784141779
483.8,0.012022528835948516
484.0,0.0070275235765184865
484.21,0.010648517266500911
484.41,0.001502517095924548
484.62,0.004497418681817895
484.82,0.009015711022699446
485.02,0.01020956398333535
485.23,0.004481403719874157
485.43,0.006539300811351193
485.64,0.006799850225385977
485.84,0.006652786735247143
486.05,0.00415507355433861
486.25,0.009063767799414438
486.45,0.008929095969638732
486.66,0.005479479539731751
486.86,0.007303438466550818
487.07,0.007828116909249677
487.27,0.00893749039170684
487.47,0.011763796042644352
487.68,0.01587073134500801
487.88,0.014580615100931811
488.09,0.013136352660701478
488.29,0.012523727780348364
488.49,0.013502087948337085
488.7,0.008966285644620074
488.9,0.011677041554950475
489.1,0.01355278919448913
489.31,0.009629894836181143
489.51,0.009868328003887244
489.72,0.013696034146921563
489.92,0.01297075612309532
490.12,0.00926485205897952
490.33,0.0019820786280460773
490.53,0.014784571362015187
490.74,0.013434771461668459
490.94,0.006383000886647053
491.14,0.018697192289973588
491.35,0.010357372797032836
491.55,0.010070529645414788
491.75,0.010679150388704135
491.96,0.013459498745920517
492.16,0.0049845862939391075
492.36,0.01614197101001507
492.57,0.014620279609274417
492.77,0.013591060827633143
492.98,0.014668265792912362
493.18,0.016523591566585092
493.38,0.013188822839638282
493.59,0.01646672078735581
493.79,0.016768771667800525
493.99,0.014149760815982846
494.2,0.008807741366604574
494.4,0.01619137119888049
494.6,0.02010450241283315
494.81,0.013892139576734443
495.01,0.01610225599285406
495.22,0.013367632336761491
495.42,0.019295551900258407
495.62,0.01796337764133647
495.83,0.013286367745817849
496.03,0.013713681335325443
496.23,0.014033664319353463
496.44,0.01761769077513595
496.64,0.018180246030458192
496.84,0.017650499714928686
497.05,0.017747019128547408
497.25,0.015707289147174792
497.45,0.02161181451062253
497.66,0.018651433885487963
497.86,0.019117716679059076
498.06,0.023131031081917493
498.27,0.023262128447950142
498.47,0.027239639869740123
498.67,0.021729927806625714
498.88,0.0188377092247974
499.08,0.017122891948949507
499.28,0.023538818990640413
499.49,0.02022487578376997
499.69,0.022555544565438956
499.89,0.02242806938759869
500.1,0.023916226405550457
500.3,0.019952074279990014
500.5,0.029165909750258262
500.7,0.0265682154930475
500.91,0.02810772993095556
501.11,0.023196485145109354
501.31,0.026748936996075025
501.52,0.02927029798151872
501.72,0.02730847791576429
501.92,0.0340756802661521
502.13,0.02992384535635837
502.33,0.03103368379131402
502.53,0.03476765765341714
502.74,0.035628866110159994
502.94,0.033237903236545026
503.14,0.032394311115746116
503.34,0.03538864336475056
503.55,0.03859959930490604
503.75,0.04339208718684876
503.95,0.04342437336068305
504.16,0.04923869758725698
504.36,0.048512962372623675
504.56,0.047161080559766005
504.76,0.0515696144140949
504.97,0.04797930640321057
505.17,0.05070129215935956
505.37,0.055571744396561394
505.58,0.057519834381440635
505.78,0.05916228788031312
505.98,0.05979556283015275
506.18,0.07125627525721935
506.39,0.057446127450352755
506.59,0.07461678365932307
506.79,0.06906573319187942
507.0,0.07617540333863909
507.2,0.08123309257071837
507.4,0.08341847998767954
507.6,0.0951847311678208
507.81,0.09344593098334673
508.01,0.10338261866366162
508.21,0.09766050230758298
508.41,0.10587726647892493
508.62,0.11131618877624082
508.82,0.11705658131667428
509.02,0.11895019667134801
509.23,0.1261814929941087
509.43,0.1324412185006591
509.63,0.1410406389280116
509.83,0.13922518807023104
510.04,0.14643564911528045
510.24,0.15316082985143523
510.44,0.17026575279564687
510.64,0.17211183429849392
510.85,0.17019686592319003
511.05,0.18757666790930932
511.25,0.1851380197943529
511.45,0.19366333524944468
511.66,0.20394394457453754
511.86,0.20810352352753825
512.06,0.21495398682366068
512.26,0.2285075737376755
512.46,0.23441845946278025
512.67,0.24542368180100677
512.87,0.249491670815734
513.07,0.25860299327907926
513.27,0.2690453465201006
513.48,0.26845412915892386
513.68,0.27056627001342365
513.88,0.2905798331348596
514.08,0.2905315738970063
514.29,0.2956797644868306
514.49,0.297328847296373
514.69,0.30777109050439466
514.89,0.3309557781022397
515.09,0.32439070689836147
515.3,0.3404324856995897
515.5,0.34780444734257326
515.7,0.3498695608586371
515.9,0.36303054786173894
516.11,0.35683782686111243
516.31,0.37637632357771217
516.51,0.3864490966108433
516.71,0.39915421036543125
516.91,0.3959629771321445
517.12,0.40184813930132074
517.32,0.4008022998860335
517.52,0.4321658448706322
517.72,0.41549388578815183
517.92,0.44156040613381176
518.13,0.4603288722936667
518.33,0.46850943823249025
518.53,0.4776573368199553
518.73,0.4758335681571324
518.93,0.4927305834542398
519.14,0.5119720461069099
519.34,0.5125568419491612
519.54,0.5388227968532019
519.74,0.5544776398263971
519.94,0.5584461387118838
520.15,0.5797960915083039
520.35,0.588522560632986
520.55,0.6034961923425806
520.75,0.6215448908388682
520.95,0.6313996665859465
521.16,0.6391615771389602
521.36,0.6645313890785054
521.56,0.6735743611516842
521.76,0.6957318540599462
521.96,0.7080150727766741
522.16,0.7225418107635594
522.37,0.7283244343247588
522.57,0.7582049649024907
522.77,0.780472032187795
522.97,0.7964463049797678
523.17,0.7939180810012718
523.37,0.8035462962341192
523.58,0.8260235666148553
523.78,0.8264708490030801
523.98,0.845805998431912
524.18,0.8594220037093517
524.38,0.869419536866827
524.58,0.8734269764839425
524.79,0.889991426847893
524.99,0.9029348523308098
525.19,0.9043594458737415
525.39,0.8988633840910967
525.59,0.8998860456759453
525.79,0.9054883392641826
526.0,0.8978669410017003
526.2,0.8958880211210681
526.4,0.8978610203898926
526.6,0.9078456955134062
526.8,0.9040664331619359
527.0,0.8846047756917955
527.2,0.8816633748340514
527.41,0.8741967598877727
527.61,0.8801180037835225
527.81,0.8744761609120797
528.01,0.8826326327323042
528.21,0.8658618555257906
528.41,0.8478632369031351
528.61,0.8454682140947719
528.82,0.8554706186572952
529.02,0.826669660636553
529.22,0.8316660528523311
529.42,0.7952955957493874
529.62,0.7845248394924564
529.82,0.7944957612833511
530.02,0.770013550233247
530.22,0.758603547802221
530.43,0.7768557464075512
530.63,0.7614289820909007
530.83,0.7574536522808579
531.03,0.7466160505898116
531.23,0.7394809570704223
531.43,0.7255540642226251
531.63,0.7309403865392285
531.83,0.7221710454438292
532.03,0.726912434746794
532.24,0.7174291275248531
532.44,0.7010195433291501
532.64,0.7025187146450795
532.84,0.6909225832956708
533.04,0.6891259135856571
533.24,0.6844855696953014
533.44,0.7077611726059826
533.64,0.6771732095285435
533.84,0.6913139141647938
534.04,0.6979395782676561
534.25,0.6857735109958515
534.45,0.6932318341831439
534.65,0.6857209453961494
534.85,0.6829608890443477
535.05,0.6884997612770881
535.25,0.6927769190979606
535.45,0.700395136267951
535.65,0.7027090111565162
535.85,0.6909889295567316
536.05,0.702784462731165
536.25,0.6963396983079015
536.46,0.7032857714289902
536.66,0.7088752304529076
536.86,0.7211897278306492
537.06,0.7203358481701505
537.26,0.7288759739719339
537.46,0.7308576328598618
537.66,0.7262317027973235
537.86,0.749129266095434
538.06,0.7501194176798115
538.26,0.7450090180685145
538.46,0.7688179389879127
538.66,0.7600552576722125
538.86,0.7633600840434188
539.07,0.7873105895567394
539.27,0.7923637956876237
539.47,0.802113155814388
539.67,0.7959796444997707
539.87,0.8042234788682531
540.07,0.8118431411347086
540.27,0.8374595354149167
540.47,0.8284703252327326
540.67,0.8234244276847869
540.87,0.8522385889823856
541.07,0.848528857839201
541.27,0.8462767199004207
541.47,0.8589608401438467
541.67,0.8663301135423014
541.87,0.8672226158527879
542.07,0.8565075623195607
542.27,0.8616187919841963
542.47,0.8615323017860187
542.67,0.8725866879478723
542.87,0.8731626389258886
543.08,0.883213645106506
543.28,0.8860708687698307
543.48,0.8988755042954103
543.68,0.9106515344013277
543.88,0.904886595236324
544.08,0.9280711729926465
544.28,0.9044110790248769
544.48,0.9150625688730585
544.68,0.9321905925240245
544.88,0.9318678046271227
545.08,0.9301786337345775
545.28,0.9397944705119365
545.48,0.9254702205415474
545.68,0.9191609618554909
545.88,0.9276338045289363
546.08,0.9416243217176422
546.28,0.9195903219598407
546.48,0.9148373650483386
546.68,0.9411235352902396
546.88,0.9468630716317292
547.08,0.953513081725563
547.28,0.9302384733098743
547.48,0.92637820647609
547.68,0.9489843558141481
547.88,0.9505442875947038
548.08,0.9293781690628024
548.28,0.9498914908851963
548.48,0.9509109692786508
548.68,0.9446165105596679
548.88,0.9344946491868292
549.08,0.9431737688269921
549.28,0.9398168351695345
549.48,0.9360575752111582
549.68,0.9254844391145229
549.88,0.9361999649755297
550.08,0.922281444593985
550.28,0.9220681908966322
550.48,0.9314415035892385
550.68,0.9133423180095237
550.88,0.9281728363858497
551.08,0.931596055719406
551.28,0.9271572612673227
551.48,0.9285449812434255
551.68,0.9265291221636626
551.88,0.9116778532467836
552.08,0.9342564001147473
552.28,0.905003080278956
552.48,0.8915555995045558
552.68,0.908059858831311
552.88,0.8871546538557322
553.08,0.8938494577658348
553.28,0.8765591941484538
553.48,0.8916447909363858
553.68,0.8929177919918898
553.88,0.9006844537137283
554.08,0.8692244806012485
554.28,0.8815545621182562
554.47,0.856199205806878
554.67,0.8563761773619076
554.87,0.8603246254286059
555.07,0.8495214660831263
555.27,0.8363566505686989
555.47,0.8124079561479937
555.67,0.8203340880059643
555.87,0.8051339143921666
556.07,0.7999077216595003
556.27,0.7788907757169957
556.47,0.788176968719481
556.67,0.7656602089558269
556.87,0.7679709911135737
557.07,0.7558716427095055
557.27,0.7383302828925997
557.47,0.7521582981107562
557.67,0.7297124812932665
557.87,0.7288249316576115
558.07,0.7118144251960667
558.26,0.6953278235189385
558.46,0.6790601269105275
558.66,0.6714139572443287
558.86,0.6606455440283446
559.06,0.6632247654591212
559.26,0.6444366921681904
559.46,0.6301023792378343
559.66,0.6108777438667573
559.86,0.6088112172974265
560.06,0.603714331475175
560.26,0.6057354334624313
560.46,0.5813002121344077
560.66,0.5848859206248928
560.86,0.565159851263824
561.05,0.5539918963444499
561.25,0.5462347271559291
561.45,0.5459759922557056
561.65,0.5303203590363179
561.85,0.5258527035704047
562.05,0.5143999245476981
562.25,0.5089936290916518
562.45,0.5079610895080511
562.65,0.496375918696898
562.85,0.49898887675848097
563.05,0.5030469094613769
563.24,0.486172830002162
563.44,0.4904731218331969
563.64,0.47631859553932065
563.84,0.46973059750839696
564.04,0.47029723683998775
564.24,0.45955397701468587
564.44,0.475713292910068
564.64,0.4593158144561389
564.84,0.4647092997432777
565.03,0.45671428657611113
565.23,0.45858631026141566
565.43,0.4537399184675894
565.63,0.44320969806458693
565.83,0.44427838624419536
566.03,0.4559386651996612
566.23,0.45398469826973065
566.43,0.4553691208012243
566.63,0.4356035338189842
566.82,0.44965233076312044
567.02,0.4510374815599494
567.22,0.4613662541046615
567.42,0.4475850602214202
567.62,0.4487489020556269
567.82,0.4516503865094575
568.02,0.4645137050410597
568.22,0.4611633236097334
568.41,0.48238588108449904
568.61,0.49462171736071897
568.81,0.4784741651312097
569.01,0.4954932036256207
569.21,0.5032190082249984
569.41,0.5098416268626914
569.61,0.5115193735632846
569.8,0.5350407684332696
570.0,0.5192008595726627
570.2,0.5407437505655459
570.4,0.5416633642762947
570.6,0.5594430730785106
570.8,0.5769873015861918
571.0,0.597217718592209
571.19,0.6091988306523058
571.39,0.6078030699206712
571.59,0.6256782138158248
571.79,0.6368691628024147
571.99,0.6647383851303381
572.19,0.6686995403481935
572.38,0.6823151612053318
572.58,0.7046779702889612
572.78,0.7231736553626439
572.98,0.7440287394197121
573.18,0.7747126836901109
573.38,0.7752338092722463
573.57,0.7815609017964216
573.77,0.81325624561656
573.97,0.8190210027393373
574.17,0.8242068711400626
574.37,0.8444942973391508
574.57,0.8529534339578227
574.76,0.8582018723233046
574.96,0.8809373376193557
575.16,0.8806860832348712
575.36,0.9092870064366827
575.56,0.9028890154741882
575.75,0.8925949287160239
575.95,0.8774223984558318
576.15,0.8820860615334565
576.35,0.8719364801616536
576.55,0.8465853519095867
576.74,0.8195405542391695
576.94,0.8121882471278389
577.14,0.7966888469512319
577.34,0.7609314703835165
577.54,0.7254108421048656
577.74,0.7091884464464349
577.93,0.6876638095241377
578.13,0.6589502028843935
578.33,0.62680939870655
578.53,0.5954528115675847
578.72,0.5583982280368469
578.92,0.5429539475724988
579.12,0.5187280438642592
579.32,0.49254017112652904
579.52,0.47256576940628403
579.71,0.4535062329189688
579.91,0.43034017510237965
580.11,0.40644016548279677
580.31,0.38136266226886817
580.51,0.3565724298392331
580.7,0.3350199134020548
580.9,0.31524982765541926
581.1,0.29450041551251194
581.3,0.2915794616473095
581.49,0.2635016946646171
581.69,0.25181500841035287
581.89,0.23855194199370236
582.09,0.2324038893662186
582.29,0.21633018157663902
582.48,0.2084356260860896
582.68,0.19831802293352035
582.88,0.18824588543022802
583.08,0.18279652966057225
583.27,0.16885305388170108
583.47,0.16234362146926765
583.67,0.15561152253952434
583.87,0.14606299518658614
584.06,0.14183398096704358
584.26,0.13553015927531878
584.46,0.13218452995576105
584.66,0.12404567515594071
584.85,0.11660145961544194
585.05,0.11442640668955104
585.25,0.10450318630104735
585.45,0.10969761453702968
585.64,0.1028609445946701
585.84,0.09397843921474891
586.04,0.09356727282509103
586.24,0.09135788827212005
586.43,0.0903301776795681
586.63,0.08370910410525151
586.83,0.08050143208069652
587.03,0.07813199193255634
587.22,0.07785856225212903
587.42,0.07206493063287625
587.62,0.06850603553437498
587.82,0.06941394146192435
588.01,0.06774617876669668
588.21,0.0602520036530495
588.41,0.06215017618639846
588.6,0.06421677638714396
588.8,0.058776461382753435
589.0,0.05791648941644366
589.2,0.05533840497962937
589.39,0.05336839876187257
589.59,0.0514524080239983
589.79,0.05220103053788026
589.98,0.046418826498541545
590.18,0.045882814750327995
590.38,0.04757275035822506
590.58,0.04311930851145882
590.77,0.04421781903651178
590.97,0.04233998990830198
591.17,0.042669920857431716
591.36,0.04221563678974981
591.56,0.03968990460628141
591.76,0.03914266312967432
591.96,0.036531548130724206
592.15,0.037509626963725035
592.35,0.0361839221011273
592.55,0.03551769003235198
592.74,0.03330730208527487
592.94,0.033416656634824425
593.14,0.030010862981262612
593.33,0.025530319294708236
593.53,0.029360939253566056
593.73,0.03360424512587211
593.92,0.030434415327356062
594.12,0.02812254495871434
594.32,0.027570034078438173
594.51,0.02874286440773049
594.71,0.02317179358081424
594.91,0.02500087604687602
595.11,0.025299223003541062
595.3,0.0245695836303409
595.5,0.019816100347995334
595.7,0.024499176556107505
595.89,0.025366654442883958
596.09,0.023082529357334933
596.29,0.02281337552417921
596.48,0.023617977880701888
596.68,0.022447782403821004
596.88,0.020015099528315983
597.07,0.017910456800936492
597.27,0.017868670358632266
597.47,0.020685006731685458
597.66,0.0185150199009199
597.86,0.016902571388681842
598.06,0.0167581778114108
598.25,0.01788202079029737
598.45,0.014336779951811223
598.64,0.016450402835187148
598.84,0.016242115094235968
599.04,0.01670492930429702
599.23,0.014641844040730177
599.43,0.016155686885535328
599.63,0.017328809141040756
599.82,0.016443699840749823
600.02,0.015452366596068806
600.22,0.01342735344767351
600.41,0.014588003079543284
600.61,0.012940665895504504
600.81,0.011871046131611525
601.0,0.01456115789428168
601.2,0.011148472426465175
601.39,0.012476086203955076
601.59,0.012036677835767432
601.79,0.010270559596190594
601.98,0.010212371556768381
602.18,0.010009739045547228
602.38,0.011997888680367677
602.57,0.0076907397924942
602.77,0.011799930093180679
602.96,0.01162577633598206
603.16,0.012196444547372724
603.36,0.008837782622785216
603.55,0.01046684884145605
603.75,0.008995704735831892
603.95,0.008798808923525853
604.14,0.005400352184099979
604.34,0.008705143052786638
604.53,0.006480427560688475
604.73,0.010430806010816033
604.93,0.007383419472670189
605.12,0.007891530925484636
605.32,0.009366661312244739
605.51,0.011357309764978046
605.71,0.007003333601481248
605.91,0.0075561354587319425
606.1,0.004957124782514051
606.3,0.006993591318854014
606.49,0.008580481015458738
606.69,0.004773378247440126
606.89,0.008930438490238831
607.08,0.005474925714467378
607.28,0.006107791693980869
607.47,0.004937565456373549
607.67,0.008504430639006142
607.87,0.006732158954760225
608.06,0.007341561783019339
608.26,0.004662471778018253
608.45,0.0065555066883061005
608.65,0.007100522766427469
608.84,0.00267981815309406
609.04,0.005575382836538418
609.24,0.003953534852857706
609.43,0.008184999200136737
609.63,0.005295523388161259
609.82,0.0035228099779025814
610.02,0.002954349974742772
610.21,0.006081978379736778
610.41,0.00489187034656115
610.61,0.004934955298668644
610.8,0.005205144003317091
611.0,0.00513334539693187
611.19,0.0029323498537606753
611.39,0.005553294792303001
611.58,0.006114389742331736
611.78,0.004718408012628133
611.98,0.0028271563605067555
612.17,0.00301837133936252
612.37,0.0030948228487748634
612.56,0.004868850552432646
612.76,0.00512245380189182
612.95,0.005260393118376189
613.15,0.0009885175120108475
613.34,0.00330978778055442
613.54,0.0038615204572607217
613.73,0.003593630869858337
613.93,0.004794037181500682
614.13,0.005547246994669758
614.32,0.00254638334507177
614.52,0.0037366155988815875
614.71,0.004039598286943411
614.91,0.0013150801874807212
615.1,0.0017212151639933071
615.3,0.002843418837581047
615.49,0.004113869810513119
615.69,0.00391057647630392
615.88,0.004265286576643259
616.08,0.00156317589853695
616.27,0.0028286468158610877
616.47,0.002289751107622503
616.66,0.00405363492978864
616.86,0.0048171796358457055
617.06,0.0016942910637831696
617.25,0.001202980808822939
617.45,0.0014273325514399576
617.64,0.005297783432004787
617.84,0.002602116491184661
618.03,0.0025429832005804676
618.23,0.004216025256669582
618.42,0.0038514732753515955
618.62,0.0024806687351107927
618.81,0.003140899980176651
619.01,0.0001999780518994017
619.2,0.0052401547011270595
619.4,0.0005303641588215158
619.59,0.005339023366530824
619.79,0.0009214965288563678
619.98,0.0026630007507850825
620.18,0.004889933589867477
620.37,0.002426519521590933
620.57,0.004370895394020124
620.76,0.0036576327899989825
620.96,0.0030277954549323177
621.15,0.002292043634364271
621.35,0.0025061722368423032
621.54,0.001454181602941061
621.74,0.003047810868955254
621.93,0.002373102005608499
622.13,0.0019487134459435882
622.32,0.004303444409657595
622.51,0.002114764737276099
622.71,0.0031890674176903075
622.9,0.00305672471901136
623.1,0.0034529222252405083
623.29,0.004183805978271406
623.49,0.0018900102956699828
623.68,0.0023665925044648348
623.88,0.002461376694581099
624.07,0.0011888484069047212
624.27,0.004594091285407142
624.46,0.004202618257232829
624.66,0.0007062606482663059
624.85,0.0026910289198412065
625.05,0.00467540625948399
625.24,0.0020407189882257477
625.43,0.0013965206841517962
625.63,0.004131736077209061
625.82,0.0035256152806323504
626.02,0.003639747792734663
626.21,0.0020603058144355907
626.41,0.00222009367292913
626.6,0.0023228588226813494
626.8,0.001627148276103589
626.99,0.0023896337897538937
627.19,0.0027613168736492057
627.38,0.002314833759048148
627.57,0.002782578781935158
627.77,0.0038822911199308894
627.96,0.0007188462563372206
628.16,0.0018385302846195225
628.35,0.00285701039116633
628.55,0.0026237825398128293
628.74,0.000719640124933196
628.93,0.004306912197928188
629.13,0.0026165727807858155
629.32,0.001077290547466817
629.52,0.004269740291874768
629.71,0.0019636719124504756
629.91,0.0007266152533665769
630.1,0.005385376319281693
630.29,-0.001003159090389795
630.49,0.0024810504482347586
630.68,0.004393971137143199
630.88,0.0044450527048102975
631.07,0.0042760659938989535
631.27,0.0014142672665540187
631.46,0.0003042404817655945
631.65,0.0035224617596404375
631.85,0.0029929506533239963
632.04,0.00254264757234178
632.24,-0.00108048881649093
632.43,0.001878912893547894
632.62,0.0030243688497062615
632.82,0.00012828414467566253
633.01,0.0031215129888937988
633.21,0.0040659118969545195
633.4,0.0031021305952624043
633.59,0.003920770187304547
633.79,0.00308916280586581
633.98,0.005603300310539384
634.18,0.0019832558222225645
634.37,0.004738898337639736
634.56,0.0038598298864216743
634.76,0.0017991189343753147
634.95,0.003286237017281692
635.14,0.0024526845767987057
635.34,0.001995053085913115
635.53,0.0028500163039565716
635.73,0.0020241662181660447
635.92,0.002826467677828563
636.11,0.0021832792835583346
636.31,0.005342620200875801
636.5,0.0019007017853350176
636.7,0.00405180125820273
636.89,0.0035281630883982856
637.08,-0.00022447147823248957
637.28,0.00012964063552439031
637.47,0.0008443278198160215
637.66,0.0028244383486994997
637.86,0.0026867081371004585
638.05,0.0014609308672454485
638.24,0.002780518888237382
638.44,-0.0004007245507285736
638.63,0.004745627653552903
638.83,0.0012149950832441995
639.02,0.003307306116151394
639.21,0.0018367301491298402
639.41,0.002288628319456447
639.6,0.003915454690073216
639.79,0.00246855317959153
639.99,0.0044324768483264025
640.18,0.0032971403429299154
640.37,0.0018628032783504717
640.57,-0.0003212806686305908
640.76,0.0005878937033283838
640.95,0.0032286274911688347
641.15,0.005153176767563695
641.34,0.0026891099416982093
641.53,0.0004064943605856825
641.73,0.000776715295750431
641.92,0.0024166971805199594
642.11,0.005460347991911039
642.31,0.004572716159505052
642.5,0.003991675119593365
642.69,0.003899851728344134
642.89,0.0038524498964533807
643.08,0.0007634847453802724
643.27,0.004780336226047937
643.47,0.0026333645000094852
643.66,0.003034432740436812
643.85,0.0027988175163941513
644.05,0.0022069068430981076
644.24,0.0031118314214117287
644.43,0.005592629209894268
644.63,-0.0033361224696964735
644.82,0.0031401788555173696
645.01,0.0013183857295805091
645.2,0.0009519751276467544
645.4,0.003134183135327837
645.59,0.0020420084314975995
645.78,0.0026162461115773637
645.98,0.0018917227241738001
646.17,0.0018066597088183922
646.36,0.0018024785828715621
646.56,-4.947634172602058e-05
646.75,0.003477778375009143
646.94,0.0024712966566805138
647.13,0.0025653730069819703
647.33,0.0018154188861920545
647.52,0.0061867612622611
647.71,0.002868832611016985
647.91,0.004427678070864996
648.1,0.0012570577330197382
648.29,0.004738881314023668
648.49,0.00255202716904766
648.68,0.0018101868742891633
648.87,0.005439451095636965
649.06,0.003614197663325748
649.26,0.00236096685944062
649.45,0.0033155412845579063
649.64,0.0037513399428846777
649.83,0.0023163698878043487
650.03,0.0028764153297894594
650.22,0.0024204202664479062
650.41,0.0037479305773821495
650.61,0.0019193922700194742
650.8,0.0018318148300182136
650.99,0.0036016782911577234
651.18,0.004621979355181289
651.38,0.003533197368943209
651.57,0.0010709287998578849
651.76,0.002496467662788591
651.95,0.0022108309369958962
652.15,-0.0011761380731393732
652.34,0.0010716291148424198
652.53,0.004905011841365054
652.72,0.0025856555535730464
652.92,0.0037482864902846215
653.11,0.005119249127212482
653.3,0.0034995399232096765
653.49,0.004080092020676972
653.69,0.001656751287077787
653.88,0.003150093047079422
654.07,0.0011883612577091847
654.26,0.0027893903073027727
654.46,0.002582495636945145
654.65,0.00023721908788397844
654.84,0.002803453383733678
655.03,0.003449640320814172
655.23,0.0031885034319673465
655.42,0.001850090385442906
655.61,0.00023467354586945898
655.8,0.0037748129535976347
655.99,0.0030282713655119075
656.19,0.002673989196610676
656.38,0.004977599607442892
656.57,-0.0011845895208551318
656.76,0.0036288569965686216
656.96,0.003363645139360519
657.15,0.0035736327175560877
657.34,0.003821475189282075
657.53,0.0031830454681197767
657.72,-0.0013838945375739835
657.92,0.001388996783866511
658.11,0.0017512465908668521
658.3,0.0032719203813359565
658.49,0.0020524095095088594
658.68,0.0009907982716339358
658.88,-0.00024200047298527345
659.07,0.002239947271126311
659.26,0.0013904648604333462
659.45,-0.0004303092176745971
659.64,0.00147254227353543
659.84,0.004306943679473932
660.03,0.0023287139015970367
660.22,0.0024965738657618257
660.41,0.002387093763344728
660.6,0.005037569658685208
660.8,-0.00024417361125824057
660.99,0.0042043951846193976
661.18,0.0007241331582211813
661.37,0.004248775378830098
661.56,0.0019778058969963175
661.76,0.006506280061925678
661.95,0.0041781290072094805
662.14,0.003238480597481402
662.33,0.001788032958304886
662.52,0.0005313687479016912
662.71,-0.0001437702652645928
662.91,0.0035935100869762637
663.1,0.00014178452288468444
663.29,0.002845407183567838
663.48,0.002283088246871648
663.67,0.003340082276930223
663.86,-0.0002467708299327713
664.06,0.0021881577477142074
664.25,-5.215035052485215e-05
664.44,0.002010042796852173
664.63,0.001296497794222782
664.82,0.0029677436984932195
665.01,0.0021864544822316925
665.21,0.00490033817428643
665.4,-0.00044323853520753496
665.59,0.003212278326284497
665.78,0.002501968962299455
665.97,0.003084364363235114
666.16,0.00034251644167655266
666.35,0.004229581709521918
666.55,0.002714689573807604
666.74,0.005559647508036995
666.93,0.00014519883542724168
667.12,0.002109681526096047
667.31,0.002013205581507237
667.5,0.0010360909154651645
667.69,0.002910315190012362
667.89,0.006860520058776658
668.08,0.006254959000791283
668.27,0.0019097913765492617
668.46,0.002254681975068209
668.65,-5.3226484484837904e-05
668.84,0.005529168416082028
669.03,0.0033389514795269027
669.22,0.0015344673621539237
669.42,0.001531884460081075
669.61,0.0022302900305285938
669.8,0.002760518762093314
669.99,0.0024615293322898194
670.18,-0.0002526889083228067
670.37,0.0029517059404838416
670.56,0.005959356131454036
670.75,0.005476987645944201
670.94,0.004024796265034859
671.14,0.0011321249050793715
671.33,0.001041863887694879
671.52,0.0016375473624544296
671.71,0.004615060909587463
671.9,0.0011384166904952419
672.09,0.005759876744661532
672.28,0.0011355992378060218
672.47,0.005934380461519856
672.66,0.004617353658410189
672.85,0.0013562811025678116
673.05,0.0017729234401504233
673.24,0.003552994968301927
673.43,0.00034641315206891606
673.62,0.001454910258835157
673.81,0.005692393209158741
674.0,0.0044055079603537136
674.19,0.0017650425634363313
674.38,0.005197291117677296
674.57,0.002466491357128592
674.76,0.004515545815641697
674.95,0.004535569651545833
675.15,0.004188813046105287
675.34,0.0028004794954809903
675.53,-0.00035495520725801593
675.72,0.004467013366353273
675.91,0.0015746036673877691
676.1,-0.0005582665768306619
676.29,0.0024777293902848137
676.48,-0.0006681467743603881
676.67,0.002594743308761266
676.86,0.0025600579619393425
677.05,0.0012963214308816186
677.24,0.005389695251474162
677.43,0.00290716359636155
677.62,-0.0013626243834043107
677.81,0.008355348104275856
678.0,0.001653493008494242
678.2,0.0023103160957692074
678.39,0.001951518835419512
678.58,-0.0005701256390730021
678.77,0.0016756977713109896
678.96,0.001858931868970467
679.15,0.0044023849014044325
679.34,0.0026098978560947844
679.53,0.0022063696772579105
679.72,0.0001512907990410645
679.91,-0.0006761738321844547
680.1,0.0014836997711569248
680.29,0.002332135346727343
680.48,0.00015204127493114868
680.67,0.0020949990594407706
680.86,0.0018803152777904961
681.05,0.002171997928796752
681.24,0.003975558989389939
681.43,0.002551594936015545
681.62,0.0002518451229477137
681.81,0.004162219653179195
682.0,0.005347946483139509
682.19,0.0015870409490512296
682.38,0.0013933146937963122
682.57,-0.0014985116910995638
682.76,0.0016897944753795251
682.95,0.0025965949073590276
683.14,0.0006704213741812161
683.33,0.0018077784721387397
683.52,0.001084710647565926
683.71,0.00170518889091223
683.9,0.0021430290176898785
684.09,0.003609394748314174
684.28,0.0038860601348873636
684.47,0.003259756261589762
684.66,0.0017210461886099783
684.85,0.0016999093802402931
685.04,0.000667310360892872
685.23,0.005291870179984242
685.42,0.0012971304123019036
685.61,0.0008715724165649873
685.8,-0.0016069564052120886
685.99,0.0035902021909861724
686.18,0.0036104969128988255
686.37,0.0008798097668223964
686.56,-0.0007827415400897886
686.75,0.0010650718274049498
686.94,0.004254562242116296
687.13,0.002106207483087613
687.32,0.004312519848476408
687.51,0.003259756261589762
687.7,4.8682723541965775e-05
687.89,0.0046211207984076744
688.08,0.0021230266130022085
688.27,0.0036824634302365356
688.46,0.0016190957683288947
688.65,0.0015267465270596223
688.84,0.0019599214199373096
689.03,0.003126763885247426
689.22,0.0011184251221872765
689.41,0.0013190820223996681
689.6,0.0006909660888899685
689.79,0.002464307201102201
689.98,0.0016629516715544832
690.17,0.0013193611202125632
690.36,0.0008980915839856774
690.55,0.00046949509447503267
690.74,0.005234235163419045
690.93,0.0031297523587743696
691.12,0.0010217651895892532
691.31,0.002350430485839667
691.49,-5.6702440635047696e-05
691.68,0.005984358102403086
691.87,0.0025452489745860503
692.06,0.0017203271739934963
692.25,0.0013190820223996681
692.44,0.002361049746830615
692.63,0.0003723101555793516
692.82,0.0005774090694603032
693.01,0.002558019822679559
693.2,0.0013178275421014962
693.39,0.0022913706803593605
693.58,0.002353137937879724
693.77,0.0025817689842372853
693.96,0.0025024036497892847
694.15,0.002576061598279045
694.33,0.002488870647766257
694.52,0.00359307889211921
694.71,0.0005836300407159698
694.9,-0.0016698559096537124
695.09,0.0026118040644017254
695.28,0.0007997908298609669
695.47,-0.0011013974238513649
695.66,0.0041433204486249825
695.85,0.004043868123391863
696.04,0.004578100654571798
696.23,0.005840630807822003
696.42,0.00036595156318201556
696.6,-0.0005829293851403408
696.79,0.0032359492531646144
696.98,0.0056814946095553875
697.17,0.003889653383891031
697.36,0.001423045895795046
697.55,0.003662681657811591
697.74,0.0037391377876635416
697.93,0.00047563817977899124
698.12,0.0009056769213907086
698.31,0.00888366226816827
698.49,0.001953495768313504
698.68,0.0029626646835395447
698.87,0.0035324072263827016
699.06,0.003249060779414053
699.25,0.003457890690509402
699.44,0.003304019311604792
699.63,0.0016652786118367627
699.82,0.0017856007811564761
700.0,0.000595898292189192
700.19,-0.0005985810863175694
700.38,0.0005865080023059331
700.57,0.005941145660664582
700.76,0.0022151476239612765
700.95,0.005717394448479371
701.14,0.0067885268541019875
701.33,0.004629282929680934
701.51,0.002995290761271369
701.7,0.0020682226925256317
701.89,0.0004885796952882171
702.08,0.004669067975216275
702.27,0.002332188142606921
702.46,0.004063034962694736
702.65,0.006265620422698986
702.83,-0.0009325683467187593
703.02,0.003082144705428356
703.21,0.0023679394721506323
703.4,0.0011492351526200908
703.59,0.0024673394481643505
703.78,0.0016620584251600368
703.97,0.0017219959458426113
704.15,0.0011527776952762294
704.34,-0.00016598249333823955
704.53,0.0014866485463594223
704.72,0.005513888861598682
704.91,0.0012379278741063496
705.1,0.005140097551627858
705.28,0.0022420773825962675
705.47,0.0036582685715611236
705.66,0.0033896568847728782
705.85,0.0031385452614707625
706.04,0.001625346189041947
706.23,0.002184716509522874
706.41,0.001163796222519761
706.6,0.0011704305262434209
706.79,0.004515128348673377
706.98,0.00703309039264545
707.17,0.0058025353701615335
707.35,0.006167853763661599
707.54,0.004008740281518374
707.73,0.0029875637937635106
707.92,0.006421745105313489
708.11,-0.0005141971927855516
708.3,0.0008244134340094202
708.48,0.0038104606947579668
708.67,0.003274772738446268
708.86,0.0035763341525054788
709.05,0.004050795756233112
709.24,0.006831296283341499
709.42,0.005597048415605681
709.61,0.0022749667709343157
709.8,0.003143396464701628
709.99,-5.915081163363238e-05
710.18,0.0021535458711636154
710.36,0.002477404146826353
710.55,0.0023622081521311165
710.74,0.007285531928690574
710.93,0.00183166813805474
711.12,0.006343319917232589
711.3,0.0030864908534872703
711.49,0.003698961037364551
711.68,0.006301062571377793
711.87,0.00515221818766777
712.05,0.0030812979296760464
712.24,0.005366119645316452
712.43,-0.0016216109876088642
712.62,0.00442280803368638
712.81,0.0064102852023635495
712.99,0.0040981337101509184
713.18,0.0017640127455150194
713.37,0.0025624376259530224
713.56,5.301508096941148e-05
713.74,0.0031440702144118426
713.93,0.0028299877184687814
714.12,0.0019541725022943564
714.31,0.001976053824174747
714.49,0.004066182155558996
714.68,0.004130623691992933
714.87,0.0036022808543857577
715.06,0.002734681982172113
715.24,0.005809084158847947
715.43,0.006923191915567918
715.62,0.0034277880266567113
715.81,0.0009597519560804508
715.99,0.005056150136127123
716.18,0.004034272290673803
716.37,0.006195631923196675
716.56,0.004666630996036002
716.74,0.005269294241375448
716.93,0.006086110092378536
717.12,0.006541721549095002
717.31,0.0049313631270029665
717.49,0.004482534461448322
717.68,0.0028116624269238525
717.87,0.007050688297194211
718.06,0.005277856758441507
718.24,0.006147431307607151
718.43,0.007297638341868329
718.62,0.0038217304771892228
718.8,0.0055155636748963986
718.99,0.00450620560357936
719.18,0.004442101932529692
719.37,0.004295652029968941
719.55,0.006736019188150721
719.74,0.0036015988020464238
719.93,0.0037499351722831446
720.11,0.004865808601725505
720.3,0.0063313486731001
720.49,0.005745402524285291
720.68,0.005412292896627822
720.86,0.00932099997013749
721.05,0.0013466293095621706
721.24,0.007749437589636521
721.42,0.005427798175734256
721.61,0.007104237587032924
721.8,0.005438926134341437
721.98,0.004300339064356818
722.17,0.005796616378373184
722.36,0.004679929164382134
722.55,0.0028924184453219016
722.73,0.006209228747744066
722.92,0.007329317057216113
723.11,0.005931036243363076
723.29,0.0083182241869575
723.48,0.009219541664010398
723.67,0.0021435844067805633
723.85,0.004793043163381604
724.04,0.006369821708747145
724.23,0.007079069623183659
724.41,0.007672583114577391
724.6,0.00559888987757384
724.79,0.0037349182449279276
724.97,0.006511771346366226
725.16,0.0068198078950603685
725.35,0.005043644653382318
725.53,0.00995426742297079
725.72,0.006201560666432417
725.91,0.007391240691701599
726.09,0.00899999779681817
726.28,0.007797954103217606
726.47,0.006711195238034041
726.65,0.006305838221691049
726.84,0.009435706013964004
727.03,0.011453271472125303
727.21,0.0077127026299164455
727.4,0.00578954687813261
727.59,0.010671269131464418
727.77,0.006864574310252178
727.96,0.006949046083077823
728.15,0.003261822054952332
728.33,0.011537561567332344
728.52,0.004147369106044734
728.7,0.004463784526750353
728.89,0.008209704845419715
729.08,0.010279110747285375
729.26,0.007614920056484718
729.45,0.00911500345187524
729.64,0.009336486880369175
729.82,0.011463318867255143
730.01,0.007713000182532571
730.2,0.009904843030228315
730.38,0.007518050521335285
730.57,0.008469474518828402
730.75,0.004611665389312531
730.94,0.013139911668723123
731.13,0.01111243635951522
731.31,0.011255206019006866
731.5,0.005380550814920814
731.68,0.008509437098824875
731.87,0.010174958815204275
732.06,0.013652380856251421
732.24,0.010562241571863773
732.43,0.013203362145270176
732.62,0.013023015541033224
732.8,0.012701041466301615
732.99,0.015853393042432523
733.17,0.011747455349367728
733.36,0.010967028757237778
733.55,0.010818681141926835
733.73,0.010039721626959807
733.92,0.011045735566772278
734.1,0.01186262635854121
734.29,0.017080213646664847
734.48,0.013952823699018398
734.66,0.011797454377593703
734.85,0.014777852982749364
735.03,0.01663013212498069
735.22,0.01579566358071229
735.4,0.013916431264920768
735.59,0.010243971461030923
735.78,0.013591098846960602
735.96,0.016069547488761934
736.15,0.015753961897672
736.33,0.01239810139620532
736.52,0.020881925832570113
736.7,0.013391220711459612
736.89,0.011826435238302978
737.08,0.01707979402746955
737.26,0.016396192432912935
737.45,0.019952080732616964
737.63,0.01805721362112922
737.82,0.014259003982269458
738.0,0.019892546519005138
738.19,0.019545182801292763
738.38,0.018884075873409227
738.56,0.016841312709111014
738.75,0.018982315538640642
738.93,0.02010435368831066
739.12,0.0248197468739261
739.3,0.018447928806518073
739.49,0.019986955992001593
739.67,0.021007732161548057
739.86,0.023163076969830217
740.04,0.021546059219501396
740.23,0.025338252923707342
740.42,0.02283639591976899
740.6,0.025771884916187943
740.79,0.021149500051438456
740.97,0.027147138270748432
741.16,0.024657445631519146
741.34,0.02268547966550318
741.53,0.02813985330590735
741.71,0.026854326574773966
741.9,0.031052094274388032
742.08,0.02613947371685918
742.27,0.02189205053003414
742.45,0.02481164753187789
742.64,0.026714044252110863
742.82,0.026990140710719996
743.01,0.03448365920767725
743.19,0.033386436842930044
743.38,0.035345821260854
743.57,0.035327696832738995
743.75,0.034507336677662516
743.94,0.031186951775120333
744.12,0.029449978981428787
744.31,0.03524118695258382
744.49,0.036009160054801204
744.68,0.03768688795900461
744.86,0.036967951542978966
745.05,0.03150781048406248
745.23,0.0414537526208769
745.42,0.03915634364567149
745.6,0.04321855926040348
745.79,0.0447010329682425
745.97,0.0387855121891649
746.16,0.04509159206059628
746.34,0.04094314241848579
746.52,0.04771905456216025
746.71,0.046882963208112034
746.89,0.04518255337529619
747.08,0.04660150993820927
747.26,0.05200648838430339
747.45,0.049406753192755816
747.63,0.05560157418409468
747.82,0.05072637314323869
748.0,0.05486201037448446
748.19,0.055649689560767185
748.37,0.057826280719110904
748.56,0.05972615278996148
748.74,0.061754092618249594
748.93,0.05600066770963177
749.11,0.06122067435458052
749.3,0.06435928274265712
749.48,0.06985305606800109
749.67,0.06859081086371774
749.85,0.0759227647138315
750.03,0.07228620612291105
750.22,0.07404105135106007
750.4,0.0741045569198858
750.59,0.0791893223823514
750.77,0.07774918512669282
750.96,0.0813701845176337
751.14,0.084300405084669
751.33,0.08825466486445634
751.51,0.08543994285457698
751.69,0.08474931658824579
751.88,0.09773190124436021
752.06,0.09704323961105281
752.25,0.09854884849220581
752.43,0.10330228933794765
752.62,0.10983386727035643
752.8,0.10591134953165761
752.99,0.10732782971588942
753.17,0.11560362872878992
753.35,0.12179727623072115
753.54,0.12119732123241012
753.72,0.12353046358213247
753.91,0.1275971205729238
754.09,0.12955845555972084
754.28,0.13850808054983713
754.46,0.13694300642507942
754.64,0.14236696822577252
754.83,0.15083850315480363
755.01,0.15094397583835759
755.2,0.1535023769641319
755.38,0.1623297168114937
755.56,0.16454037517432202
755.75,0.17125966053312358
755.93,0.1773785781779183
756.12,0.17849044484218377
756.3,0.19181967911478445
756.48,0.19793475174792857
756.67,0.19888868125411643
756.85,0.2138201075006777
757.04,0.2160268339691677
757.22,0.22279208845663517
757.4,0.23945712737944805
757.59,0.24841915895837946
757.77,0.25863753855480187
757.96,0.2602475132177327
758.14,0.26588494230653226
758.32,0.2727099776990219
758.51,0.2780661638996443
758.69,0.28727906823933214
758.87,0.29536888246087284
759.06,0.31060241592296217
759.24,0.33301962344754127
759.43,0.33892292845149036
759.61,0.35320125297457317
759.79,0.34932430227135564
759.98,0.37773685253051015
760.16,0.38462462604075615
760.34,0.39473206502893504
760.53,0.4203800578351322
760.71,0.44363585139572564
760.9,0.45128158191101153
761.08,0.459499020892287
761.26,0.4834341193194143
761.45,0.49916642981920045
761.63,0.5084842949805498
761.81,0.5409356643364467
762.0,0.5393845414230748
762.18,0.5582416601256441
762.36,0.5760299289104182
762.55,0.5805659364051992
762.73,0.6041794207479263
762.91,0.6231065766530062
763.1,0.64727942862481
763.28,0.638284956392604
763.46,0.6446057206055251
763.65,0.671038224535389
763.83,0.7066917778840512
764.01,0.7185395863737875
764.2,0.7530362792282933
764.38,0.766425657966836
764.56,0.7971404360337394
764.75,0.7888331064572521
764.93,0.8053859103600485
765.11,0.8202506997036328
765.3,0.8464415657272627
765.48,0.8656274635854123
765.66,0.8742406326951062
765.85,0.871516591116115
766.03,0.8838799938645651
766.21,0.8856173127394285
766.4,0.8953509701451668
766.58,0.90504020299129
766.76,0.9080287009981508
766.95,0.9125600582559243
767.13,0.945957752925161
767.31,0.9211528260924797
767.49,0.91467019213192
767.68,0.9223541766749712
767.86,0.9296764222738716
768.04,0.9138211323502378
768.23,0.913350784388388
768.41,0.9177788562441083
768.59,0.8980090124509464
768.78,0.9086870108205568
768.96,0.889858325236733
769.14,0.8928341067561216
769.32,0.8712035924228224
769.51,0.8797458914939253
769.69,0.8607777689948058
769.87,0.8393729301695347
770.06,0.8151000586454907
770.24,0.8242908534083948
770.42,0.8157467496008588
770.6,0.8152491392824729
770.79,0.7877960929998958
770.97,0.7937081318414604
771.15,0.7959289639068744
771.33,0.7752660741077044
771.52,0.7631587721415366
771.7,0.7648273648896504
771.88,0.727117463500256
772.07,0.7096870729346549
772.25,0.7092426598031704
772.43,0.701981525370142
772.61,0.6968292593988161
772.8,0.6750004242763663
772.98,0.6667328086286637
773.16,0.6665084284819054
773.34,0.6574840249747699
773.53,0.6439436477051425
773.71,0.6352464149815165
773.89,0.6339047021508545
774.07,0.6176356254424353
774.26,0.6053999394136331
774.44,0.5901076999461148
774.62,0.5895521571638063
774.8,0.595627587770171
774.99,0.5851585918539968
775.17,0.5825524519993066
775.35,0.5739573210051496
775.53,0.5664431704704542
775.71,0.5553049875513835
775.9,0.5363048108693161
776.08,0.5395076041023953
776.26,0.5333810264113775
776.44,0.5123385120857391
776.63,0.505229262503296
776.81,0.5029677273157179
776.99,0.5023769590447619
777.17,0.49921854389247555
777.35,0.4718462499278378
777.54,0.47592453004227203
777.72,0.4636299810753754
777.9,0.46873742672702
778.08,0.471290293545978
778.27,0.4509414008129127
778.45,0.4599014677254286
778.63,0.45035510220747
778.81,0.4452037775179588
778.99,0.4515953700622386
779.18,0.43193442804972537
779.36,0.438728131365922
779.54,0.4307638185450507
779.72,0.43224251105603223
779.9,0.4256178021243607
780.08,0.43844356163897985
780.27,0.4194793587148023
780.45,0.42335378192462164
780.63,0.4062628205929017
780.81,0.41454335852825663
780.99,0.39802319917756707
781.18,0.3985862772486943
781.36,0.3853078050192442
781.54,0.391993036983435
781.72,0.36723224916258657
781.9,0.3789884399921045
782.08,0.3753069718036378
782.27,0.39443917607905116
782.45,0.38120732468332796
782.63,0.37929771446123
782.81,0.38192501118246885
782.99,0.37335278840847175
783.17,0.3649124297206759
783.36,0.3761749869569946
783.54,0.371247462250569
783.72,0.3518343862239469
783.9,0.3705504730565734
784.08,0.381392306860087
784.26,0.3574050280957472
784.45,0.3749494938389355
784.63,0.3667789455790385
784.81,0.37235471850191265
784.99,0.3681522275147872
785.17,0.3793671364697119
785.35,0.3722302596298366
785.53,0.3688833173194084
785.72,0.37875785301682335
785.9,0.3545615561926
786.08,0.36037520181661875
786.26,0.3613936236715983
786.44,0.34831519532733535
786.62,0.35575795003718436
786.8,0.35152730984662706
786.99,0.35326518809021934
787.17,0.3614553250996851
787.35,0.3457260503730906
787.53,0.3671549953504002
787.71,0.3631101211566603
787.89,0.3608234166482342
788.07,0.365795654199021
788.25,0.3594698718747787
788.43,0.3742210068655609
788.62,0.3672525916211814
788.8,0.36825437018411156
788.98,0.3728573476770743
789.16,0.36161182064776254
789.34,0.3670856327704229
789.52,0.3829524139315406
789.7,0.3580420253263796
789.88,0.35954847968480097
790.06,0.36102574029131385
790.25,0.362144733513883
790.43,0.3598017291205815
790.61,0.36974696796937967
790.79,0.367810073458026
790.97,0.37481272363276563
791.15,0.373443382119436
791.33,0.3663913651324434
791.51,0.37053839469730004
791.69,0.3783964049225407
791.87,0.35491153389441416
792.05,0.3620791414079925
792.24,0.35437368190174706
792.42,0.3588419833278538
792.6,0.3611006880861391
792.78,0.3616587913930496
792.96,0.3609728881035053
793.14,0.36674775990130837
793.32,0.3594347641963901
793.5,0.3729197730115297
793.68,0.38143836356160804
793.86,0.37426841668882876
794.04,0.37864785884796853
794.22,0.37551386591146657
794.4,0.3834079085834626
794.58,0.3788232829420261
794.76,0.3803896617609955
794.95,0.3744168778093311
795.13,0.3679171691299248
795.31,0.3742787439032997
795.49,0.3887904739216204
795.67,0.3795453112330788
795.85,0.3780009114170736
796.03,0.37801383600136074
796.21,0.38034213328251393
796.39,0.40204593188217147
796.57,0.39255994204479555
796.75,0.4022014752964848
796.93,0.4079120668125995
797.11,0.4086019880062433
797.29,0.402415190920707
797.47,0.4197977387186158
797.65,0.4280128765741865
797.83,0.4275889053531518
798.01,0.41612331253641976
798.19,0.4269267924538365
798.37,0.4428232577538126
798.55,0.4274814001381847
798.73,0.4250796886948623
798.91,0.42561867124183933
799.09,0.43428100451372625
799.27,0.4308672194725346
799.45,0.4280714021105366
799.63,0.43966414706005613
799.81,0.43845767002001157
799.99,0.44228848652023095
800.17,0.4468729085899299
800.35,0.4559030676393522
800.53,0.44631537492019063
800.71,0.459870395444187
800.89,0.46555591156680554
801.07,0.4608192049677167
801.25,0.47926903934744763
801.43,0.4852523145129743
801.61,0.4810823820128186
801.79,0.4887528798689302
801.97,0.4877376689729327
802.15,0.4698696703613269
802.33,0.4954961879324738
802.51,0.5090543174516183
802.69,0.5067075861486934
802.87,0.5121258568838408
803.05,0.5067744137411896
803.23,0.5087585588376189
803.41,0.5375671972712184
803.59,0.5240524360018298
803.77,0.5377570599178692
803.95,0.5396592483313243
804.13,0.5519434275790552
804.31,0.5389879100768763
804.49,0.5424423031667227
804.67,0.527833365811286
804.85,0.5257279055165154
805.03,0.5370215041999441
805.21,0.5376979300178277
805.39,0.5491338300038293
805.57,0.5568909579876847
805.75,0.5626336095312551
805.93,0.5800613562835368
806.11,0.5613954795931916
806.29,0.5457961169552064
806.47,0.5748459396590531
806.65,0.5648995087791474
806.83,0.5889245853869635
807.0,0.5728331171441848
807.18,0.6049278043066172
807.36,0.6048945547889778
807.54,0.6030205890903874
807.72,0.6170960411855967
807.9,0.600547657879736
808.08,0.6313919797032768
808.26,0.6215732032875468
808.44,0.6251975726081732
808.62,0.626969252736792
808.8,0.6350914380430074
808.98,0.6146436447416865
809.16,0.6199367047905682
809.34,0.6259949446366544
809.51,0.6128669665610456
809.69,0.6405116583526386
809.87,0.6667726441325926
810.05,0.6593969407686551
810.23,0.6762198094639088
810.41,0.6927011189779267
810.59,0.6824516878550071
810.77,0.6983013285219141
810.95,0.6813202929721099
811.13,0.6876576722718152
811.31,0.6966285303228548
811.48,0.7041781765476818
811.66,0.709601582696605
811.84,0.7106077139165695
812.02,0.697555770395658
812.2,0.7330610569955582
812.38,0.7104043775877628
812.56,0.7329701379616906
812.74,0.7282336817270147
812.92,0.7350226191261758
813.1,0.7890054681327834
813.27,0.7666073445787619
813.45,0.7654376659366906
813.63,0.7413795802739122
813.81,0.773143931936142
813.99,0.7618318890340691
814.17,0.7775688176222816
814.35,0.7700276109829796
814.53,0.7671011223229596
814.7,0.7687668463897535
814.88,0.7540189567068902
815.06,0.7859233383285459
815.24,0.7871127505570279
815.42,0.7731536251125545
815.6,0.7639663625659449
815.78,0.7537528175513345
815.95,0.7884907160843827
816.13,0.7835000046965716
816.31,0.7794223756478459
816.49,0.7724309518336074
816.67,0.7813489836571208
816.85,0.8267629123661359
817.03,0.8098347365193241
817.2,0.8175178590002107
817.38,0.8181581291463366
817.56,0.8001207692314454
817.74,0.810139165883659
817.92,0.8064502569015752
818.1,0.8142861596426456
818.27,0.805637530134469
818.45,0.7776955085963068
818.63,0.785773576950966
818.81,0.8065755208901685
818.99,0.8257914492553691
819.17,0.817884048476908
819.34,0.8331017210435663
819.52,0.8272404270902994
819.7,0.8158379942841825
819.88,0.8423544974768616
820.06,0.8337358703100162
820.24,0.8318695565849825
820.41,0.8222096704397932
820.59,0.8181804987477334
820.77,0.8284607692710299
820.95,0.8167217565014272
821.13,0.8505988132332016
821.3,0.827181439322106
821.48,0.8466923706040426
821.66,0.8459086998065231
821.84,0.8409168769472105
822.02,0.8036651540960543
822.19,0.8193551625758915
822.37,0.8265279791311855
822.55,0.8158255925442434
822.73,0.8291681056832607
822.91,0.8391960863008017
823.08,0.8231424509897336
823.26,0.8389249545326736
823.44,0.8351335475040121
823.62,0.8118071663011825
823.8,0.8170283127729916
823.97,0.8320536043628576
824.15,0.8204658651591956
824.33,0.8115293774380284
824.51,0.8205010975585002
824.69,0.8226519733459939
824.86,0.8096374068840828
825.04,0.8204872004761891
825.22,0.7939214232765011
825.4,0.8196158996629567
825.57,0.7887851702957529
825.75,0.8354294742518413
825.93,0.8239374733048913
826.11,0.799970862037695
826.28,0.806649203296842
826.46,0.8136648345270001
826.64,0.8323742610337008
826.82,0.8042098356576953
826.99,0.8097077546151513
827.17,0.864183827721664
827.35,0.8140837891152648
827.53,0.8345719152383881
827.7,0.8256775155767462
827.88,0.8489547322297022
828.06,0.8392504381450615
828.24,0.8380623368169894
828.41,0.8045096820483302
828.59,0.7910684585631584
828.77,0.7983727927500951
828.95,0.7884625483301327
829.12,0.8026166939734894
829.3,0.8171311547824199
829.48,0.8049633974835436
829.66,0.8015069628664856
829.83,0.8065268840149998
830.01,0.8032964907049052
830.19,0.7805185677286426
830.36,0.7840537748025849
830.54,0.7697989755878765
830.72,0.807546071795959
830.9,0.7911193345509703
831.07,0.7920846888087537
831.25,0.795338544376948
831.43,0.7842787780588485
831.6,0.811121418778353
831.78,0.8178672379187721
831.96,0.7850837780949578
832.14,0.7802552848012005
832.31,0.7959165374963715
832.49,0.7959421876537457
832.67,0.7896194314735608
832.84,0.761215068620147
833.02,0.7745334086170376
833.2,0.7769367880807818
833.37,0.7599978161145721
833.55,0.7651529806881127
833.73,0.7377493113104778
833.91,0.7668575468204214
834.08,0.7728050685465285
834.26,0.7414232840029792
834.44,0.7317704511036092
834.61,0.7386752342947317
834.79,0.7309676398359165
834.97,0.7508341022011588
835.14,0.7513974871127347
835.32,0.7731223317877126
835.5,0.7503600631718235
835.67,0.7699531911908604
835.85,0.7506145166768642
836.03,0.7576638575494974
836.2,0.7610701253419833
836.38,0.7266954563530705
836.56,0.7560142668308124
836.73,0.6944020306907063
836.91,0.7178132841940122
837.09,0.7325497250507816
837.26,0.7184937569468188
837.44,0.717327073589911
837.62,0.7117059307726047
837.79,0.7268830718610774
837.97,0.7134369973951831
838.14,0.7193774119412898
838.32,0.7208155289374254
838.5,0.6829436560364863
838.67,0.7175968644448019
838.85,0.7309975154988194
839.03,0.7258498608390265
839.2,0.6970593589009032
839.38,0.7309995703584705
839.56,0.722034658147158
839.73,0.744886071500628
839.91,0.6980775762009084
840.08,0.6940982067411511
840.26,0.7244193046480121
840.44,0.7546443403807678
840.61,0.727125735061931
840.79,0.7250879256989021
840.97,0.7211183626599326
841.14,0.6944265982390142
841.32,0.7097595946378608
841.49,0.7087833254906587
841.67,0.7258065131929765
841.85,0.7276402204032233
842.02,0.7228261499638674
842.2,0.7391901326206549
842.37,0.7245588554621827
842.55,0.7616478692009122
842.73,0.7207586452502488
842.9,0.7061044822516058
843.08,0.699552481432264
843.25,0.7264520389631831
843.43,0.7100636256103771
843.61,0.7082468053996052
843.78,0.7508909995844484
843.96,0.6971812593559894
844.13,0.7364950166782964
844.31,0.7230973268245098
844.49,0.7291201083869908
844.66,0.7046845707778581
844.84,0.712172587463269
845.01,0.7077094432438079
845.19,0.7051668328242596
845.37,0.7002107739816675
845.54,0.6711718564753708
845.72,0.6817002285747715
845.89,0.7097930741887718
846.07,0.6912560308668343
846.24,0.7176028950085627
846.42,0.7286221743964173
846.59,0.6755562467338324
846.77,0.7277306410673704
846.95,0.6893284386086472
847.12,0.6934566424816427
847.3,0.7091023136457764
847.47,0.7277756923930606
847.65,0.7285536084311355
847.82,0.7152646334384234
848.0,0.7240489160810498
848.17,0.7506767727382849
848.35,0.7467702162720669
848.53,0.7418646680567151
848.7,0.7522964157601294
848.88,0.7389414601683545
849.05,0.7395649005933174
849.23,0.7276397865305663
849.4,0.7134695202270139
849.58,0.7437353034470537
849.75,0.7157052578777098
849.93,0.7425505483785408
850.1,0.6896442694854578
850.28,0.7010684875569974
850.45,0.6975257983701086
850.63,0.6632887050057141
850.8,0.6808867519624607
850.98,0.7045659929019996
851.16,0.7145864905906708
851.33,0.729737961374876
851.51,0.7236722370256989
851.68,0.7366640504479147
851.86,0.703795439419512
852.03,0.7390489515460636
852.21,0.7280725922278973
852.38,0.6874267369035487
852.56,0.7077812138417567
852.73,0.7255662841917776
852.91,0.7402270271148705
853.08,0.6914138884219881
853.26,0.6816614457928346
853.43,0.6995669096198068
853.61,0.7411619711788584
853.78,0.7161968259774377
853.96,0.770594691164726
854.13,0.7528742722425492
854.31,0.7167422835707264
854.48,0.7268726831402789
854.66,0.704990248785485
854.83,0.7309019892042332
855.0,0.7523097851596837
855.18,0.7494627711960019
855.35,0.7285095462413559
855.53,0.7407994907393793
855.7,0.7072665439883931
855.88,0.7788032324606063
856.05,0.7464426489795303
856.23,0.7124874278934253
856.4,0.7136661528259802
856.58,0.744926782195708
856.75,0.7550985751054741
856.93,0.7637097047799822
857.1,0.7956503219753814
857.28,0.783104750400655
857.45,0.7628025103068173
857.62,0.7726432161170957
857.8,0.7613342447026658
857.97,0.7491779310494763
858.15,0.727423780034072
858.32,0.8027990088032422
858.5,0.7300192556348313
858.67,0.7027715286969768
858.85,0.7008828351390634
859.02,0.7550774128469234
859.19,0.7166409526620957
859.37,0.7118202594924704
859.54,0.7160807292895695
859.72,0.7423436707103396
859.89,0.7261391060591942
860.07,0.7354711580504549
860.24,0.7543548951736249
860.41,0.7729604971149578
860.59,0.6968569923246801
860.76,0.7068427825155322
860.94,0.748289793361079
861.11,0.705202412078064
861.29,0.7135304894996474
861.46,0.7305300268234908
861.63,0.7001285595771137
861.81,0.7501975887410167
861.98,0.7723812830243204
862.16,0.6907443884606459
862.33,0.7285098727359932
862.5,0.7601530389067959
862.68,0.797494426826588
862.85,0.7729662639253032
863.03,0.7537805852894699
863.2,0.788337165311315
863.37,0.7650791254369356
863.55,0.7668637904360202
863.72,0.7549915721967918
863.9,0.7616422639523145
864.07,0.7825402098089431
864.24,0.7510688620967194
864.42,0.7890112922885858
864.59,0.7614745226436536
864.77,0.7483208607252205
864.94,0.737098475364908
865.11,0.7212738146286088
865.29,0.7437511759818524
865.46,0.7196376879260435
865.63,0.7674937273487594
865.81,0.7849885529067244
865.98,0.7532152730046346
866.16,0.7401416187217346
866.33,0.7412648371599169
866.5,0.6700379187776035
866.68,0.7159820344275883
866.85,0.6729106359137175
867.02,0.7397256432326553
867.2,0.7119759256273847
867.37,0.7483766629914657
867.54,0.719725555290738
867.72,0.755600231710226
867.89,0.7508038959089574
868.06,0.7021863883663318
868.24,0.7119564392748838
868.41,0.7207024049500361
868.59,0.7127386707567785
868.76,0.7381861474457646
868.93,0.7287037429008763
869.11,0.7230812737552311
869.28,0.7383129032781602
869.45,0.713199966442877
869.63,0.8040700690130002
869.8,0.7624599328768594
869.97,0.7469634338723027
870.15,0.696889810885109
870.32,0.6776154758982835
870.49,0.7408421153894607
870.66,0.750873734205574
870.84,0.736514315581625
871.01,0.7820428803263805
871.18,0.7428989242465853
871.36,0.7346818036845962
871.53,0.7692525571967262
871.7,0.7750372886874621
871.88,0.7277932403619959
872.05,0.7738970100229033
872.22,0.7231420390887588
872.4,0.729402721156432
872.57,0.7682273261956498
872.74,0.6701761001372657
872.92,0.7691505142054125
873.09,0.7389258688588802
873.26,0.763983186266019
873.43,0.7697391181379939
873.61,0.7452617345283529
873.78,0.7572732480234985
873.95,0.7872144781689616
874.13,0.7579241952532202
874.3,0.7939527270346363
874.47,0.7867682427425541
874.64,0.8505412685161922
874.82,0.7548657072445966
874.99,0.775438998777917
875.16,0.7999236131499703
875.34,0.7724369792566409
875.51,0.8126126222900156
875.68,0.7997672157636008
875.85,0.8077027594555202
876.03,0.8103082734251249
876.2,0.7795111024176932
876.37,0.8235483266645975
876.54,0.792317384659496
876.72,0.7809087970420951
876.89,0.7771953868224696
877.06,0.7797274655617824
877.23,0.8355915229319921
877.41,0.7767355699138966
877.58,0.7610997575012152
877.75,0.8364691736087683
877.92,0.7679549154388089
878.1,0.7757970994340698
878.27,0.8631590005252495
878.44,0.8373480338110989
878.61,0.8147074893371131
878.79,0.8040134154147481
878.96,0.8142031553831126
879.13,0.8528478584292538
879.3,0.8202019183129764
879.48,0.8049128464177282
879.65,0.8581129594546666
879.82,0.8210612856319468
879.99,0.8261180721419449
880.16,0.8075804093777195
880.34,0.8100327941251071
880.51,0.8244068068166763
880.68,0.8434894043216309
880.85,0.8379229419267774
881.03,0.8478690349209294
881.2,0.8020487092895109
881.37,0.8661776504297994
881.54,0.8466890829391578
881.71,0.905468078474341
881.89,0.8992395010408347
882.06,0.8543009335285728
882.23,0.8859182590060676
882.4,0.7875530143188136
882.57,0.9032678179088749
882.75,0.872187150226867
882.92,0.8397480198603153
883.09,0.8434187474416701
883.26,0.899134118477696
883.43,0.9040632610603326
883.61,0.8339878987029811
883.78,0.8575735140217864
883.95,0.8211844919356136
884.12,0.9202179771796893
884.29,0.8780122799836267
884.47,0.8139075275329519
884.64,0.8600415100835723
884.81,0.8886344909344945
884.98,0.8714713835735359
885.15,0.8173509712974494
885.32,0.8839876208949144
885.5,0.8125799969385396
885.67,0.8884089544557853
885.84,0.8510096298984773
886.01,0.8711424683567354
886.18,0.8865217346935305
886.35,0.8733777997080816
886.53,0.8174147608276786
886.7,0.8772972807800824
886.87,0.8479768410763294
887.04,0.9240854651183145
887.21,0.8291181281911466
887.38,0.8641398256717084
887.55,0.9226605721047015
887.73,0.8722960394295562
887.9,0.879560487543622
888.07,0.8717794199336778
888.24,0.8871813492529662
888.41,0.8991397857264657
888.58,0.9637322200777386
888.75,0.8884877657440834
888.93,0.9136087533108574
889.1,0.9161361157004501
889.27,0.9044201825131216
889.44,0.9159196851524901
889.61,0.901180809348722
889.78,0.9280923787528869
889.95,0.8916175424790357
890.12,0.9482287482089853
890.3,0.9805504487311538
890.47,0.9341205395658146
890.64,0.9433265008840176
890.81,0.9966119734645212
890.98,0.8873056945744129
891.15,0.9453066231526809
891.32,0.9295978389744337
891.49,0.9071211896870504
891.66,0.8414141224597024
891.84,0.9332960089578501
892.01,0.8775907157324838
892.18,0.917729441358432
892.35,0.9301429228634056
892.52,0.8518096428505781
892.69,0.9142675343230445
892.86,0.8870849457876863
893.03,0.9835970781557923
893.2,0.9113272559018685
893.37,0.9644235422090517
893.55,0.8432587111747873
893.72,0.8698701533692861
893.89,0.8844266176000739
894.06,0.9035200255803344
894.23,0.9315919204894753
894.4,1.0057308480418228
894.57,0.99885775800083
894.74,0.9041142027033059
894.91,0.9158799992037107
895.08,0.9362266792705066
895.25,0.9420764714774218
895.42,0.9039611795566018
895.59,0.9617897318494784
895.76,0.8673699557645407
895.94,0.950523903806367
896.11,0.9466971121792218
896.28,0.9522941290031961
896.45,0.9115656633882544
896.62,0.9207179801838161
896.79,0.9260104178548344
896.96,0.9011149551350184
897.13,0.9207772336479738
897.3,0.9158668947143978
897.47,0.8971871385014987
897.64,0.930864779256816
897.81,1.0149724652056245
897.98,0.922171414859154
898.15,0.8908843412432303
898.32,0.9148906392823872
898.49,0.9569620579773715
898.66,0.9429245386043464
898.83,0.9110800765852011
899.0,0.9396158500636113
899.17,0.933789000184244
899.34,0.8873199723322422
899.51,0.9173420430228629
899.68,0.9139338770417947
899.85,0.946799834148164
900.02,0.9792064998387194
900.19,0.9799867718321013
900.36,0.9626901083731564
900.53,1.0317472927414189
900.7,0.9879270993674032
900.87,0.947692353398462
901.04,1.0
901.21,0.9815202106716437
901.38,0.9270445981610129
901.55,0.969051075929697
901.72,0.981517449673991
901.89,0.8833813718724205
902.06,1.0284709171629447
902.23,0.9330983620529738
902.4,0.9295842568011885
902.57,0.9972085410610556
902.74,0.9292007659795379
