Wavelength [nm],#35-FBH650 âˆ†10.csv
400.08,0.018192770499050336
400.29,0.07623991179269274
400.5,0.05601776476621513
400.71,0.05659092558173289
400.92,0.06400149865070812
401.13,0.057637275877493226
401.34,0.08243048526940858
401.54,0.10503823546049693
401.75,0.03806228373702428
401.96,0.09529947999007657
402.17,0.05506657997261742
402.38,0.07390926041019272
402.59,0.02573954227076691
402.8,0.01361842547623117
403.01,0.041095624584604834
403.22,0.04712587718651191
403.43,0.037866730133230254
403.63,0.09356756311559206
403.84,0.03574788775247507
404.05,0.04732833220543985
404.26,0.02154590326694057
404.47,0.04284881699259983
404.68,0.060950831263870416
404.89,0.05352239082612666
405.1,0.013463554316979065
405.31,0.08273006066304037
405.52,0.02663889343974541
405.72,0.041710184815789406
405.93,0.030662449894502425
406.14,0.07387662535393066
406.35,0.04011775333244687
406.56,0.06415485207483658
406.77,0.03449116832792132
406.98,0.021441485830246944
407.19,0.06571460750084474
407.39,0.050455967202441936
407.6,0.032530679877152746
407.81,0.05977227406691131
408.02,0.053845793417191
408.23,0.052790215135961605
408.44,0.038135432112847464
408.65,0.01867442415821814
408.86,0.062053054515965406
409.06,0.0770729145935051
409.27,0.06446221421331236
409.48,0.04882004463208179
409.69,0.08264767817988411
409.9,0.022003402278755513
410.11,0.038584822335656896
410.32,0.05595765600703428
410.52,0.06671287616550242
410.73,0.04607006121655103
410.94,0.06124000598528756
411.15,0.08277967466646949
411.36,0.02152774187390387
411.57,0.04659634001475996
411.78,0.05212868550492481
411.98,0.054597808144369604
412.19,0.03675413774149553
412.4,0.040323254176891025
412.61,0.06204032716683146
412.82,-0.0017168179486246836
413.03,0.02608470535181161
413.23,0.034329890427604745
413.44,0.05174253870331855
413.65,0.028336295466266974
413.86,0.0049162886173878045
414.07,0.05584629776426968
414.28,0.09622362195582135
414.48,0.032656136029367844
414.69,0.06557131729702978
414.9,0.038494119116676925
415.11,0.02608497047436265
415.32,0.05243920214376216
415.53,0.027361251055001395
415.73,0.06257145386726617
415.94,0.04521863170022498
416.15,0.01949528658261108
416.36,0.046592523639214185
416.57,0.02892032022449334
416.78,0.05721801916790659
416.98,0.022802515686539362
417.19,0.049696286419431926
417.4,0.057612777306432446
417.61,0.01614156236512736
417.82,0.08754456454077306
418.02,0.030430664660983937
418.23,0.02483200163526929
418.44,0.05052972550761377
418.65,0.04521863170022498
418.86,0.0878648441197409
419.07,0.03640048282964755
419.27,0.01183896406014247
419.48,0.052253964482983944
419.69,0.05474822928763487
419.9,0.008964960725096139
420.11,0.022838898979081444
420.31,0.03067147021018524
420.52,0.044407549867832664
420.73,0.05131947111428105
420.94,0.026504568975390386
421.15,0.026853754707519283
421.35,0.05155958992029258
421.56,0.030902834882828533
421.77,0.04971887845715952
421.98,0.028417192580153797
422.19,0.021137667836648322
422.39,0.04523800731193917
422.6,0.05805065255632844
422.81,0.031267231562839566
423.02,0.028401037723324054
423.22,0.040915200411691256
423.43,0.012984671499946296
423.64,0.04023911035679113
423.85,0.0031118893521788413
424.06,0.032846277501859485
424.26,0.04452801447136672
424.47,0.028869780963189446
424.68,0.03884133342533715
424.89,0.023924004954502486
425.09,0.05625649879660916
425.3,0.03544195571992408
425.51,0.05299469621836061
425.72,0.011342928091659531
425.93,0.019617448758168735
426.13,0.04928710915651641
426.34,0.03808350324111572
426.55,0.023089304371562445
426.76,0.042688200316161995
426.96,0.06312861396850927
427.17,0.05287978042312492
427.38,0.04166062024953164
427.59,0.04208629020659099
427.79,0.0549406084757453
428.0,0.027908918054074142
428.21,0.03756489386676813
428.42,0.00209519568883755
428.62,0.06355302030026094
428.83,0.048154678481546816
429.04,0.056908179632368376
429.25,0.04717475127338509
429.45,0.009022007587652696
429.66,0.04745085952446406
429.87,0.06328966709202219
430.08,-0.0060303968882806
430.28,0.06951388373361568
430.49,0.017156785251315747
430.7,0.019807197906021385
430.91,0.03861432008727754
431.11,0.037961856977483305
431.32,0.011799072615769082
431.53,0.053085838346321225
431.74,0.02660902257726838
431.94,0.03524629298702719
432.15,0.038393923075388886
432.36,0.03530023455596485
432.56,0.03171865069866872
432.77,0.03394939475406707
432.98,0.03164603868672648
433.19,0.04287481844101353
433.39,0.025618903555201147
433.6,0.008438003561477857
433.81,0.035706845097174485
434.02,0.03672046542424427
434.22,0.009324479515460591
434.43,0.03182625618963675
434.64,-0.012358229989484045
434.84,0.0076741985062862275
435.05,0.039671489039105466
435.26,0.010707755204160696
435.47,0.02872120159087799
435.67,0.026226970613345703
435.88,0.028960326591968562
436.09,0.029803866824876134
436.29,0.027882897283579823
436.5,0.019189398502710637
436.71,0.04699931545343888
436.92,0.03388479421431286
437.12,0.018364031552495604
437.33,0.00674842694757349
437.54,0.030839003373968988
437.74,0.023554424903833183
437.95,0.02215329736571642
438.16,0.05743797802260821
438.36,0.02684256747335438
438.57,0.009198694252105656
438.78,0.03848236588816884
438.99,0.03006929040757286
439.19,0.04207652227826069
439.4,0.011095683611876454
439.61,0.03164598821757079
439.81,0.0184581874829469
440.02,0.0028856444412459366
440.23,0.027714205907137367
440.43,0.024644480246799695
440.64,0.0383585961725829
440.85,0.012343186248705012
441.05,0.03933559030004431
441.26,0.02096985887682214
441.47,0.012302082609622723
441.67,0.025414100070701412
441.88,0.025165411033517975
442.09,0.037184288122759646
442.29,0.04805641893671654
442.5,0.02488702776870948
442.71,0.043375185140847906
442.91,0.0173074345062125
443.12,0.03281617301363425
443.33,0.004962713937890837
443.53,0.03813296507845949
443.74,0.01661230064223396
443.95,0.024230145678604598
444.15,0.03361443402864876
444.36,0.030060209651836988
444.57,-0.004724764946894339
444.77,0.03304794481000148
444.98,0.03273269632411983
445.19,0.03704294520469904
445.39,0.024451501900114338
445.6,0.034399881873218185
445.81,0.020512831489968363
446.01,0.0021540707472728366
446.22,0.017026162369438987
446.43,0.03536856427118255
446.63,0.019543656592817777
446.84,0.039334547882858666
447.05,0.019937786994519355
447.25,0.04550650139354309
447.46,0.01759142987320393
447.67,0.033369324661211244
447.87,0.013967048468333888
448.08,0.025325925910402617
448.28,0.020313924050632936
448.49,0.03570824463936982
448.7,0.012380755550237696
448.9,0.02398779296127809
449.11,0.01624102299092572
449.32,0.030542875614677844
449.52,0.02765096912917277
449.73,0.022770048038513836
449.93,0.023843761495502148
450.14,0.021140666508370442
450.35,0.03840988099358495
450.55,0.019465997786671095
450.76,0.026450857436772952
450.97,0.03653080533397377
451.17,0.020810034332322133
451.38,0.02260055734173124
451.58,0.02500555937946738
451.79,0.025991409531759876
452.0,0.029821022854070206
452.2,0.005228470042038271
452.41,0.02970934167802947
452.62,0.028021540298410173
452.82,0.022244500231908555
453.03,0.033504709098708625
453.23,0.02414983327766157
453.44,0.025829006703976844
453.65,0.02641000446270442
453.85,0.036566476009088904
454.06,0.01760462435862184
454.26,0.03976209583007304
454.47,0.024235682112794713
454.68,0.035689798693234624
454.88,0.034415819130256105
455.09,0.012745908123978151
455.29,0.019677253452107187
455.5,0.020769176898573074
455.71,0.016337958832035957
455.91,0.014523733000652324
456.12,0.008311287776165311
456.32,0.02760296272980339
456.53,0.007879907313643053
456.73,0.03464555584903502
456.94,0.006450172556534378
457.15,0.01873343655309329
457.35,0.01712191707810229
457.56,0.02106262250336506
457.76,0.022083748298263105
457.97,0.02320586415730277
458.18,0.021708074477062855
458.38,0.011610960746945136
458.59,0.02613797020841212
458.79,0.01612698639559087
459.0,0.026737320988989455
459.2,0.025065470820596833
459.41,0.0055164134490471445
459.62,0.012878420639073487
459.82,0.024400456322065462
460.03,0.027552474356517337
460.23,0.01533638687581072
460.44,0.015148812976484642
460.64,0.019257848713387305
460.85,0.017200696812331284
461.06,0.02323169361799888
461.26,0.015385734670897417
461.47,0.011928621150990096
461.67,0.013925959290101592
461.88,0.005716886333393263
462.08,0.020602384620887874
462.29,0.021877244446752007
462.49,0.01100658370823193
462.7,0.004519853538205913
462.91,0.009718254300297663
463.11,0.007206926455983308
463.32,0.021217699103896672
463.52,0.028930695786219884
463.73,0.022580334641537796
463.93,0.022998473653435814
464.14,0.02677179919994452
464.34,0.024785137013100925
464.55,0.03345648509832972
464.75,0.012888110300636925
464.96,0.021822354336869427
465.16,0.00798885967485862
465.37,0.00908489365569898
465.58,0.009759323575444335
465.78,0.017646375861386017
465.99,0.013650804637480548
466.19,0.026015797832132443
466.4,0.01312869222423046
466.6,0.01075422811122203
466.81,0.01952705149047644
467.01,0.0048068457691577285
467.22,0.008598228602495386
467.42,0.020038148644914315
467.63,0.014198793733147658
467.83,0.012474620011764942
468.04,0.0012835126482523757
468.24,0.016825793604840773
468.45,0.011009167598630666
468.65,0.00914228496250037
468.86,0.01697540193898015
469.06,0.010846643169119128
469.27,0.010130409017663915
469.47,0.030077296975363602
469.68,0.018942041357793444
469.88,0.007861273131107224
470.09,0.007486736121015007
470.29,0.015560579543962654
470.5,0.017435362936915003
470.7,0.018790833338233837
470.91,0.012255625740461224
471.11,0.021985068855774677
471.32,0.01648757187245332
471.52,0.020322082846248143
471.73,0.0010788668432356288
471.93,0.003902780576377777
472.14,0.01371099663407954
472.34,0.014019308295025436
472.55,0.011610087412801758
472.75,0.00798415104247474
472.96,0.020197996069375206
473.16,0.010556278303284542
473.37,0.015774863877012064
473.57,0.014617120300823813
473.78,0.015519277207803812
473.98,0.0026556286113977308
474.19,0.016136797954979784
474.39,0.015110628613338013
474.6,0.009168851298438148
474.8,0.022014828599194902
475.01,0.006627534587604845
475.21,0.024355656959063297
475.42,0.014739993828728738
475.62,0.01745545562118653
475.83,0.014700316960987595
476.03,0.014462687840969529
476.24,0.0077568304698885145
476.44,0.012748766883796479
476.64,0.008280873916619589
476.85,0.00954035897440473
477.05,0.008391993109637048
477.26,0.006892841896059528
477.46,0.006655289639398891
477.67,0.015153905301387938
477.87,0.010698051157664586
478.08,0.007315192301215639
478.28,0.004976629691004736
478.49,0.011902164648230318
478.69,0.0030229814601514986
478.9,0.008296447612741589
479.1,0.015679130609644043
479.3,0.006704678196623698
479.51,0.009115385697154423
479.71,0.011412448035580234
479.92,0.009636691143589131
480.12,0.006529391335336844
480.33,0.007775222007212961
480.53,0.011666827961676314
480.74,0.006509982933399141
480.94,0.0023329152625230993
481.14,0.008472999216249512
481.35,0.0076526680524466985
481.55,0.007336204742002915
481.76,0.015884360512386356
481.96,0.014182092741115454
482.17,0.0033047779820799825
482.37,0.012461943665876699
482.57,0.013335771989663934
482.78,0.009844615256829477
482.98,0.011352000347457642
483.19,0.008682709370075216
483.39,0.012262308809445144
483.6,0.00873710671271512
483.8,0.0066765529253834085
484.0,0.0076218806055030125
484.21,0.00825877938550212
484.41,0.006329091031412526
484.62,0.006698972440261804
484.82,0.008821704701443122
485.02,0.006242468047396815
485.23,0.0008536988235714356
485.43,0.003999479948135376
485.64,0.008141753535253241
485.84,0.005880805221149802
486.05,0.010154139376300426
486.25,0.005436062903111716
486.45,0.008929095969638732
486.66,0.011986904893276225
486.86,-0.001578096473543415
487.07,0.007275169547319107
487.27,0.009690577405087001
487.47,0.006759599210902302
487.68,0.005042005710796053
487.88,0.010727737222905294
488.09,0.006707273524940577
488.29,0.0013867773417808643
488.49,0.01148057583347712
488.7,-0.0002770792844443707
488.9,0.006055581428707747
489.1,0.003450832490228598
489.31,0.010867415495971705
489.51,0.00969357832651412
489.72,0.007331642182284384
489.92,0.007745614546192702
490.12,0.008911711746043851
490.33,0.00923913415048757
490.53,0.007608548520629971
490.74,0.013608187743710703
490.94,0.008597473883128039
491.14,0.006976027539528866
491.35,0.008815873377713572
491.55,0.006683839702361126
491.75,0.005799846878716451
491.96,0.008717329812853697
492.16,0.005153720309527423
492.36,0.003968439804089841
492.57,0.003630286159480807
492.77,0.008419628878648977
492.98,0.00720739955711917
493.18,0.005175786853891844
493.38,0.00466628817557271
493.59,0.009419240199763125
493.79,0.00769328975143277
493.99,0.0037201109304088615
494.2,0.005573835139415681
494.4,0.006750454509524945
494.6,0.005775688224120841
494.81,0.006662609808235429
495.01,0.007037057956592102
495.22,0.00493903317157529
495.42,0.0027983188193710326
495.62,0.005232676432551694
495.83,0.007237792487605408
496.03,0.001660656698162673
496.23,0.008857576333756688
496.44,0.00358365778620932
496.64,0.005068503688098652
496.84,0.007674997052459394
497.05,0.003230187925306664
497.25,0.008828496377555301
497.45,0.0033270812373018877
497.66,0.008503858830215408
497.86,0.0022406576605930035
498.06,0.0066616602186550244
498.27,0.005073341268209921
498.47,0.007481892155256903
498.67,0.004463665501308378
498.88,0.010293923144341586
499.08,0.0035733159550611084
499.28,0.005548906171659901
499.49,0.008841085676688636
499.69,0.00721176309218893
499.89,0.0038219420820057885
500.1,0.007714397404452485
500.3,0.0029326466472312743
500.5,0.008211571466917563
500.7,0.002898594184497962
500.91,0.006267454199066921
501.11,0.003924295597205912
501.31,0.008267599811926988
501.52,0.012224349633354826
501.72,0.008703054769547077
501.92,0.00845951111688287
502.13,0.010554362010373634
502.33,0.00415852518679213
502.53,0.004921173952525089
502.74,0.003301934911658579
502.94,0.007473375002996067
503.14,0.007461250668091935
503.34,0.0014853912712469433
503.55,0.004558753416199238
503.75,0.0071921828873845305
503.95,0.00810730835193744
504.16,0.0028493897736753923
504.36,0.00398452936170835
504.56,0.00902441064887732
504.76,0.007552115083065883
504.97,0.012478762121747748
505.17,0.0009361663597283041
505.37,0.007459088134425191
505.58,0.005627113116101713
505.78,0.006317409591241173
505.98,0.005405955217289099
506.18,0.007929590624149956
506.39,0.005762282173083577
506.59,0.010232476876999509
506.79,0.007498974660881388
507.0,0.004971808269003017
507.2,0.0032181141604421077
507.4,0.006041020818420949
507.6,0.00466142429681626
507.81,0.002832026633292118
508.01,0.0065745325416195315
508.21,0.004362840309273472
508.41,0.007932096762308907
508.62,0.0062289929995549735
508.82,0.007497273246225748
509.02,0.0035251988742861663
509.23,0.004096987014519619
509.43,0.007164390593032256
509.63,0.0026572909574052953
509.83,0.007629729457831887
510.04,0.0022323354694656636
510.24,0.004530809259503627
510.44,0.003587143607119308
510.64,0.00520763084689858
510.85,0.005379328480415013
511.05,0.005977739773220137
511.25,0.006143353798498571
511.45,0.0028569363629271276
511.66,0.005942807820379685
511.86,0.004784070399773518
512.06,0.0036106100971323666
512.26,0.0023894045380538896
512.46,0.004546172614137022
512.67,0.009372695920195526
512.87,0.004105582306155657
513.07,0.0028482198029770606
513.27,0.00448582889064792
513.48,0.0024720744188935404
513.68,0.005363563473982838
513.88,0.007220948893123614
514.08,0.006365820295220536
514.29,0.0023285584658631563
514.49,0.0034661942802574936
514.69,0.00589963248557503
514.89,0.00218404723693518
515.09,0.003535273453289953
515.3,0.005823847435843692
515.5,0.006389190060531331
515.7,0.0041831335873933305
515.9,0.005766754231103161
516.11,0.005709366339442803
516.31,0.005233364995627417
516.51,0.006177271988838562
516.71,0.003970329189418618
516.91,0.0016225558222025473
517.12,0.0059052692279782625
517.32,0.0026977970653737555
517.52,0.005773352284732972
517.72,0.0038498232032559134
517.92,0.00389041334402727
518.13,0.003279961483966761
518.33,0.007274758781011634
518.53,0.0013686407453233863
518.73,0.009920900641861111
518.93,0.005587169281872843
519.14,0.005669917728836415
519.34,0.0040962342974569825
519.54,0.008309823967125492
519.74,0.007641837517429364
519.94,0.0022726919664768533
520.15,0.001693834115410611
520.35,0.004557103753536816
520.55,0.0036690560892953267
520.75,0.009594729699134693
520.95,0.007164565536570972
521.16,0.0054744139489909275
521.36,0.006168472115310804
521.56,-5.9725385116998406e-05
521.76,0.003313804282100082
521.96,0.005355827511267047
522.16,0.005653473616518736
522.37,0.005370492224045382
522.57,0.0067195544195305665
522.77,0.006902635636244961
522.97,0.007136136850743141
523.17,0.00412067318437412
523.37,0.005322722911487961
523.58,0.002164558424882869
523.78,0.005246905113197897
523.98,0.008202154199548119
524.18,0.0038066735758540233
524.38,0.004214421241155926
524.58,0.00451733053937217
524.79,0.004438864903614182
524.99,0.004031987070917881
525.19,0.004548544438162643
525.39,0.002312595139327178
525.59,0.0026485523284718836
525.79,0.006373947396798326
526.0,0.0068889587306669
526.2,0.0034996307302237175
526.4,0.0056533303568764145
526.6,0.007139404808772984
526.8,0.0042227478776694265
527.0,-0.00016304395780191772
527.2,0.004523763455485551
527.41,0.0025979402072776737
527.61,0.005861866204829705
527.81,0.003760543995618995
528.01,0.0022666542932009573
528.21,0.003420981734561695
528.41,0.0031948954087569065
528.61,0.000694451146191814
528.82,0.0033944152189609306
529.02,0.006387262405882775
529.22,0.004267403192016036
529.42,0.003087456065081905
529.62,0.0019274042350344704
529.82,0.004645616533089979
530.02,0.005221528659179936
530.22,0.002058819166606132
530.43,0.002388911047384726
530.63,0.0018640999375563023
530.83,0.003297940140303589
531.03,0.0016293265134723486
531.23,0.004575914960145324
531.43,0.005160097036629991
531.63,0.003822135985249451
531.83,0.005272166541120641
532.03,0.006117250615563203
532.24,0.005337581768469345
532.44,0.00047777280231237843
532.64,0.0011347879357735799
532.84,0.005871541887993327
533.04,0.0032308027349120865
533.24,0.006686082884020509
533.44,0.0017574044912642185
533.64,0.004653075399842989
533.84,0.0037075912573117896
534.04,0.0046268273287949505
534.25,0.007182606268873343
534.45,0.00532426565091624
534.65,0.0032528760746759933
534.85,0.006859026586908115
535.05,0.007059294427381115
535.25,0.0032675263579559546
535.45,0.0008107260975346084
535.65,0.005074709397229736
535.85,0.0014423967588632338
536.05,0.002948672556804519
536.25,0.004498369164969035
536.46,0.004125391854366536
536.66,0.00015518458808357313
536.86,0.004787271735270809
537.06,0.007235154278854893
537.26,0.005700878199864779
537.46,0.001130011928981996
537.66,0.008697228927134395
537.86,0.0031555558465598014
538.06,0.007314933339379478
538.26,0.0037561636165216387
538.46,0.00676134180340602
538.66,0.002420041210818638
538.86,0.002708992393320756
539.07,0.0034652710892283355
539.27,0.006943236532976213
539.47,0.0006873697808707973
539.67,0.003409861980292257
539.87,0.0031357464764474596
540.07,0.005806874913479754
540.27,0.0078530041726515
540.47,0.006343954939616743
540.67,0.0028483676751490704
540.87,0.005331829116291877
541.07,0.0016822999437929589
541.27,0.005288510899454465
541.47,0.00466956951476276
541.67,0.004985395750277175
541.87,0.005934991046134062
542.07,0.0028346420296637875
542.27,0.002806988367342817
542.47,0.005588899595593099
542.67,0.002283572319690947
542.87,0.0032100411268756388
543.08,0.0012167868509182413
543.28,0.007524578458834519
543.48,0.0037442688309839143
543.68,0.0024189991531373264
543.88,0.0036188470065681567
544.08,0.004111723544547905
544.28,0.005384475166214159
544.48,0.005139851644237591
544.68,0.0032335455057305677
544.88,0.008820950517341615
545.08,0.005851161866946832
545.28,0.007898881935982129
545.48,0.006304946139293055
545.68,0.002775497026684226
545.88,0.0003688681405337965
546.08,0.006122119754747358
546.28,0.0035320344708344334
546.48,0.004891979977681458
546.68,0.002582041395403037
546.88,0.0056712505937358765
547.08,0.003470085266380079
547.28,0.005845554690867163
547.48,0.005842476291579011
547.68,0.005087762652807333
547.88,0.005521791763349801
548.08,0.006775410435334206
548.28,0.002798382953706711
548.48,0.005362734669806367
548.68,0.003202282084345037
548.88,0.006955624254008456
549.08,0.00484795165317798
549.28,0.006290274899432841
549.48,0.005909831310624337
549.68,0.0033935643703936267
549.88,0.0028638316845457754
550.08,0.0066986768963856035
550.28,0.006526133280123199
550.48,0.007573960493001036
550.68,0.0048741068107859
550.88,0.006408278074794123
551.08,0.006001921125657925
551.28,0.005244596450898493
551.48,0.004141581470414287
551.68,0.0044073418618341105
551.88,0.007383031401572033
552.08,0.007365710476558577
552.28,0.0033602027958882503
552.48,0.007728682139542362
552.68,0.004358047143092848
552.88,0.008485891040500798
553.08,0.0019336591119025702
553.28,0.007584808401431017
553.48,0.0018740198803035989
553.68,0.003152585354452794
553.88,0.0034991713676401338
554.08,0.006392571704321386
554.28,0.0027624630855124827
554.47,0.0038961616991259576
554.67,0.007027175466589544
554.87,0.0027489799188866056
555.07,0.003706706692032107
555.27,0.004852186094223671
555.47,-0.0003562812086540339
555.67,0.005196537715545581
555.87,0.005356135064050009
556.07,0.006873966770269081
556.27,0.002781200005681125
556.47,0.007711791237279188
556.67,0.002805054754947967
556.87,0.0026139153617085248
557.07,0.004410872097118757
557.27,0.007361616625188228
557.47,0.0036252570234070105
557.67,0.0036002361456991257
557.87,0.003228986399431047
558.07,0.005134161107494649
558.26,0.0042989368623914245
558.46,0.006725493657203277
558.66,0.004074227640362777
558.86,0.006624314630378097
559.06,0.004377999799303944
559.26,0.006096214370907017
559.46,0.00674343281966953
559.66,0.0020620783038998356
559.86,0.0055174861279475304
560.06,0.003480369849675483
560.26,0.004203247755369453
560.46,0.003480369849675483
560.66,0.002998111801857764
560.86,0.006620329020930045
561.05,0.008562803330513383
561.25,0.005115167226895867
561.45,0.002247241131095785
561.65,0.003790465747054906
561.85,0.003771144590866958
562.05,0.0036523542205079535
562.25,0.003792333989205592
562.45,0.004908603887123172
562.65,0.0034966064018285507
562.85,0.0049718136329957524
563.05,0.0050033573237262445
563.24,0.006347457941121351
563.44,4.615547772152988e-05
563.64,0.005589289242781084
563.84,0.004388114785955623
564.04,0.0037253397848193426
564.24,0.0034056282487901096
564.44,0.005065830303712621
564.64,0.004038694964505098
564.84,0.003602640064669152
565.03,0.004584556301609088
565.23,0.006593834622254521
565.43,0.005156131420376886
565.63,0.00552206345571639
565.83,0.004439584502451415
566.03,0.004415337192954885
566.23,0.004439911222849408
566.43,0.0062926557127715
566.63,0.004173882672430284
566.82,0.0054466473326756845
567.02,0.006602518009941762
567.22,0.004878592121958777
567.42,0.002507820111701767
567.62,0.002052017209579751
567.82,0.003818636183465758
568.02,0.00574630546237896
568.22,0.0024499873538994833
568.41,0.0015075533646200642
568.61,0.00773407090504348
568.81,0.005275422481458686
569.01,0.0017019406749104128
569.21,0.0015213399676631287
569.41,0.00208732640728428
569.61,0.008583213196267153
569.8,4.583671422838472e-05
570.0,0.0056068834799585425
570.2,0.004768094090205147
570.4,0.008878571076926089
570.6,0.0029706369493091053
570.8,0.0024752241631655503
571.0,0.00306036962996777
571.19,0.002119469326637959
571.39,0.002128264835593504
571.59,0.002834460648116919
571.79,0.004176122119002724
571.99,0.004710301595629962
572.19,0.004176924642887636
572.38,0.004195063328620472
572.58,0.0019527141903750546
572.78,0.005806461194871694
572.98,0.004017956561181225
573.18,0.0008197848369394041
573.38,0.0034115240389455555
573.57,0.003955867492678612
573.77,0.0038737817178574455
573.97,0.00350905123408615
574.17,0.006548841421017742
574.37,0.005630098217591611
574.57,0.005881022938019893
574.76,0.0043900948802841995
574.96,0.0031830454681197767
575.16,0.003942704423701372
575.36,0.0030210040755413348
575.56,0.005141230803391244
575.75,0.00345127251845541
575.95,0.0033783818506790205
576.15,0.0024046535020292377
576.35,0.007555865433205842
576.55,0.0033758096756778444
576.74,0.006100913043522664
576.94,0.0054513995633284655
577.14,0.002716338423851068
577.34,0.003629541720725179
577.54,0.003194589830801755
577.74,0.0034604414443409584
577.93,0.0036858758409535133
578.13,0.0030490925175127794
578.33,0.004450091500517444
578.53,0.0048345805801158865
578.72,0.002362061575052417
578.92,0.006534508884510539
579.12,0.0040636597580664905
579.32,0.0055378493521005875
579.52,0.004137172693496272
579.71,0.004040079836658553
579.91,0.002046735801006124
580.11,0.004707298966023457
580.31,0.00288103871121558
580.51,0.0038131938336815776
580.7,0.0022431583669807126
580.9,0.006730839263059658
581.1,0.0014453047422192673
581.3,0.004518284209218098
581.49,0.0030476616194167177
581.69,0.002968533934910614
581.89,0.0043465695274489315
582.09,0.0029629815268312596
582.29,0.0024990601781433638
582.48,0.0037337492756567272
582.68,0.005895474229747317
582.88,0.003829430214412017
583.08,0.0036561015189486602
583.27,0.0012501748408739442
583.47,0.0033257998901180847
583.67,0.0017289533182604107
583.87,0.004460545114643483
584.06,0.004369455950479277
584.26,0.00453252049972095
584.46,0.003699107771025469
584.66,0.003594947107723039
584.85,0.0012541320217579384
585.05,0.004162619254849743
585.25,0.004920189845729267
585.45,0.00411992054024994
585.64,0.004332874144419316
585.84,0.001173820584553852
586.04,0.005490595118341873
586.24,0.005288819968891676
586.43,0.00212665350118248
586.63,0.0009799495785476249
586.83,0.0043526762776616
587.03,0.0035848973753992612
587.22,0.0023708559824688613
587.42,0.004071303224667553
587.62,0.007442888054826662
587.82,0.002950204632721614
588.01,0.0036606842907503457
588.21,0.002392456851478134
588.41,0.0008845434019210048
588.6,0.004008053447954545
588.8,0.0061920273522882915
589.0,0.0033988463566572875
589.2,0.0030226958348276074
589.39,0.00586584647871358
589.59,0.004194816180325186
589.79,0.0024742995956862023
589.98,0.003596963819487913
590.18,0.006175090848577113
590.38,0.003904512560942907
590.58,0.003380313555705247
590.77,0.0035143094164397657
590.97,0.007480496238685716
591.17,0.0017116501207155035
591.36,0.0017157839762817545
591.56,0.0007847015518431193
591.76,0.002936715115137429
591.96,0.003923267832559837
592.15,0.004785140215075486
592.35,0.004561795143406254
592.55,0.005522717365343474
592.74,0.0016370363205005047
592.94,0.001356574835688544
593.14,0.003198155128712148
593.33,0.00316033132856926
593.53,0.00013780049520579305
593.73,0.0050499576641269625
593.92,0.0021615587074375877
594.12,0.0035768979548973104
594.32,0.0016030893383172054
594.51,0.007425961954351466
594.71,0.0057564053143086165
594.91,0.0016209370197385912
595.11,0.003651540598722214
595.3,0.0039605853494905485
595.5,0.004598966273264018
595.7,0.006857835475742404
595.89,0.0033267356393887424
596.09,0.0052460749675106964
596.29,0.0033486039006826378
596.48,0.00468433410576493
596.68,0.006018333368591106
596.88,0.005083418347907504
597.07,0.00659196601828227
597.27,0.0043368342888870795
597.47,0.005561552581562884
597.66,0.0010701295598374942
597.86,0.0031004874479406367
598.06,0.004806140466668216
598.25,0.003966503587725511
598.45,0.0038490262921647696
598.64,0.004145545776542914
598.84,0.004394071316673135
599.04,0.0014320603722824269
599.23,0.0033486039006826378
599.43,0.0035828941677719123
599.63,0.007253448422046629
599.82,0.002899645871343754
600.02,0.002752141030012214
600.22,0.004319099150723158
600.41,0.0054864068406093374
600.61,0.002941106271457826
600.81,0.004994394787069524
601.0,0.005684163539195919
601.2,0.00614185970285803
601.39,0.003911344622025375
601.59,0.0029033909841231107
601.79,0.003728873665389023
601.98,0.003962063252744203
602.18,0.0015060820520343327
602.38,0.005221080829075543
602.57,0.0027153730282225828
602.77,0.001845881039054045
602.96,0.002398313830592544
603.16,0.005980926307766598
603.36,0.004721582758264456
603.55,0.0030218519362850238
603.75,0.004245315414875334
603.95,0.007047732900238729
604.14,0.0034934232510100585
604.34,0.0051661347322310095
604.53,0.003261880260116844
604.73,0.005007249815241314
604.93,0.00617563067195367
605.12,0.0038760058919754207
605.32,0.0018152496395825734
605.51,0.006813318411304275
605.71,0.0017140326030030155
605.91,0.004257762201393902
606.1,0.003501053262166532
606.3,0.005987598456863536
606.49,0.0009612384158553193
606.69,0.003135893860644323
606.89,0.004123823669593026
607.08,0.002621063148249521
607.28,0.005126566214590614
607.47,0.004568203008510287
607.67,0.001932869302220909
607.87,0.0032502237186237755
608.06,0.004403912382861474
608.26,0.0037566312900113525
608.45,0.005821728094778858
608.65,0.0027572096426498804
608.84,0.002043308190208544
609.04,0.004940489337802169
609.24,0.003775732913345542
609.43,0.004784695155532369
609.63,0.0012885677487795796
609.82,0.004326060735645428
610.02,-0.00013493806977599615
610.21,0.005731791461170667
610.41,0.002422619404493063
610.61,0.0059135619586341915
610.8,-0.0003088517672082505
611.0,0.004869967355649731
611.19,0.00442168735068415
611.39,0.004853349900374304
611.58,0.0025570514603095273
611.78,0.0029535678814332188
611.98,0.006396883644992849
612.17,0.0027556851558053525
612.37,0.0037055646866935204
612.56,0.006075906183368873
612.76,0.0012898311100338507
612.95,0.0057026568596538095
613.15,0.0029705121723424053
613.34,0.0037399518773258682
613.54,0.0020781523353171987
613.73,0.003593630869858337
613.93,0.002586807374004223
614.13,0.004954150865246795
614.32,0.002713516993975076
614.52,0.004240754951703272
614.71,0.0064222786738167515
614.91,0.003695127660010344
615.1,0.002646092333469941
615.3,0.0018240050555100784
615.49,0.001369694602075155
615.69,0.002227566552296661
615.88,0.0028565407270929044
616.08,0.003340356209278662
616.27,0.003977461738884289
616.47,0.0036233654753984462
616.66,0.006980675216752902
616.86,0.004230446734089698
617.06,0.0038461687318599096
617.25,0.006938893777960785
617.45,0.004041610990313714
617.64,0.002586079743715333
617.84,0.004007717421272521
618.03,0.005463916566375287
618.23,0.0038883839060918635
618.42,0.006853386900438091
618.62,0.0020736176736299763
618.81,0.0033041856640455823
619.01,0.0018184321546077797
619.2,0.004497118880088811
619.4,0.0015958094450810745
619.59,0.0032687107850774286
619.79,0.0026084506635266273
619.98,0.007583666810726937
620.18,0.004162159284838126
620.37,0.002591189954155873
620.57,0.0034717229678570883
620.76,0.0045623517960506595
620.96,0.004024020490700559
621.15,0.00696436722998859
621.35,0.0015192060484222922
621.54,0.0025362100799904705
621.74,0.0038611846057024553
621.93,0.0017062948217205277
622.13,0.005435790563926316
622.32,0.00564118434495405
622.51,0.004024354587599974
622.71,0.005510124059046205
622.9,0.0024700409924903913
623.1,0.002370533386484399
623.29,0.004515385498465106
623.49,0.004245035130229791
623.68,0.003197815140271813
623.88,0.002544894663712497
624.07,0.004474951883111648
624.27,0.003020523412407952
624.46,0.0028703364520748496
624.66,0.004041130460886808
624.85,0.0006191721575839381
625.05,0.00492826202891591
625.24,0.0014569707666929976
625.43,0.0018204481248530393
625.63,0.0035471102932892744
625.82,0.001201283160327261
626.02,0.0009604597195722689
626.21,0.0052596400234165615
626.41,0.004652271304557696
626.6,0.002153746670604509
626.8,0.0027970838184267284
626.99,0.005159374836778807
627.19,0.0018538362718631487
627.38,0.0031574732575624653
627.57,0.00749573149887196
627.77,0.004650702826446756
627.96,0.004622288263148404
628.16,0.001324764408468516
628.35,0.00285701039116633
628.55,0.006756913718099023
628.74,0.003862832619652015
628.93,0.0027398512920580047
629.13,0.006223124992857016
629.32,0.005828306547111345
629.52,0.00435604784667308
629.71,0.004060937639978817
629.91,0.0034714005161899475
630.1,0.0038960388223582177
630.29,0.006218960364104498
630.49,0.004049613485880585
630.68,0.0038716175018531375
630.88,0.005589976122612621
631.07,0.0025116929381603145
631.27,0.006737768163327333
631.46,0.004511271558117975
631.65,0.005698366944024138
631.85,0.004816267559731746
632.04,0.006650717964648368
632.24,0.0042664262685041116
632.43,0.004416657197079992
632.62,0.002427530620162769
632.82,0.0036161073446593526
633.01,0.003561519383231328
633.21,0.001091146106257555
633.4,0.004763772802358642
633.59,0.007976323787179215
633.79,0.0037858769403598326
633.98,0.005779862224546746
634.18,0.0023362861526710177
634.37,0.0031436445682788733
634.56,0.0077666101239649
634.76,0.003996250650050664
634.95,0.0003044272556087996
635.14,0.008613139670703734
635.34,0.006167834200134455
635.53,0.005023442841846412
635.73,0.0057173704049207335
635.92,0.00776608258170314
636.11,0.0036999892488819674
636.31,0.004084924814569106
636.5,0.003228550075642776
636.7,0.006368581536209952
636.89,0.004690177250566461
637.08,0.0059004387571240996
637.28,0.006209754744641234
637.47,0.0062822735731164515
637.66,0.008657973719713318
637.86,0.005508211570891704
638.05,0.006516600341447528
638.24,0.008523343932293781
638.44,0.00862464904773015
638.63,0.005633138240628386
638.83,0.0074382355870599975
639.02,0.011378059437565508
639.21,0.010629539177928516
639.41,0.017024278981885223
639.6,0.021929462200877572
639.79,0.02717994385391027
639.99,0.031317463695629794
640.18,0.03801223314187004
640.37,0.04899882916054707
640.57,0.06623327072563254
640.76,0.09079934916670397
640.95,0.1276543846110275
641.15,0.16595996087582285
641.34,0.21967038135602956
641.53,0.28414740669351995
641.73,0.3667062555099787
641.92,0.4423685537090341
642.11,0.5142070440569795
642.31,0.582150665962286
642.5,0.655111342467889
642.69,0.7124091386074091
642.89,0.7670636579251586
643.08,0.822450082524434
643.27,0.8534137276627345
643.47,0.8738324951329522
643.66,0.9013641413859775
643.85,0.9036860001222023
644.05,0.9205481096284137
644.24,0.9469192933872852
644.43,0.9733429680108416
644.63,0.9789030908164482
644.82,0.9764062237342209
645.01,0.9778617376146951
645.2,0.9792717308516793
645.4,0.9842705411968635
645.59,0.9760097514319719
645.78,0.9849298935288648
645.98,0.9919604277267848
646.17,1.0040825903488393
646.36,0.9877805737895705
646.56,1.0008421075306022
646.75,1.0172630281477366
646.94,1.0091490699979078
647.13,1.0226923147981746
647.33,1.025919607094119
647.52,1.0236239716349183
647.71,0.9978345749362717
647.91,1.0052231637650395
648.1,0.9968273138337777
648.29,0.9943838179241586
648.49,1.006317077596396
648.68,0.9915399764371389
648.87,0.9905111611646951
649.06,1.0037578193563519
649.26,0.987672025326796
649.45,1.0014955407802164
649.64,0.9785882545149616
649.83,0.9785128857651358
650.03,0.9732854326932056
650.22,0.960279266114629
650.41,0.9426480890267575
650.61,0.9073646180895049
650.8,0.8915280002355336
650.99,0.8467439582225524
651.18,0.8110893225320234
651.38,0.7649326514989379
651.57,0.7104972850662018
651.76,0.6737860718205149
651.95,0.6231327796260663
652.15,0.5533430787668076
652.34,0.49749970008498434
652.53,0.44070894183625053
652.72,0.3818045282321287
652.92,0.3313689529289957
653.11,0.28659174571364726
653.3,0.23726155037983632
653.49,0.20953374187146748
653.69,0.17585475165615436
653.88,0.1511905862152199
654.07,0.12306205768505034
654.26,0.09828915351724311
654.46,0.0904793256632841
654.65,0.07395952496791328
654.84,0.061115146894729695
655.03,0.048566812071665695
655.23,0.0388161314629731
655.42,0.03140026857584055
655.61,0.030717639901471274
655.8,0.02165847523426167
655.99,0.016788232488447127
656.19,0.015540894129284595
656.38,0.014558804912014183
656.57,0.011485042644202435
656.76,0.01108065291603005
656.96,0.008389499259970784
657.15,0.008628245798142758
657.34,0.006182087807316952
657.53,0.009079119803263506
657.72,0.008808065579949122
657.92,0.0072439824813082775
658.11,0.005922862618030102
658.3,0.006309278589868216
658.49,0.008743628985977669
658.68,0.006100335768634483
658.88,0.004447232020621336
659.07,0.005770996716460441
659.26,0.006675129965088034
659.45,0.006125839641288224
659.64,0.004803822515688348
659.84,0.00624390128344344
660.03,0.0032803271084821976
660.22,0.0037707749603619134
660.41,0.006874254581462079
660.6,0.004743954934012383
660.8,0.006225211428992199
660.99,0.007299331019321435
661.18,0.0048918210606650695
661.37,0.004248775378830098
661.56,0.00410331298995528
661.76,0.0024931527203039
661.95,0.006388717081028048
662.14,0.006818385103198077
662.33,0.002465639995668333
662.52,0.0037363502687761682
662.71,0.004746448451594247
662.91,0.004840216955972347
663.1,0.008044278370511042
663.29,0.0070935483613295556
663.48,0.003742165333378124
663.67,0.007991032699903911
663.86,0.007072107981017956
664.06,0.006375325622882382
664.25,0.0017230901530559612
664.44,0.004366571621416866
664.63,0.004087516543761911
664.82,0.00520782789258667
665.01,0.004716259668332324
665.21,0.004801283857958965
665.4,0.003471624460430139
665.59,0.00499296302161269
665.78,0.0038771508859358713
665.97,0.0005362119323900601
666.16,0.004684134177000433
666.35,0.006221321720103932
666.55,0.004691077426415991
666.74,0.005158744322190608
666.93,0.004092903114035761
667.12,0.007415518193838348
667.31,0.004668471983684938
667.5,0.007170774192331365
667.69,0.0070578606750098345
667.89,0.0027524975933216384
668.08,0.001649188533691676
668.27,0.005735019180825459
668.46,0.007371839177328017
668.65,0.005181073241453079
668.84,0.00542949207734454
669.03,0.005832848608243931
669.22,0.0048074744722213635
669.42,0.0030171107327009467
669.61,0.0036198032046629415
669.8,0.005172222465207961
669.99,0.004070949069174297
670.18,0.0045437275819468735
670.37,0.005856216289828489
670.56,0.006259973261656217
670.75,0.0022594427672332734
670.94,0.006610453309179551
671.14,0.0018229731538358625
671.33,0.0036288072680653906
671.52,0.005216620086508566
671.71,0.006799882685501768
671.9,0.0030239974240154196
672.09,0.004479274188204641
672.28,0.004303454621789194
672.47,0.005635023218133443
672.66,0.0016365711279402652
672.85,0.004880076864379499
673.05,0.0054260874897747585
673.24,0.0018501804241182857
673.43,0.004637628509407544
673.62,0.003968364471836478
673.81,0.00286994663675976
674.0,0.004506851047898466
674.19,0.002674273877769807
674.38,0.005500215206861924
674.57,0.0062965684843822155
674.76,0.0031955439894078477
674.95,0.003338618432689976
675.15,0.004693839512762096
675.34,0.004533498494517672
675.53,0.0046744814705059765
675.72,0.004768355204704694
675.91,0.006561641834594497
676.1,0.0028748731005951373
676.29,0.006932761861542169
676.48,0.001480966651929402
676.67,0.004734004915391438
676.86,0.005173262163167635
677.05,0.006701462072596248
677.24,0.0013837258323692863
677.43,0.003928252010497381
677.62,0.006292129132300651
677.81,0.0033910461076585205
678.0,0.0061708980175055805
678.2,0.004674996921181131
678.39,0.002653099410650689
678.58,0.005101456027437254
678.77,0.004320804452035122
678.96,0.00296596471323759
679.15,0.0022756887446482013
679.34,0.004659189210407308
679.53,0.0031312041440864045
679.72,0.004470291702716913
679.91,0.0028451457610979168
680.1,0.005072165784917014
680.29,0.006068330408364481
680.48,0.004699153438642056
680.67,0.003527741343633964
680.86,0.005443210633759628
681.05,0.007634559983931076
681.24,0.00246475237444817
681.43,0.0012493121936401508
681.62,0.0070798906251661135
681.81,0.003648000000000004
682.0,0.005042181941634172
682.19,0.006510889920020668
682.38,0.006771621025844225
682.57,0.0023177030290415985
682.76,0.0031260644247521163
682.95,0.0060626329054323915
683.14,0.006057642822298838
683.33,0.008119556798374828
683.52,0.004606759785591723
683.71,0.004500372951883439
683.9,0.006749166945010655
684.09,0.002795350136180444
684.28,0.0028489815926019783
684.47,0.004295545769787216
684.66,0.0023479745665530745
684.85,0.0032479814736235658
685.04,0.005720174027420191
685.23,0.0027215649349712815
685.42,0.0034813378962991605
685.61,0.0037523875717844477
685.8,0.004498510112807078
685.99,0.005777367002733773
686.18,0.004730150047433315
686.37,0.002022254890789647
686.56,0.005767155895711755
686.75,0.0033027837121210775
686.94,0.005280469348811004
687.13,0.0035466150606973433
687.32,-0.0013028455748324457
687.51,0.00398480891732798
687.7,0.006040745581485407
687.89,0.004932858624653084
688.08,0.005026846531401287
688.27,0.002955754796706438
688.46,0.0074796126065860835
688.65,0.006274347584359107
688.84,0.00206602816867004
689.03,0.0008987585682604312
689.22,0.004215897927090673
689.41,0.00142485208361314
689.6,0.005389074593226847
689.79,0.0013093874430990563
689.98,0.005747448639306521
690.17,0.0030120401691613556
690.36,0.007577147211130086
690.55,0.005404670399712944
690.74,0.007667718740449608
690.93,-5.6154472932966875e-05
691.12,0.0023163374161254227
691.31,0.004546974935388562
691.49,0.0029458267968019867
691.68,0.007256019904404277
691.87,0.00982594058791024
692.06,0.005271437121271611
692.25,0.003011403001815216
692.44,0.004672588125510945
692.63,0.0036972520424009224
692.82,0.00036633777253727476
693.01,0.005903035895376505
693.2,0.0024801917254722384
693.39,0.006560099439882906
693.58,0.006227698019363764
693.77,0.003003777967108351
693.96,0.004101640924827031
694.15,0.005839401132891536
694.33,0.0011103605296011632
694.52,0.009926628595347499
694.71,0.0037838105401052876
694.9,0.002954062909897024
695.09,0.006454069987749134
695.28,0.003690127839459612
695.47,0.004233625697216182
695.66,0.0015190538744936056
695.85,0.005620579677813933
696.04,0.004156847205843305
696.23,0.006051213177911428
696.42,0.0056371709706742
696.6,0.0070084268757374365
696.79,0.006421856084871951
696.98,0.004725214790308326
697.17,0.0037830034538464796
697.36,0.004592125407392015
697.55,0.006000254549304408
697.74,0.0007875660871085293
697.93,0.0024968134537875267
698.12,0.003685393604113431
698.31,0.005005802453110565
698.49,0.0032226022694028583
698.68,0.005658817564330406
698.87,0.0059597271409975285
699.06,0.0016496529822051542
699.25,0.0039903453332265915
699.44,0.0051473430356803705
699.63,0.007370048448340553
699.82,0.004170561335328344
700.0,0.0029920284401372997
700.19,0.003082478398310736
700.38,0.005517648261009561
700.57,0.0024509236572787217
700.76,0.002647979140012047
700.95,0.00310229499278222
701.14,0.005049863443780941
701.33,0.001577335921580963
701.51,0.005175965978328956
701.7,0.0028117588757243885
701.89,0.006607814366444209
702.08,0.005743127468067018
702.27,0.0021149496424746634
702.46,0.007424389988950203
702.65,0.005066379811031371
702.83,0.0033318373956367172
703.02,0.0016748331494690304
703.21,0.008323293359891498
703.4,0.0020272492300598267
703.59,0.006420138103075312
703.78,0.003380922846250905
703.97,0.004727181151491206
704.15,0.0030243089174938316
704.34,0.003308324002513565
704.53,0.0017073632571139848
704.72,0.0035474217627860685
704.91,0.003072498941220363
705.1,0.002866255806806807
705.28,0.002570647499813854
705.47,0.0023467173673990716
705.66,0.003945863126047142
705.85,0.007217266241823033
706.04,0.004320924059608152
706.23,0.010375486294163022
706.41,0.0031643583308979344
706.6,0.0030706210679907198
706.79,-0.0012861955699491699
706.98,0.0074834155217190805
707.17,0.003435130136322481
707.35,0.0008459771687991282
707.54,0.002313532191676411
707.73,0.00434189356900404
707.92,0.005304360653115236
708.11,0.003573241651851339
708.3,0.002920971815539384
708.48,0.001820734584294767
708.67,0.00027459646909710957
708.86,0.003906749870151382
709.05,0.0010519523844720205
709.24,0.0034973966401167307
709.42,0.006816902599549959
709.61,0.003608526628224223
709.8,0.003916239107823467
709.99,0.0037442061377618422
710.18,0.005803394351129433
710.36,0.006666822652841008
710.55,0.0035723995626214737
710.74,0.0053937993922919345
710.93,0.005612608789046957
711.12,0.002636484009168908
711.3,0.0034235516590140976
711.49,0.00312938578069714
711.68,0.006869020354544586
711.87,0.0046887977699142675
712.05,0.004875931056715334
712.24,0.004800922531806574
712.43,0.007195873664499571
712.62,0.003862550750643998
712.81,0.006183256820140852
712.99,0.004659964843113713
713.18,0.004386448805692422
713.37,0.007807907829360609
713.56,0.004440721247918353
713.74,0.006348658737258739
713.93,0.0018300400738410622
714.12,0.0038556382724905906
714.31,0.007518117895187376
714.49,0.004410081954538431
714.68,0.005149937280844528
714.87,0.006921698873365977
715.06,0.0015054217291245887
715.24,0.002874702979160133
715.43,0.002379485952900613
715.62,0.0036527732872895916
715.81,0.0043586187559577
715.99,0.003009642388721146
716.18,0.004716674296641138
716.37,0.003183050184826979
716.56,0.006165627033692575
716.74,0.006891641617962208
716.93,0.007246004934142594
717.12,0.010016972056735761
717.31,0.0044669203560004
717.49,0.0013365874144514946
717.68,0.004420216030567483
717.87,0.003380320043239055
718.06,0.004117154140890096
718.24,0.004272900941100221
718.43,0.0029754463694806063
718.62,0.004998689680311637
718.8,0.0010054301768233661
718.99,0.007031618708474846
719.18,0.0017155204065054219
719.37,0.0034479348765038206
719.55,0.002203290561892732
719.74,0.006556516955065266
719.93,0.005537251399100003
720.11,0.006549012501638015
720.3,0.003963215566982607
720.49,0.002114527548719686
720.68,0.001365382647523627
720.86,0.009200684327675762
721.05,0.007685794939899968
721.24,0.009913036635473776
721.42,0.005547165938795257
721.61,0.0027302474442445234
721.8,0.005438926134341437
721.98,0.0036941661306324524
722.17,0.01092515262402638
722.36,0.004193339053976063
722.55,0.0006466806490275814
722.73,0.0029520849235378376
722.92,0.005217501397959511
723.11,0.005686312224712994
723.29,0.004066250384010485
723.48,0.0002979361740051386
723.67,0.0020208921141956354
723.85,0.005789745173232999
724.04,0.0047916674854378855
724.23,0.011882929725490548
724.41,0.00489227728093569
724.6,0.009292801876542734
724.79,0.006063785931117196
724.97,0.0046850584964269635
725.16,0.004283720342263222
725.35,0.006259824038966742
725.53,0.003872319415089739
725.72,0.0025153646748390652
725.91,0.0032355089078717576
726.09,0.0037326306652066964
726.28,0.0025150556419048713
726.47,0.0028918014216583344
726.65,0.006428350139059845
726.84,0.0054349414793744355
727.03,0.0053178959562461565
727.21,0.00643726908573896
727.4,0.005179751457915566
727.59,0.0043038075875099354
727.77,0.002974692593964304
727.96,0.0032574068491859186
728.15,0.005479807863211802
728.33,0.005612711786517153
728.52,0.008484166677438095
728.7,0.009359462989859523
728.89,0.007844673452282217
729.08,0.00670788942237201
729.26,0.005632875208263991
729.45,0.007874381195022699
729.64,0.0010479684763962393
729.82,0.006701098547396584
730.01,0.005367168031663853
730.2,0.005418006971452914
730.38,0.00478291299302129
730.57,0.0032743295499899267
730.75,0.004991005455856238
730.94,0.0008298066167737225
731.13,0.006030794203089296
731.31,0.005148701887369234
731.5,0.0043670550063001756
731.68,0.004668931367768031
731.87,0.007102160860420276
732.06,0.0020541600217124627
732.24,0.008811688226989021
732.43,0.006884223839335686
732.62,0.0075581674426897305
732.8,0.0013237167200746169
732.99,0.008651395790335803
733.17,0.0028859315571788235
733.36,0.0018568392193244257
733.55,0.006541560659443028
733.73,0.004467226278086822
733.92,0.0013375821055316031
734.1,0.0031056935584820454
734.29,0.0033374921596826096
734.48,0.00590345899452059
734.66,0.004445908423472434
734.85,0.005388743017613942
735.03,0.004903621710916948
735.22,0.005993602308550596
735.4,0.003909338061520277
735.59,0.005915777895715817
735.78,0.001956532320540137
735.96,0.0022024943463870208
736.15,0.0013360461204405926
736.33,0.0030480242496605183
736.52,0.006486910827745731
736.7,0.004546735097465941
736.89,0.0005780903299858714
737.08,0.0026594737971033238
737.26,0.005594597117458114
737.45,0.008675511267226262
737.63,0.0034519557095178616
737.82,0.0009643434362662827
738.0,0.0037390939157407165
738.19,0.0012384777589055916
738.38,0.004537196918512744
738.56,0.004543822939739633
738.75,0.0027275066965537424
738.93,0.005527608783687309
739.12,0.0070609146689185045
739.3,0.005052382745274409
739.49,0.0053757558238151145
739.67,0.01053509991249759
739.86,0.006926463249193611
740.04,0.005170809172967412
740.23,0.00498689046979353
740.42,0.007874405775993094
740.6,0.0029476366295872556
740.79,0.000984678926875387
740.97,0.008305065360323114
741.16,0.005483818952637675
741.34,0.005685213389310726
741.53,0.005812071699370897
741.71,0.003674277015222866
741.9,0.00798190604282584
742.08,0.007652816892671494
742.27,0.005722749808668127
742.45,0.006183407752162092
742.64,0.005178191269167665
742.82,0.004823738605317809
743.01,0.008399524670187956
743.19,0.0030688031864070787
743.38,0.008816095106904839
743.57,0.0067028162771737695
743.75,0.0034952073554839667
743.94,0.009598584038666641
744.12,0.0037373417551167672
744.31,0.006739161203236603
744.49,0.006424470574194211
744.68,0.007041716350078966
744.86,0.0065764076074516726
745.05,0.0071423710008084
745.23,0.0035024164744649113
745.42,0.005728487861061443
745.6,0.006230669326993978
745.79,0.004417341587385261
745.97,0.0038818371707856373
746.16,0.004959989618275462
746.34,0.009561833071673898
746.52,0.005238120193185992
746.71,0.0030583614878510108
746.89,0.001592457673034339
747.08,0.002384345497897196
747.26,0.0071483131349816785
747.45,0.0030629470679403585
747.63,0.010400540524731341
747.82,0.006017218655817588
748.0,0.006585477218799829
748.19,0.0064148137998929315
748.37,0.003330918736303038
748.56,0.004025070877353579
748.74,0.007935284391918844
748.93,0.008213722724632878
749.11,0.005009726316837634
749.3,0.005872887067270007
749.48,0.0033427784969945785
749.67,-7.533003008588601e-05
749.85,0.007552564283780088
750.03,0.005205362565644613
750.22,0.009672640150661547
750.4,0.0031994468700784935
750.59,0.0022056150106947513
750.77,0.0003554964038977365
750.96,0.008711854350315299
751.14,0.003252234837698025
751.33,0.005927448523639106
751.51,0.009537484393653105
751.69,0.004708382297484018
751.88,0.009472834496294092
752.06,0.007214207892772526
752.25,0.0005049440035414161
752.43,0.005812736955244633
752.62,0.00844485578414744
752.8,0.0106239872092404
752.99,0.006002952271608994
753.17,0.007546578724333384
753.35,0.005202225229288835
753.54,0.007978242784518958
753.72,0.003019589927908689
753.91,-7.886930390595618e-05
754.09,0.0027460495123155164
754.28,0.004224548496375647
754.46,0.0006630447248471134
754.64,0.007177231000311596
754.83,0.0024227833701504047
755.01,0.007711655545693007
755.2,0.004419019677705267
755.38,0.008265136089879409
755.56,0.0003638715295157071
755.75,0.007285102978106852
755.93,0.00781814020770838
756.12,0.0076978156795720395
756.3,0.007010850836944406
756.48,0.0017649471207674399
756.67,0.0059093334941754914
756.85,0.008292831188887404
757.04,0.005364291476700616
757.22,0.009160028743863263
757.4,0.0036179309648869465
757.59,0.007240232355471372
757.77,0.0060031826129420705
757.96,0.004995979196979506
758.14,0.005402613978918367
758.32,0.003938967969253694
758.51,0.00477495266477984
758.69,0.0071335372328236646
758.87,-0.0006998063998657023
759.06,0.007168751147949068
759.24,0.005821702874636953
759.43,0.00258272008537247
759.61,0.005564574971093673
759.79,0.005147461922335012
759.98,0.0091212051325647
760.16,0.010998289429437426
760.34,0.005854447542362838
760.53,0.00757070533129351
760.71,0.006002246001729686
760.9,0.007344359442126579
761.08,0.005509261716469408
761.26,0.004929339004317474
761.45,0.009733434109794327
761.63,0.0006994514117608061
761.81,0.003961019673083028
762.0,0.003268333522238527
762.18,0.003687271876541667
762.36,0.008187791002803736
762.55,0.005797383747624315
762.73,0.005957629804749064
762.91,0.007293759378342012
763.1,0.003851630417859161
763.28,0.007223834878143978
763.46,0.00694167205280965
763.65,0.003711432444891808
763.83,0.001137783562560846
764.01,0.0017256521520327202
764.2,0.006796273950914889
764.38,-0.0006864413387078159
764.56,0.004658160524247901
764.75,0.005236820922364669
764.93,0.0036718926682510074
765.11,0.006914875680501598
765.3,0.005769121847413611
765.48,0.008010104640579902
765.66,0.004717283784869435
765.85,0.0030583866486456044
766.03,0.006856720079272373
766.21,0.0021248490079020356
766.4,0.007016691292699233
766.58,0.010164827790564447
766.76,0.004036044834607782
766.95,0.002232347920324752
767.13,0.005711734450009913
767.31,0.007563450908085956
767.49,0.005747562929607157
767.68,-0.0005218948453706912
767.86,0.007188002887117576
768.04,0.0029305428893783196
768.23,0.005555835497399231
768.41,0.0061413293424432734
768.59,0.007240828781143185
768.78,0.006548497353279754
768.96,0.001628169736056792
769.14,0.005973053218199327
769.32,0.007957648420863755
769.51,0.0040566132020593195
769.69,0.004461806396666782
769.87,0.0029757201377336225
770.06,0.003480877784861997
770.24,0.004222454726123646
770.42,0.009083799434739238
770.6,0.009240493353035457
770.79,0.005467328811522402
770.97,0.005042705583880059
771.15,0.004401895194744498
771.33,0.006541014295860833
771.52,0.01168590431024402
771.7,0.00866756468233154
771.88,0.006848689884820378
772.07,0.006739856710194813
772.25,0.009853382032418123
772.43,0.004833598435366986
772.61,0.004659235939760067
772.8,0.005320668077688644
772.98,0.006941995116491525
773.16,0.011498157517160622
773.34,0.004238850428027484
773.53,0.003042213574398855
773.71,0.008601356886484458
773.89,-0.00020767275074529552
774.07,0.007367476166265693
774.26,0.009641655089374467
774.44,0.008173148193902264
774.62,0.0050871232282470235
774.8,0.004755830244688219
774.99,0.003975897124571807
775.17,0.002658016450926874
775.35,0.007950197420525681
775.53,0.0014077117068323154
775.71,0.008890108551557373
775.9,0.006537351985043905
776.08,0.005087795997219913
776.26,0.00816464699594318
776.44,0.0011210554201244495
776.63,0.009243535473858063
776.81,0.00566852000593402
776.99,0.006496201831085259
777.17,0.0041308671992759454
777.35,0.010408053920541921
777.54,0.0027340636660666286
777.72,0.009113457861736066
777.9,0.007870172892035565
778.08,0.008855275289057774
778.27,0.0030181062216856325
778.45,0.00916296417518912
778.63,0.0026001599581130757
778.81,0.0061710525352281186
778.99,0.002244197507024456
779.18,0.005208335869728787
779.36,0.00047288830868189166
779.54,0.002122115642227393
779.72,0.005702493932227925
779.9,0.007936399607502352
780.08,0.005556610533405246
780.27,0.007089181406953173
780.45,0.005422704781258895
780.63,0.003121666021212543
780.81,0.0055046902489275865
780.99,0.00916775003034762
781.18,0.004816790558829138
781.36,0.009515877542878944
781.54,0.004286607072825771
781.72,0.005769932391346458
781.9,0.0009081817635688418
782.08,0.005443421247513056
782.27,0.003925317708132563
782.45,0.0028078886472180796
782.63,0.005596244681736155
782.81,0.00491394911989878
782.99,0.005675661276866035
783.17,0.011146642925192865
783.36,-0.0008075367292608276
783.54,0.004717274463643234
783.72,0.009199432966659425
783.9,0.01082294092555354
784.08,0.003396254931691626
784.26,0.012032942583588734
784.45,0.007101922120186803
784.63,0.009278326048910046
784.81,0.0032773131851871434
784.99,0.006505538826887216
785.17,0.006987418351538985
785.35,0.006643944343250018
785.53,0.005499012676002149
785.72,0.003199392840578494
785.9,0.005638306450491739
786.08,0.009841907245677064
786.26,0.003934708619851364
786.44,0.009255479124068978
786.62,0.001180013737473368
786.8,0.005890558432375942
786.99,0.0035180155396383607
787.17,0.002303795163232741
787.35,0.006908450031926935
787.53,0.007646201668062035
787.71,0.006886326905433888
787.89,0.010735677947356786
788.07,0.0036235309676457667
788.25,0.00023936059703205204
788.43,0.0009057609612857226
788.62,0.010172028941112118
788.8,0.008589910814972727
788.98,0.008843376748076505
789.16,0.0031954238083572234
789.34,0.00040363162709373534
789.52,0.010700755450896304
789.7,0.003710283132555172
789.88,0.008852113067140562
790.06,0.008033074573008949
790.25,0.0060629037475909
790.43,0.006977609794920374
790.61,0.014556290195712746
790.79,0.015536589404276983
790.97,0.012734481234331295
791.15,0.0065949109116639655
791.33,0.010222865011559704
791.51,0.0026984042336274817
791.69,0.010682340850999198
791.87,0.0054605869268939565
792.05,0.005922411038686954
792.24,0.004221016729571384
792.42,0.002130568776443917
792.6,0.008933694368881856
792.78,0.005574964967332701
792.96,0.010659761074532403
793.14,0.001825695329017148
793.32,0.005050358727726309
793.5,0.0031162062752566003
793.68,0.009563953690329507
793.86,0.007910141889460764
794.04,0.0011352084360058653
794.22,0.010643585199648744
794.4,0.00412900727274799
794.58,0.006222507163676365
794.76,0.010309717410368317
794.95,0.008836816478763873
795.13,0.008186639409553135
795.31,0.008214133345032392
795.49,0.0107320277644887
795.67,0.011593015782832714
795.85,0.010983925508044324
796.03,0.007442160104883533
796.21,0.006413779511938769
796.39,0.0006184838876935877
796.57,0.006237474444449514
796.75,0.012293263511808605
796.93,0.012699312397298518
797.11,0.004288178756263869
797.29,0.004920978886249167
797.47,0.010137602504470199
797.65,0.01564145414968452
797.83,0.003052221042394484
798.01,0.006660837311725748
798.19,0.010281071055461522
798.37,0.008732777285450764
798.55,0.0028711711320798874
798.73,0.004821838481689483
798.91,0.007596704201177966
799.09,0.005964445117083517
799.27,0.009520299082035324
799.45,0.008785909738869231
799.63,0.009888397148363216
799.81,0.0018314368606403915
799.99,0.004768578160976054
800.17,0.009585901643517549
800.35,-0.0004790737453276606
800.53,0.0022986432899439898
800.71,0.0106761565836299
800.89,-0.001454703669286701
801.07,0.007425724148525318
801.25,0.003901903231977102
801.43,0.007146356161873186
801.61,0.01059448174632993
801.79,0.013055405816893684
801.97,0.016307842592950494
802.15,0.006029580713611808
802.33,0.0052371893821483015
802.51,0.01086292678425387
802.69,0.007649158592554827
802.87,0.0012608396112493041
803.05,0.006722850606515764
803.23,0.0051009051387243135
803.41,0.007620018770248798
803.59,0.009021224605727319
803.77,0.011854346508637892
803.95,0.004695680333915053
804.13,0.004182519845104931
804.31,0.013446264784960915
804.49,0.011754434485362243
804.67,0.005891332844845757
804.85,0.012097130992907658
805.03,0.008641580697776366
805.21,0.00332518799039988
805.39,0.009387232230635707
805.57,0.004790562481783022
805.75,0.00860850456633791
805.93,0.012042337465486172
806.11,0.005458579256212025
806.29,0.00889806142276211
806.47,0.0040010969199758524
806.65,0.010664359247823201
806.83,0.015916678333956012
807.0,0.007148041206969479
807.18,0.00356175273393109
807.36,0.00805094793419226
807.54,0.007236576313295508
807.72,0.005856815171735756
807.9,0.016602496729350012
808.08,0.010309798937880314
808.26,0.00884158990636919
808.44,0.005217220585742878
808.62,0.007297858162779637
808.8,0.012376247046793718
808.98,0.008540987402214395
809.16,0.008932901479334492
809.34,0.005844355112108009
809.51,0.008931023032160618
809.69,0.010716961763108638
809.87,0.016309387867419867
810.05,0.011166405110528611
810.23,0.017456721663544277
810.41,0.005022095774348973
810.59,0.01657563672229825
810.77,0.007766052874683905
810.95,0.013327075820287828
811.13,0.0038812250830863536
811.31,0.009542640243647264
811.48,0.007200671966995134
811.66,0.010591396877522589
811.84,0.003373965786527836
812.02,0.00880371949727417
812.2,-0.004177408903533555
812.38,0.011012028918085982
812.56,0.004624727461259485
812.74,0.01348157640856451
812.92,0.013921780919119423
813.1,-0.0003568181226665053
813.27,0.011662982934024482
813.45,0.015576975939024166
813.63,0.0035439983981555806
813.81,0.006631283067397806
813.99,0.012777056479710083
814.17,0.008279020017916477
814.35,0.006873800776396352
814.53,0.0063598578629645176
814.7,0.010718098162890342
814.88,0.015613021477997193
815.06,0.006241047417203725
815.24,0.013019973640906755
815.42,0.0063849870452567506
815.6,0.012422251247865914
815.78,0.008591418148948165
815.95,0.013856366523357418
816.13,0.005809232093466907
816.31,0.002462385392497135
816.49,0.008836570525028193
816.67,0.00773405873155269
816.85,0.0041862569760175924
817.03,0.011529217922923645
817.2,0.012506762951872266
817.38,0.003072886891704456
817.56,-0.0018396652213619052
817.74,0.008667433706569451
817.92,0.004983899316651452
818.1,0.007297618676488281
818.27,0.003952330355778793
818.45,0.010042744163074175
818.63,0.0023030490690276297
818.81,0.0054535565971273545
818.99,0.008389889574446417
819.17,0.016172504306381577
819.34,0.005396852664746871
819.52,0.011754536810834673
819.7,0.01477116283719008
819.88,0.007836298965305123
820.06,0.010065411876507231
820.24,0.01080288284265781
820.41,0.009236795955086897
820.59,0.004910191482046924
820.77,0.014415223445604785
820.95,0.002876095220487115
821.13,0.0008956905681462834
821.3,0.006807617056508134
821.48,0.006618530202126427
821.66,0.014661462913753035
821.84,0.006455984383407476
822.02,0.012864801256453224
822.19,0.012268142153157961
822.37,0.013165932410939248
822.55,0.012555778872933665
822.73,0.015558318049173443
822.91,0.016179716020045882
823.08,0.01805264013967049
823.26,0.017494861553055956
823.44,0.006113139455466843
823.62,0.008655596988807279
823.8,0.00989346738631821
823.97,0.00981604238934807
824.15,0.016797842987497712
824.33,0.009137570834529216
824.51,0.017324122412328235
824.69,0.015431525370748822
824.86,0.0020059822117571716
825.04,0.009035357816676921
825.22,0.0071496093898009115
825.4,0.0014642754339636915
825.57,0.007316935299206808
825.75,0.0073216522518632565
825.93,0.011320198930722829
826.11,0.010324154875207272
826.28,0.012760373292148056
826.46,0.017531002528655585
826.64,0.012746065820558877
826.82,0.011287560408162048
826.99,0.01598878373361168
827.17,0.005953582767981851
827.35,0.007218770229836439
827.53,0.012099656079686254
827.7,0.01122466828767804
827.88,0.013763251617467057
828.06,0.015628137586485694
828.24,0.01252602895342101
828.41,0.01205038155629245
828.59,0.004669413860582469
828.77,0.020097476505412923
828.95,0.011871064730200746
829.12,0.006465662230989857
829.3,0.011975608120550138
829.48,0.019168061430198557
829.66,0.008126447826119354
829.83,0.0049102293406309535
830.01,0.004299909897488364
830.19,0.015010157611468965
830.36,0.01226788228196019
830.54,0.007694069011376444
830.72,0.019988512473485133
830.9,0.01820067623237017
831.07,0.01357033538759858
831.25,0.0044072940003615346
831.43,0.014546236132466986
831.6,0.014935033987593127
831.78,0.006406323697769225
831.96,0.01929034372066935
832.14,0.002625538068072243
832.31,0.01852991315048873
832.49,-0.0001662574321030537
832.67,0.007003716555207394
832.84,0.02529791989420201
833.02,0.02779051535820717
833.2,0.020912954171217114
833.37,0.0007814215046743234
833.55,0.01574277678635818
833.73,0.01695630600058176
833.91,0.009535752599508535
834.08,0.01996222958115756
834.26,0.017218814138462338
834.44,0.010903538444558995
834.61,0.014351155437738067
834.79,0.020089191684702738
834.97,0.010027564627877536
835.14,0.011029128269578931
835.32,0.01664359504499857
835.5,0.014324894588102807
835.67,0.02031790041625005
835.85,0.018579291882699224
836.03,0.014079770659651637
836.2,0.016450601194698218
836.38,0.009878913051337474
836.56,0.017086046375558692
836.73,0.012195775552116855
836.91,0.017856649484721855
837.09,0.011203864580737072
837.26,0.007773289191375415
837.44,0.018469037624331573
837.62,0.006504563288211168
837.79,0.016166078063157598
837.97,0.011670195379023958
838.14,0.007155950324349546
838.32,0.016665532956941717
838.5,0.012484693264102346
838.67,0.0008308108689894835
838.85,0.007023992160183074
839.03,0.018636572929897444
839.2,0.005933568949488324
839.38,0.019550557599985068
839.56,0.019419493035503145
839.73,0.01790184120951
839.91,0.00500479579612083
840.08,0.006080180264763885
840.26,0.015578452364225132
840.44,0.01751521581043375
840.61,0.0072171446180848515
840.79,0.014668155802723442
840.97,0.018736569256715546
841.14,0.006886444276796144
841.32,0.0012211990022867564
841.49,0.01585160548311946
841.67,0.013964841637194116
841.85,0.02106315890053191
842.02,0.019864563890316603
842.2,0.01882395146835082
842.37,0.017159485566502285
842.55,0.018961786216428616
842.73,0.015402236174578693
842.9,0.01767428683104957
843.08,0.006923172355400613
843.25,0.01963348192174345
843.43,0.007733277710048093
843.61,0.010006013827873517
843.78,0.017863306518746538
843.96,0.022834028728859458
844.13,0.006530147987109124
844.31,0.023032521739845276
844.49,0.01539724790102846
844.66,0.011566352577817905
844.84,0.02062935681580709
845.01,0.007343554345422469
845.19,0.037467730628352264
845.37,0.0149782573683363
845.54,0.01199145288602159
845.72,0.024577707761374083
845.89,0.023073477015143683
846.07,0.03249840694083625
846.24,0.013740700537449382
846.42,0.008915484857091087
846.59,0.013036649728128775
846.77,0.00871230421398787
846.95,0.022521184890621854
847.12,0.021247958887887063
847.3,0.014451676063211627
847.47,0.02452956440846704
847.65,0.014113256564365332
847.82,0.015559826405003602
848.0,0.002266951836588708
848.17,0.012746952453611552
848.35,0.009617496326190116
848.53,0.010271361427210442
848.7,0.014747228835195155
848.88,0.008319360148528182
849.05,0.015295308523525284
849.23,0.013927353124050197
849.4,0.018074270735412165
849.58,0.0159270053209154
849.75,0.01970192570386949
849.93,0.018942623675507374
850.1,0.0035289833680737306
850.28,0.021640464901733946
850.45,0.0208257023941444
850.63,0.010936392372613114
850.8,0.020808831926155433
850.98,0.024855234125448992
851.16,0.00957252331837261
851.33,0.022010629215730024
851.51,0.018798600643679036
851.68,0.025435695943375067
851.86,0.016515002478408522
852.03,0.01638072957982679
852.21,0.007011749285538468
852.38,0.020160409300485967
852.56,0.01894792250079841
852.73,0.015559318786623193
852.91,0.012862703036507992
853.08,0.0238130503304271
853.26,0.036925133474525106
853.43,0.03364454086731835
853.61,0.02830425346710691
853.78,0.025639917199411433
853.96,0.0034485678564253625
854.13,0.01055744741978826
854.31,0.023327393751864628
854.48,0.021332034378276646
854.66,0.029952188132429364
854.83,0.028598744860272585
855.0,0.01778018252978016
855.18,0.022050703475302854
855.35,0.018420758015484134
855.53,0.017538700520504505
855.7,0.022155833420511528
855.88,0.025564900707517015
856.05,0.02212624551296777
856.23,0.015571840489462878
856.4,0.023687768582230317
856.58,0.021242039727975354
856.75,0.008100052184219157
856.93,0.024557919942573805
857.1,0.015224412257889449
857.28,0.024736889448592266
857.45,0.005789245328574638
857.62,0.022061333610811442
857.8,-0.0038149920255183215
857.97,0.015850757571640044
858.15,0.020672581122415948
858.32,0.011880288078443773
858.5,0.01420823992334957
858.67,0.03167385630039888
858.85,0.023559899114976485
859.02,0.018251478386407193
859.19,0.023985503613885212
859.37,0.038356735480308976
859.54,0.014941827867877639
859.72,0.02740059171031091
859.89,0.013995044016210614
860.07,0.016316836717987063
860.24,0.009092627988520507
860.41,0.029872269073334342
860.59,0.002281851843013019
860.76,0.018470062241169097
860.94,0.015545547570554024
861.11,0.020011641600086085
861.29,0.02442676791072575
861.46,0.02735690155224465
861.63,0.021023610129191857
861.81,0.02442757237351907
861.98,0.016441671499698
862.16,0.009848843743826512
862.33,0.0013232991176079893
862.5,0.019877722074733484
862.68,0.009584811663369882
862.85,0.014875892725387281
863.03,0.01569361590198736
863.2,0.01702344568305637
863.37,0.005521062023354975
863.55,0.038169578769294984
863.72,0.016490991938894802
863.9,0.016274187678496917
864.07,0.024111955252188656
864.24,0.03346047834795195
864.42,0.0223608639928412
864.59,0.01413319649568195
864.77,0.013091523306767505
864.94,0.029421200626545154
865.11,0.02906539558643493
865.29,0.01849647681122349
865.46,0.014693767443790811
865.63,0.021310805816871024
865.81,0.02172854413686275
865.98,0.0002822588464447471
866.16,0.028304839444868078
866.33,0.014255471151514381
866.5,0.018796968996557972
866.68,0.025288449387761244
866.85,0.0014255921810315537
867.02,0.01827391237755014
867.2,0.00984254930410019
867.37,0.040994389587571484
867.54,0.027248318467226744
867.72,0.007244352063243286
867.89,0.00909285024175018
868.06,0.018896287481020582
868.24,0.03342704727387811
868.41,0.04823051300570248
868.59,0.02966841186736477
868.76,0.057099639503968146
868.93,0.038694541055159855
869.11,0.009663538344979267
869.28,0.01770656304412848
869.45,0.03685615104333179
869.63,0.028756579727809217
869.8,0.03523165251323388
869.97,0.014730676450961044
870.15,0.026727323795390584
870.32,0.02157861908547009
870.49,0.006030816026899343
870.66,0.022019710432650684
870.84,0.02549044659968642
871.01,0.03144890892756292
871.18,0.02575658350292355
871.36,0.017239742219473803
871.53,0.03455817699520459
871.7,0.03691999032768559
871.88,0.023458249798660045
872.05,0.023798663452000865
872.22,0.028385269254889642
872.4,0.025452831939912778
872.57,0.035612552676152195
872.74,0.018837817268803927
872.92,0.03319446120215479
873.09,0.0029329664962258663
873.26,0.017953027911481522
873.43,0.003138865109607783
873.61,0.03819092739488891
873.78,0.0354066937350012
873.95,0.01890165437635331
874.13,0.014926469238254384
874.3,-0.0025692398350029176
874.47,0.013351360486733169
874.64,0.05217628576600237
874.82,0.015211945288986213
874.99,0.03728525605113469
875.16,0.026343070491552007
875.34,0.026946434029208165
875.51,0.014536499692512644
875.68,0.012540223746730781
875.85,0.01791052150497792
876.03,0.025195293990225177
876.2,0.02642233398623287
876.37,0.04078693878464041
876.54,0.033252051126245234
876.72,0.030057250633817707
876.89,0.030057250633817707
877.06,0.03248348588769031
877.23,0.029834882961896743
877.41,0.028371870461522133
877.58,0.01976244249717356
877.75,0.04206207089450027
877.92,0.031864878983109905
878.1,0.033608187215818264
878.27,0.04044421100022514
878.44,0.01836677692024994
878.61,0.013893934669615023
878.79,0.020887104624306475
878.96,0.026458162595676123
879.13,0.050912223005246296
879.3,0.01440959809177407
879.48,0.04229942786884774
879.65,0.03725234070652287
879.82,0.04430459371607964
879.99,0.014938659855297218
880.16,0.03550678227504189
880.34,0.013663721461800397
880.51,0.04323123519135317
880.68,0.02894254725520145
880.85,0.019310389729536196
881.03,0.06314829414583627
881.2,0.04474128175809633
881.37,0.028650020466639413
881.54,0.02056225557701947
881.71,0.04942901132531717
881.89,0.027170757836731715
882.06,0.017193569801827704
882.23,0.04388636119370906
882.4,0.0063236605987535685
882.57,0.03636321459698241
882.75,0.011874451064261583
882.92,0.023436828209546106
883.09,0.02318788374948837
883.26,0.01769353220170565
883.43,0.05799259193526656
883.61,0.04521082481555794
883.78,0.040358128012645725
883.95,0.02366732596845003
884.12,0.06003938631243179
884.29,0.06870568972574706
884.47,0.042952998740895434
884.64,0.015775780587702265
884.81,0.007669935481349553
884.98,0.04019637517503804
885.15,0.026780548555066373
885.32,0.03570510487852923
885.5,0.04569718247932703
885.67,0.05004545844412046
885.84,0.05136511188524177
886.01,0.03909097831736964
886.18,0.060967354588964476
886.35,0.04649646143812955
886.53,0.05540085448605181
886.7,0.04291879008464251
886.87,0.028952072375054292
887.04,0.047175260908075674
887.21,0.02431963515590149
887.38,0.03151104300260763
887.55,0.0337466413587399
887.73,0.005253359767070003
887.9,0.041225613437810255
888.07,0.07157069032268928
888.24,0.008383438170808586
888.41,0.026698932260393538
888.58,0.009036248594681126
888.75,0.07209544522829063
888.93,0.014537058115711118
889.1,0.03459016910983198
889.27,0.026916113458056768
889.44,0.042535414673980886
889.61,0.03651289115003947
889.78,0.04465588914549658
889.95,0.036600377591428784
890.12,0.03747733915072652
890.3,0.014556069045129686
890.47,0.07871692049068946
890.64,0.03758094228495395
890.81,0.043447174816481936
890.98,0.026826745670630796
891.15,0.05519872544140853
891.32,0.04317062969798598
891.49,0.0543248404499672
891.66,0.0265748437822522
891.84,0.06720291891850722
892.01,0.040949868477982064
892.18,0.03832387533842829
892.35,0.04994375094231673
892.52,0.07508777089498744
892.69,0.03089757152504796
892.86,0.027675922060632085
893.03,0.048630533035956665
893.2,0.034452342042568314
893.37,0.0416591682563297
893.55,0.03271300526358476
893.72,0.032227611191749016
893.89,0.06043120604504533
894.06,0.04278856839814858
894.23,0.04112742787789817
894.4,0.03950986819049508
894.57,0.06221931868140903
894.74,0.040013958829568416
894.91,0.07135946489359589
895.08,-0.009377731546119332
895.25,0.049372678952980587
895.42,0.017277186160576243
895.59,0.0519077215151815
895.76,0.1023598606144111
895.94,0.06737558675001673
896.11,0.007839428972333268
896.28,0.055423754263283255
896.45,0.0841594728975384
896.62,0.039005820409891714
896.79,0.06984525303220414
896.96,0.026453189245954998
897.13,0.034701062295312
897.3,0.06943686578045978
897.47,0.05077427872313896
897.64,0.08062285397660593
897.81,0.06047780834705963
897.98,0.037643367861602564
898.15,0.028406315112593943
898.32,0.029753287819214817
898.49,0.0579472690602437
898.66,0.06736267336463912
898.83,0.07072418065097426
899.0,0.038782919379934354
899.17,0.01433058764846251
899.34,0.07283933755986241
899.51,0.04818110147539142
899.68,0.06740290645287993
899.85,0.08166380374806928
900.02,0.03310224250045584
900.19,-0.00691554219740561
900.36,0.040602786738308354
900.53,0.029637095773151396
900.7,0.0663623510791784
900.87,0.0612153952039771
901.04,0.09224043393377893
901.21,0.07174596681410278
901.38,0.011660782634099054
901.55,0.07024273938797951
901.72,0.06927157286883187
901.89,0.06579701123605647
902.06,0.044800729183202215
902.23,0.03550138626370601
902.4,0.048033317908375804
902.57,0.09835876272096963
902.74,0.03604119833678617
