Wavelength [nm],#11-Edmund-43129-589.csv
400.08,0.04250161524597894
400.29,0.02585299789047598
400.5,0.03802396849343038
400.71,0.059694244905477194
400.92,0.034443651239677846
401.13,0.0696228113194329
401.34,0.04084878520608873
401.54,0.042133574694142084
401.75,0.020807795552935025
401.96,0.05878690294931732
402.17,0.021266473190922557
402.38,-0.006259788688626421
402.59,0.01252026876019387
402.8,0.0668197640438397
403.01,0.015470894439889636
403.22,0.03072058382386936
403.43,0.03924514455997347
403.63,0.015450057410843676
403.84,0.012324759519741666
404.05,-0.006042629575767995
404.26,0.051632058647769936
404.47,0.07416386280934265
404.68,0.0266098150049199
404.89,0.037250569464971246
405.1,0.06179531102191092
405.31,0.054104268797707834
405.52,-0.017604793222084344
405.72,0.0342332811862637
405.93,0.0280496802176682
406.14,0.03470906107831245
406.35,0.04011775333244687
406.56,0.04135862411255696
406.77,0.04830208789670268
406.98,0.01679826630868228
407.19,0.055695461200585696
407.39,0.046521392480905095
407.6,0.0692400420849964
407.81,0.026330521844940988
408.02,0.053845793417191
408.23,0.052790215135961605
408.44,0.031088805241879316
408.65,-0.0018452988298634004
408.86,0.05602511784833022
409.06,0.024098783415836388
409.27,0.010609302849420028
409.48,0.01938997175559917
409.69,0.012639211514664746
409.9,0.00532623739678545
410.11,0.06625144615333584
410.32,0.06438660550697146
410.52,0.04117516879689677
410.73,0.036963331490694716
410.94,0.01626946734985223
411.15,0.04851241469136872
411.36,0.01931650513237597
411.57,0.04659634001475996
411.78,0.0050155550803175205
411.98,-0.010959278152188707
412.19,0.07071110115836408
412.4,0.02042212350313992
412.61,0.044002641150808985
412.82,0.07015524073827216
413.03,0.017959071189073448
413.23,0.025010999141019508
413.44,0.033126441303629094
413.65,0.016989904012051405
413.86,0.017011228755739998
414.07,-0.024573873775720626
414.28,0.047807030274883214
414.48,0.013818970293399064
414.69,0.04423732910746425
414.9,0.03415323477860323
415.11,0.0025307689190633242
415.32,0.047244241629199456
415.53,0.021159516205192692
415.73,0.026187240889511673
415.94,0.026916113458056768
416.15,0.03638234300314738
416.36,0.010970705841118894
416.57,0.008604845752202404
416.78,-0.00467138876417831
416.98,0.034979431378918936
417.19,0.06175087898070763
417.4,0.05443975635460225
417.61,0.039094781482802016
417.82,0.015177409314696435
418.02,0.020105112633944364
418.23,0.010625599994159792
418.44,0.004759297477151202
418.65,0.014714434629944626
418.86,-0.000584625541375139
419.07,0.0538458415004633
419.27,0.01183896406014247
419.48,0.040145710835263644
419.69,0.025663559419562092
419.9,0.015590791933237808
420.11,0.0032396791878309284
420.31,0.009533464887665915
420.52,0.03102925556598232
420.73,0.04521863170022498
420.94,0.02264532048768133
421.15,0.035054425313916594
421.35,0.00423222414785209
421.56,0.03538524545228816
421.77,0.040420628735605306
421.98,0.007649158592554854
422.19,0.051081768715063085
422.39,0.026572083701224398
422.6,-0.013205619322830127
422.81,0.012219115329524615
423.02,-0.018483101113435464
423.22,0.010796737617946523
423.43,0.028406786007759637
423.64,0.023185116266388604
423.85,0.00938726414942232
424.06,0.01664764372602856
424.26,0.017178400850510183
424.47,0.015605563337320815
424.68,0.004514238190527766
424.89,0.015790038329123342
425.09,0.021136273083887554
425.3,0.015174260424640727
425.51,-0.0004875896816735573
425.72,0.057728862468223806
425.93,0.007395404486231392
426.13,0.018189023942009937
426.34,0.019686193193814656
426.55,0.01872809590893549
426.76,0.02155160124310577
426.96,0.02859795182573852
427.17,0.018470326487543626
427.38,0.047935995046775114
427.59,0.017415333204806923
427.79,0.02170587784504563
428.0,0.008999984541421296
428.21,0.020216278219731335
428.42,0.012269246370004882
428.62,0.0163708069763629
428.83,0.028045270280452735
429.04,-0.018713007807248168
429.25,-0.003113247964964025
429.45,0.012167969468326814
429.66,0.0057671856300726965
429.87,-0.00047489056518434827
430.08,0.0364215227256357
430.28,0.03541699615586968
430.49,0.039530451928521566
430.7,0.007666081447384159
430.91,0.04110710923139004
431.11,0.0243038176799143
431.32,0.01995254561398881
431.53,0.02591351892495479
431.74,0.03432822144660011
431.94,0.006425034444186806
432.15,0.03760182581268327
432.36,0.030428013518368713
432.56,0.034777991454755075
432.77,0.03785420722474587
432.98,0.02019977436860268
433.19,0.01768731366314547
433.39,0.052443970177972934
433.6,0.0025533626330593276
433.81,0.00486751643023545
434.02,0.0068908121632125655
434.22,0.03773630576331908
434.43,0.012342883636177427
434.64,0.006333760963054435
434.84,0.009872852423923703
435.05,0.015786215174679413
435.26,-0.002611063349560402
435.47,0.004831177340999511
435.67,0.02474819608124752
435.88,0.0060618228712191104
436.09,0.01471192697548532
436.29,0.0113479501076804
436.5,0.0220890602957551
436.71,0.027006294099315216
436.92,0.012213613766153455
437.12,0.01281414621851678
437.33,0.013161098509604938
437.54,0.03626467725291108
437.74,0.01467143506740899
437.95,0.020699250224252803
438.16,0.029539736357315428
438.36,0.01528164759008885
438.57,0.016709937782930492
438.78,0.008651732218032662
438.99,0.01259889070177197
439.19,0.028818065839205473
439.4,0.01648480795186623
439.61,0.001001873920658471
439.81,0.007436912177273251
440.02,0.028700902837589085
440.23,0.054468378764726204
440.43,-0.0003477717765459617
440.64,0.01235114395825302
440.85,-0.000353349246068062
441.05,0.017808096525255387
441.26,0.02871943783030376
441.47,0.00031384086112185147
441.67,0.014110913086985321
441.88,0.02006490304677379
442.09,0.006023145532280928
442.29,0.013671834737775196
442.5,0.013969037876686633
442.71,0.00226511465235774
442.91,0.001615736853617089
443.12,0.029628355521919135
443.33,0.022233054016405414
443.53,0.01950843161027226
443.74,0.013474496879126857
443.95,0.00483114261058481
444.15,0.007696047201830915
444.36,0.01579638920554047
444.57,0.0021784033319412867
444.77,0.022132815368945718
444.98,0.01810603755716043
445.19,0.0091678725658877
445.39,0.01466338987904525
445.6,-0.00033393532558691766
445.81,0.035389611084592175
446.01,0.011462335012690068
446.22,0.023843761495502148
446.43,0.009201003745863209
446.63,0.012923018300933797
446.84,0.009294977772879262
447.05,0.006633775053268487
447.25,0.017770114194618887
447.46,0.01326636069654508
447.67,0.03142439372491589
447.87,0.02170297385753827
448.08,0.007265617305036497
448.28,0.012806751054852345
448.49,-0.0009336206688238556
448.7,0.011775967280519533
448.9,0.030672808077981666
449.11,0.0026433929000551025
449.32,0.019650098936191077
449.52,-0.0009296465374494197
449.73,0.023923802409188556
449.93,0.023843761495502148
450.14,0.04088710839436873
450.35,0.017834636156443283
450.55,0.016558127080225873
450.76,0.007588342799610429
450.97,0.030775314326410893
451.17,0.006321403520963153
451.38,0.010576311122736723
451.58,0.004398792820458539
451.79,0.007128567110720014
452.0,-0.006811800887128117
452.2,0.0212375568171664
452.41,-0.004106296779509695
452.62,0.011595330897858828
452.82,0.015305963273175797
453.03,0.011552391257488377
453.23,0.004600247299918565
453.44,0.031509304040979895
453.65,0.011945238814721744
453.85,-0.001970864950547541
454.06,0.008387890701942244
454.26,0.036980410128537915
454.47,0.014326798072251205
454.68,0.017434483078295857
454.88,0.02472427162020585
455.09,0.020891568948037738
455.29,0.0018728227222885522
455.5,0.00340506235674229
455.71,0.017344262710468655
455.91,0.013995044016210614
456.12,0.030874086212460575
456.32,-0.005211335490788171
456.53,0.005701817099183434
456.73,0.02437582771976943
456.94,0.015759853396712608
457.15,0.009755217188939675
457.35,0.012376261098329178
457.56,0.005449586179654774
457.76,0.013955613219183734
457.97,-0.008945666959776605
458.18,0.018130204321022858
458.38,0.0160631636264634
458.59,0.024145413625718332
458.79,0.010663784401825851
459.0,0.0017688019986546307
459.2,0.008021160869907966
459.41,0.0007074986204642002
459.62,0.007040343284548539
459.82,0.012563050332039968
460.03,0.004387931106315273
460.23,0.008463444020127686
460.44,0.006965787473356704
460.64,0.003469386050629335
460.85,0.01857780933431307
461.06,0.0035084874314392413
461.26,0.01768408729771605
461.47,0.006566615641696012
461.67,0.0012087345587239334
461.88,0.0070921050244950705
462.08,0.001683857132138308
462.29,0.003594576118653913
462.49,0.015695978759402002
462.7,0.018359222784319063
462.91,0.019687533619422184
463.11,0.015082763971978152
463.32,0.015089366271810158
463.52,0.02085340952196478
463.73,0.003277612345410176
463.93,0.022576260374980082
464.14,-0.009654619588256587
464.34,0.010198589917143033
464.55,0.0057435038594198995
464.75,0.005346845361236886
464.96,-0.00021991403904295367
465.16,-0.0009868508788306997
465.37,0.016766406107980383
465.58,0.0033783929178555754
465.78,0.01992473757179641
465.99,-0.0017428620868662247
466.19,0.00635103365534652
466.4,0.006460642847367152
466.6,0.005066572749233162
466.81,0.007685590759685095
467.01,0.001337930824123809
467.22,0.008215595730477825
467.42,0.013292713339219652
467.63,-0.0009333101444041739
467.83,0.0019241351828308076
468.04,0.009048431653949043
468.24,0.02200623729679871
468.45,-0.0005183223916492641
468.65,0.0025803133397354723
468.86,0.00016850630097799374
469.06,0.004987546630399625
469.27,-0.007304389673254298
469.47,0.003016311134734982
469.68,0.011088114087076164
469.88,0.012059321340707616
470.09,0.01048526561913883
470.29,0.0008274725711512117
470.5,0.008131402897088701
470.7,0.006693286131807529
470.91,0.011274422719673605
471.11,-0.0008363820231402862
471.32,0.0017191743893879253
471.52,0.011180943979626906
471.73,0.00698412556444861
471.93,0.011100467050378189
472.14,0.010011256702728791
472.34,-0.0023212097351070376
472.55,0.00789200623692515
472.75,0.014619708560585278
472.96,0.001996384535399494
473.16,0.012699919916369349
473.37,0.0038979012943910593
473.57,0.007230442042209298
473.78,-0.005667955328702769
473.98,0.009384969323606461
474.19,0.010617228799046991
474.39,0.007623165556012512
474.6,0.0029567437830678536
474.8,0.002937665186901516
475.01,-0.0009964155448950606
475.21,0.007562681528618279
475.42,0.001751122558137961
475.62,0.0063547870294170744
475.83,0.006485069469269094
476.03,0.008205308081229653
476.24,0.002852827984566711
476.44,-0.002455572127912216
476.64,0.007491498119790154
476.85,0.013508149223881325
477.05,0.0001181462759121487
477.26,0.006641930537266213
477.46,0.011683610117053161
477.67,0.002373459797665492
477.87,0.008237101036166239
478.08,-0.0006070806501894118
478.28,-0.0006147549943377734
478.49,0.008218897369334557
478.69,-0.0023097426847249096
478.9,0.010167586390830756
479.1,0.0003470298403238585
479.3,0.007646636775858763
479.51,0.012906431567275306
479.71,0.008246797137249521
479.92,0.0005742394670522883
480.12,0.007217390371808218
480.33,0.006647437535750371
480.53,0.00032712227574729116
480.74,0.0010223510784858109
480.94,0.005006431344892399
481.14,0.005897046843570359
481.35,0.009428681174500485
481.55,-0.0005542559842695285
481.76,0.0029939569237952108
481.96,0.015481786752003898
482.17,0.009926627935478079
482.37,0.00607344622298066
482.57,0.0019899737970408195
482.78,0.001582728221103407
482.98,0.005007953982475482
483.19,0.009909334188342807
483.39,0.0009066712182583093
483.6,0.0039134429984217615
483.8,0.0035923360539035394
484.0,0.00801811862482603
484.21,0.0042758829171708045
484.41,0.005725769289476528
484.62,0.010101373703311482
484.82,0.005717603561341945
485.02,0.006044113250599888
485.23,0.004481403719874157
485.43,0.009274492510198998
485.64,9.033367604965382e-05
485.84,-0.000295046891628922
486.05,0.002606927535767819
486.25,0.007345381269586833
486.45,0.0073919561417513935
486.66,0.0047357737850409545
486.86,0.00471299077569
487.07,0.007275169547319107
487.27,0.006678229351566354
487.47,0.004350171106730205
487.68,0.002839553039430908
487.88,0.0037558629674287356
488.09,0.004816367896775605
488.29,0.0013867773417808643
488.49,0.0026594320595427277
488.7,0.0024415574593981124
488.9,0.003771863252421639
489.1,0.00451419635383497
489.31,0.002735136874490865
489.51,0.00899457961702163
489.72,0.004856600862703259
489.92,0.00896481424746998
490.12,0.004497457834347984
490.33,0.0021548656642946845
490.53,0.005683274099770523
490.74,0.003896875949344986
490.94,0.001272678587075548
491.14,0.0018049254437444303
491.35,0.00042326542808647115
491.55,0.0019424737820860005
491.75,0.0039490765818245704
491.96,0.003975160879786877
492.16,0.00566112235629237
492.36,0.011238743163184076
492.57,-0.002625556265786325
492.77,0.001246352304251586
492.98,0.0010729095410225448
493.18,0.005011325916026725
493.38,0.004010708586029204
493.59,0.004338498380800957
493.79,0.009638035876368717
493.99,0.006865560895899428
494.2,-0.0012173679376809921
494.4,0.005936582381132226
494.6,-0.00024892683249683515
494.81,0.00232489194713602
495.01,0.004608879911164793
495.22,0.00753244829932489
495.42,0.0056813304257397
495.62,0.0029766028006151515
495.83,-0.0024717625321566683
496.03,0.0041981355691443085
496.23,0.005406851010025503
496.44,0.004062090729013637
496.64,0.0025710289562206443
496.84,0.0037164642498922146
497.05,0.0011788965596313413
497.25,0.0063271171886027594
497.45,0.005031590271255507
497.66,0.0021030807184281037
497.86,0.0028599992759495564
498.06,0.004152041801395981
498.27,-0.0017474539241926622
498.47,0.003314242246733098
498.67,0.004918040825132518
498.88,0.0020552722810449073
499.08,0.004182285662651598
499.28,0.0003865833627350581
499.49,0.0074565706636652304
499.69,0.005996414064604769
499.89,0.0012711020481745035
500.1,0.003740363875881284
500.3,0.005041248300847402
500.5,0.0002217878049243459
500.7,-0.0018651031857761593
500.91,0.0028733572947869297
501.11,0.004220790821019811
501.31,0.0012625768469676502
501.52,0.0005145242463552814
501.72,-0.0009717652664858714
501.92,0.004564654988923807
502.13,0.0025444252883498695
502.33,0.0010912516504064799
502.53,0.001833606673122463
502.74,0.005506043857010949
502.94,0.0003659189385687674
503.14,-0.001526247865364805
503.34,0.0004924089923577159
503.55,0.004848462742911636
503.75,0.0034122732014966995
503.95,-0.0003630446379649613
504.16,0.0016786816900518822
504.36,0.0028241793158213053
504.56,0.002812756080058329
504.76,0.004617615127663948
504.97,0.0035314704735741934
505.17,0.002238160930067494
505.37,0.004995488265580867
505.58,0.0016353653264602577
505.78,0.0021977819826844882
505.98,-0.001230442528577554
506.18,0.0032122529426797763
506.39,0.00277230765291098
506.59,0.006137860875492088
506.79,-0.0023180483395055414
507.0,0.004130820925660859
507.2,0.0021212427592431442
507.4,0.0057565448655927925
507.6,0.002293891655574603
507.81,0.0035237358268039856
508.01,0.007543998354000497
508.21,0.002976545182998442
508.41,0.004269327257670911
508.62,0.0068991919522124094
508.82,0.004056340203812163
509.02,0.0031100010404837854
509.23,0.0011389923762476371
509.43,0.00193894001720611
509.63,0.005386745552486288
509.83,0.00046899095017567037
510.04,0.0014191588887561815
510.24,0.002364980179839779
510.44,0.0034516325427383916
510.64,-0.00020694185226104137
510.85,0.007506006382902433
511.05,0.003289376662397203
511.25,6.229424472508548e-05
511.45,0.005251995763176302
511.66,0.001368524132989899
511.86,0.0036035058332252066
512.06,0.005056367027475533
512.26,0.005494001826835879
512.46,0.008370783238698498
512.67,0.0026845846535725405
512.87,0.0042360374302968466
513.07,0.003909442929433916
513.27,0.0016229123201373652
513.48,0.0022181536029126044
513.68,0.00043837035253607964
513.88,0.0003159941327203005
514.08,0.0030864995701222536
514.29,0.0013200455100540718
514.49,0.0035923697431240096
514.69,0.006893857131170154
514.89,0.001308989398130187
515.09,0.0014243824437829037
515.3,0.00720238489685538
515.5,0.0044903287853253135
515.7,0.0035582485055581105
515.9,0.0008030335832304854
516.11,0.0021464813306504944
516.31,0.007081686502510309
516.51,0.003117472949395331
516.71,0.0009135231778467378
516.91,0.006560844543554906
517.12,0.004114752782063238
517.32,0.003057963985899081
517.52,0.0013951064966290442
517.72,0.0039683842811893515
517.92,0.001973435549163719
518.13,0.001847206277666761
518.33,0.005831144760819212
518.53,0.003396924270691308
518.73,-0.002528492541052617
518.93,0.004174818238125947
519.14,0.0017284291144281988
519.34,0.005020078235956559
519.54,0.004182694815977975
519.74,0.0026228536328433217
519.94,0.0032064564101207684
520.15,0.0018108825578874066
520.35,0.008251626216989242
520.55,0.0028529647474541224
520.75,0.0044757549671673395
520.95,0.0022330738325248302
521.16,0.004321207100601539
521.36,0.0014386877109843666
521.56,0.0034417261042593993
521.76,-0.00017189879407939664
521.96,0.0034378430588727117
522.16,0.0007248662986328316
522.37,0.00758644300443071
522.57,0.0012961143799602635
522.77,0.00959760813112625
522.97,0.0033727732668998043
523.17,-0.0008279321277618297
523.37,0.0027970464516694827
523.58,-5.8782576844219005e-05
523.78,0.0021521177068834015
523.98,0.005008135595637724
524.18,0.0014876335742015385
524.38,0.00246166334675092
524.58,0.0014673781654912664
524.79,0.002574312816290335
524.99,-5.845764862657894e-05
525.19,0.0002710425907726414
525.39,0.0016663547820817892
525.59,0.004813178367910903
525.79,0.004956817535707638
526.0,0.0068889587306669
526.2,0.0020985378467598317
526.4,-0.00048793740449080264
526.6,0.0006950478516685247
526.8,0.0038934564583168038
527.0,-0.0005896436779801228
527.2,0.00516284513955008
527.41,0.0013239833453817006
527.61,0.0011268501962794243
527.81,-0.00026809273186493356
528.01,0.005034752577816425
528.21,0.0016817513361926928
528.41,0.0029851962177205663
528.61,0.002840725950431093
528.82,0.0025315532407955287
529.02,0.000577896979319955
529.22,0.0009158602494484464
529.42,0.002773170899906962
529.62,0.005162140300765148
529.82,0.001439622169335706
530.02,0.002477312186515605
530.22,-0.0010075396217143194
530.43,0.00036902499771510847
530.63,0.0019707953838483862
530.83,0.0011333141008645698
531.03,0.0026824601352935804
531.23,0.0056533303568764145
531.43,0.001859932564520364
531.63,0.004684161178555887
531.83,0.004206462841250405
532.03,0.003950748709548082
532.24,0.003287621257958543
532.44,0.005179395423297866
532.64,0.002435252571204926
532.84,0.004813057584211378
533.04,0.0027006627512587054
533.24,0.004438524187820146
533.44,0.004104704309690062
533.64,0.0017630477663120464
533.84,0.002954698365030799
534.04,0.00047589130076062624
534.25,0.003400650589662477
534.45,0.0020540410497049137
534.65,0.004747409622384523
534.85,0.0012204115262874542
535.05,-0.0019978257016339774
535.25,0.0033747595450072773
535.45,0.003740581700854175
535.65,0.004005701886106098
535.85,0.0030484834035787657
536.05,0.0028413357791704143
536.25,0.0013208982717834911
536.46,0.0005866966816728882
536.66,0.0018428644115449787
536.86,0.0009119166008705651
537.06,0.005626656473085053
537.26,0.004634720016506281
537.46,0.0012379278741063496
537.66,0.002264306689321118
537.86,0.005832366921085688
538.06,0.005926114369664877
538.26,0.00036757913902681457
538.46,0.003514402744247491
538.66,0.0027431265909727506
538.86,0.004623382724654896
539.07,0.002504807118335538
539.27,0.003496992477999013
539.47,0.0028117588757243885
539.67,0.0027597705660589184
539.87,0.004944551291251643
540.07,0.000903070093194537
540.27,0.0034102314739925554
540.47,0.0041038285900442196
540.67,0.0016647410478076048
540.87,0.002314090598061968
541.07,-0.00038370989185325974
541.27,0.001440083859409366
541.47,0.0032731421894543118
541.67,0.005307233358120751
541.87,0.005293037536961401
542.07,0.004655068477848465
542.27,0.002382831407907404
542.47,0.004736790683507061
542.67,0.0023899273380983996
542.87,0.00331538777228603
543.08,0.0033382465220080496
543.28,0.0006909660888899685
543.48,0.0003664151122502296
543.68,0.0016654578770039458
543.88,0.0019391400791743194
544.08,0.003256700340894372
544.28,0.001863901067800029
544.48,0.003337184566637084
544.68,0.0018540113943257444
544.88,0.0039008861733033843
545.08,0.00015803507915084967
545.28,0.0026308981057765715
545.48,0.003018426703714061
545.68,0.0020415498580570353
545.88,0.0028129540375007064
546.08,0.006228644715116624
546.28,0.0035320344708344334
546.48,0.004155096856962508
546.68,0.002476528017786979
546.88,0.0056712505937358765
547.08,-0.0027281705035448493
547.28,0.0018411166029143283
547.48,-0.000371666509437711
547.68,0.0012294366219445805
547.88,0.004448999737204548
548.08,0.0007851658469111873
548.28,0.0018469555654509453
548.48,0.004406454850559306
548.68,0.00236154600175935
548.88,0.0028746199701208193
549.08,0.0020759403764458854
549.28,0.0008960017775457811
549.48,0.003188877064290642
549.68,0.00025826727843806976
549.88,0.0033850738007587676
550.08,0.0003606663619378551
550.28,0.004436808639282239
550.48,0.002557485145872145
550.68,4.8382813685913887e-05
550.88,4.9124256995617034e-05
551.08,-0.0002640890374499251
551.28,0.004205470363413795
551.48,0.002777535591067051
551.68,-5.487247003384142e-05
551.88,0.0006684822331988606
552.08,0.0028713149359133223
552.28,0.0023253779623256796
552.48,0.005707351282218146
552.68,0.0025110353785432935
552.88,0.0027927924962854837
553.08,0.005388262557393153
553.28,-0.0009704949744187157
553.48,0.0025842131981362758
553.68,0.0038768128482274517
553.88,0.003394628687338795
554.08,0.001480815107185178
554.28,0.0022406770155488534
554.47,0.007743326836613676
554.67,0.003069448664379601
554.87,0.006902894404281225
555.07,0.005169692438446157
555.27,0.005056612514500124
555.47,0.0008552928097658135
555.67,0.003240289963174992
555.87,0.0029062733277545653
556.07,0.005243887109654012
556.27,0.00642585754880757
556.47,0.0014786967326425927
556.67,0.0020902928650528858
556.87,0.0018955592970446664
557.07,0.0037006067184681083
557.27,0.0027905229645387676
557.47,0.003012040441413005
557.67,0.003092749253647429
557.87,0.0013821641405725557
558.07,0.002794497069199392
558.26,0.0036916169092730297
558.46,0.004297197013398946
558.66,0.003570878922906173
558.86,0.004297197013398946
559.06,0.001658821769219097
559.26,0.00276942413601909
559.46,0.0006467684407200272
559.66,0.0007525806777719158
559.86,0.00014902277133530995
560.06,0.0039851923573504195
560.26,0.0019734738572135375
560.46,0.0037832633542804446
560.66,0.002014195993905389
560.86,0.0009433046329405743
561.05,0.004799857518144178
561.25,0.00024558808336554015
561.45,-0.00015288578208991235
561.65,0.00024348293298052912
561.85,0.0013205176711357442
562.05,-5.154037346785339e-05
562.25,-0.0006435798214500329
562.45,0.002626511743280699
562.65,0.0027079995021564397
562.85,0.002706132186956638
563.05,0.0031198327435878366
563.24,0.002347246419145189
563.44,0.0033763965114914844
563.64,0.004005675092077839
563.84,-5.217607971652739e-05
564.04,0.003625921098040061
564.24,0.0028295621379512597
564.44,0.0022116319733938624
564.64,0.0021883708425070145
564.84,0.00399776145256856
565.03,0.0018222537819306986
565.23,0.0032710791256639307
565.43,0.0004393687088180243
565.63,0.00395749639723964
565.83,0.005585993195088453
566.03,0.00033706197224915027
566.23,-0.00044219984412367303
566.43,0.002095679403533623
566.63,0.001127340716725689
566.82,0.005250269930628627
567.02,0.0025525573961209073
567.22,0.00556889534811538
567.42,0.002507820111701767
567.62,0.002816581839183597
567.82,0.0003358228303148177
568.02,0.0029442299384148185
568.22,0.0009110036298287468
568.41,0.0035538441208748683
568.61,0.002965433152429429
568.81,0.004306943679473932
569.01,0.0017019406749104128
569.21,0.002308008204836528
569.41,0.0008235305225589702
569.61,0.0021800907841870694
569.8,0.0024776318584058448
570.0,4.518620337586157e-05
570.2,0.00033456051749058497
570.4,0.005675456087751528
570.6,0.002873147034079743
570.8,0.0028639332818550132
571.0,0.001407231343166117
571.19,0.0036988627869974197
571.39,0.0023176861976216753
571.59,0.0016803338664596473
571.79,0.0016783967837812378
571.99,0.0031554651208721106
572.19,0.0020630586010257613
572.38,-0.0008230446960826714
572.58,0.0008080551604873074
572.78,0.004942279057606275
572.98,0.004502383625110612
573.18,0.0026584699786438254
573.38,0.0031229923435312375
573.57,0.0007126669079966617
573.77,0.00444808337152256
573.97,0.0032204084952334186
574.17,0.0028187369457524773
574.37,0.002356293951047417
574.57,0.001767163250437837
574.76,0.0051458477259961
574.96,0.0014712819514651455
575.16,0.002611712523532604
575.36,-0.0004347290125850386
575.56,0.0027374935626533286
575.75,0.0041136826497222235
575.95,0.001854495584395655
576.15,0.004387193700425887
576.35,0.001200833621678878
576.55,-0.0006213461678689021
576.74,0.0023157122934265874
576.94,0.0034594567298358476
577.14,0.0034795900542547026
577.34,0.005044706655313677
577.54,0.0010948465309432369
577.74,0.004219492807612906
577.93,0.004069110430494449
578.13,0.00473931728295356
578.33,0.0037001480666195292
578.53,0.0024863846871949705
578.72,0.0024547960924743307
578.92,0.0026400203063090683
579.12,0.006455667492339556
579.32,0.005727270714128759
579.52,0.005659898729133128
579.71,0.006608457854271754
579.91,0.005859719903399834
580.11,0.005944278422375436
580.31,0.0103504487189734
580.51,0.010785465058150277
580.7,0.00941095176951677
580.9,0.011345439516791532
581.1,0.014617370607253141
581.3,0.01870002009724052
581.49,0.021443694223690333
581.69,0.023263874615861452
581.89,0.022866003931729356
582.09,0.03346723025065625
582.29,0.03894003715819605
582.48,0.045071420332107356
582.68,0.050438604680056724
582.88,0.060318205875695835
583.08,0.06942012076245185
583.27,0.07855537873955003
583.47,0.10018040466090905
583.67,0.11882572588261636
583.87,0.1286798145208201
584.06,0.1470993800100857
584.26,0.16188245395612416
584.46,0.17801193436738447
584.66,0.20123132400607863
584.85,0.21686705430341421
585.05,0.2347992680147003
585.25,0.2560343748808911
585.45,0.27773105390533354
585.64,0.28819662837197935
585.84,0.30227115831071405
586.04,0.3150514969534885
586.24,0.3162238654168984
586.43,0.3286311153203138
586.63,0.3370437435891739
586.83,0.35278240762734164
587.03,0.35609947076255577
587.22,0.35030309523769665
587.42,0.35518440123207035
587.62,0.36623570706425856
587.82,0.37351600390752904
588.01,0.36841936703155637
588.21,0.3812973461331971
588.41,0.38248725004426076
588.6,0.39140116891092086
588.8,0.390833921600313
589.0,0.3709502723870803
589.2,0.39092226879993247
589.39,0.37858528880941433
589.59,0.3899903264410498
589.79,0.38065917439289887
589.98,0.3762780656507276
590.18,0.3718445577537747
590.38,0.3727402389666187
590.58,0.3748493839094881
590.77,0.36721986311837357
590.97,0.3606304067743449
591.17,0.3427216870236921
591.36,0.33063775372970006
591.56,0.33740733940857826
591.76,0.32832367575093674
591.96,0.3167964841778366
592.15,0.3085092828509791
592.35,0.29490185962129145
592.55,0.2814207476863412
592.74,0.2707405963099442
592.94,0.25643108529021696
593.14,0.23477088454035908
593.33,0.21585857756398905
593.53,0.20292015758446852
593.73,0.19000386508679437
593.92,0.16074741896639397
594.12,0.1455511516474299
594.32,0.13409873670487082
594.51,0.11714802696330238
594.71,0.10794511212676754
594.91,0.08558460693862499
595.11,0.08348893339940028
595.3,0.06961096901337582
595.5,0.06291612679918045
595.7,0.055768220269982155
595.89,0.04759414702343019
596.09,0.04184796574662918
596.29,0.03741195424180164
596.48,0.032713551851014745
596.68,0.026648493804874104
596.88,0.02608109500785693
597.07,0.020342529200515085
597.27,0.01926851546929556
597.47,0.013741534071566287
597.66,0.014596916187949519
597.86,0.008009953547667373
598.06,0.010688783847283707
598.25,0.009570067561915523
598.45,0.009603369008076982
598.64,0.007781071725687801
598.84,0.010225530363442342
599.04,0.005042011210758602
599.23,0.007755722004115824
599.43,0.008332615861149204
599.63,0.007623186430083111
599.82,0.007322194106251858
600.02,0.005927197421526362
600.22,0.00645675066939518
600.41,0.003422127281263494
600.61,0.0026607447866714706
600.81,0.004811017417881738
601.0,0.0028176341120328082
601.2,0.0009531883347560794
601.39,0.008239762410742537
601.59,0.0046562440162568695
601.79,0.0023468273419802407
601.98,0.003029181416322684
602.18,0.004797820243071582
602.38,0.0020209215659653685
602.57,0.0013333267048138001
602.77,0.003741890382697213
602.96,0.0032457338565977036
603.16,0.0025484759366408275
603.36,0.0033183328044505606
603.55,0.005813725775724158
603.75,0.0034231326477866986
603.95,0.004651523605214245
604.14,0.002676167993971521
604.34,0.0017202582095847397
604.53,0.0024342538113984245
604.73,-0.002162875324671027
604.93,0.0012515686382632474
605.12,0.004332315554874195
605.32,0.0001371581567687587
605.51,0.0013419818834113663
605.71,0.0014356483399252137
605.91,0.0020588466965018757
606.1,0.004138084552318571
606.3,0.0042499744225163475
606.49,0.005275749285510267
606.69,0.005046292311906092
606.89,-0.0008641728423979015
607.08,-0.0007851599146556635
607.28,0.0023612944090362622
607.47,0.004937565456373549
607.67,0.00247299763127175
607.87,0.0012343664766500417
608.06,0.0028905778433862095
608.26,0.003213126997207213
608.45,0.0007770002642790743
608.65,4.263894028888725e-05
608.84,0.004407488052354747
609.04,0.001493924630376819
609.24,0.0013754067299313292
609.43,0.0020107629086182806
609.63,0.0011104808314737272
609.82,0.0035228099779025814
610.02,0.0018069001296358007
610.21,0.001442001708735813
610.41,0.00039430613065142065
610.61,-0.000224970726604241
610.8,0.002229336762081192
611.0,0.0020606015819735765
611.19,0.0024943094134890647
611.39,0.004153405008445607
611.58,0.0016026436285474714
611.78,0.0033947779142319474
611.98,0.0016082250926334556
612.17,0.0008293198097194552
612.37,0.0024840810108562065
612.56,0.004868850552432646
612.76,0.0023594002333430513
612.95,0.004287412887565424
613.15,-0.0003902613821328448
613.34,0.0021913611289486544
613.54,0.0031821421250917605
613.73,0.002662884431302668
613.93,0.0013134055619870354
614.13,0.0038526866248898644
614.32,0.001543581451651936
614.52,0.002980406569649061
614.71,0.003273736734019837
614.91,0.0017400886647181539
615.1,0.002393853105430859
615.3,0.0015691516099923363
615.49,0.0024507333205507167
615.69,0.002143416056096298
615.88,0.002939408130007631
616.08,0.0020709417016060105
616.27,0.004059519947671661
616.47,0.003039909189496471
616.66,0.001795632422701923
616.86,0.0002071354077627871
617.06,-0.00045758660429357027
617.25,0.002699305931206725
617.45,0.003959914789098909
617.64,0.001271314319090143
617.84,0.004421129459533657
618.03,0.002876804156671304
618.23,0.002413997828492131
618.42,-0.000448565160583114
618.62,0.0024806687351107927
618.81,0.0029776142963077205
619.01,0.0015756640392015232
619.2,0.004249440273076062
619.4,0.0015138521153688009
619.59,0.0019437107329472556
619.79,0.002447788364986603
619.98,0.003893167265770546
620.18,0.0027066106747794237
620.37,-0.00012587218316564367
620.57,0.0031447511765250753
620.76,0.0016014532307906265
620.96,0.002778739195990257
621.15,0.0013742657852237798
621.35,0.0018481947778956293
621.54,-0.0007098753511577583
621.74,0.003779847232027735
621.93,0.002373102005608499
622.13,0.0021977903829423543
622.32,0.0017951820309767429
622.51,0.003526200713602441
622.71,0.0011166954164796843
622.9,0.002972912758079793
623.1,0.001621187267345554
623.29,-0.00020962266429511443
623.49,0.0009648219678072011
623.68,0.0013691253414964612
623.88,0.0047163618611288476
624.07,0.005214325165258206
624.27,0.0012813168159351634
624.46,0.0017878574853839914
624.66,0.005958680603143598
624.85,0.0027739031903314974
625.05,0.0014725665133463312
625.24,0.0014569707666929976
625.43,0.0003790948264688128
625.63,0.0029624845093694876
625.82,0.0031935678348744808
626.02,0.0016302817378628675
626.21,0.003659972918926076
626.41,0.0032265120032581923
626.6,0.0023228588226813494
626.8,-0.00012775503738112065
626.99,0.0026414284303925223
627.19,-0.002271075554437111
627.38,0.0012194024109795354
627.57,-0.0005594749628018473
627.77,0.002003951392892103
627.96,0.00037941651661450913
628.16,0.0035510832051228775
628.35,0.0010645088690138297
628.55,0.0018488204438841679
628.74,0.0011443958674627662
628.93,0.0002151420548227085
629.13,-0.0010758497220489853
629.32,0.0015955832019734929
629.52,-0.0018580960988053821
629.71,0.003099690848194994
629.91,0.0029567532794105658
630.1,0.0035456064701409294
630.29,0.000998151119891756
630.49,0.0033524743580379958
630.68,0.0031751459881330557
630.88,0.004004697544117096
631.07,0.00365853542439043
631.27,0.0017577189373135873
631.46,0.0014436447316110309
631.65,0.001955810026884173
631.85,-0.0009141570032640399
632.04,0.0014709770352183227
632.24,0.003921464004956044
632.43,0.0016163876207687113
632.62,0.001404379369516782
632.82,0.0016978045846683231
633.01,0.002945510431158787
633.21,0.003365967005025822
633.4,0.0025774014772320135
633.59,0.0021574860134459966
633.79,0.0043955018080421016
633.98,0.0017189382023774288
634.18,0.0012771951613256578
634.37,0.0035867706153235573
634.56,0.0010185351682084195
634.76,0.0003929546363430911
634.95,0.004601741323902086
635.14,0.002363402618916024
635.34,0.0019062705090147883
635.53,0.0014916247177754207
635.73,0.002924947727130603
635.92,-0.00013730126449618322
636.11,0.0020940610503040035
636.31,0.0017492048114280986
636.5,0.003582642953058178
636.7,0.0020023417815040324
636.89,0.003885705907526955
637.08,0.0019059320818915412
637.28,0.0037424620626807753
637.47,0.0005768878647356725
637.66,0.0023757048586215135
637.86,0.0013641284025108116
638.05,0.0030574580696250526
638.24,0.0016319538794261023
638.44,-0.0004007245507285736
638.63,0.0002193236594679377
638.83,0.0023874896709196397
639.02,0.0006775100900726377
639.21,0.0028236781013419366
639.41,0.0028277374900331094
639.6,0.002114053938992781
639.79,0.004535324035989097
639.99,0.0001345367740976286
640.18,0.0013082548179906373
640.37,0.0004978604439239294
640.57,0.0012264995963522725
640.76,0.0015872149622378818
640.95,0.00313760645450471
641.15,0.0005082667702136327
641.34,0.0029628457761149436
641.53,0.0017701962782383624
641.73,0.0016936021416893642
641.92,-0.0012351132077640342
642.11,-0.0001403645978686343
642.31,0.002035903203508523
642.5,-4.855409537279111e-05
642.69,0.00233885407710721
642.89,0.003943157194769129
643.08,0.004368559211889228
643.27,0.002593841175647456
643.47,-0.0010301395364982742
643.66,-0.0011358333406707543
643.85,0.0020873567601407987
644.05,0.003469479448321953
644.24,0.0007647253466998484
644.43,0.0004977698536046133
644.63,0.0009563222559612487
644.82,0.002047030920423356
645.01,0.0015005936504472158
645.2,0.004224859730013186
645.4,0.0004065313197550382
645.59,0.0026781135071650116
645.78,0.0012378827148271942
645.98,0.002908220367913647
646.17,0.002270590430277391
646.36,0.005505335010274432
646.56,0.00032479367187492476
646.75,0.002085598685675543
646.94,0.0023779387995590054
647.13,0.0025653730069819703
647.33,0.001535710895967748
647.52,0.001272975162198114
647.71,0.000797556463102942
647.91,-0.0004224025681002483
648.1,0.0020968864240785835
648.29,0.0029895787002370304
648.49,0.00013667397042562777
648.68,0.003204696252782752
648.87,0.001532282163452581
649.06,0.0015473970173322696
649.26,0.0018975091649592677
649.45,0.0006983449191792719
649.64,0.003658648403988407
649.83,0.0031682819059267167
650.03,-0.0011826885366139348
650.22,0.0011850864374770378
650.41,0.0033681165974269005
650.61,0.004919728526229843
650.8,0.004277844312998377
650.99,0.004818739099408682
651.18,0.0006980186956090728
651.38,0.00419323404744599
651.57,0.0018177916568299537
651.76,0.002779393879769931
651.95,0.0014572848827615874
652.15,0.001640109853929936
652.34,0.0009782102079982078
652.53,0.0074289728258914185
652.72,4.435260933849638e-05
652.92,0.0013742236900041063
653.11,0.0030516715229047813
653.3,0.003125968991597009
653.49,0.0037046627838550608
653.69,0.0003291671797467735
653.88,0.0005149158006026685
654.07,0.004809315490890548
654.26,0.002032206852714544
654.46,0.002582495636945145
654.65,0.000621189431009131
654.84,0.0013765767072818995
655.03,0.0025983729292886715
655.23,0.00033067230648560134
655.42,0.0005198572836243626
655.61,0.0016591112260377682
655.8,0.004826793087754342
655.99,0.0010075777740319106
656.19,0.0010773659567898247
656.38,0.0029854678114429206
656.57,0.0023137417486010625
656.76,0.0024969386290554932
656.96,0.002889507958170871
657.15,0.0009986411482006143
657.34,0.003443777170396495
657.53,0.00023500830054791174
657.72,0.001473664373881093
657.92,0.0003331796908852087
658.11,0.0008979614944016418
658.3,0.0036515901574024887
658.49,0.0030082980061472606
658.68,0.0013692825306710135
658.88,-0.0008161922068962869
659.07,0.0030034174214688255
659.26,0.0024473978813642837
659.45,0.0034653734376511374
659.64,0.0016629011445155968
659.84,0.0036290085180846034
660.03,0.003946456353301811
660.22,-0.0005419056675153075
660.41,0.0007287952001274465
660.6,0.0011227066630475346
660.8,0.0019766600592754924
660.99,-0.0005347253122680978
661.18,0.006054896754370341
661.37,-0.0007358450035491387
661.56,0.001301508185600284
661.76,0.0014164600188931791
661.95,0.0038897914323635804
662.14,0.0030449722458210414
662.33,0.0014008289369543446
662.52,0.00014288613931084544
662.71,0.003994107110539041
662.91,0.0028263058599017504
663.1,0.0028401970562205135
663.29,0.0031350531729606823
663.48,0.0035476217218439274
663.67,0.0024680290726226566
663.86,0.0016073451355080796
664.06,0.0029671657244896817
664.25,0.0021175880427405864
664.44,-0.0003464860277125208
664.63,-0.00033961664516222464
664.82,0.0035521134882567284
665.01,0.0018945538838354657
665.21,0.001235328470170224
665.4,0.0017099361123931857
665.59,0.0025197898336568663
665.78,0.004957650968793055
665.97,-0.000639858420307657
666.16,-0.0002495223404130674
666.35,0.004129994708992817
666.55,0.004098161070633475
666.74,0.003956034764651447
666.93,0.0010334322981141585
667.12,0.00289573140279861
667.31,0.0008330871805393703
667.5,0.008852864768246291
667.69,0.0014290489453704074
667.89,0.0012495625449844357
668.08,0.001048435864069988
668.27,0.0024982879618225227
668.46,0.0004486264919176891
668.65,0.005080413631338889
668.84,0.0036353179800697557
669.03,0.0022416367428914103
669.22,0.004014018203114106
669.42,0.004304306835638169
669.61,0.004116057909710923
669.8,0.0002483274046822226
669.99,0.00226035186517926
670.18,0.003044847428737598
670.37,0.0038531057040735598
670.56,0.0038550362200387668
670.75,0.0030638289869110054
670.94,-0.000450379388292493
671.14,0.0011321249050793715
671.33,0.004424789846640932
671.52,-0.002935712229392523
671.71,4.679719631209904e-05
671.9,0.0016346221466847625
672.09,0.005956892522577977
672.28,0.0030165133720460304
672.47,0.0017433790541100818
672.66,0.001735930545622596
672.85,0.0015576408603856224
673.05,-0.002590578063567533
673.24,0.0017500148626957185
673.43,0.0006458002700227739
673.62,0.0027619064495958442
673.81,0.0018619300037601236
674.0,-0.0010670187670629094
674.19,0.002371196772991982
674.38,0.0004514803871181026
674.57,0.00518786194754564
674.76,0.0023832351732639406
674.95,0.0008449700600736078
675.15,0.0013606648328271602
675.34,-0.0011752699728972804
675.53,0.004272126536284857
675.72,0.0037638824101999552
675.91,0.00025151190874108623
676.1,-0.0016689882371743027
676.29,0.00227522791431857
676.48,0.0018903215902703145
676.67,0.005752700918548663
676.86,0.004871738601487448
677.05,0.0025436615789696097
677.24,0.0024108974782936134
677.43,0.002600837072120801
677.62,0.003371236343413231
677.81,0.0017700495373344923
678.0,0.002858134344230599
678.2,0.003955311452577503
678.39,0.0012499382601883348
678.58,0.004792097027445786
678.77,-0.0015798181434264046
678.96,0.002160849917406955
679.15,0.0030858587091267655
679.34,0.003839472668682299
679.53,0.0031312041440864045
679.72,0.004058958283319213
679.91,0.00315585043109342
680.1,0.0009710617691911977
680.29,0.005341848035268371
680.48,0.0017021931489235036
680.67,0.0011739504481737177
680.86,0.002491097338813776
681.05,0.000553461023571767
681.24,0.00034962311352969386
681.43,-0.0002533217398699191
681.62,0.005041668087190472
681.81,0.002002497109826594
682.0,0.005042181941634172
682.19,-0.0007723033495382928
682.38,0.002324175405112297
682.57,0.0014925755219840498
682.76,0.0003561152366764045
682.95,-0.00025778932634844867
683.14,0.0024316283860658233
683.33,0.002945968006378034
683.52,0.0036744526608201884
683.71,0.0031545435891935977
683.9,-0.0009975195691197423
684.09,0.0014725276414631321
684.28,0.0023304423214592857
684.47,0.003777651015688489
684.66,0.004646711952344427
684.85,0.00355759589230022
685.04,0.004998336360773431
685.23,-0.0005684257786453083
685.42,0.0010891106519212124
685.61,0.00241486624971827
685.8,0.0014975180954756233
685.99,0.0049441613601632585
686.18,0.0003533241578894029
686.37,0.003580134605290444
686.56,-0.0007827415400897886
686.75,0.0022856419463410196
686.94,0.002818292292743704
687.13,0.0006657999054778829
687.32,0.0019207901311411554
687.51,0.00398480891732798
687.7,0.0021149112952466007
687.89,0.0021272181884443987
688.08,0.0006711166538026689
688.27,-0.0009892349281712333
688.46,0.001409791595533995
688.65,0.0019487555099306877
688.84,0.0007927471838772745
689.03,0.0018536179898262862
689.22,0.0012252345292529108
689.41,0.0032229431242421598
689.6,0.0010112916687311192
689.79,0.0005744385061879645
689.98,0.0046725810162138795
690.17,-0.0013254498937699246
690.36,0.005032745067456025
690.55,0.0008895100140697486
690.74,0.0006846789107097296
690.93,0.001642995837310946
691.12,0.0021005753783693943
691.31,-0.0008920875111134649
691.49,0.0017662617392374374
691.68,-0.0018575563432709189
691.87,0.0005690612509694847
692.06,0.0022425492250638074
692.25,0.0015306221448266116
692.44,0.0006799309259721938
692.63,-0.0005929955534978786
692.82,0.0013161586086909028
693.01,-0.0007869962500173866
693.2,0.004487911678567156
693.39,-0.0008034576702952099
693.58,0.0036097520183610344
693.77,0.0004717240698819593
693.96,0.0018627087397741857
694.15,0.0017339094603145313
694.33,0.0034432238064959373
694.52,0.002412247591517326
694.71,0.003890483223418265
694.9,0.0011260019812374305
695.09,0.0006906711027280207
695.28,0.0032619297639635164
695.47,0.00391980080774162
695.66,0.003513496470833452
695.85,0.004043868123391863
696.04,0.004367473930207551
696.23,-0.0002662579247713379
696.42,0.0006822247276315466
696.6,0.0020529582054422207
696.79,0.0036607368307255924
696.98,0.00026257563382203904
697.17,0.0028231540834455183
697.36,-0.002696757469281014
697.55,0.004512708163808979
697.74,-0.002058592338426661
697.93,0.0060072757718023515
698.12,0.0019747987224379097
698.31,-0.00016467730029970845
698.49,0.0013189425177688268
698.68,0.0030705107987711792
698.87,0.0026881220386905874
699.06,0.0009032626768410012
699.25,0.0032449088334225266
699.44,0.0016775572021263403
699.63,0.004463844946725414
699.82,0.005363041612414278
700.0,0.0022296233930629017
700.19,0.0047064752297644
700.38,0.0029448794303815816
700.57,0.003432548595730995
700.76,0.0037300579301389734
700.95,0.0015768203102922158
701.14,0.0033112000334598935
701.33,0.0032123075330630904
701.51,0.00048751426165514464
701.7,-0.0015432387687254732
701.89,0.001799844267678787
702.08,0.0023061370909446396
702.27,-0.00016605460891404156
702.46,0.0011354031656335228
702.65,0.004303226694515615
702.83,0.0008169314450168208
703.02,0.0023243615599117962
703.21,0.0017062334846238694
703.4,0.004332036183339135
703.59,0.00016154023279962292
703.78,0.0008026262146146025
703.97,0.0027237243477254763
704.15,0.003905029492655056
704.34,0.003525468158504303
704.53,0.0034730809431504847
704.72,-0.0006040087791516718
704.91,0.00048251625823587355
705.1,0.0009172485969601917
705.28,0.005965872044395579
705.47,0.003439676704200782
705.66,5.2419437127291165e-05
705.85,-0.0007197043145381418
706.04,-0.0006209687030965568
706.23,0.0051019769807645705
706.41,0.00149722324058279
706.6,0.003964828381754154
706.79,0.000387263252730411
706.98,0.004331139618203669
707.17,-0.002652483322120798
707.35,0.005714928096013729
707.54,5.325473855379274e-05
707.73,0.0029875637937635106
707.92,0.00016439217300327254
708.11,0.00028058258256051044
708.3,0.004907185019094086
708.48,0.004584243071049211
708.67,0.0021635963423910242
708.86,0.004237165587797284
709.05,0.004606137121374055
709.24,0.002386096759041808
709.42,0.006151527590125807
709.61,0.0021638367828268235
709.8,0.0009352746272106579
709.99,0.005086567414019068
710.18,0.0061351987583990525
710.36,0.003249139134776421
710.55,0.0031323299588067984
710.74,-0.0018392955998205091
710.93,0.002498892958818072
711.12,0.0010638869572631036
711.3,5.2943603745825e-05
711.49,0.005977262064034195
711.68,0.003006907429010389
711.87,0.0035302467255305106
712.05,0.0026326396479162246
712.24,0.0002793456237275485
712.43,-0.0011751560685147662
712.62,0.0030781905543846625
712.81,-0.0005140804554287301
712.99,0.0003900482325964767
713.18,0.0018780317046531675
713.37,0.0008519582117983746
713.56,-0.0009595324960188058
713.74,0.00119842718268337
713.93,0.005274304183114318
714.12,0.0047504456937594065
714.31,0.0015236404306226954
714.49,0.003378382557600128
714.68,0.0048101660845606626
714.87,0.003144430093147107
715.06,0.0021759273216959657
715.24,0.0002789042432824516
715.43,0.003930995306006522
715.62,0.0003904870081128272
715.81,0.0034522542759904337
715.99,0.003009642388721146
716.18,-0.0018798784277097717
716.37,0.0044576039972141586
716.56,-0.0007528162170300671
716.74,-0.001104213309501107
716.93,0.0019104886620279263
717.12,0.0026031043071021416
717.31,0.0049313631270029665
717.49,-0.00017812783039882992
717.68,0.0035010425427711225
717.87,0.0007422428607087866
718.06,0.0021439596910526994
718.24,0.002281212426686608
718.43,0.0016904703776896614
718.62,0.0008793324693831891
718.8,0.001836244242257872
718.99,0.004987236671178501
719.18,-0.0011296081423894683
719.37,0.004658959381453992
719.55,-6.30737512362623e-05
719.74,0.0025378282669596404
719.93,-0.0001821605267139437
720.11,0.003783748951781749
720.3,0.0013582691502533651
720.49,0.0029617317096849935
720.68,0.004698132264432964
720.86,0.0033052178470511246
721.05,0.0026379408268532036
721.24,0.007509037695654604
721.42,0.0035179139667582296
721.61,0.0011507510037931563
721.8,0.006295041175789986
721.98,0.003936635304122199
722.17,-0.0003087839140710981
722.36,0.0004222656983290141
722.55,0.0044289758848917
722.73,0.001745735359017012
722.92,0.0038096242917884434
723.11,0.003239072038212164
723.29,0.0017580360338392486
723.48,0.004638176682656346
723.67,0.0018981998216107074
723.85,0.008406087949092911
724.04,0.005762839315166661
724.23,0.00018121921987120183
724.41,0.0005404942369747676
724.6,0.0017818474786393164
724.79,5.7758740418557274e-05
724.97,0.002980126503150318
725.16,0.0015061006415806328
725.35,0.004435554960590105
725.53,0.0012487339999253638
725.72,0.00595581426699286
725.91,0.004702237772752878
726.09,0.0036101337551692203
726.28,-0.003504991441916617
726.47,0.0014133263959645126
726.65,0.002630480700627151
726.84,0.002559391970138183
727.03,0.0001842144021431976
727.21,-0.0009602454704904542
727.4,0.0010331426004396716
727.59,-0.0015642452078990965
727.77,0.002731574986696312
727.96,0.005226281107261601
728.15,0.003138600621160139
728.33,-0.0005590067351653373
728.52,0.0034039180938058725
728.7,5.767390995210024e-05
728.89,0.0034642967346322487
729.08,0.005230142667235444
729.26,0.0031553191479880825
729.45,0.003408141070353551
729.64,0.002532479235316765
729.82,0.002314842989632123
730.01,0.0021570819304750823
730.2,0.007287521995942664
730.38,0.0009288555667606602
730.57,-0.0015497336353600846
730.75,0.0018298382346586784
730.94,-0.00019603547088872754
731.13,0.0031088499631443897
731.31,0.007438640936733345
731.5,0.0037336201259122767
731.68,-0.0012198440865191292
731.87,0.004669529146216277
732.06,0.004174264905445391
732.24,0.0035600281923647676
732.43,0.0008178510656385766
732.62,-0.00044847046883678333
732.8,0.004104840546930106
732.99,0.0017021001962073893
733.17,0.0035280709624099034
733.36,0.000830338989700386
733.55,0.004727024697177171
733.73,0.005503969598807377
733.92,0.004786531361498685
734.1,0.00348642976718027
734.29,0.003967892227892804
734.48,0.00019100662358666117
734.66,0.004574882913895614
734.85,0.0014554672214085631
735.03,0.005540932059507369
735.22,0.002124367595855192
735.4,0.00031704819363292047
735.59,5.998660146596764e-05
735.78,0.006256263428130309
735.96,0.002706750824291563
736.15,0.004270666145894773
736.33,0.003437610797433218
736.52,0.004816060871828615
736.7,0.004034011293756163
736.89,0.0003195076884153632
737.08,0.008115811181566221
737.26,-0.0005965611731074531
737.45,0.005254529519298745
737.63,0.001495894382069912
737.82,0.0057400952828887825
738.0,0.005840356042994625
738.19,0.006468964913873355
738.38,0.0013782510935814079
738.56,-0.00019583457553892022
738.75,0.005125757181451809
738.93,0.004746711735225344
739.12,0.005505396519574774
739.3,0.007284973755481687
739.49,0.005774243101129292
739.67,0.0016532472455813717
739.86,0.0023062886132401055
740.04,0.0033367811677556063
740.23,0.00057958904665296
740.42,0.00324016104119525
740.6,0.0003241598150354528
740.79,0.004543176772386517
740.97,0.00594980624651995
741.16,0.005748282768898109
741.34,0.0039450286523776395
741.53,0.007550162483113256
741.71,0.0052011066269298245
741.9,0.0010198965764964224
742.08,0.0059972953860278205
742.27,0.004240563909209576
742.45,0.000594935818247352
742.64,0.00477439402573748
742.82,0.008903444514287536
743.01,-0.0018190022620243444
743.19,0.0018397099300615533
743.38,0.0021489387959647372
743.57,0.004490265123120419
743.75,-0.0007586687904785779
743.94,0.00371084738327018
744.12,0.003465250355896534
744.31,0.008129503922716955
744.49,0.002138837985881984
744.68,0.0007485114661031641
744.86,-0.00020741916387138307
745.05,0.001289220733881441
745.23,0.0028148922689139695
745.42,0.00020322244211763295
745.6,0.007351514476491236
745.79,0.0014697544131761948
745.97,0.0017003574821369335
746.16,0.0023031936377733873
746.34,0.0028176043085432726
746.52,0.0068720022843003865
746.71,0.0029222602402725604
746.89,0.003952431007233229
747.08,0.0022478727681431465
747.26,0.0004820827573734987
747.45,0.0022451151951494975
747.63,0.0019942507283253552
747.82,0.005463544916035283
748.0,0.0051982205189238335
748.19,0.0052862206592425185
748.37,0.0023375137001581028
748.56,0.0009148581817257261
748.74,0.00540594092436283
748.93,0.006970709704791865
749.11,0.004162325090137993
749.3,0.0007747993086406225
749.48,0.003770039380748368
749.67,0.0014917395753743625
749.85,0.004385944474388234
750.03,0.001922682987310298
750.22,0.005801933909212194
750.4,0.0049080037387485495
750.59,0.002490739852811998
750.77,0.0013624774839341037
750.96,-0.0021282997472281723
751.14,-0.0015238180518556215
751.33,0.000639068307301888
751.51,0.0029372706144423343
751.69,0.001518345061258005
751.88,0.001370362794832286
752.06,0.0006520221341319219
752.25,0.006323573350049689
752.43,0.004634615476299581
752.62,0.005359103260654124
752.8,0.0027078063393780488
752.99,0.004265954372564187
753.17,0.005640552062110948
753.35,0.0037356208141764782
753.54,0.0015336898068899663
753.72,-7.799678780575355e-05
753.91,0.0046940648970970255
754.09,0.003340714956852001
754.28,0.00377940971608793
754.46,0.0006630447248471134
754.64,0.0018466389519911214
754.83,0.002569875262900309
755.01,0.008910252368225765
755.2,0.001373542534694605
755.38,0.004093174522949814
755.56,0.0019835500408097602
755.75,-0.0005303663095749712
755.93,0.0034971800133884435
756.12,0.0005191412489193582
756.3,0.00037281945390362094
756.48,0.0013033711098800018
756.67,0.004711633895975703
756.85,-0.00038498714427707525
757.04,0.00914502626658696
757.22,0.006695635841625087
757.4,0.004696933824299971
757.59,0.0005408177276128143
757.77,0.003506487310243024
757.96,0.0016110884504716271
758.14,0.004775701034688249
758.32,0.0065679134038946945
758.51,-0.0029035274673923825
758.69,0.0046774668239994805
758.87,0.002236156589880661
759.06,0.007014488989954654
759.24,0.0006946699311868857
759.43,0.0016419083137189934
759.61,-0.0005535795605560112
759.79,0.006531551092639384
759.98,0.010681152857481948
760.16,0.0033509667502583883
760.34,0.003510870096682411
760.53,0.005852618733661188
760.71,0.0036619593418687445
760.9,0.008766728613440201
761.08,0.0047326798499353374
761.26,0.005085969046973807
761.45,0.0022913924409680296
761.63,-0.00039558675982931195
761.81,0.004894077265895129
762.0,0.007226034091637091
762.18,0.004158564557773199
762.36,0.0028823134845682623
762.55,0.0011559149509278825
762.73,0.0030153015552226944
762.91,0.000379693316126471
763.1,-0.0002406207449052034
763.28,0.0011369178632950753
763.46,0.00526240355051617
763.65,0.00113312438454216
763.83,0.0046404258827409195
764.01,0.0009734864288199662
764.2,0.0025171995811080904
764.38,0.0005261444732748655
764.56,0.007868447519946073
764.75,0.002654204238748328
764.93,0.007873276253384888
765.11,0.005129286604709872
765.3,0.006818837706699901
765.48,0.002767029083711931
765.66,0.005017067735536644
765.85,0.00619577221441489
766.03,0.005971434136689642
766.21,-0.0008118053505208543
766.4,0.002138982274041757
766.58,0.001678436070217476
766.76,0.00021615062686324796
766.95,-0.004405007393581981
767.13,0.0015546385211761477
767.31,0.0015093717415121876
767.49,0.0025440547843891366
767.68,0.008204016728299209
767.86,0.0073332995353120566
768.04,0.00307369715457726
768.23,0.008732973403158338
768.41,-0.0003572490300155193
768.59,0.004989993193853726
768.78,0.002602874364044553
768.96,0.001486234588165984
769.14,0.0028790248043340737
769.32,-0.0021882392657410483
769.51,0.0022043579762548522
769.69,0.008289708878479657
769.87,0.0015898092677554929
770.06,0.0048474701082508315
770.24,0.0011738733183828615
770.42,0.0004816145516468028
770.6,0.004374970309308256
770.79,0.001034871224052864
770.97,0.004213113620776012
771.15,-0.0004935717437472053
771.33,0.002958499229521357
771.52,0.005045496052530093
771.7,0.00034286963417757
771.88,0.0053560454783076064
772.07,0.0007306194894310011
772.25,0.0013057504097517244
772.43,0.001018089843855316
772.61,0.0014153225316332662
772.8,0.0026246948240707794
772.98,0.007481480654931568
773.16,0.005040878197729989
773.34,0.0018144353472354501
773.53,0.001553004496359527
773.71,-0.0008710295569362935
773.89,-0.0018377816836542924
774.07,0.0014162796750973716
774.26,0.0013931035868947816
774.44,0.0005849728338239533
774.62,0.00482265941198659
774.8,-0.00020497189473607532
774.99,0.00532497487464011
775.17,6.432664974532584e-05
775.35,-0.0008727761639299591
775.53,0.007322905660103637
775.71,0.005464309937138401
775.9,0.004026605734407543
776.08,0.0045587984143392645
776.26,-0.00020641097931567187
776.44,0.004032467288269291
776.63,0.0016836006035127915
776.81,0.005801987318684901
776.99,0.0022075033903183263
777.17,-0.0016984783915804573
777.35,0.0032457479175542867
777.54,-0.0007384037699427816
777.72,0.0023598691067042783
777.9,0.0008710206725790254
778.08,0.006285440440598725
778.27,-0.0011454986155941395
778.45,0.0027801049805939834
778.63,0.004069084612077564
778.81,0.005628199088572501
778.99,0.006059186237026275
779.18,0.005479101156645029
779.36,6.419520045319406e-05
779.54,0.001847784952369586
779.72,0.006390018137778867
779.9,0.005968855988647703
780.08,0.0027410856481657367
780.27,0.0021730859690190043
780.45,-0.00035644333438288354
780.63,0.003816257948455288
780.81,0.00020517801073648416
780.99,0.0037066904276318994
781.18,-0.0014712246651041238
781.36,0.0047906831885163636
781.54,-0.000777772998575511
781.72,0.005213408424031231
781.9,0.004276380055137088
782.08,0.005443421247513056
782.27,0.0029250992637138177
782.45,-0.00022046049788798275
782.63,0.004432518812434501
782.81,0.007262927699727877
782.99,-7.60341025881021e-05
783.17,0.0005059744307263386
783.36,-0.004166931554826064
783.54,0.007186958646115583
783.72,0.0067354760269919605
783.9,-0.0006671276683119598
784.08,0.0030939790005213774
784.26,0.0052193766703721054
784.45,-0.0029844674657863645
784.63,0.004215012553418957
784.81,0.0034299506563685847
784.99,0.00037853012400030354
785.17,0.0011738953260653996
785.35,0.0006994514117608061
785.53,0.0017783542666839972
785.72,0.005387415496619871
785.9,0.004092346106042876
786.08,0.00543070174096409
786.26,0.0056339515176773
786.44,0.006406237811436487
786.62,0.0005482490402801189
786.8,0.004598458427089023
786.99,0.0006999989300096867
787.17,0.0030997870292266516
787.35,-0.00024295335238468094
787.53,0.0013644619935050514
787.71,-0.001869287518583511
787.89,0.002536901865369025
788.07,0.008622344778942576
788.25,0.0051202099350449145
788.43,0.006700010897715714
788.62,0.00626417052600876
788.8,-0.00025027161831516506
788.98,0.003220262249400483
789.16,0.003523643951983052
789.34,0.007426939444092913
789.52,0.005137211642082327
789.7,-8.730776700585383e-05
789.88,0.002026697220086932
790.06,7.974030227053566e-05
790.25,0.002073191369257096
790.43,0.000752291523556778
790.61,0.00512942860551116
790.79,0.004156491317680461
790.97,0.0037215235489705557
791.15,0.0014521753339849176
791.33,-0.0009503746157846211
791.51,-9.222632465547764e-05
791.69,0.004078780154062253
791.87,0.0068059226226303195
792.05,0.0007681891809546008
792.24,0.009223197660602464
792.42,0.004693150777531632
792.6,0.005462358797494402
792.78,-0.0018076794571156235
792.96,0.0011042154760801462
793.14,0.0021744025096882337
793.32,0.001280311861038397
793.5,0.002778794261811096
793.68,0.004998923163108901
793.86,0.003735118814824092
794.04,0.003766569846869917
794.22,0.003955176773672344
794.4,0.004656760846000375
794.58,0.0004335120597754514
794.76,0.004748651838449052
794.95,-0.0037693925326349968
795.13,0.003958660607746612
795.31,0.0009670792489971629
795.49,0.006581505443909209
795.67,0.002208284474428939
795.85,0.004193932584702983
796.03,-0.0011716125067537096
796.21,0.0020741854643112037
796.39,0.0036474526475276416
796.57,0.007685052777378211
796.75,0.0028188583656389037
796.93,0.00776372295732945
797.11,0.0017303869218762908
797.29,0.00474184674923499
797.47,-0.004403357632841718
797.65,0.002864791308512254
797.83,0.006202427778877625
798.01,0.003921347067135913
798.19,0.0021260836259559615
798.37,0.004974418147196549
798.55,0.010294426883934867
798.73,0.006714891861028098
798.91,0.0008392768040231344
799.09,0.005585403914077638
799.27,-0.00416700210712049
799.45,0.0014435831443423363
799.63,0.004710376065089807
799.81,0.003765122569937872
799.99,0.00364529213181237
800.17,0.006047378163116427
800.35,0.0027415557289519397
800.53,0.005247695886907023
800.71,0.0010343610525320839
800.89,0.01265029215704128
801.07,-0.0014163893778240586
801.25,0.004664320451087721
801.43,0.003227454863913341
801.61,0.007288035154957333
801.79,0.0020566202896789673
801.97,0.010837459195254886
802.15,0.0023893652227788523
802.33,0.003060898428131522
802.51,0.004988028309402874
802.69,0.0008890045937864164
802.87,0.00281954294388879
803.05,0.001652124927303003
803.23,0.004099597676102257
803.41,0.004569670467288497
803.59,0.004458159173481418
803.77,0.0007037492698145609
803.95,0.0012946404476188841
804.13,0.0017307738947851237
804.31,0.0009044703245687837
804.49,0.0040461190743480676
804.67,0.003692419645829731
804.85,0.00461898178528425
805.03,-0.00149663453872121
805.21,0.010189061518519468
805.39,0.0027212001473589905
805.57,0.008668531988109135
805.75,0.0036266377551134777
805.93,0.005863740451511727
806.11,0.008757908041594693
806.29,0.0015292737753477025
806.47,-0.0033964604373340032
806.65,0.006106163625509507
806.83,0.008007379217350752
807.0,0.0011345268366691687
807.18,-0.0024929935602203707
807.36,0.00533041255932823
807.54,0.002828026535875167
807.72,0.00841519351570727
807.9,0.008562672046844697
808.08,0.006481210152340199
808.26,-0.0005391306881930296
808.44,0.00820199532037631
808.62,0.003910518800571165
808.8,0.00835463296490111
808.98,0.008752025931928696
809.16,0.009143229810939048
809.34,-0.0020271961099874334
809.51,-0.0026346026273410096
809.69,0.0024357772833407125
809.87,0.002911141392854847
810.05,0.005091955646530104
810.23,0.011306216008855978
810.41,0.0072569967272367785
810.59,0.009639427856332535
810.77,0.004044080875317097
810.95,0.005833915350752377
811.13,0.002548327525213588
811.31,0.005371831326233544
811.48,0.003874339619330387
811.66,0.0031620919954191804
811.84,0.00642708711672228
812.02,0.0005511852086601153
812.2,0.004615343442051943
812.38,0.0009952702643191294
812.56,0.0010101100394211175
812.74,0.003449185660177031
812.92,-0.00011975550325416361
813.1,0.006178410740477373
813.27,0.013280555793379598
813.45,0.004726159304205718
813.63,0.004231209433743059
813.81,0.007330018389976425
813.99,-0.002194826704802013
814.17,0.0012769890931194643
814.35,0.0017425710011687147
814.53,0.0008036222126176273
814.7,-0.000596062258406122
814.88,0.005894109137159366
815.06,0.0019972369435405377
815.24,0.004335488272229835
815.42,0.0003419483699764406
815.6,0.004291171218149449
815.78,0.004005809537241172
815.95,0.00845821774592867
816.13,0.008895306587923672
816.31,0.0012865984823044161
816.49,-0.0010679890842863
816.67,0.00844860453659478
816.85,0.000592126527182237
817.03,0.0030288549320888363
817.2,0.011048849708198848
817.38,0.010711231060354274
817.56,0.009889189395863794
817.74,0.0018256018465211262
817.92,0.01009653404000607
818.1,0.00977380321458634
818.27,0.004912145021781415
818.45,0.003988700279531331
818.63,0.001087235090315745
818.81,0.0037547217743308424
818.99,0.004128673225297173
819.17,0.00011820554952497694
819.34,0.007156322473022528
819.52,0.007707460432276536
819.7,0.0006242872266471695
819.88,0.011179515168895333
820.06,-0.003194917485270622
820.24,0.005970086435872132
820.41,0.011769421732297822
820.59,0.010962435629140404
820.77,0.0016518878258897475
820.95,0.0026253725891621183
821.13,0.003217988808044704
821.3,0.007579128488105875
821.48,-0.00039724266853603373
821.66,-0.0019899125788525335
821.84,0.001707234441533162
822.02,0.0024629551158468297
822.19,0.0068410440331203685
822.37,0.005079266776453156
822.55,0.004007599623932303
822.73,0.002739385703813224
822.91,0.001196323063049027
823.08,0.0041394895367448375
823.26,-0.00040236572109143273
823.44,-0.000398173834264113
823.62,0.011854342037512391
823.8,0.016230149195045774
823.97,0.008201173200529393
824.15,0.011059308997152368
824.33,0.006751866751466284
824.51,0.007381817935778098
824.69,0.006140565576856359
824.86,-0.0001419737049245454
825.04,0.016053903361968776
825.22,0.005258980245548628
825.4,-0.0014796787258396856
825.57,0.00784963348257187
825.75,0.004279171943914105
825.93,0.003950139673718277
826.11,0.01115072156100192
826.28,0.004060990566751976
826.46,0.008270369304846854
826.64,-0.0007088429927895534
826.82,-0.003773221464322931
826.99,0.008755452768690535
827.17,0.00769854429618317
827.35,0.005801725939556445
827.53,0.0056809296868194775
827.7,0.007812156357695911
827.88,0.006062904633098933
828.06,0.015043593725195007
828.24,0.0018646525516925541
828.41,0.009780537516215005
828.59,0.006086859867616672
828.77,0.012967801567297474
828.95,-0.003300092155459556
829.12,0.0018619699621499604
829.3,0.00428209683307913
829.48,0.004897090514360283
829.66,0.006647364091890482
829.83,0.005208338918419859
830.01,0.009648343684968284
830.19,0.008169950372659723
830.36,0.011676248788268643
830.54,0.007694069011376444
830.72,0.006757304909457318
830.9,0.009472233439831463
831.07,0.00919009709003019
831.25,0.004102738262827231
831.43,0.003515037283203557
831.6,0.002610167349965265
831.78,0.011100467050378189
831.96,0.007865199740085206
832.14,0.0072745799975249825
832.31,0.005443645325828579
832.49,-0.0026816079694991003
832.67,0.004821992140859137
832.84,0.006356592437542666
833.02,0.009360003801016785
833.2,0.007069821132506817
833.37,0.0010976299155905657
833.55,0.003968603731426157
833.73,0.00046654081091410164
833.91,0.006406323697769225
834.08,0.016447258771047597
834.26,0.012477187317001075
834.44,-0.0033303409190466476
834.61,-0.004585421787281374
834.79,-0.0014333971284239452
834.97,0.003017782336861542
835.14,0.012628887039767254
835.32,0.00971854993968166
835.5,0.006916225495137566
835.67,0.009079981595113919
835.85,0.00838014942489288
836.03,0.010101612370450501
836.2,0.010680987744149521
836.38,0.009878913051337474
836.56,0.013434559212482416
836.73,0.009659692819259645
836.91,0.00483264721675319
837.09,-0.00653689208047516
837.26,0.002474348145668474
837.44,0.007481750732066627
837.62,0.011849528650480374
837.79,0.004928099723276741
837.97,0.003774085089109369
838.14,0.0004903306554965718
838.32,0.008413775191545425
838.5,0.01313373388634086
838.67,0.003184170331949468
838.85,0.002563491779423703
839.03,0.0038539673869037753
839.2,0.02257492703677055
839.38,0.009856848423713736
839.56,0.002965625192828616
839.73,-0.007066756047875338
839.91,-0.005716389928703728
840.08,0.01304040309204145
840.26,0.009844653761322913
840.44,0.00830995296757655
840.61,0.015678362135544355
840.79,0.012595954237639791
840.97,0.011237831248852019
841.14,0.005118079683271921
841.32,0.005091071073781947
841.49,0.013712927334948041
841.67,0.003350900212406108
841.85,0.0065420263082460245
842.02,-0.0012636753243239968
842.2,0.013083981897416124
842.37,0.011375944473844704
842.55,0.017488202718443528
842.73,-0.004543574878974961
842.9,0.01876819074326444
843.08,0.006567613161829328
843.25,0.0009073798910351804
843.43,0.007373108300868437
843.61,0.015469556797918366
843.78,0.013347735514235027
843.96,0.017875593209542327
844.13,0.007277679854688424
844.31,0.0009412493269450923
844.49,0.010070957897401875
844.66,-0.0005802974673087566
844.84,0.003586944231395381
845.01,0.009606448978373634
845.19,0.008253492420586594
845.37,0.01575693068266963
845.54,0.0009416079703619789
845.72,0.007152537792839677
845.89,0.01065820746172216
846.07,-0.007992605404496964
846.24,0.0059931805102494545
846.42,0.0045512215798404875
846.59,0.009141766735737808
846.77,-0.00021456001331146245
846.95,0.01693787056523169
847.12,0.0010007093820510477
847.3,0.018525873351085905
847.47,0.0208174147592815
847.65,0.0010117716017655355
847.82,0.009493021719742737
848.0,0.00433865667081506
848.17,0.010655314641013271
848.35,0.01371506564217609
848.53,0.013629219403708457
848.7,-0.007926847096951893
848.88,0.009601153306457702
849.05,0.01319840756211882
849.23,0.010924957070056439
849.4,0.001410796025210137
849.58,0.020894980052151835
849.75,0.005175916982292618
849.93,0.009361171592508082
850.1,0.023525057280420078
850.28,0.023322217433058855
850.45,0.0019210647922761927
850.63,0.014654676611813817
850.8,0.008440101382064764
850.98,0.010827432349572714
851.16,0.004034649255206522
851.33,0.015168552288511696
851.51,0.004095714976814817
851.68,0.00994534596972299
851.86,-0.006666224001803585
852.03,-0.0006866367562310089
852.21,0.009731023363259496
852.38,0.009962983695920887
852.56,0.006009991510586108
852.73,0.0078860076538275
852.91,0.006537795870609188
853.08,0.017798628365638263
853.26,0.005136051408830676
853.43,0.018735831119128313
853.61,0.016134653558698808
853.78,-0.002093291988461105
853.96,0.009910689232066883
854.13,0.02136332524948668
854.31,-0.002052497640198287
854.48,0.013069359246385923
854.66,0.015085555000359317
854.83,0.012992006097073457
855.0,0.029168238384507345
855.18,0.013035159256977166
855.35,0.026560683436819145
855.53,0.01705780903764621
855.7,0.011667012521072842
855.88,0.0206927252110546
856.05,-0.000712560001743658
856.23,0.018828455383873916
856.4,0.00836555602442324
856.58,0.014889641583424021
856.75,0.011050671761261639
856.93,-0.0052265710515460775
857.1,0.017222942116320927
857.28,0.005343902425592007
857.45,0.021434186138124988
857.62,0.004299084869959548
857.8,-0.004828434723171546
857.97,0.01131782861470287
858.15,0.008990743123876176
858.32,0.014523733000652324
858.5,0.01782867136119666
858.67,-0.0012423545711755875
858.85,0.002266812802842016
859.02,0.029571429893482163
859.19,0.011082086157696491
859.37,0.008599044884422773
859.54,-0.001327113707026886
859.72,0.005574332410980173
859.89,0.027212268627253365
860.07,-0.0024250852824867796
860.24,0.001286109826665364
860.41,0.006290871430685034
860.59,0.000750826551723525
860.76,0.014825123480260972
860.94,0.017729584070674813
861.11,0.015739212789623244
861.29,0.01811918235842441
861.46,0.014600926490634741
861.63,0.0029141448105806083
861.81,0.015295011101685274
861.98,0.02815734075579916
862.16,0.001850853790222526
862.33,0.00400071654624711
862.5,0.0238004527468186
862.68,0.02878792636084861
862.85,0.01712375149840408
863.03,0.004268121019828187
863.2,0.012240104786136938
863.37,-0.004971681753655348
863.55,0.01979431102040987
863.72,0.02807531476646966
863.9,0.01570258639301086
864.07,0.018749933028299585
864.24,0.009998003281205958
864.42,-0.004375997039459218
864.59,0.01586582708180553
864.77,0.007265617305036497
864.94,0.006103992233188881
865.11,0.02215482900697895
865.29,0.013206936865894752
865.46,0.004309978107718349
865.63,0.011097351979478027
865.81,0.013152588982145202
865.98,0.025439925190632477
866.16,0.011954199723988453
866.33,0.017899628374614143
866.5,0.0072193521115616055
866.68,0.020525045353003816
866.85,0.004309978107718349
867.02,0.039263779858787616
867.2,0.0026718254607985617
867.37,-0.0027930048428352196
867.54,0.010244220357250597
867.72,0.01798025919741941
867.89,0.017321023490039323
868.06,0.02610145550441578
868.24,0.011130788389297992
868.41,-0.002114976230771695
868.59,0.01887362287701407
868.76,0.017580567420309966
868.93,0.01577682070660374
869.11,0.019050613810903633
869.28,0.029308454031796254
869.45,0.01731592897680253
869.63,0.02164361193620196
869.8,0.018083038041777213
869.97,0.012108535869326876
870.15,0.015045592369056041
870.32,0.009684821108901908
870.49,0.006667567586138997
870.66,-0.004809272037518271
870.84,0.04034380626052619
871.01,0.005612046717012272
871.18,0.010748145070617615
871.36,0.008440924484524187
871.53,0.03661230853351267
871.7,0.036254420175873346
871.88,0.03298548638599019
872.05,0.02648237846656581
872.22,0.015325931476057514
872.4,0.03339211640476074
872.57,0.01763019005340089
872.74,-0.002894765280290969
872.92,0.011490663392407246
873.09,0.01474033926140214
873.26,0.024056911025291377
873.43,0.019285207435297234
873.61,0.03543700020060084
873.78,0.0038381855299648754
873.95,0.004620746870914494
874.13,0.020759621159863538
874.3,0.020729391737052343
874.47,0.024916472744764138
874.64,0.002607058238709306
874.82,-0.001083108853714016
874.99,0.018451107561540635
875.16,-0.0011042316756000891
875.34,0.021774547194131823
875.51,-0.015326030619835458
875.68,0.027005710060387
875.85,0.0049380886111042785
876.03,0.02745352883040226
876.2,0.010034645652412764
876.37,0.0042528918825967274
876.54,0.012045023503447288
876.72,0.03822675311699382
876.89,0.0263438404141922
877.06,0.01489227654019377
877.23,0.006569532433405057
877.41,0.00736789968687129
877.58,0.024241822044025776
877.75,0.046871801082477675
877.92,0.005740597939796995
878.1,0.023557712362862773
878.27,0.010405942822840882
878.44,0.03307901506798974
878.61,-0.0012157550410924892
878.79,0.030727435231097364
878.96,0.018891775258336817
879.13,-0.006555477253151637
879.3,0.00863626519356689
879.48,0.01972736051222125
879.65,0.034847475612534165
879.82,0.007703493049886952
879.99,0.02787871030054783
880.16,0.021933616131561518
880.34,-0.001268198650636603
880.51,0.03380916141078458
880.68,0.009054460511541282
880.85,0.019310389729536196
881.03,0.02017344525344343
881.2,0.030777912703829468
881.37,0.003160049119934542
881.54,0.012677694128176153
881.71,-0.010091087413060761
881.89,0.026279072005234678
882.06,0.039269185933862125
882.23,0.015818631266630443
882.4,0.01563408626605656
882.57,0.04833957999874076
882.75,0.010111515205321818
882.92,0.045571079610055035
883.09,-0.008674580433892718
883.26,0.03768496817909924
883.43,0.029668411867364783
883.61,0.0039273922178865725
883.78,0.016041410894414125
883.95,0.03529033399263515
884.12,0.03711351768590574
884.29,0.024098239869013542
884.47,0.05624531820282744
884.64,0.023902402582849678
884.81,-0.02220861573134704
884.98,-0.003262941170600897
885.15,0.02859795182573852
885.32,0.04962659037113949
885.5,0.009480756766967528
885.67,0.02238613946307577
885.84,0.007988168691127572
886.01,0.02068275951118899
886.18,0.02030430952081289
886.35,0.01963720683075292
886.53,0.051674625115188104
886.7,0.020265980382503865
886.87,0.03465294083469194
887.04,0.004351677128663341
887.21,-0.007835555775872003
887.38,0.012102446669994557
887.55,0.021019900059513576
887.73,0.02829768347902977
887.9,0.0032919087271400336
888.07,0.009800191896577881
888.24,0.009373075458063268
888.41,-0.023731174876373634
888.58,0.00476945095676802
888.75,0.02298914023485948
888.93,0.011523409975392192
889.1,0.0024098414134930456
889.27,0.024882500320038078
889.44,0.002597265121413679
889.61,0.028277958595766307
889.78,0.0015113163972286776
889.95,0.01652955212458355
890.12,0.025855221401723215
890.3,0.009153415914894651
890.47,0.027248592026482162
890.64,0.026246242461757475
890.81,-0.011890591929672
890.98,0.0299863990937781
891.15,0.05198146797980153
891.32,0.04317062969798598
891.49,-0.000558092916775776
891.66,-0.013071625602822198
891.84,0.030145146117312838
892.01,0.003694868918303235
892.18,0.05722386853986959
892.35,0.045644853887757075
892.52,0.02705365512931276
892.69,0.03523845586312165
892.86,0.01617531468715569
893.03,0.045349948667115135
893.2,-0.004957766445490122
893.37,0.02609446797278981
893.55,0.0015794615928233393
893.72,0.00816999248691114
893.89,0.03046773653395338
894.06,0.04170452374174785
894.23,0.05620039454970872
894.4,0.012001797589745537
894.57,0.043943446694688616
894.74,0.017452594759758036
894.91,0.027085780263969943
895.08,-0.0016809514580770275
895.25,0.018707281499850924
895.42,0.006109881457855519
895.59,0.06146028855281191
895.76,0.019598713011484466
895.94,0.06490178194033508
896.11,0.018742292390219715
896.28,0.013681117141079863
896.45,0.04297087776330071
896.62,0.01498096592013901
896.79,0.038135432112847464
896.96,0.03469360965137013
897.13,-0.0018632914056231464
897.3,-0.0019487993103542644
897.47,0.031646304490859645
897.64,0.010274734623892405
897.81,0.019303529031592128
897.98,0.026524998555767423
898.15,-0.00990024594031454
898.32,0.044343463942234145
898.49,-0.007805142363216446
898.66,0.006644097411816144
898.83,0.05319067462552094
899.0,0.0018130316637779808
899.17,-0.013153223595813567
899.34,0.022623238273144258
899.51,0.020628449149679064
899.68,0.03271954346972257
899.85,0.008196908047914828
900.02,0.029203461220215745
900.19,0.04812083526431594
900.36,0.05792523642220001
900.53,0.015833925016012725
900.7,0.05697231725382531
900.87,0.011660782634099054
901.04,0.05259430830739276
901.21,0.020571165597116102
901.38,-0.011740006635010021
901.55,0.048320584838181524
901.72,-0.011259539265921678
901.89,-0.0031709946458454066
902.06,0.03768299989246601
902.23,0.004838135537985686
902.4,0.02501278647799513
902.57,0.02019791243052737
902.74,0.04421034072376256
