Wavelength [nm],#27-BP650-Semrock-confocal.csv
400.08,0.04925407212012577
400.29,0.05104645484158436
400.5,0.042176383017919164
400.71,0.09538241712853664
400.92,0.006293320372029967
401.13,0.04714993236579601
401.34,0.09906316529473652
401.54,0.040703923313088565
401.75,0.039500157752365046
401.96,0.0425590909312021
402.17,0.06535356899313326
402.38,0.014473586078309562
402.59,0.03631496107922534
402.8,0.07257126010520278
403.01,0.0330036045389053
403.22,0.027986368263428936
403.43,0.003406369464649674
403.63,0.06124307799638583
403.84,0.05786973108338994
404.05,0.1006992939866477
404.26,0.060788714633239746
404.47,0.07552538654050538
404.68,0.023057296081580192
404.89,0.030470643897823158
405.1,0.06179531102191092
405.31,0.03792447339556336
405.52,0.05006202167247881
405.72,0.025510226951817053
405.93,0.0280496802176682
406.14,0.05492457812379282
406.35,0.04139249735192569
406.56,0.043758227055954814
406.77,0.008124867332975088
406.98,0.05626563224198193
407.19,0.035657168600067624
407.39,0.030783093594757723
407.6,-0.020757103972942878
407.81,0.06748960150275062
408.02,0.05621413936608414
408.23,0.05400458665501806
408.44,0.04753093460747167
408.65,0.04040118967501036
408.86,0.012623973841356896
409.06,0.05823766795255623
409.27,0.05319067462552094
409.48,0.04528843588690387
409.69,0.03557301956016764
409.9,0.08275593149164646
410.11,0.03743204634325361
410.32,0.04632457086424891
410.52,0.030727924873376274
410.73,0.043793378785086955
410.94,0.02301504814516753
411.15,0.04051672069717854
411.36,0.04916820114300263
411.57,0.03891644862247379
411.78,0.06446783871136957
411.98,0.0499973108604006
412.19,0.023171352374748114
412.4,0.0768086604121014
412.61,0.041880560443041635
412.82,0.021866201308013342
413.03,0.036531949275332105
413.23,0.07277031698476885
413.44,0.02614540477874555
413.65,0.026273315201864142
413.86,0.03460386895697955
414.07,0.056890715576477346
414.28,0.00976542252557467
414.48,0.05260137033804067
414.69,0.013303046232594231
414.9,0.029812350440529534
415.11,0.046566884870275105
415.32,0.032698352188423874
415.53,0.035630230854746335
415.73,0.015486001778407404
415.94,0.023865693751028733
416.15,-0.006890739074476889
416.36,0.04449712259226741
416.57,0.051267342144013364
416.78,0.028336295466266974
416.98,0.05121531896875837
417.19,0.02257345315656159
417.4,0.03963232524606135
417.61,0.039094781482802016
417.82,0.03405579763454251
418.02,0.029398109458279982
418.23,0.022802515686539362
418.44,-0.01333598802326423
418.65,0.011664014922916592
418.86,0.06022438485064213
419.07,0.04153147067400512
419.27,0.0695005348072051
419.48,0.05665696580942769
419.69,0.027602537410766945
419.9,0.032628643611316385
420.11,0.03217186078443883
420.31,0.043756902076506725
420.52,0.024340108415057148
420.73,0.016748047767963316
420.94,0.03711750231659029
421.15,0.02867612595338535
421.35,0.04777340065849734
421.56,0.032695799110612385
421.77,-0.001421495011388647
421.98,0.042864520571526975
422.19,0.05211432391776705
422.39,0.028438676062295876
422.6,0.041456726228305214
422.81,0.004055636943818207
423.02,0.05333940944500465
423.22,0.019267555278687228
423.43,0.012984671499946296
423.64,0.017500451569587763
423.85,0.032695799110612385
424.06,0.03856344236391746
424.26,0.03747004966598439
424.47,0.030764669195456396
424.68,0.03177399028875875
424.89,0.015790038329123342
425.09,0.02743990334001707
425.3,0.03636321459698241
425.51,0.010577710849367993
425.72,0.0058857593414755
425.93,0.037950515166074755
426.13,0.06261485996273347
426.34,-0.02148873881681154
426.55,0.047512071762273386
426.76,0.027716442639413835
426.96,0.02132833874304994
427.17,-0.003035582222194683
427.38,0.024627460085585053
427.59,0.03953412224088919
427.79,0.03363629396888654
428.0,0.057991312278749124
428.21,0.029303648320560132
428.42,0.023291134607936158
428.62,0.0563557335220392
428.83,0.03391051433910518
429.04,0.04039320766279695
429.25,0.055114961679440216
429.45,-0.012999725577066133
429.66,0.030468622011934243
429.87,0.021977418469043306
430.08,0.046834257725275545
430.28,0.004909254638939042
430.49,0.02434832096898905
430.7,0.007666081447384159
430.91,0.009531780072631658
431.11,0.015767543118933674
431.32,0.014245114515235002
431.53,0.04073478406388194
431.74,0.023521343029535683
431.94,0.03221247629830715
432.15,0.008294227092575686
432.36,0.036924308235163565
432.56,0.030953815509647133
432.77,0.014425332400673119
432.98,0.0034119200353544387
433.19,0.005880670798519812
433.39,0.031141711389301222
433.6,0.02903424681094271
433.81,0.027432878869459137
434.02,0.012711232311706558
434.22,0.012315198067866748
434.43,0.01683904653312958
434.64,0.041474703953826776
434.84,0.04285266118848583
435.05,0.023513803777876076
435.26,0.04104506413208097
435.47,0.04887840955171296
435.67,0.030663294209640254
435.88,0.04541862614125723
436.09,0.030522530627228078
436.29,0.025127072754263253
436.5,0.011215328571838367
436.71,0.03737304591256452
436.92,0.03807921623653726
437.12,0.03848236588816884
437.33,0.02384888444632402
437.54,0.02609153872989466
437.74,0.02423773181432735
437.95,0.009066873092543852
438.16,0.014926371675495402
438.36,0.018681918143990475
438.57,0.04470639094327761
438.78,0.03293248055419001
438.99,0.02553992752088374
439.19,0.023514683263583386
439.4,0.029283978259341942
439.61,0.020069322816515023
439.81,0.021699739043439147
440.02,0.018374799479051823
440.23,0.027714205907137367
440.43,0.03714060625847253
440.64,0.018060096883349825
440.85,0.0210302894819708
441.05,0.027899109232187694
441.26,0.013866078169463988
441.47,0.040940660119930354
441.67,0.02415819040584407
441.88,0.025165411033517975
442.09,0.03464052138067975
442.29,0.005394064467659688
442.5,0.03853451513373804
442.71,0.027714205907137367
442.91,0.023845641861460584
443.12,0.03281617301363425
443.33,0.022897297865579053
443.53,0.027318719838866905
443.74,0.012846936126505436
443.95,0.02552341254980592
444.15,0.008930256098346051
444.36,0.026959379120033395
444.57,0.030418637199905212
444.77,0.023416948244364043
444.98,0.010474737330920745
445.19,0.019304262616364552
445.39,0.01466338987904525
445.6,0.039452073465771655
445.81,0.02229804504132322
446.01,0.022632252131190744
446.22,0.027562451927900234
446.43,0.018716480300524786
446.63,0.021951161426230135
446.84,0.020710014414671435
447.05,0.00536672629695888
447.25,0.020784938890154127
447.46,0.028713036327469545
447.67,0.0106784637377655
447.87,0.008611407814269317
448.08,0.023578154109883315
448.28,0.023441912798874847
448.49,0.03570824463936982
448.7,0.03415313326009161
448.9,0.019733692432466723
449.11,-0.0026774188746334
449.32,0.028122258575014117
449.52,0.019745692455426206
449.73,0.023346925223851196
449.93,0.02570310671170119
450.14,0.03355271569385508
450.35,0.009967630777536174
450.55,0.021210720210538228
450.76,0.018540770653446732
450.97,0.018113234109772555
451.17,0.022017420233268716
451.38,0.018019892115447616
451.58,0.013819028961719724
451.79,0.01570258639301086
452.0,0.0156405749542515
452.2,0.0333823812672636
452.41,0.008983627784699013
452.62,0.017259541035979983
452.82,0.014149540446720336
453.03,0.020451979571496585
453.23,0.02034852489310043
453.44,0.026397036437677147
453.65,0.018621284498406054
453.85,0.011433427557152091
454.06,0.01923110676862412
454.26,0.03308605014638873
454.47,0.017455919348212313
454.68,0.03139443031324903
454.88,0.03288557478656396
455.09,0.014375040288790069
455.29,0.013202915004900413
455.5,0.011824026983084488
455.71,0.012815895257521508
455.91,0.025626201673928237
456.12,0.00884849726274377
456.32,0.023774627937401042
456.53,0.03238342222631378
456.73,0.04337482475891076
456.94,0.013691035432228557
457.15,0.028767917018912032
457.35,0.036104540997194734
457.56,0.02782827157697285
457.76,0.03630798468665201
457.97,0.019633471810960618
458.18,0.024263696017091427
458.38,0.024967569385499933
458.59,0.009699378401188386
458.79,0.027053390383120903
459.0,0.03183293710946595
459.2,0.019221707408932077
459.41,0.018500483486221093
459.62,0.029906146256437918
459.82,0.029825934067493814
460.03,0.013653748406396098
460.23,0.021292937350736015
460.44,0.020443711831449777
460.64,0.018793482164482657
460.85,0.01077417170974961
461.06,0.015248491113915217
461.26,0.008950347315805244
461.47,0.018265536752883105
461.67,0.02224106776831006
461.88,0.009384136176331416
462.08,0.02496819865675316
462.29,0.0011889618649567957
462.49,0.01100658370823193
462.7,0.023608638705258533
462.91,0.02823263017867177
463.11,0.00895711257064883
463.32,0.026032817757678933
463.52,0.017263504515629177
463.73,0.012051577025468186
463.93,0.023842900210347278
464.14,0.00962995506432047
464.34,0.02811920492074844
464.55,-0.001504506618448823
464.75,0.008919023490426378
464.96,0.020158786912272266
465.16,0.015403577088775884
465.37,0.028490819850936207
465.58,0.015741446066933798
465.78,0.011570744633624973
465.99,0.023271846340197282
466.19,0.005579866432727464
466.4,0.018620027005176714
466.6,0.021317016640629925
466.81,0.01755347470201122
467.01,0.0233077254760053
467.22,0.005919798498372449
467.42,0.016290684586195057
467.63,0.015306020846139256
467.83,0.0195082765643877
468.04,0.025687543809013332
468.24,0.010165223143752003
468.45,0.022536657588910596
468.65,0.020539393570460456
468.86,0.009465937930511103
469.06,0.011191295906690863
469.27,0.012976906763119949
469.47,0.008357295182227473
469.68,0.00562451250744675
469.88,0.011359646639107551
470.09,0.005154546511363146
470.29,0.013886362842506808
470.5,0.002150285728628934
470.7,0.015194265249836827
470.91,0.019451114559570448
471.11,0.005447785610184124
471.32,0.006746713958091039
471.52,0.0029854401681733834
471.73,0.011024565742120651
471.93,0.0020251232353341916
472.14,0.02326865812340231
472.34,0.009086321719891105
472.55,0.014398648294709214
472.75,0.015826173563878103
472.96,0.01772998094612426
473.16,0.016068499594074043
473.37,0.012649347407901274
473.57,0.011957916127722587
473.78,0.006521959281342113
473.98,0.004618352985791944
474.19,0.01172114263023355
474.39,0.015686587310055358
474.6,0.01058069391556776
474.8,0.01191515385151017
475.01,0.00719227163445669
475.21,0.0009556092281153216
475.42,0.00824555819343335
475.62,0.009062267173751089
475.83,0.012315245108553191
476.03,0.017852101877495294
476.24,0.013478166702763951
476.44,0.0166142768020275
476.64,0.008807124447839213
476.85,0.0045806211625589845
477.05,0.004380431008437097
477.26,0.010405600919165937
477.46,0.008918033854343312
477.67,0.012146741653453245
477.87,0.01463557135206194
478.08,-0.0013272872821353254
478.28,0.005462837054947563
478.49,0.010428857736672015
478.69,0.002780584908111662
478.9,0.0029169236257352345
479.1,0.01096156114216091
479.3,0.01424034683050422
479.51,0.009352326064036978
479.71,0.008699032979868194
479.92,-0.0022142072026513555
480.12,0.0069880573596510925
480.33,0.001910742755607491
480.53,0.005885801533555636
480.74,0.011540312133736361
480.94,0.007011568406669374
481.14,0.008043673820802986
481.35,0.006542659851163082
481.55,0.009308819923571025
481.76,0.004327446950201192
481.96,0.010066395039968716
482.17,0.009499411809452395
482.37,0.0029822377828696723
482.57,0.006822443397602517
482.78,0.008997242227524238
482.98,0.005621893953280207
483.19,0.0023451478090259956
483.39,0.009017840926248905
483.6,0.00109963916508397
483.8,0.007910239673975356
484.0,0.002272667344642278
484.21,0.007063910445002726
484.41,0.010150128730340508
484.62,0.0004945936664653334
484.82,0.004553565633804004
485.02,0.004853984469818328
485.23,0.008681904126119414
485.43,9.206323549565575e-05
485.64,0.01044215920931141
485.84,0.004336842192955121
486.05,0.010347657628621774
486.25,0.010782154329242042
486.45,0.011042663232983821
486.66,0.006409111733095248
486.86,0.00582318264320178
487.07,0.0074594853346292974
487.27,0.008372675131671718
487.47,0.004720852353525913
487.68,0.008162146995230006
487.88,0.007975681595743495
488.09,0.004627277333959108
488.29,0.006584020879779031
488.49,0.0026594320595427277
488.7,0.005160194203240596
488.9,0.007109605202378259
489.1,0.007704287944654086
489.31,-0.0004470591078277246
489.51,0.008120831230156018
489.72,0.010513838164602973
489.92,0.005307215143638146
490.12,0.00626315939902633
490.33,0.011485365621719461
490.53,0.006733423783875676
490.74,0.01135377607716152
490.94,0.010471258726304257
491.14,0.005941807120371979
491.35,0.0016222094208903429
491.55,0.007361177690971859
491.75,0.006809357949748385
491.96,-0.0007670080532799428
492.16,0.004138916215997529
492.36,0.006842745783266632
492.57,0.005828284849439529
492.77,0.010588293889513305
492.98,0.006710008474732957
493.18,0.008629466549059354
493.38,0.00646913204681735
493.59,0.010894294276236012
493.79,0.016282585136566538
493.99,0.006037810904980858
494.2,0.0005612804872728986
494.4,0.009354845320381649
494.6,0.010172028941112118
494.81,0.0045740789862246025
495.01,0.009465236002019413
495.22,0.00429067938963789
495.42,0.0002356418359322175
495.62,0.004426935849717215
495.83,0.0038951587922774803
496.03,0.008162946305053115
496.23,0.006504809067576335
496.44,0.00996276369026688
496.64,0.0024149367854782687
496.84,0.00450817081040565
497.05,0.005754854221522446
497.25,0.003669401800340684
497.45,0.002862215137132719
497.66,0.011001723459205574
497.86,0.006266378160410598
498.06,0.006034255614340264
498.27,0.0064375003066904374
498.47,0.009025466195450905
498.67,0.0037063732949348107
498.88,0.005564327278374974
499.08,0.00935852817717076
499.28,0.005392472147147027
499.49,0.0074565706636652304
499.69,0.007059844463740909
499.89,0.0036718926682510074
500.1,0.006797312744012977
500.3,0.005794320319996019
500.5,0.006251813210202245
500.7,0.004089518527066492
500.91,0.008480995658379958
501.11,0.005555019328182357
501.31,0.003945351599505269
501.52,0.001552103711026127
501.72,0.004535439984794423
501.92,0.0062124787353680265
502.13,0.008806739452841175
502.33,0.00415852518679213
502.53,0.003744957846085993
502.74,0.005652984453367773
502.94,0.002735070960044534
503.14,0.0016628645174746833
503.34,0.0023365189388662813
503.55,0.005427881396336433
503.75,0.008500613163268781
503.95,0.004374610424183839
504.16,0.007385883597716494
504.36,0.0005034792240472169
504.56,0.009313324814868901
504.76,0.0041774401343536586
504.97,0.005840448963425433
505.17,0.0048421500707458735
505.37,0.00818367633114411
505.58,0.0046291761686913496
505.78,0.0004931084894886188
505.98,0.0019434868281412799
506.18,0.004927648463214388
506.39,0.005762282173083577
506.59,0.0059966672202676945
506.79,0.007218488289441762
507.0,0.006373453841239948
507.2,0.005823183738289646
507.4,0.012015015827812238
507.6,0.007028956938057917
507.81,0.010855853278029778
508.01,0.0028351644081500943
508.21,0.0057491354355485025
508.41,0.003455378478862468
508.62,0.006497072580617948
508.82,0.006258537350956857
509.02,0.0036635981522202933
509.23,0.007861707463229414
509.43,0.00837026380283829
509.63,0.0034761273359295935
509.83,0.006548863267996986
510.04,0.007246924383840802
510.24,0.007102731291604447
510.44,0.007787986602927727
510.64,0.005749088116814542
510.85,0.007107254276186041
511.05,0.008934939195125365
511.25,0.005482369064392758
511.45,0.007913172874564273
511.66,0.007380439836416474
511.86,0.008719285621601222
512.06,0.003347745200706336
512.26,0.005364643606469963
512.46,0.004150523239182386
512.67,0.007405604371188765
512.87,0.004496947678579227
513.07,0.009480864343332408
513.27,0.005917287175903198
513.48,0.01224802583415957
513.68,0.006121285492666955
513.88,0.008116035621324043
514.08,0.005735181694240097
514.29,0.006236546169623359
514.49,0.004097071594590073
514.69,0.006396744808372592
514.89,0.008434460371256558
515.09,0.0030385932157588826
515.3,0.007703671246314175
515.5,0.00031283397987207545
515.7,0.0028083864073558465
515.9,0.004774010101528625
516.11,0.005095075820685508
516.31,0.00449403639287426
516.51,0.0033622568725507895
516.71,0.004092601429881493
516.91,0.007765305207299383
517.12,0.0062633725171612675
517.32,0.003778297826949732
517.52,0.006381441977525185
517.72,0.005391117216390604
517.92,0.003770602231848298
518.13,0.007100642034100094
518.33,0.006552951770915423
518.53,0.001010708358493753
518.73,0.005223016421893666
518.93,0.0012324202303199132
519.14,0.00949196729432317
519.34,0.002133065928145384
519.54,0.005479792549195766
519.74,0.0016890891891994065
519.94,0.007758558072884854
520.15,0.00859969222154155
520.35,0.002709842521810603
520.55,0.0036690560892953267
520.75,0.006337200324246377
520.95,0.0037239899290969192
521.16,0.005013131209635173
521.36,0.002592293663259107
521.56,0.006152527257324998
521.76,0.005562644976409423
521.96,0.003889133518259614
522.16,0.00397326657633036
522.37,0.004151719294833451
522.57,0.005815647746268849
522.77,0.004881406265083994
522.97,0.0076895726718965735
523.17,0.0039007351705014114
523.37,0.0012596781717799741
523.58,0.003720897126091831
523.78,0.00491532074823563
523.98,0.006219659893672702
524.18,0.005573561196160678
524.38,0.0068435580827634354
524.58,0.002556646870448732
524.79,0.007948610009164952
524.99,-0.00027956276860195516
525.19,0.0038904672308718736
525.39,0.002958835496572567
525.59,0.0047049470659389515
525.79,0.0052838475036516425
526.0,0.003741393681835134
526.2,0.006625145624104695
526.4,0.003713982642760451
526.6,0.005635721518781943
526.8,0.004112984071218552
527.0,0.0015433549229109027
527.2,0.0067605493497114024
527.41,-0.0009054411629362526
527.61,0.00596948020502403
527.81,-0.00016207597587851436
528.01,0.010238777352893504
528.21,0.005160212132930698
528.41,0.0029851962177205663
528.61,0.00466505953403448
528.82,0.004688708186209033
529.02,0.005542263798382728
529.22,0.004699860345895725
529.42,0.006544592882006274
529.62,0.0015100189362305119
529.82,0.004325017096714552
530.02,0.007226917619973101
530.22,0.005442387484752838
530.43,0.004940346057493716
530.63,0.005064963326318815
530.83,0.0064366478974901675
531.03,0.003103713584022073
531.23,0.00608429651556885
531.43,0.004947183199719693
531.63,0.002098085598636578
531.83,0.003140759141380167
532.03,0.0051423247578563985
532.24,0.004150762525542038
532.44,0.007316496614654906
532.64,0.0028687407830153746
532.84,0.0021668468247565053
533.04,0.0073658946074084625
533.24,0.0031542049328485097
533.44,0.006772090466992156
533.64,0.008185331396380809
533.84,0.00263202998262466
534.04,0.004946130100182206
534.25,0.0008073095524893123
534.45,0.006273685696429205
534.65,0.004106895244795153
534.85,0.003560968721262068
535.05,0.006088888699272355
535.25,0.006377288782444312
535.45,0.0009192392680279257
535.65,0.006678220663915194
535.85,0.0014423967588632338
536.05,0.0037000300002432494
536.25,0.002803718021936745
536.46,0.005090490537828439
536.66,0.0037415042129390597
536.86,0.005756110518870869
537.06,0.004661557789623149
537.26,0.0047413358348421305
537.46,0.004367490282712608
537.66,0.006588074095064468
537.86,0.0050828598202184395
538.06,0.005605617684346123
538.26,0.002909017497147933
538.46,0.005462566179742608
538.66,0.0017738704505104134
538.86,0.006963193129618844
539.07,0.0034652710892283355
539.27,0.0027431265909727506
539.47,0.006741878701203532
539.67,0.004710044808758934
539.87,0.007923759221517357
540.07,0.007405941702703194
540.27,0.003843672712886111
540.47,0.0003702846740900152
540.67,0.00682965723984309
540.87,0.003715183481525854
541.07,0.0034220977001266167
541.27,0.004860907895005009
541.47,0.002628637270081182
541.67,0.005521791763349801
541.87,0.0049720607823750705
542.07,0.004655068477848465
542.27,0.003867380765931351
542.47,0.004204222613453287
542.67,0.004410672687839991
542.87,0.0054223206804938605
543.08,0.005141487242434387
543.28,0.00400099708058186
543.48,0.007016564621007171
543.68,0.005217866750204169
543.88,0.0049836088850756495
544.08,0.005608014150941587
544.28,0.004531002657507703
544.48,0.0027009491274839637
544.68,0.008751681951349859
544.88,0.007323539630025632
545.08,0.007677259138504034
545.28,0.0037059968466348486
545.48,0.007683163967116505
545.68,0.0008882043073571644
545.88,0.007063538206138811
546.08,0.004630770309577633
546.28,0.008069588480974655
546.48,0.004786710960435894
546.68,0.005536415968652663
546.88,0.002595460328905832
547.08,0.00047782386020942403
547.28,0.004686375244354501
547.48,0.004578582840524762
547.68,0.006373871329761584
547.88,0.005307233358120751
548.08,0.004883754249516411
548.28,0.006181235889727212
548.48,0.003875188284310938
548.68,0.009402710693414477
548.88,0.005595289492712577
549.08,0.006767036383223277
549.28,0.0012133119611861963
549.48,0.00402609375547024
549.68,0.002557485145872145
549.88,0.004323309609942154
550.08,0.006283069648225096
550.28,0.004959139799492479
550.48,0.008096510008326962
550.68,0.005182131746771005
550.88,0.00661677492127932
551.08,0.004539852087599427
551.28,0.00690719819087401
551.48,0.0034070952276888523
551.68,0.006690335240929342
551.88,0.005317016272841826
552.08,0.003707481548126393
552.28,0.003670650245957022
552.48,0.003483887339161508
552.68,0.0044606589077900455
552.88,0.003606092288316243
553.08,0.005388262557393153
553.28,0.008603296898555985
553.48,0.006338092163823282
553.68,0.004807962483080583
553.88,0.0008856043601066677
554.08,0.006597228229202061
554.28,0.00651932278925061
554.47,0.007743326836613676
554.67,0.001923790905845144
554.87,0.004825937161583915
555.07,0.0033932097463719537
555.27,0.006589810666573527
555.47,0.0008552928097658135
555.67,0.003961012819311525
555.87,0.0031104284724458526
556.07,0.008096526515730383
556.27,0.004097326340699007
556.47,0.003215788643770824
556.67,0.005970428838769042
556.87,0.005795206505219898
557.07,0.0034976737531393514
557.27,0.004212640992296377
557.47,0.0036252570234070105
557.67,0.004818204686623197
557.87,0.006307023497528532
558.07,0.001268629218137267
558.26,0.0042989368623914245
558.46,0.003184227718321961
558.66,0.002765520974975606
558.86,0.00308304869149678
559.06,0.0029680556355562455
559.26,0.0028702359613187243
559.46,0.004844471783603291
559.66,0.0031701147567773065
559.86,0.004200693229155854
560.06,0.005903517886515178
560.26,-5.359332292820394e-05
560.46,0.004288085861955381
560.66,0.007524124518438692
560.86,0.00671992594001758
561.05,0.005889131305935264
561.25,0.002133792241060973
561.45,0.00434735218013327
561.65,0.0030022473439272664
561.85,0.0027908938229744724
562.05,0.003847296041243522
562.25,0.004088061576582634
562.45,0.005404710874915015
562.65,0.0047780926137957315
562.85,0.003297179520705972
563.05,0.005201623069003972
563.24,0.004547362756232078
563.44,0.006804585810960556
563.64,0.005490313358362131
563.84,0.007446981826751993
564.04,0.0028305716038058083
564.24,0.0052298375997798
564.44,0.00860897305859108
564.64,0.0032596111236637996
564.84,0.004096541799543411
565.03,0.006754936852784965
565.23,0.005909737902368223
565.43,0.004566536081432027
565.63,0.001023933162595736
565.83,0.005585993195088453
566.03,0.004026930029078148
566.23,0.0021941401320417905
566.43,0.0032669286061116354
566.63,0.006630771346385602
566.82,0.0024027976009462887
567.02,0.004866820604018538
567.22,0.0015256907377695582
567.42,0.008760501645810199
567.62,0.006352693251101386
567.82,0.002077229506890288
568.02,0.006519291813817343
568.22,0.004950835905514431
568.41,0.003651286537839383
568.61,0.002673475739004079
568.81,0.00391955215868003
569.01,0.0020915964357711035
569.21,0.0037830111495366515
569.41,0.0031566921558980037
569.61,0.006351822052663487
569.8,0.0031585344987755336
570.0,0.006086340141732912
570.2,0.00399704477321131
570.4,0.007616737899372474
570.6,0.0029706369493091053
570.8,0.005196187993991791
571.0,0.004713507916769423
571.19,0.0037975748782698862
571.39,0.0033595036887766176
571.59,0.0056236003704553264
571.79,0.006865980172318172
571.99,0.0050018334346470595
572.19,0.005329942483903204
572.38,0.0068006194183701804
572.58,0.004814361765094422
572.78,0.004462177870236597
572.98,0.0004331962881037646
573.18,0.004593928022543216
573.38,0.004758005284212372
573.57,0.005386691280038296
573.77,0.0050223850251876765
573.97,4.53383678533705e-05
574.17,0.004635967331138119
574.37,0.0005268150962138969
574.57,0.003776257516466283
574.76,0.00316199650600236
574.96,0.0063212785819866
575.16,0.004418058673761646
575.36,0.004940855791167097
575.56,0.0025451945833942953
575.75,0.004208312668474626
575.95,0.004140324983820703
576.15,0.0035375336153987513
576.35,0.006015251660714456
576.55,0.005279217220223914
576.74,0.000423111918378549
576.94,0.004977127460115938
577.14,0.006055564306866969
577.34,0.005327739642231376
577.54,0.006916862044187309
577.74,0.003270678603522971
577.93,0.0037816844883387475
578.13,0.006992950303541268
578.33,0.004918806146703642
578.53,0.00304995170149599
578.72,0.005144097097709828
578.92,0.003567279491595133
579.12,0.0031068566643572644
579.32,0.00506429594703016
579.52,0.0021385947717228993
579.71,0.003849829613131649
579.91,0.00328595563428408
580.11,0.0055636693588825194
580.31,0.0047720285865973065
580.51,0.0072051095645041885
580.7,0.0031032935752850397
580.9,0.00230459004009235
581.1,0.003780777413324564
581.3,0.005089360822158598
581.49,0.006051095513992001
581.69,0.004065579377124173
581.89,0.006030154473292607
582.09,0.004281066348231105
582.29,0.006275327222708409
582.48,0.00543644510864554
582.68,0.0010825512361757497
582.88,0.001747766789708091
583.08,0.0066021775255217805
583.27,0.00394147245559376
583.47,0.004825968018223269
583.67,0.0014481457101924108
583.87,0.0022993929237644646
584.06,0.0026770062580728773
584.26,0.004437041171167307
584.46,0.005854588960120231
584.66,0.006585190162449932
584.85,0.001626520488565635
585.05,0.004256221790872409
585.25,0.004732651246001738
585.45,0.004593788107560441
585.64,0.007572675300423694
585.84,0.0024915332223051003
586.04,0.0056752422414168184
586.24,0.0048205442980362445
586.43,0.004492627862190678
586.63,0.003413160005803621
586.83,0.0024793981521256856
587.03,0.004982655398345957
587.22,0.003301653840294511
587.42,0.006038061042260367
587.62,0.004445923761351898
587.82,0.002294004128060938
588.01,0.003938913644480937
588.21,0.005586003265850579
588.41,0.0035929326561128434
588.6,0.0055179900733887625
588.8,0.007516095835069788
589.0,0.0035852314611351894
589.2,0.004698287942668233
589.39,0.005681011644926969
589.59,0.005515387609090503
589.79,0.003969840375902565
589.98,0.004999426570985303
590.18,0.003722832365333591
590.38,0.006662506527087043
590.58,0.0050003685059398055
590.77,0.005202473409898973
590.97,0.005807240542544135
591.17,0.0031943024550762714
591.36,0.006546041651282531
591.56,0.002729961704565034
591.76,0.0024701436201047373
591.96,0.0018910237346572419
592.15,0.00599371500976993
592.35,0.001550164004575679
592.55,0.006637081674953697
592.74,0.006228287866281403
592.94,0.00679366473144843
593.14,0.002919822521246226
593.33,0.00380209327841751
593.53,0.0070689295596886755
593.73,0.0021759871728474186
593.92,0.0036350626355115146
594.12,0.003019042341174196
594.32,0.003988745038823019
594.51,0.004288409212295678
594.71,0.006493564606012558
594.91,0.004682595701863731
595.11,0.00429912084160141
595.3,0.0012562371587907287
595.5,0.003961122330011807
595.7,0.004524324750826385
595.89,0.004264604524643858
596.09,0.004224194768093682
596.29,0.005368533031422848
596.48,0.007468693484432129
596.68,0.004711445377152365
596.88,0.002003759104448255
597.07,0.0023826099420885508
597.27,0.005176741355285057
597.47,0.00594201683691188
597.66,0.007507014231145975
597.86,0.0022668045253455304
598.06,0.004526014591400811
598.25,0.005367394581273013
598.45,0.005148394002209463
598.64,0.003306578249817171
598.84,0.0018023117403312655
599.04,0.0056899511048440704
599.23,0.004725828308005509
599.43,0.004141684955228065
599.63,0.005404758381864222
599.82,0.0050187835672372205
600.02,0.002378604983951726
600.22,0.0009732098171495587
600.41,0.002202325723468223
600.61,0.0026607447866714706
600.81,0.0033439984643794446
601.0,0.004667007936009008
601.2,0.007507299536569069
601.39,0.0025299346894560692
601.59,0.002811135561379229
601.79,0.004926647145676635
601.98,0.005081521456450026
602.18,0.0028776396316331867
602.38,0.0013620652470897447
602.57,0.0048345107241160494
602.77,0.003173087579604263
602.96,0.0014567360239201444
603.16,0.0007858662866032693
603.36,0.005002232749027235
603.55,0.0052553510078363315
603.75,0.00433666905566296
603.95,0.006863409108313769
604.14,0.004764709206403339
604.34,0.004793607540593575
604.53,0.002802087788606611
604.73,0.005374948540365024
604.93,0.00348133257804759
605.12,0.006522601936788312
605.32,0.005451114519012505
605.51,0.0053295661325536555
605.71,0.004776259496858834
605.91,0.005448841433210417
606.1,0.00650420077288329
606.3,0.004615790008694703
606.49,0.004816758767461868
606.69,0.00431852147333018
606.89,0.005212113817663774
607.08,0.004278144638311503
607.28,0.0032533175721183114
607.47,0.006045652799963333
607.67,0.003913339842073993
607.87,0.0049911913366920005
608.06,0.007964699534567977
608.26,0.005205976070822392
608.45,0.0025197244239062726
608.65,0.003933523613672977
608.84,0.003861908084167162
609.04,0.002854410699097352
609.24,0.0025311193367603944
609.43,0.0054110669532226475
609.63,0.004939349553549554
609.82,0.006735813008873966
610.02,0.005955372646561004
610.21,0.007132539135435109
610.41,0.0022462443372024857
610.61,0.006536311651339539
610.8,0.006255428911988584
611.0,0.0036408698296664134
611.19,0.0017934447090544885
611.39,0.0036284463394990834
611.58,0.005073217562227675
611.78,0.004718408012628133
611.98,0.00239182376483772
612.17,0.006871102031534315
612.37,0.004403555358600557
612.56,0.003489358402791242
612.76,0.005300715322443353
612.95,0.004552771132331997
613.15,0.003401380576762309
613.34,0.0037399518773258682
613.54,0.003521831291176241
613.73,0.005624350372161615
613.93,0.006746586626593702
614.13,0.006309799161070709
614.32,0.0017942819250068944
614.52,0.004156731726232992
614.71,0.0036992153745329334
614.91,0.00429013952814275
615.1,0.005084404871181066
615.3,0.004627392956205242
615.49,0.003115987916535678
615.69,0.006014338881312993
615.88,0.00476249099413162
616.08,0.0014785482646921064
616.27,0.004223636365246404
616.47,0.0032066109854684637
616.66,0.0027155593700335483
616.86,0.0049009986218108495
617.06,0.005501459245765094
617.25,0.004694406094385106
617.45,0.005920623618254226
617.64,0.0029147710998716305
617.84,0.0032635757524024775
618.03,0.004545908937125487
618.23,0.002250177153203272
618.42,0.0025533484645033815
618.62,0.004597334254811039
618.81,0.003140899980176651
619.01,0.005055340360024536
619.2,0.00334128538069598
619.4,0.00257929740162836
619.59,0.004676523340465737
619.79,0.004938053992356985
619.98,0.005615400386750196
620.18,0.0035961126031486307
620.37,0.005802263389172211
620.57,0.0020003499068630293
620.76,0.005220329254997333
620.96,0.0037749642317584987
621.15,0.00521224588162947
621.35,0.0013547116836856237
621.54,0.0038679374363589742
621.74,0.002641124000581653
621.93,0.005040330741160386
622.13,0.005684867500925082
622.32,0.002046008268844828
622.51,0.0031940981309374196
622.71,0.0058417035792399045
622.9,0.006493015117205604
623.1,0.005034875143422515
623.29,0.004846965018658806
623.49,0.0036562789215898385
623.68,0.006938317001403215
623.88,0.00463284389199745
624.07,0.0038177311878702623
624.27,0.004179994476723145
624.46,0.004952026772634192
624.66,0.00279055428115412
624.85,0.005674502657491674
625.05,0.005939685106643592
625.24,0.006377134348183319
625.43,0.001650877148572542
625.63,0.004131736077209061
625.82,0.0065970541538926475
626.02,0.0033885645358756886
626.21,0.0051754470179170625
626.41,0.0033103801974522806
626.6,0.005535989712141313
626.8,0.0027970838184267284
626.99,0.005075443289899264
627.19,0.005648755152059388
627.38,0.0048427522545911005
627.57,0.003725209325322518
627.77,0.003967670198432653
627.96,0.004707145698079081
628.16,0.0015816473465440192
628.35,0.004734869128659425
628.55,0.007187448215837168
628.74,0.004457490659193414
628.93,0.0030880870489180456
629.13,0.004162238014530616
629.32,0.0028913148382401824
629.52,0.00435604784667308
629.71,0.005808659079585768
629.91,0.004586469529211942
630.1,0.004246471174575506
630.29,0.003173488304980399
630.49,0.007361024343132885
630.68,0.002826910231273015
630.88,0.00840824915104911
631.07,0.0024234742853733826
631.27,0.00304566270266197
631.46,0.006088908211750118
631.65,0.004479860040769266
631.85,0.0024720029657789248
632.04,0.003792929865652481
632.24,0.004180185702617094
632.43,0.0031040308331840793
632.62,0.005070671350998235
632.82,0.0054472145246507895
633.01,0.006201557749256503
633.21,0.00529081545782974
633.4,0.003014675742257339
633.59,0.0029509638916823447
633.79,0.004830948142100866
633.98,0.0041025240414768105
634.18,0.004630983300585964
634.37,0.0021687672647805684
634.56,0.006523543684746601
634.76,0.006369152902980041
634.95,0.004075539601253928
635.14,0.006559654639402058
635.34,0.002083835662811441
635.53,0.004751764524610183
635.73,0.004186041839680984
635.92,0.005341180719801075
636.11,0.0030754616161016483
636.31,0.00561212635508438
636.5,0.004821968024012086
636.7,0.0017350209801955067
636.89,0.0027236917453587793
637.08,0.00412510245702074
637.28,0.00603351955307263
637.47,0.004588487190940908
637.66,0.004888612403058235
637.86,0.009035090863130762
638.05,0.0055409448288822145
638.24,0.006137862760147277
638.44,0.004288930358274488
638.63,0.00705315517994916
638.83,0.006536316673463505
639.02,0.0029445756297957035
639.21,0.0050667416290967006
639.41,0.004534916530192541
639.6,0.0074281861546800654
639.79,0.005344060458057711
639.99,0.007815961587612883
640.18,0.0041107753304050745
640.37,0.00404671181343294
640.57,0.008237033737745243
640.76,0.011489580164159272
640.95,0.011147457680947697
641.15,0.012770829163217796
641.34,0.014094769709062137
641.53,0.014770821226527243
641.73,0.016547169045900086
641.92,0.023597197432567125
642.11,0.028322273153470693
642.31,0.03628287810946166
642.5,0.04742413918047954
642.69,0.06404417299659032
642.89,0.08340275051936455
643.08,0.1114392708672052
643.27,0.14872459371074623
643.47,0.18455761372756554
643.66,0.23947038794757883
643.85,0.2927190756896355
644.05,0.3609578942417022
644.24,0.4349793491683977
644.43,0.5138048499997873
644.63,0.5892039068934376
644.82,0.6608508531370823
645.01,0.7222240246387056
645.2,0.7728072605190636
645.4,0.8191566846275234
645.59,0.8691440987198467
645.78,0.9040659075861882
645.98,0.9299540714586542
646.17,0.9665042019106603
646.36,0.9768571473287321
646.56,1.002058485074805
646.75,1.0063112145916457
646.94,1.0293143671361538
647.13,1.0262409072357492
647.33,1.0545430580937398
647.52,1.0613278303642477
647.71,1.0380361619889669
647.91,1.0533508870286177
648.1,1.0365792052105631
648.29,1.0304746929033357
648.49,1.0409681061766276
648.68,1.0272394165265748
648.87,1.0386065501632504
649.06,1.0412420674359608
649.26,1.0360570086306493
649.45,1.0420620844435853
649.64,1.0177040839291878
649.83,1.0521559468872694
650.03,1.0401190498423591
650.22,1.0451371975970125
650.41,1.0467171195344955
650.61,1.0396606948867808
650.8,1.041206188982512
650.99,1.0381033653044722
651.18,1.033260237971612
651.38,1.0252699756912493
651.57,1.0192317185670308
651.76,1.036874716946568
651.95,1.0226063816270292
652.15,1.010326242399254
652.34,1.0010276079752862
652.53,0.9949520780309473
652.72,1.0005647339876076
652.92,0.948815206025952
653.11,0.9248153598433563
653.3,0.8921313934968423
653.49,0.8313384153577568
653.69,0.7790520735656241
653.88,0.7242475238508254
654.07,0.6642041390070756
654.26,0.5892279758858859
654.46,0.5252631105529286
654.65,0.4668571785707257
654.84,0.38492102733752
655.03,0.32778251649202983
655.23,0.28030286156618056
655.42,0.23673124950654573
655.61,0.19937106123339907
655.8,0.16664046463258614
655.99,0.137548730455466
656.19,0.11021126034925036
656.38,0.0930108523068702
656.57,0.07095667422495773
656.76,0.05748930598406832
656.96,0.04850150478861498
657.15,0.04238924637413674
657.34,0.031204581558486644
657.53,0.028479106325349328
657.72,0.019476285516048075
657.92,0.019433870736637857
658.11,0.012654333934588983
658.3,0.015706105547514893
658.49,0.011898061024884395
658.68,0.014048505208413109
658.88,0.008275176913361425
659.07,0.011210721537650856
659.26,0.00898116564711917
659.45,0.009831488996354167
659.64,0.005755616870589181
659.84,0.005759661882451064
660.03,0.008038393142908004
660.22,0.007789409181792961
660.41,0.0035576574550275153
660.6,0.006407771707158394
660.8,0.005066515600887642
660.99,0.004397828674288275
661.18,0.005570281881993144
661.37,0.004737463651612376
661.56,0.006808503835539414
661.76,0.005625349669862361
661.95,0.0069653922307198485
662.14,0.0043027765316133865
662.33,0.0053696701557973915
662.52,0.001405454617231094
662.71,0.005592832460281354
662.91,0.0026345048031331223
663.1,0.004960378332412951
663.29,0.005645318414365334
663.48,0.006952134923692371
663.67,0.005084188685545356
663.86,0.0068769378793926035
664.06,0.006472701619979317
664.25,0.002709334877267524
664.44,0.004268382920393338
664.63,0.0024514021043769043
664.82,0.005013037962665501
665.01,0.003645957474212826
665.21,0.0018296543681350142
665.4,0.0036673676102120223
665.59,0.0056854515142403216
665.78,0.0027966508030786872
665.97,0.002300317461436636
666.16,0.006262904262572753
666.35,0.0019390806973526018
666.55,0.0028135089664380235
666.74,0.00044813188849556065
666.93,0.0012308175120445846
667.12,0.0064329558479601446
667.31,0.006536992785217394
667.5,0.0027181814913800903
667.69,0.006267852011200792
667.89,0.0046562153212154275
668.08,0.0044527009919262195
668.27,0.004754191538703357
668.46,0.0029570368851823004
668.65,0.007093605833622703
668.84,0.004034023335019708
669.03,0.0032391955943782214
669.22,0.0055017487076902145
669.42,0.005393472768892741
669.61,0.0021310390895189976
669.8,0.002861006416389757
669.99,0.004272126536284857
670.18,0.0036443994900213082
670.37,0.0037529501747858135
670.56,0.005458327581117067
670.75,0.005577535923403917
670.94,0.0019363809601487614
671.14,0.0034020548652792704
671.33,0.005220772425216474
671.52,0.0056142948336256925
671.71,0.005608161716821238
671.9,0.0027262741503017076
672.09,0.0033956874096641946
672.28,0.00420445914103972
672.47,0.004437594244587794
672.66,0.002133368216351919
672.85,0.00639027504801308
673.05,0.0018744002193066547
673.24,0.004254153898259897
673.43,0.0027415100956997784
673.62,0.003465673629236214
673.81,0.004180368259659287
674.0,0.006331026623704006
674.19,0.0051999164175850175
674.38,0.00035050569072322615
674.57,0.0034744063906163875
674.76,0.006140163447929512
674.95,0.004535569651545833
675.15,0.004188813046105287
675.34,0.0030043640836029525
675.53,0.005680368806058774
675.72,0.003964776969100903
675.91,0.004322563473807803
676.1,-0.0015680135407794263
676.29,0.003793988984065396
676.48,0.004346451220315789
676.67,0.003715308912234213
676.86,0.004670722893700656
677.05,0.004830451850464261
677.24,0.003951654947180104
677.43,-0.0001561016460459413
677.62,0.0065942904552890045
677.81,0.0036949829645942754
678.0,0.00627128479548361
678.2,0.0025159405153702447
678.39,0.004757841136344221
678.58,0.00602953302741166
678.77,0.0008618187926266411
678.96,0.004072997557504713
679.15,0.0032884012002464065
679.34,0.001175393908076018
679.53,0.004467076151727563
679.72,0.002207957896029564
679.91,0.0021201681977750754
680.1,0.0033291965782335418
680.29,0.0019170025621009941
680.48,0.005835931479569783
680.67,0.003937096281974877
680.86,0.005545007643930174
681.05,0.005004437512940476
681.24,0.002666193256440406
681.43,0.0011491365980728129
681.62,0.004430201325797779
681.81,0.0045735953757225474
682.0,0.0009653213882296823
682.19,0.001176720201470443
682.38,0.0053236154749082484
682.57,0.004380521796685469
682.76,0.003946790110107883
682.95,0.0006596913202003829
683.14,-5.4781513065386796e-05
683.33,0.002325137351338419
683.52,0.001084710647565926
683.71,0.0018087142265037562
683.9,0.0032945634995200724
684.09,0.0013707720649464158
684.28,0.004300891551801518
684.47,0.004088387868147725
684.66,0.004019783574401331
684.85,0.0048992583732323895
685.04,0.0035546610274799113
685.23,0.006834053326992018
685.42,0.0005690612509694847
685.61,0.005810112682655491
685.8,0.004188062662738307
685.99,0.0031735993697009153
686.18,0.0028979903727405143
686.37,0.0009836684144557829
686.56,0.0029600569946539503
686.75,0.0027942128292310483
686.94,0.0036390179780994704
687.13,0.0014888899498263003
687.32,0.0033766256112582656
687.51,0.00626354583536238
687.7,0.004387762724121699
687.89,0.0028546064496836874
688.08,0.0029526894468305167
688.27,0.004409172063766633
688.46,0.004863310446649839
688.65,0.0036367914414149488
688.84,0.006946938610375641
689.03,0.0030206683939623313
689.22,0.008808702430912951
689.41,-0.00016169883458893648
689.6,0.0006909660888899685
689.79,0.0019393436747371351
689.98,0.006714829500089899
690.17,0.004069964574754351
690.36,0.00185224238786345
690.55,0.0031995920718406855
690.74,0.0019543225161169804
690.93,0.0037669337251158373
691.12,0.003071504548271521
691.31,0.00475616964486941
691.49,0.003053059983853309
691.68,0.0028052035974001116
691.87,0.004521436698202616
692.06,0.002555882455705994
692.25,0.006501815021859784
692.44,0.004252308420296339
692.63,0.0032682272828110422
692.82,0.001843836850998474
693.01,0.004021464354484473
693.2,0.0023745222542567164
693.39,0.003678707527204513
693.58,0.0030861628181604885
693.77,0.003003777967108351
693.96,0.002182556194781735
694.15,0.004681441943190329
694.33,0.004503616205084471
694.52,0.007135572793924863
694.71,0.0016503568738457425
694.9,0.001878732951861969
695.09,0.0037858297632023226
695.28,0.0032619297639635164
695.47,0.002036851470894251
695.66,0.0036184671337987076
695.85,-5.558191810552212e-05
696.04,0.006157801087303645
696.23,0.001628983406033492
696.42,0.0012093466683807653
696.6,0.006902991372114134
696.79,0.002598767886823147
696.98,0.0015376153928181211
697.17,0.004102953243980133
697.36,0.0031132216353134297
697.55,0.006637774428802449
697.74,0.0015254590122472825
697.93,0.004305233435795163
698.12,0.0030439205234851106
698.31,0.0052212391095026595
698.49,0.0015304602679503858
698.68,0.005119586988172234
698.87,0.00374347852330573
699.06,0.006661130746793038
699.25,0.0032449088334225266
699.44,0.006123220301367442
699.63,0.0023111016121956825
699.82,0.005579856208248084
700.0,0.001249388332538676
700.19,0.0032990113091712243
700.38,0.004231263845695572
700.57,0.003868826346154228
700.76,-0.00016542571431796111
700.95,0.005172582061875797
701.14,0.001355203696848716
701.33,0.008880209119534464
701.51,0.0011417168267724206
701.7,0.002174442147268311
701.89,0.003438924983166999
702.08,0.005528315569496869
702.27,-0.00016605460891404156
702.46,0.006448512723263132
702.65,0.007791926655730496
702.83,0.006940180716091351
703.02,0.0023243615599117962
703.21,0.007771871703619195
703.4,0.0035637738655793652
703.59,0.0019183396349822723
703.78,0.002199203556750933
703.97,0.006174122176433122
704.15,0.0034646692050744436
704.34,0.0038511843924904096
704.53,0.002810936810886797
704.72,0.002782684557692274
704.91,0.0028566670509716555
705.1,0.0066559920481752246
705.28,0.005418255182366268
705.47,0.0010351661632370195
705.66,0.003612139381282584
705.85,0.007547973348338082
706.04,0.003759345336573526
706.23,0.006336202564751442
706.41,0.001386080901228447
706.6,0.0034059488106520075
706.79,0.002283849918433936
706.98,0.004556302182740484
707.17,0.00444973237939636
707.35,0.0026576798393906074
707.54,0.0038957264088622435
707.73,0.005357640900434437
707.92,0.005974791324434188
708.11,0.005957580977889525
708.3,0.004024423595291996
708.48,0.003699920355287789
708.67,0.006274949007795427
708.86,0.004347304160345919
709.05,0.0059389563977123175
709.24,0.0034973966401167307
709.42,0.005264360910893605
709.61,0.004719826509299146
709.8,0.004909893934694404
709.99,0.006652655569652499
710.18,0.004254973783871207
710.36,0.0010441820263476554
710.55,0.004012469166436149
710.74,0.004392293931845597
710.93,0.005612608789046957
711.12,0.0018501854832160057
711.3,0.001401186825853134
711.49,0.003698961037364551
711.68,0.007096203467811303
711.87,0.004457087561037516
712.05,0.006334070472434754
712.24,-0.000172812067080354
712.43,0.00295455193310564
712.62,0.002069727444908374
712.81,0.00436702976235927
712.99,0.005671260882446742
713.18,0.0032462592143109423
713.37,0.00393082115727674
713.56,0.0018530996622817977
713.74,0.004860814065936966
713.93,0.004718777713876696
714.12,0.0036319364171733867
714.31,0.0033332940048309005
714.49,0.006014947683109123
714.68,0.0034510812994252046
714.87,0.0028010420222181185
715.06,0.002511180117981654
715.24,0.006147666602658079
715.43,0.006812369818917496
715.62,0.0021903690931758695
715.81,0.004018732075969976
715.99,0.003350727013288809
716.18,0.0022145336080942415
716.37,0.005732157809601337
716.56,0.0022451758582830777
716.74,0.004805766419493517
716.93,0.0029543940196155786
717.12,0.006541721549095002
717.31,0.007485798367517078
717.49,0.004366017904152144
717.68,0.006833046436032927
717.87,0.004986106154344435
718.06,0.004001083879134956
718.24,0.004741533532726953
718.43,0.0037931583642566618
718.62,0.0037040345568769813
718.8,0.008245381318466917
718.99,0.005107494438078285
719.18,0.0017155204065054219
719.37,0.005506676534919112
719.55,0.0024418552264326263
719.74,0.0050199595154954675
719.93,0.004584016078131012
720.11,0.006549012501638015
720.3,0.004081622222288482
720.49,0.0032037900413893674
720.68,0.0037459180881731537
720.86,0.0028239552772042153
721.05,0.0026379408268532036
721.24,0.006186838278754059
721.42,0.0031598106775752245
721.61,0.005281741694204424
721.8,0.0026259767124390573
721.98,0.006967499972744027
722.17,0.006407156407617611
722.36,0.0063829945508033815
722.55,0.004547172611012453
722.73,0.004399704400962828
722.92,0.005217501397959511
723.11,5.7659795761085496e-05
723.29,0.005402585007793833
723.48,0.004999863391710614
723.67,0.006683199232422899
723.85,0.005914332924464423
724.04,0.005762839315166661
724.23,0.003260616721349977
724.41,0.0022328543096262377
724.6,0.002766890678364355
724.79,0.007166933782470007
724.97,0.0062682096330409914
725.16,0.002592995307065124
725.35,0.0023680500050965838
725.53,0.00041395682237306254
725.72,0.005341448268393968
725.91,0.005435602205193438
726.09,0.002262667744756983
726.28,0.0021464813306504944
726.47,0.007204020246598648
726.65,0.0015278734443079822
726.84,0.002434368078432259
727.03,0.0053178959562461565
727.21,0.00911567952851168
727.4,0.004569956037698523
727.59,0.006800851330237183
727.77,0.007837044739324147
727.96,0.0047340625427426805
728.15,0.0028921577535757532
728.33,0.002403418155242258
728.52,0.006005996636641888
728.7,0.004219000603594894
728.89,0.0037076509967239137
729.08,0.004244978163811068
729.26,0.0021642967238777186
729.45,0.0050209500042618545
729.64,0.00463553614378751
729.82,0.004570631562196703
730.01,0.005367168031663853
730.2,0.006290447316214798
730.38,0.004534264126810927
730.57,0.003769105261307877
730.75,0.0029678584342897997
730.94,0.0012144973996471413
731.13,0.000568028884931428
731.31,0.009092485805718538
731.5,-0.001713919845423656
731.68,0.0027486785022396093
731.87,0.002236897432012278
732.06,-0.0001906569140047548
732.24,0.0035600281923647676
732.43,0.0038510374524871314
732.62,0.002347498325664539
732.8,0.003346352230514972
732.99,0.004229116775890449
733.17,0.005711344940195576
733.36,0.005834527609117579
733.55,0.004986244120358007
733.73,0.004337633362996753
733.92,0.0038923593321738862
734.1,0.006913055645464291
734.29,0.003085332132398532
734.48,0.004994659753690192
734.66,0.005606678837281056
734.85,0.0004404283062587879
735.03,0.0061782424080977895
735.22,0.005864627818127416
735.4,0.00018875212692265773
735.59,0.005915777895715817
735.78,0.0034740844761601978
735.96,0.0034631355411483765
736.15,0.007460470521388447
736.33,0.0009702293282061179
736.52,0.002374049397795907
736.7,0.0032649255881914965
736.89,0.004715412595114002
737.08,0.0044782529252576225
737.26,0.00809740578811228
737.45,0.0010733296051651132
737.63,0.0046255925059866315
737.82,0.0035458309209270935
738.0,0.004001751681647455
738.19,0.003984483515263667
738.38,0.005195310632040106
738.56,0.005568613753853914
738.75,0.0012619091780049234
738.93,0.0024040205898394483
739.12,0.005375770007129463
739.3,0.0012438451396267005
739.49,0.007899508580138234
739.67,0.004171981583960598
739.86,0.0019102736444440908
740.04,0.005039807172595141
740.23,0.005505396519574774
740.42,0.006682742844187933
740.6,0.007538721055052911
740.79,0.00032569784437332604
740.97,0.003987090318350646
741.16,0.0009879340762102959
741.34,0.00675609630434647
741.53,0.002603288714000389
741.71,0.004784698551009745
741.9,0.0012929165555681642
742.08,0.004203813753830508
742.27,0.004375308081887626
742.45,0.01004211456367465
742.64,0.008408569216609145
742.82,0.009447405302150167
743.01,0.004500349919738526
743.19,0.010170230889736781
743.38,0.004926920592189779
743.57,0.0031074206518370744
743.75,0.00637686538984569
743.94,0.00371084738327018
744.12,0.003601296055506651
744.31,0.008129503922716955
744.49,0.002277084198408185
744.68,0.0069049075482534045
744.86,0.003998553434348912
745.05,0.0075507303217567925
745.23,0.004877464885566795
745.42,0.008629252206006943
745.6,0.0021676056600664195
745.79,0.002592644765255839
745.97,0.0019730424432180213
746.16,0.005379483720460001
746.34,0.0014412310915778391
746.52,0.0010172581244738057
746.71,0.005916487686998468
746.89,0.005340650615585517
747.08,0.005932636471502487
747.26,0.004926236342445618
747.45,0.0045623055013902705
747.63,0.004199179199513811
747.82,0.0008957365628312698
748.0,0.004643317838973435
748.19,0.005145146516661217
748.37,0.0027632587156487896
748.56,0.003883697573006858
748.74,0.0059680172504863885
748.93,0.005589584127190741
749.11,0.008258097685852927
749.3,0.0038902973833585797
749.48,0.005194242326594331
749.67,0.003486191800505588
749.85,0.0033783836259453706
750.03,0.007346240551514818
750.22,0.005085136457091943
750.4,0.007755598519865308
750.59,0.00805067427409831
750.77,0.007116655084141916
750.96,0.004463685852629344
751.14,0.0052784390938723
751.33,0.010787041154867902
751.51,0.0016459244402489226
751.69,0.00789841953371003
751.88,0.004698163672218385
752.06,0.005610118040660379
752.25,0.003850655877783673
752.43,0.006990858434189684
752.62,0.009620380555002039
752.8,0.00783866431058513
752.99,0.0015157076990765747
753.17,-0.0006639976667786457
753.35,0.005642206553822541
753.54,0.003730696503808941
753.72,0.0016920527640310707
753.91,0.0040974481219716525
754.09,0.003935380401388485
754.28,6.991988035694948e-05
754.46,0.0018493773620634991
754.64,0.004067718972124652
754.83,0.007570999616397048
755.01,0.006363234120343654
755.2,0.0003583834870243846
755.38,0.005136164914682212
755.56,0.0037504720531305455
755.75,0.0062330205739958375
755.93,0.008116137462489065
756.12,0.006800481375740455
756.3,0.004747885592725956
756.48,0.005919131218754382
756.67,0.00546019614485057
756.85,0.005400225077832578
757.04,0.006574126609464246
757.22,0.0026909973754880505
757.4,0.004851077089930403
757.59,0.005214827933095529
757.77,0.0016339658332187393
757.96,0.004842120526683693
758.14,0.004775701034688249
758.32,0.00038215944003351594
758.51,0.0050883600171134
758.69,0.002988918417932854
758.87,0.004399497740220086
759.06,0.004546294462044024
759.24,0.006909255317186967
759.43,-0.0038461603542596207
759.61,0.0028976870983232978
759.79,0.008838366376480005
759.98,0.009589189450039875
760.16,0.007252661994737489
760.34,0.008510501980800656
760.53,0.0030412043011719347
760.71,0.006938360665674062
760.9,0.004815703137569028
761.08,0.0005391377706513572
761.26,0.0019533681938471497
761.45,0.004824853434611025
761.63,0.008364718612891633
761.81,0.00909283643354958
762.0,0.004029429785584405
762.18,0.0011737109099734973
762.36,0.0058471391565233805
762.55,0.007499255639746339
762.73,0.0037895984629927916
762.91,0.0020697983535569366
763.1,0.007943881580623525
763.28,0.001897782490151188
763.46,0.007552315144552735
763.65,0.004166427984953511
763.83,0.007381624220273151
764.01,0.006539512780594347
764.2,0.006490625781642975
764.38,0.0034060357767337337
764.56,0.006033997808118545
764.75,0.005996414064604769
764.93,0.005472485633308385
765.11,0.007807670218397461
765.3,0.007118756523638841
765.48,0.006062676576600369
765.66,0.005166959710870248
765.85,0.005149977025825128
766.03,0.006266529450883886
766.21,0.005502001520088359
766.4,0.006573263200094008
766.58,0.004458460944124242
766.76,0.004329882850588131
766.95,0.00410812224816796
767.13,0.003484718773848967
767.31,0.008428319360453636
767.49,0.009096685081425996
767.68,0.00879560395363276
767.86,0.0038461799786445343
768.04,0.0009263831765931504
768.23,0.00425609726322505
768.41,0.004869868356527423
768.59,0.006256088211704047
768.78,0.010775950556031755
768.96,0.0037571969544189115
769.14,0.005410502597496554
769.32,0.003025619684319753
769.51,0.005196462571785146
769.69,0.008431483044472726
769.87,0.007410634921663637
770.06,0.0048474701082508315
770.24,0.005053886019143861
770.42,0.00769635026004691
770.6,0.003957925476988782
770.79,0.006298414609172941
770.97,0.003521786984855973
771.15,0.0018842264835201934
771.33,0.006541014295860833
771.52,0.0020019756010778776
771.7,0.0024240433962160624
771.88,-0.00047883720169686485
772.07,0.0034013915875482506
772.25,0.0030979957499882274
772.43,0.004833598435366986
772.61,0.0037130945290564164
772.8,0.0010071108719000603
772.98,0.007211737885711547
773.16,0.0019467651905028108
773.34,0.005046988788291495
773.53,0.0018237697832757685
773.71,0.007267217950791395
773.89,0.0034600723482999473
774.07,0.00560916811205687
774.26,0.0019252681999579872
774.44,0.0039865686848935405
774.62,0.002706948881903117
774.8,0.0031469214427127723
774.99,0.0008730182994147093
775.17,6.432664974532584e-05
775.35,0.005677613315438622
775.53,0.0031553826475715697
775.71,-6.967243999993795e-05
775.9,-0.0023163321619369486
776.08,0.00244280808281667
776.26,0.0065444422265382406
776.44,0.00681154225331664
776.63,0.00681355640838994
776.81,0.0067362585079410705
776.99,0.006630223657359225
777.17,0.0012839774921135161
777.35,0.005898453844586744
777.54,0.0036689587449922393
777.72,0.005466519934018901
777.9,0.003563002295446925
778.08,0.005744422577765242
778.27,0.0014063882201579788
778.45,0.0014220498328077844
778.63,0.004736777636606876
778.81,0.0012853715153275604
778.99,0.004969189457025755
779.18,0.0039898920786057
779.36,0.004287357318816402
779.54,0.0022592809871562966
779.72,0.005427484250007548
779.9,0.007655321947665974
780.08,0.010483779082574387
780.27,0.0032967649262611
780.45,0.009510394911834787
780.63,0.005761115344734974
780.81,0.002297090736338235
780.99,0.008187559845244798
781.18,0.004956524230472099
781.36,0.00353989644765568
781.54,0.002739157606564268
781.72,0.0014568716446534467
781.9,0.006381503987367243
782.08,0.01166912753078371
782.27,0.008211968184212898
782.45,0.0029520957493659873
782.63,0.003705190144120966
782.81,0.009171472795839018
782.99,0.005819453661352388
783.17,0.0032754634909299553
783.36,0.0015294335841758585
783.54,0.0061700298650975574
783.72,0.0032569485827555395
783.9,0.006256375202350584
784.08,0.004756496621957743
784.26,0.006582089853015431
784.45,0.004045440427467661
784.63,0.0040615788111313484
784.81,0.008619624676537594
784.99,0.012326197094629782
785.17,0.0014881398139288365
785.35,0.0036716978775054123
785.53,0.0011582445317976384
785.72,0.004137116836024799
785.9,0.006720478691605942
786.08,0.009841907245677064
786.26,0.00594290477182747
786.44,0.007039402547577041
786.62,0.006076190140721047
786.8,0.006536608435019403
786.99,0.004457354409514586
787.17,0.0072389447323949856
787.35,0.0034122083773745894
787.53,0.003780515714488507
787.71,0.00575133985046867
787.89,0.011883506598835072
788.07,0.011041125655376516
788.25,0.002679785266038483
788.43,-0.0024052390023885585
788.62,0.0017050023750548435
788.8,0.00040455671007653065
788.98,0.006031819498738494
789.16,0.006969955460054257
789.34,0.005630279304860566
789.52,-0.0019436622964081904
789.7,0.0023893819500991633
789.88,0.009177132869381212
790.06,0.0036333577423876993
790.25,0.0037355715268961812
790.43,0.005295091343200484
790.61,0.005971112676064873
790.79,0.006534422261148391
790.97,0.009094632938320227
791.15,0.009337703219759458
791.33,0.004550297200754123
791.51,0.008802908579871455
791.69,0.0007769998055937803
791.87,0.010337428823938271
792.05,0.007984099781779894
792.24,0.006290884701032521
792.42,0.0069140551784743175
792.6,0.013619997390254919
792.78,0.0067767908038708
792.96,0.0007629459904211369
793.14,0.010543374845794292
793.32,0.000423483027700235
793.5,0.0068277384231571515
793.68,0.010968578467935846
793.86,0.006692426826025068
794.04,0.005345386693388348
794.22,-0.0013251456678879717
794.4,0.006064103708006737
794.58,-0.0006190325045701693
794.76,0.013538723226321438
794.95,0.007085954116069586
795.13,0.008891302543187556
795.31,0.0006135644150442249
795.49,0.013980262624072646
795.67,0.0039789884948824815
795.85,0.008124981119269022
796.03,0.008159974489186636
796.21,0.0018933690456600554
796.39,0.0027565794828705668
796.57,0.005875579861217339
796.75,0.011200062918019794
796.93,0.00776372295732945
797.11,0.00447087817300584
797.29,0.0029505253790932245
797.47,0.006188205923965728
797.65,0.007679186002287311
797.83,0.010464472187060696
798.01,0.008487164141452305
798.19,0.004535511730128059
798.37,0.0012160590089423334
798.55,0.0008297758003197681
798.73,0.008229334564498992
798.91,0.005907347351889258
799.09,0.001036909478007096
799.27,0.004711247312872471
799.45,0.014775702487035908
799.63,0.005080234713895051
799.81,0.005118702566446109
799.99,0.005704649851945791
800.17,0.010889568188928488
800.35,0.00596218520323154
800.53,0.006722222185388539
800.71,0.005571676596578115
800.89,0.005307965562514386
801.07,0.007990114373611449
801.25,0.004854924755865375
801.43,0.006166630837383225
801.61,0.0030091042720045637
801.79,0.00952008189743181
801.97,0.0217782259906461
802.15,0.006221171002603017
802.33,0.004841500117781615
802.51,0.008512967394313472
802.69,0.009438611121640583
802.87,-0.001077215387709925
803.05,0.008283073892427382
803.23,0.010307703944359009
803.41,0.007416662216718111
803.59,0.007434071411902657
803.77,0.013678989693172619
803.95,0.005295863843261437
804.13,0.008881699583217896
804.31,0.011423394710704119
804.49,0.0028602243957305024
804.67,0.006690937644487948
804.85,0.006783709187491026
805.03,0.009834311902070196
805.21,0.007766517920359613
805.39,0.008377227369533174
805.57,0.008464428329881445
805.75,0.004872104457919586
805.93,0.00668755338670832
806.11,-0.0015524944127261438
806.29,0.016880914707461052
806.47,0.009343777233588526
806.65,0.006520545045719843
806.83,0.0003062195511824723
807.0,0.0023787022236278535
807.18,0.0026967889776237383
807.36,0.00888803574184273
807.54,0.012904711741407376
807.72,0.00031366209313080855
807.9,0.014698327725598752
808.08,0.010947897068803666
808.26,0.010760373664347825
808.44,0.009267986297031109
808.62,0.013013993336506434
808.8,0.0013697242963507856
808.98,0.003898139748499775
809.16,-0.0005318734428705044
809.34,0.005418865856859607
809.51,0.000940227121959493
809.69,0.0017987630925893334
809.87,0.011555171376445182
810.05,0.0033563986568162446
810.23,0.007571980432795226
810.41,0.0043516254884826315
810.59,-0.0029324507132303264
810.77,0.011488024874050713
810.95,0.010241656803420289
811.13,0.006991319384789474
811.31,0.003615701255743557
811.48,0.011414026274037148
811.66,0.01321350448297085
811.84,0.014932210822263946
812.02,0.004565931619337223
812.2,0.0032626123119618663
812.38,0.007005325456579241
812.56,0.008239344883097853
812.74,0.0027803596102845326
812.92,0.008033394677478886
813.1,0.0024439942472523
813.27,0.012125146608125944
813.45,0.010959607158250359
813.63,0.002169576326980623
813.81,0.005699635970626315
813.99,0.005636619884019698
814.17,0.008512421048743044
814.35,0.011771792834568189
814.53,0.0063598578629645176
814.7,0.013075214917327107
814.88,0.02209229637188908
815.06,0.003647607683298444
815.24,0.00621321483843025
815.42,0.008244383560727615
815.6,0.010099085525089781
815.78,0.0026301269537290736
815.95,0.010666551336694976
816.13,0.00391010932764736
816.31,-0.0013001327201195658
816.49,0.006478342046619981
816.67,0.015832244522029696
816.85,0.0044258656726066156
817.03,0.005700397586351205
817.2,0.002544355786770583
817.38,0.011450425657320384
817.56,0.008423082568710582
817.74,0.012332700774452483
817.92,0.013748415985259367
818.1,0.00556428949981964
818.27,-0.0018065576402369406
818.45,0.0020514062367976206
818.63,0.01324537487743459
818.81,0.0010851241956506082
818.99,0.019920239695673785
819.17,0.01240977803524331
819.34,0.005648205494500537
819.52,0.007960402705936419
819.7,0.017044767846027334
819.88,0.014522731372485545
820.06,0.0093003928748662
820.24,0.010294167431417213
820.41,0.00949005853280799
820.59,0.007936313555593663
820.77,0.015181023582787688
820.95,0.012403555210836999
821.13,0.009926850389973473
821.3,0.00886498087410211
821.48,0.007917747400397253
821.66,0.009375311963719522
821.84,0.015425845384725623
822.02,0.00272300126936199
822.19,0.007874777008365624
822.37,0.00794872877578693
822.55,0.008152171381023872
822.73,0.004047440024768348
822.91,0.007885337775994051
823.08,0.012433867780796666
823.26,0.00854624791598226
823.44,0.01106173755566237
823.62,0.015319649173609597
823.8,0.005140956029772537
823.97,0.003625710498876476
824.15,0.008326673763654585
824.33,0.008607414371626342
824.51,0.0057695523449861836
824.69,0.016524579464147933
824.86,0.00657038853470582
825.04,0.013084518708191453
825.22,0.011471047433806131
825.4,0.007887448146261968
825.57,0.005718840749111621
825.75,0.0034494045872007
825.93,0.0118661292460565
826.11,0.01858982173315376
826.28,-0.004077141660231454
826.46,0.004060990566751976
826.64,0.01807196722584263
826.82,-0.0020998012562690447
826.99,0.00792083765735348
827.17,0.014678390408988447
827.35,0.01402058282318041
827.53,0.0056809296868194775
827.7,0.02345283603678067
827.88,0.003101232716034269
828.06,0.01855085689293912
828.24,-0.0004405099135460313
828.41,0.01942737468654414
828.59,-0.001567348570368025
828.77,0.017815980525215977
828.95,0.01158481648707508
829.12,0.005890200697384869
829.3,0.010791990999400753
829.48,0.011437952184119492
829.66,0.014634416256726384
829.83,0.0013329144071640782
830.01,0.01172829015787714
830.19,-0.0016442600134578874
830.36,0.007238997585582031
830.54,0.008275384729588877
830.72,0.004351630806906806
830.9,0.004957521650587303
831.07,0.010358160636048427
831.25,0.009889297275979
831.43,0.013626969561695033
831.6,0.011545695662245465
831.78,0.0007733516746384675
831.96,0.010644288816443512
832.14,0.00231560193944206
832.31,0.009805734600715297
832.49,0.009580725900306628
832.67,0.010120465718562047
832.84,0.008840700956448809
833.02,0.012738930919835021
833.2,0.010215987732213702
833.37,0.01690805046140268
833.55,0.003650382838049616
833.73,0.01473652991735727
833.91,0.003276894796029915
834.08,0.01996222958115756
834.26,0.00836777740506798
834.44,0.02102540821423412
834.61,0.02413505367066478
834.79,0.00837837130108969
834.97,0.007797179353463356
835.14,0.009749321253428273
835.32,0.008729257781779244
835.5,0.009171037827779161
835.67,0.0189957923196458
835.85,0.011670195379023958
836.03,0.018389442139619537
836.2,0.012717321903166708
836.38,0.011499936441888656
836.56,0.011442838941713537
836.73,0.015365878968188366
836.91,0.01819059826082362
837.09,0.007521820745391137
837.26,0.0100915758988722
837.44,0.003153425592689527
837.62,0.019866976693884184
837.79,0.008333547705058819
837.97,0.011012186188197742
838.14,-0.00417560311270051
838.32,0.00566318926974666
838.5,0.01410729481969863
838.67,0.007890889257869437
838.85,0.011484492540942446
839.03,0.007549618772652193
839.2,0.005254329843884967
839.38,0.02128157709574781
839.56,0.008917024199753446
839.73,0.011750157827255641
839.91,0.014688447418543011
840.08,0.00921228053703879
840.26,0.006619392047190414
840.44,0.019639507235708488
840.61,0.009332448997449727
840.79,0.014668155802723442
840.97,0.014808658871644174
841.14,0.011484192219959125
841.32,0.01212720211286411
841.49,0.0023066438780338146
841.67,0.007242678734828378
841.85,0.00972959199923561
842.02,0.01055381440589871
842.2,0.006626516130114594
842.37,0.004507989426313826
842.55,0.014909431596969627
842.73,0.011413073963867962
842.9,0.018038921468454528
843.08,0.01581215219468274
843.25,0.010454020141984495
843.43,0.01133497180184465
843.61,0.026396642738008062
843.78,0.017487008935037244
843.96,0.010083765964901119
844.13,0.015874296331850384
844.31,0.020747217697131465
844.49,0.007788262181561909
844.66,0.0035951134857035334
844.84,0.01759959457857834
845.01,0.014509387349767824
845.19,0.007484696678276973
845.37,0.016924940654169628
845.54,0.012372482021044335
845.72,0.017994865773261086
845.89,0.024237408535776953
846.07,0.015367594025502966
846.24,0.013740700537449382
846.42,0.0021707143377037966
846.59,0.007583813538781421
846.77,-0.004272225571174795
846.95,0.02012833589402607
847.12,0.009099609184385453
847.3,-0.0006228539019232103
847.47,0.01421803760517388
847.65,0.012066149538959113
847.82,-0.0002138657766746477
848.0,0.011796794074029929
848.17,0.011491969766052584
848.35,0.0071589547365985325
848.53,0.02706065130970051
848.7,0.00619097376646042
848.88,0.011737475236340236
849.05,0.006068944293336849
849.23,0.031083902004014525
849.4,0.01075859891142103
849.58,0.03207292319743382
849.75,0.013061464574005775
849.93,-0.0014700351100128558
850.1,-0.0014700351100128558
850.28,0.001038996393003805
850.45,0.01652919384826526
850.63,0.017546675464525475
850.8,0.022457995998700853
850.98,0.01720370588406193
851.16,0.022352232694909737
851.33,0.010464624401049094
851.51,0.0036632771630835162
851.68,0.0015362988411690055
851.86,0.007070799097581368
852.03,0.0042539166568383545
852.21,0.001573201130096415
852.38,0.02149050829238576
852.56,0.020732464706344933
852.73,0.022781258676313258
852.91,0.010603807620115563
853.08,0.009008319340177654
853.26,0.034686465723419865
853.43,0.006537795870609188
853.61,0.009581792069555983
853.78,0.01454663352426242
853.96,0.016372810607708406
854.13,0.006798881218154028
854.31,0.019701694981569925
854.48,0.0020524590705316265
854.66,0.02251887156639434
854.83,0.004952170976637544
855.0,0.007341131329613572
855.18,0.01683117787521956
855.35,0.021772492012504432
855.53,0.020424049417654272
855.7,0.009283189589382231
855.88,0.003640110973436147
856.05,0.01886355901086614
856.23,0.006732457204632913
856.4,0.006929098597128826
856.58,0.013423703550066021
856.75,0.0144930612678112
856.93,0.017111797194043835
857.1,0.008729190217987147
857.28,0.00993697829946049
857.45,0.01891080858819751
857.62,0.011911477187467504
857.8,-0.0028015493278650975
857.97,0.01031051106871683
858.15,0.0012028511248496627
858.32,0.008179465187351803
858.5,0.015759853396712608
858.67,0.033147716488678335
858.85,0.015955225432071316
859.02,0.019795108137371963
859.19,0.006436855873468552
859.37,0.026871311039791495
859.54,0.0070697593638915784
859.72,0.023674157195791027
859.89,0.009765532140676932
860.07,0.018994254146626185
860.24,0.023144360679859765
860.41,0.010678108201410486
860.59,0.01657142122838163
860.76,0.0075352459584447215
860.94,0.012815501945403037
861.11,0.006126247966081854
861.29,0.023375503652008862
861.46,0.024699406747742583
861.63,0.00983835213828491
861.81,0.02442757237351907
861.98,0.016999560511893292
862.16,0.0162472357067097
862.33,0.016316836717987063
862.5,0.01651538149866053
862.68,0.02355071326153623
862.85,0.009818210486099481
863.03,0.008267044228583898
863.2,0.023600539416320593
863.37,0.029421200626545154
863.55,0.013477812731730614
863.72,0.0286545309078484
863.9,0.03399382752856467
864.07,0.025899295993485016
864.24,0.02029860209099688
864.42,0.02468580843043254
864.59,0.013555652966974089
864.77,0.022412972909537116
864.94,0.0037722713938532545
865.11,0.0377036038107549
865.29,-0.0008985029883152099
865.46,0.007194364034405144
865.63,-0.004523224477711264
865.81,0.018053134784840944
865.98,-0.008103629934951163
866.16,-0.010235954182919609
866.33,0.03490569541574637
866.5,0.0014305436690634226
866.68,0.018143343335625103
866.85,0.02103941648250176
867.02,0.011077386383983007
867.2,-0.011669622225804694
867.37,0.016942158844108646
867.54,0.01728039888551659
867.72,0.03818902556763329
867.89,0.013206936865894752
868.06,0.03090490085334591
868.24,0.017156804304049377
868.41,0.029650630073194153
868.59,0.023671306872725492
868.76,0.02622536443861019
868.93,0.035597551818868485
869.11,0.01435707607794145
869.28,0.01255016704960947
869.45,0.0072306530714971035
869.63,0.017763811322598
869.8,0.002204691308946959
869.97,0.02521923877749772
870.15,0.04148319507076053
870.32,0.00905883174171411
870.49,0.026406865922568287
870.66,0.032879060480100024
870.84,0.019032464138451735
871.01,0.018199235999075407
871.18,0.042070103538038695
871.36,0.028069056354796403
871.53,0.004430914433352817
871.7,0.022277446987816262
871.88,0.04115168917513032
872.05,0.03184980849569571
872.22,0.02707933547700643
872.4,-0.0063043059194790654
872.57,0.025622351219068133
872.74,0.015641849246878208
872.92,0.005571445807930642
873.09,0.019332095336748466
873.26,0.02134407408582033
873.43,0.04034565394706609
873.61,0.027175218617736606
873.78,0.020674723239317582
873.95,0.04960560551304677
874.13,0.028051061061874976
874.3,0.03019446081319979
874.47,0.05021515580920687
874.64,0.04616789455057291
874.82,0.02300523205288632
874.99,0.014104765602403545
875.16,0.02056469108794104
875.34,0.01660266035905548
875.51,0.017522752723747453
875.68,0.0239603445206699
875.85,0.0400399658533506
876.03,0.04777764239199602
876.2,0.0018408014855027127
876.37,0.02679517614130453
876.54,0.0288643902387698
876.72,0.04268284538054443
876.89,0.0263438404141922
877.06,0.028659309942582367
877.23,0.0026919740119897757
877.41,0.033817344366061236
877.58,0.018269315981556157
877.75,0.03324423221654169
877.92,0.013424210011359615
878.1,0.021238372012180737
878.27,0.01457792451414425
878.44,0.02163616317530323
878.61,0.03138936486096056
878.79,0.03236749033222918
878.96,0.005440419991955832
879.13,0.009988254639417464
879.3,0.0185334073047792
879.48,0.031013394190534494
879.65,0.02442639353858312
879.82,0.03129086903476669
879.99,0.039201254440142115
880.16,0.04987836995637405
880.34,0.022788783752734118
880.51,0.0072560443928185525
880.68,0.010783859358816079
880.85,0.021778568278874613
881.03,-0.015925427816166546
881.2,0.029135163403327485
881.37,0.03684322554236598
881.54,0.054728688522007164
881.71,0.03454898664072269
881.89,0.01825389952176134
882.06,0.016310545156546327
882.23,0.015818631266630443
882.4,0.01732689093283892
882.57,0.02438684919522407
882.75,0.01804472657055076
882.92,0.053539410114238246
883.09,0.07325747032337293
883.26,0.05131549270914033
883.43,0.020531579587396466
883.61,0.06541335566122691
883.78,0.009962231614856223
883.95,0.04154887677488867
884.12,0.008685440589013431
884.29,0.00042898076135902056
884.47,0.00573450424748581
884.64,0.018484654586084736
884.81,0.03121061219438323
884.98,0.021703049070510832
885.15,0.024054443649058156
885.32,0.03477700584568855
885.5,0.042075539908091084
885.67,0.018571060982931677
885.84,0.047593203781405746
886.01,0.03909097831736964
886.18,0.025978222786136367
886.35,0.05033349781061192
886.53,0.03211192091815367
886.7,0.041031055942797615
886.87,0.00044773007686606345
887.04,0.043282207837220005
887.21,0.0840364183149094
887.38,0.040244911352283516
887.55,0.021998880159454063
887.73,0.015815341468384897
887.9,0.02510378893577541
888.07,0.04162135775245345
888.24,0.0242176347668835
888.41,0.0327505451168056
888.58,0.02610343914633355
888.75,0.02298914023485948
888.93,-0.006558478866521365
889.1,0.016062101648303503
889.27,0.016748047767963316
889.44,0.033076379253636025
889.61,0.04680655684288093
889.78,0.035410623556582026
889.95,0.007497680664503196
890.12,0.023742109083722613
890.3,0.006992354662800637
890.47,0.052982756258585804
890.64,0.020063678921832126
890.81,0.05812862313689013
890.98,0.044731448401798844
891.15,0.019808893363731442
891.32,0.010102948004159402
891.49,-0.027999559600147262
891.66,0.017184890506839846
891.84,0.03226273313452394
892.01,0.019661297301022736
892.18,0.060559161457770995
892.35,0.06498989063327551
892.52,0.015811628035218687
892.69,-0.0005738399259863179
892.86,0.015129804925930563
893.03,0.01691821747048855
893.2,0.0202209139774361
893.37,0.06167092576373813
893.55,0.07136154223418514
893.72,0.024572914331118783
893.89,0.02939761262284295
894.06,0.03303216649054195
894.23,0.0457652637769168
894.4,0.01773264563156836
894.57,0.039374478698008517
894.74,0.04678236805051153
894.91,0.05254314892600486
895.08,0.025807548856359774
895.25,0.048236923491753556
895.42,0.02397756898220868
895.59,0.0531017923948853
895.76,0.012171430534298743
895.94,0.03521612422415524
896.11,0.05023945337522501
896.28,0.06138698813788374
896.45,0.05387374118118716
896.62,0.0486157622057928
896.79,0.04987981023112772
896.96,0.028807595076073608
897.13,0.03713868587537435
897.3,0.05159044950775627
897.47,-0.0006321520261117021
897.64,0.055151983176485515
897.81,0.011817296428779855
897.98,0.03517261912697253
898.15,0.03537114439494094
898.32,0.028537439808963207
898.49,0.005345339921475584
898.66,0.05400458665501806
898.83,0.031899988737470485
899.0,0.022762634702933257
899.17,0.04181439889273859
899.34,0.03119671863916931
899.51,0.008104516274355269
899.68,0.06740290645287993
899.85,0.05253037959111148
900.02,0.04869736762141623
900.19,0.013097685970493135
900.36,0.06192272481079039
900.53,0.024115827470295927
900.7,0.0529480170429597
900.87,0.06534494625146693
901.04,0.04849298496673212
901.21,0.037629432669445
901.38,0.035061571903208126
901.55,0.07411135489676739
901.72,0.05342938687510987
901.89,0.02441620770691534
902.06,0.06188327948096909
902.23,0.014594624405260336
902.4,0.06022065807740087
902.57,0.055091149167331946
902.74,0.01697986610050793
