Wavelength [nm],#16-IR-cutoff.csv
400.08,0.22616844222277283
400.29,0.20220719654823463
400.5,0.21796193122127794
400.71,0.3110631101287655
400.92,0.2934266952220383
401.13,0.2988461766465291
401.34,0.27370630556067993
401.54,0.2880336122353474
401.75,0.2451161419460953
401.96,0.26974845918481516
402.17,0.3019543164649973
402.38,0.2964474829086389
402.59,0.26368646546108165
402.8,0.26956000020688836
403.01,0.27171819588704166
403.22,0.2932052776261502
403.43,0.30665754334815876
403.63,0.2511494280717224
403.84,0.25436375125798677
404.05,0.3128488670669489
404.26,0.2818565519967251
404.47,0.361445370084679
404.68,0.3333106153865814
404.89,0.3653989669149388
405.1,0.3972745634443791
405.31,0.39263537259642295
405.52,0.3441524094834648
405.72,0.39810925782318113
405.93,0.4421736739958929
406.14,0.44154634161860484
406.35,0.4085187749618265
406.56,0.46968774950907405
406.77,0.5065735099517206
406.98,0.4880850477474957
407.19,0.5992341479896385
407.39,0.5711313553524842
407.6,0.5843552859692541
407.81,0.6475753804300051
408.02,0.6826416428483194
408.23,0.6587616031451349
408.44,0.6535408455107325
408.65,0.7054816229945944
408.86,0.737181961291106
409.06,0.7115852858104703
409.27,0.8033742538574163
409.48,0.8081159248453333
409.69,0.8068731954062914
409.9,0.8344195772432972
410.11,0.8778057448052513
410.32,0.8892195208579683
410.52,0.8850803168412745
410.73,0.8440472534447107
410.94,0.8257391627876881
411.15,0.8606464761012569
411.36,0.8076224034870726
411.57,0.7937400597500286
411.78,0.8339823023132886
411.98,0.8688858274068834
412.19,0.837006575599031
412.4,0.8828044526990213
412.61,0.781425687099963
412.82,0.8585018844601718
413.03,0.8386481216256279
413.23,0.8637112149336909
413.44,0.8440901842776009
413.65,0.7297495853632292
413.86,0.80428187776121
414.07,0.7441176360091217
414.28,0.8017225293066342
414.48,0.8149525483584243
414.69,0.7322584482209527
414.9,0.7731887933356495
415.11,0.7368074000125249
415.32,0.7464859268893399
415.53,0.7498633610577156
415.73,0.7902557134223563
415.94,0.7061429015562993
416.15,0.7456387126656719
416.36,0.7087392544743973
416.57,0.7145675836643124
416.78,0.6977733912649854
416.98,0.7097835093316202
417.19,0.7358035130320408
417.4,0.7789462070224965
417.61,0.7130847610290668
417.82,0.7283609680644371
418.02,0.7594146377699779
418.23,0.7381963126138392
418.44,0.8009518594954302
418.65,0.7427479380406357
418.86,0.8606920852837422
419.07,0.8070748570521552
419.27,0.8722400491290573
419.48,0.8646077092118548
419.69,0.7808954869938518
419.9,0.7851337593931201
420.11,0.7788088052130299
420.31,0.7614425113601391
420.52,0.7974144005719805
420.73,0.7773193613869535
420.94,0.8514189332232013
421.15,0.7539798818080807
421.35,0.80122506375575
421.56,0.8063598633993441
421.77,0.8317016800398688
421.98,0.8302438961013652
422.19,0.9060374765539398
422.39,0.8058743944485663
422.6,0.9170303683598838
422.81,0.8548714953652194
423.02,0.8902711644246054
423.22,0.859760907616626
423.43,0.8978284913857366
423.64,0.8626206031606463
423.85,0.8700100934856708
424.06,0.8980438932932995
424.26,0.8579584582916806
424.47,0.9156774736641209
424.68,0.956586320732447
424.89,0.93673581513594
425.09,0.8343045761245955
425.3,0.8645749450724248
425.51,0.8792038025361297
425.72,0.9072281312468714
425.93,0.8402404213025333
426.13,0.9040401941952372
426.34,0.9097655745299043
426.55,0.928476181212918
426.76,0.8767031720738387
426.96,0.9109472397370649
427.17,0.8830078566190236
427.38,0.9811738756082695
427.59,0.9174799024423085
427.79,0.9054088435895471
428.0,0.9183477871044536
428.21,0.892603807899296
428.42,0.8719765289286444
428.62,0.9224292425013879
428.83,0.8927498229274983
429.04,0.8896104505191804
429.25,0.9205978959394487
429.45,0.8694425819520241
429.66,0.9174045720981504
429.87,0.9802419680498796
430.08,0.9054844053878844
430.28,0.9928217078783692
430.49,0.8985194404283879
430.7,0.8696853500106271
430.91,0.9052740125237249
431.11,0.9615867644755872
431.32,0.9584172877090794
431.53,0.9415383430631207
431.74,0.906597693681086
431.94,0.925671491126359
432.15,0.9326717326700231
432.36,0.9228565002380612
432.56,0.9533450534696831
432.77,0.8937891007975369
432.98,0.933611666954882
433.19,0.9779609333193654
433.39,0.9487167843976422
433.6,0.9154082866539837
433.81,0.9465953088938373
434.02,0.8945048848085464
434.22,0.9424286678661815
434.43,0.9752711040667632
434.64,0.933456512208963
434.84,1.001465769278425
435.05,0.9016488723229515
435.26,0.9570838068824542
435.47,0.9387818128596864
435.67,0.9866910292111163
435.88,0.91842408049483
436.09,0.9655041374871067
436.29,0.9056130098709074
436.5,0.9826020292417332
436.71,0.9570520282022529
436.92,0.9021301528147639
437.12,0.90565194932236
437.33,0.9429984750041649
437.54,0.9477778889151823
437.74,0.922786319114159
437.95,1.0312620135414678
438.16,0.9016919103223017
438.36,0.9598768074639608
438.57,0.9098650776301019
438.78,0.9424199396599697
438.99,0.967000356111265
439.19,0.9111683418583301
439.4,0.9238786186976444
439.61,0.9250921650519921
439.81,0.8897872469432635
440.02,0.9212634618911534
440.23,0.9393137054693717
440.43,0.9296270798290004
440.64,0.8877239258064296
440.85,0.947209141890154
441.05,0.934072050314709
441.26,0.957377315755851
441.47,1.0039960805828336
441.67,0.9020390461411272
441.88,0.9521827376242733
442.09,0.9198713476244833
442.29,0.8879317255738208
442.5,0.9611046610096686
442.71,0.9654153375255559
442.91,0.9640398595461355
443.12,0.9477197931358721
443.33,0.946860492066109
443.53,0.9206955349096544
443.74,0.9359888032326151
443.95,0.9152910199363136
444.15,0.9493974352428795
444.36,0.9137969112158602
444.57,0.932850999469508
444.77,0.976243541804761
444.98,0.928138589536243
445.19,0.9366475621845197
445.39,0.9406187870721808
445.6,0.9431628445837734
445.81,0.9113343936160421
446.01,0.9156050706602171
446.22,0.9417405165590966
446.43,0.9012769307453862
446.63,0.9036998066635057
446.84,0.9351145285624445
447.05,0.9417157572097581
447.25,0.9059374694993005
447.46,0.9604565103848334
447.67,0.9617496915861915
447.87,0.8964576140214183
448.08,0.9277587655785355
448.28,0.9086627285513361
448.49,0.8833567287689168
448.7,0.9256110428246658
448.9,0.9617130952406977
449.11,0.9042253880556069
449.32,0.9249608717704245
449.52,0.9166905458228247
449.73,0.9071227731606852
449.93,0.9429800800365626
450.14,0.8662883792290973
450.35,0.9661113614447079
450.55,0.8621669285144965
450.76,0.930026155378268
450.97,0.932085206110758
451.17,0.9372159331507778
451.38,0.931862604759031
451.58,0.9205167575581088
451.79,0.9074005917512589
452.0,0.9426873564048994
452.2,0.8608865562988866
452.41,0.8876448141572086
452.62,0.9144704269143706
452.82,0.9178939793216624
453.03,0.9139706462979207
453.23,0.8783581316940435
453.44,0.899458737135046
453.65,0.8575776920814013
453.85,0.8938826843140446
454.06,0.8975316081698562
454.26,0.9043100118671915
454.47,0.8654477851336724
454.68,0.8684543433629413
454.88,0.8908425701499603
455.09,0.856093325441614
455.29,0.8769875695030712
455.5,0.8516157484607187
455.71,0.8973570043998647
455.91,0.9048359828004922
456.12,0.8775162370601114
456.32,0.9420280731436216
456.53,0.8845612186336401
456.73,0.9039780419913668
456.94,0.8841461939888932
457.15,0.9033521091976405
457.35,0.9114144217109019
457.56,0.9110056929548513
457.76,0.9314188602702678
457.97,0.9244694189630516
458.18,0.9074865002509657
458.38,0.8763276977911593
458.59,0.9043572840306983
458.79,0.9399047780685849
459.0,0.8766860898844688
459.2,0.9615285575398737
459.41,0.9687420536142108
459.62,0.9153478783593882
459.82,0.9393332943011193
460.03,0.9008557548891352
460.23,0.8923238952609658
460.44,0.9297222515613718
460.64,0.9247726190774473
460.85,0.8742237229923301
461.06,0.9333167790835365
461.26,0.9241543633149851
461.47,0.9283441081939791
461.67,0.8972839540927189
461.88,0.9958743439266946
462.08,0.9626480354709304
462.29,0.9379351522546143
462.49,0.9399757433450231
462.7,0.9408247659821369
462.91,0.9454063275381276
463.11,0.8871129956040739
463.32,0.9518488134621774
463.52,0.9753194030814427
463.73,0.9618332536417477
463.93,0.9345569418393616
464.14,0.9082911338744113
464.34,0.9162315438203561
464.55,0.9441476839646586
464.75,0.8975975602965679
464.96,0.9313778437353671
465.16,0.9129746324577079
465.37,0.919546264315579
465.58,0.9066788891327644
465.78,0.9077263507283791
465.99,0.8891655995847032
466.19,0.9005194282821418
466.4,0.914099834498055
466.6,0.9154976917647368
466.81,0.921056928461391
467.01,0.9471954058367059
467.22,0.9188818311322767
467.42,0.9201790155492798
467.63,0.87525241193628
467.83,0.8916816890896095
468.04,0.9038629075485174
468.24,0.8952810310839932
468.45,0.8776051798090866
468.65,0.8767040068775227
468.86,0.9091712448499458
469.06,0.8755803617366035
469.27,0.8939679589817627
469.47,0.9049304839546336
469.68,0.9040454972577584
469.88,0.9055439152839911
470.09,0.8634003228632481
470.29,0.8861532643010025
470.5,0.8654248637096552
470.7,0.8773897242591928
470.91,0.8603421033745619
471.11,0.8918461675738378
471.32,0.8589146708532689
471.52,0.857839530039787
471.73,0.8408688176178396
471.93,0.8795169872830366
472.14,0.8584849476258338
472.34,0.8652678041666436
472.55,0.8649097172764832
472.75,0.847985409585104
472.96,0.8815352740839547
473.16,0.8741376138603064
473.37,0.8840433389959896
473.57,0.875312870994587
473.78,0.8885493521367325
473.98,0.843262439244805
474.19,0.8575951157769339
474.39,0.8727131280254665
474.6,0.8661573198961128
474.8,0.8855370195262396
475.01,0.8816875886845384
475.21,0.8863032974955116
475.42,0.8584754234475214
475.62,0.881953865707037
475.83,0.8786263435094492
476.03,0.8599911278758203
476.24,0.8809417174396873
476.44,0.8763036826166072
476.64,0.8889611379126594
476.85,0.8474880622857434
477.05,0.8701256769736516
477.26,0.8840789522374886
477.46,0.8760519002258222
477.67,0.8689377843441796
477.87,0.8912260046297731
478.08,0.874684046041411
478.28,0.887686098929207
478.49,0.9057083576602685
478.69,0.8935879136545116
478.9,0.8772065176878985
479.1,0.8874859682005273
479.3,0.9010943491803182
479.51,0.9068824358151558
479.71,0.8833231526043823
479.92,0.9089107421230143
480.12,0.8924428172983087
480.33,0.9172206197946459
480.53,0.9015002035516362
480.74,0.9320905557954475
480.94,0.9162298294190953
481.14,0.9244387304014116
481.35,0.9045392946896089
481.55,0.9246022641711744
481.76,0.9379927137721219
481.96,0.9202854339988421
482.17,0.9545014825782647
482.37,0.8909833823454192
482.57,0.900619212127579
482.78,0.9468273424110963
482.98,0.9025881912989836
483.19,0.9084120135693532
483.39,0.9203077576189924
483.6,0.9161888429641529
483.8,0.9058285781908146
484.0,0.9033179232851838
484.21,0.9229309533377891
484.41,0.9193559938278884
484.62,0.9285495734759568
484.82,0.9367539392704385
485.02,0.9254185964043555
485.23,0.9417657898225089
485.43,0.9197025865552537
485.64,0.9112426810759223
485.84,0.9172049826130603
486.05,0.9210445530528897
486.25,0.911598559632202
486.45,0.9333265599653867
486.66,0.891790812692489
486.86,0.8928664847851133
487.07,0.8829594750580296
487.27,0.9150894392413867
487.47,0.9004720852353526
487.68,0.8999719411754997
487.88,0.903678053049337
488.09,0.9455419179088488
488.29,0.9305796755995959
488.49,0.910318371631667
488.7,0.9090162903060716
488.9,0.8654362982280647
489.1,0.8881695670107299
489.31,0.8796069186689467
489.51,0.8904319522870521
489.72,0.8933964345923272
489.92,0.8845243711504521
490.12,0.8944110464322349
490.33,0.9065222133895037
490.53,0.8830833351696262
490.74,0.8976843935950755
490.94,0.8974528658552652
491.14,0.8969226982240303
491.35,0.8761662133146858
491.55,0.8948432772681838
491.75,0.8736428642758362
491.96,0.8853411297254915
492.16,0.8709507461061151
492.36,0.8921289873697181
492.57,0.8933125251258497
492.77,0.8877298805914082
492.98,0.8862632391610193
493.18,0.8615238903175694
493.38,0.8624921810932498
493.59,0.8724897698337881
493.79,0.8724570666396174
493.99,0.8907370011987488
494.2,0.8633674619012693
494.4,0.8924061046264825
494.6,0.8697380528298881
494.81,0.8666553398254626
495.01,0.8704971709105435
495.22,0.877299046768347
495.42,0.8678619680414361
495.62,0.8738210247281205
495.83,0.8817344363986357
496.03,0.8552051119246105
496.23,0.8740485256838118
496.44,0.8882061690313913
496.64,0.8746579868938725
496.84,0.8810856746108819
497.05,0.8849698918786685
497.25,0.8736803509578966
497.45,0.8701474026860788
497.66,0.8719844377642539
497.86,0.8704027669866413
498.06,0.8919295569067824
498.27,0.8796508581607189
498.47,0.8833058025613335
498.67,0.8827711664533717
498.88,0.8857268611739034
499.08,0.896779634563412
499.28,0.8912783529635525
499.49,0.8933923439971978
499.69,0.878465097241584
499.89,0.898416546888013
500.1,0.9055402799747307
500.3,0.9141497898170576
500.5,0.8730679652189002
500.7,0.9005578173955278
500.91,0.8843055663932385
501.11,0.9003776047985299
501.31,0.9102760888317974
501.52,0.9086930071089656
501.72,0.9159034873790982
501.92,0.9102685068981738
502.13,0.9027156776306932
502.33,0.9035999745707367
502.53,0.9170767644960438
502.74,0.9125703451676893
502.94,0.9296657993624382
503.14,0.9024421530158647
503.34,0.8957368607166312
503.55,0.9056996141551144
503.75,0.9293447651022505
503.95,0.9220440394319152
504.16,0.9296111764721364
504.36,0.9427077164843272
504.56,0.930371685996029
504.76,0.9641991005440964
504.97,0.9347713576617025
505.17,0.9580468416224038
505.37,0.9485542380329568
505.58,0.9415494073659644
505.78,0.9517009176927838
505.98,0.9686935149814552
506.18,0.9586875578804581
506.39,0.951590888721015
506.59,0.9457816363938328
506.79,0.9356283777546057
507.0,0.9341226581048643
507.2,0.9270580518202689
507.4,0.9505011842079008
507.6,0.9279991543810625
507.81,0.93995964200317
508.01,0.9400316147484346
508.21,0.9578566281612391
508.41,0.935698046474133
508.62,0.9312375874573472
508.82,0.9337964482639627
509.02,0.9461626808836247
509.23,0.9299493087936499
509.43,0.9430559873147151
509.63,0.9298530169064185
509.83,0.932580971409048
510.04,0.9566305823621609
510.24,0.9451774514210088
510.44,0.9523001053379173
510.64,0.9507273884376475
510.85,0.9389909276723921
511.05,0.934941612718085
511.25,0.9280848609292874
511.45,0.939591279571493
511.66,0.940011536785374
511.86,0.924443867740908
512.06,0.9352038030309835
512.26,0.9146235745584953
512.46,0.9275961643833017
512.67,0.9605270295832643
512.87,0.941686559508888
513.07,0.9617959674475532
513.27,0.9582274445848232
513.48,0.9291560923413189
513.68,0.9252380941565005
513.88,0.9341471907109684
514.08,0.9252062619237199
514.29,0.9212099253274153
514.49,0.9314867236634818
514.69,0.9307771090504394
514.89,0.9298703646329142
515.09,0.9195378015199666
515.3,0.9323263428230626
515.5,0.935312125891315
515.7,0.9251387671961406
515.9,0.9280260506058462
516.11,0.9196508001465459
516.31,0.917564860793023
516.51,0.908695596663014
516.71,0.9145317039164502
516.91,0.8978617357144683
517.12,0.9016409632377347
517.32,0.9020345976171115
517.52,0.9119486124836876
517.72,0.887604098119101
517.92,0.9161322214747196
518.13,0.9016174758340667
518.33,0.9286614071688245
518.53,0.9132610515916189
518.73,0.8950022876837276
518.93,0.887365004261185
519.14,0.909584639966454
519.34,0.8768977951949315
519.54,0.9066089632083191
519.74,0.895301661756426
519.94,0.8940177356464156
520.15,0.9166615089565215
520.35,0.8988624475629898
520.55,0.8939081255606435
520.75,0.8834269845129253
520.95,0.88198825666364
521.16,0.884909956530739
521.36,0.9015974122709646
521.56,0.8801599990248917
521.76,0.8690050295564808
521.96,0.8875158529978145
522.16,0.8803692587385876
522.37,0.8777903144617492
522.57,0.887124654176443
522.77,0.8762558462767008
522.97,0.8849960363643169
523.17,0.8633085243781115
523.37,0.8579032461302125
523.58,0.8618193567426615
523.78,0.8703505132997534
523.98,0.8713581472631952
524.18,0.8731153827667283
524.38,0.8635039789732102
524.58,0.8811607842891405
524.79,0.8906495040551838
524.99,0.877728868653617
525.19,0.8777073189784653
525.39,0.8499645303928622
525.59,0.86741665508436
525.79,0.8683159329078807
526.0,0.8702986126429669
526.2,0.8566574203840793
526.4,0.8618753461390741
526.6,0.8692869597200645
526.8,0.8766254815492174
527.0,0.8527164466084747
527.2,0.8606801928739327
527.41,0.8551935700311577
527.61,0.8724774097697254
527.81,0.8622842339736415
528.01,0.8799752583790733
528.21,0.8818410348108059
528.41,0.8489117328583169
528.61,0.8703650018239476
528.82,0.8775814568477837
529.02,0.872405210267493
529.22,0.8717764538746722
529.42,0.8545907302457265
529.62,0.8401414305580839
529.82,0.8529517251824706
530.02,0.8623669892171427
530.22,0.8315617396622593
530.43,0.8435119860466486
530.63,0.8570281019686078
530.83,0.8640614847232296
531.03,0.861512928730508
531.23,0.8766359370742901
531.43,0.8540475647979904
531.63,0.8837343520527944
531.83,0.8618848004968173
532.03,0.8930831309381537
532.24,0.8827206802670925
532.44,0.8720944936972812
532.64,0.8768893478458326
532.84,0.8546701050907384
533.04,0.8661926681258865
533.24,0.8467379022400514
533.44,0.8643900877627615
533.64,0.8729458221851396
533.84,0.8680286315958892
534.04,0.8752590506447121
534.25,0.865578489573191
534.45,0.8540002952233395
534.65,0.8664527522726164
534.85,0.8700990756789089
535.05,0.8792383982797988
535.25,0.8884774854666244
535.45,0.8824802363557374
535.65,0.8921371421276248
535.85,0.8785798496595058
536.05,0.8955613153620164
536.25,0.8910127483637358
536.46,0.8848315571068794
536.66,0.8816514523797689
536.86,0.89428892383386
537.06,0.8835447588622636
537.26,0.8808035151005199
537.46,0.8947819535037551
537.66,0.8740834565254254
537.86,0.9005297004706181
538.06,0.8913516236769424
538.26,0.8882826055075925
538.46,0.8969638005227026
538.66,0.9069514105156156
538.86,0.8944958217398075
539.07,0.8970169186764945
539.27,0.9066283251354614
539.47,0.9051460269147872
539.67,0.9019445450198048
539.87,0.910410961525581
540.07,0.88721248913344
540.27,0.9089773398323534
540.47,0.8952474249866563
540.67,0.915424497355419
540.87,0.9339330817258952
541.07,0.934648846777717
541.27,0.9144793991101089
541.47,0.9282451189764582
541.67,0.917716851594659
541.87,0.9321669125307555
542.07,0.9160462155660714
542.27,0.9123055486367283
542.47,0.9235232251402781
542.67,0.9195956060839662
542.87,0.9176189232890738
543.08,0.927552152232283
543.28,0.9304893491744702
543.48,0.9194593003939437
543.68,0.9519886558349303
543.88,0.9383757521012386
544.08,0.94314095695704
544.28,0.9497518060499074
544.48,0.9370126915238411
544.68,0.9294315243012148
544.88,0.9536872204137271
545.08,0.9550994906170053
545.28,0.9391494112674216
545.48,0.93575384587223
545.68,0.9473655030498787
545.88,0.9535623679576287
546.08,0.956750866090078
546.28,0.9399565527495398
546.48,0.9308382556696643
546.68,0.9442889366187214
546.88,0.9488782445638593
547.08,0.9499864879254334
547.28,0.9319245525048018
547.48,0.9254302863877993
547.68,0.9613095639682929
547.88,0.955693689320201
548.08,0.9480845469003338
548.28,0.9457686388694213
548.48,0.9483608897606587
548.68,0.9454572466422536
548.88,0.9427612988900888
549.08,0.958846294122362
549.28,0.932730241068232
549.48,0.932080795928055
549.68,0.9325911125229556
549.88,0.9315087859296128
550.08,0.9180214703003398
550.28,0.9318880167085847
550.48,0.9295603253340652
550.68,0.9156011675400811
550.88,0.9309875438133999
551.08,0.9308650212003767
551.28,0.946900656929532
551.48,0.9429199262796234
551.68,0.9433402552279092
551.88,0.924693748557784
552.08,0.9475305450836298
552.28,0.9404975720701522
552.48,0.9150030374495167
552.68,0.9201680470655803
552.88,0.9206016078029972
553.08,0.9402248918977235
553.28,0.9125118380969652
553.48,0.9123418533417953
553.68,0.915679227510522
553.88,0.9215929897739961
554.08,0.9023788376319178
554.28,0.9279935223450192
554.47,0.9127629310715623
554.67,0.9268862048644374
554.87,0.9123524043581736
555.07,0.905219423428747
555.27,0.8993199880138466
555.47,0.8902515868314688
555.67,0.901878731157412
555.87,0.8871022049857183
556.07,0.8795778650720618
556.27,0.874765517198683
556.47,0.8826952050602818
556.67,0.8637868055542802
556.87,0.893478057839845
557.07,0.8631217148857535
557.27,0.872923596233945
557.47,0.880116158220172
557.67,0.875868706204155
557.87,0.8908322842541425
558.07,0.8822030018980039
558.26,0.8639603305014796
558.46,0.8645212830810833
558.66,0.8691293334612828
558.86,0.8715026359320208
559.06,0.8750185209135076
559.26,0.8483790147493503
559.46,0.8526806017283349
559.66,0.8542428411533
559.86,0.8736891734774446
560.06,0.8607699523832525
560.26,0.8673284530597231
560.46,0.8422934486023499
560.66,0.8340134031984342
560.86,0.8359638742628306
561.05,0.8456201968030633
561.25,0.846657946561892
561.45,0.8510921260944374
561.65,0.8329962258373315
561.85,0.8370823223762689
562.05,0.8167546885085654
562.25,0.8272950889718077
562.45,0.8449169556162701
562.65,0.8347868545186927
562.85,0.8234738629868655
563.05,0.8397021449429576
563.24,0.84059157084925
563.44,0.8266315697125641
563.64,0.8246147328096156
563.84,0.8196255177233625
564.04,0.8362574228745232
564.24,0.8208434395291178
564.44,0.8258939018505557
564.64,0.8286015550149144
564.84,0.8345429188171231
565.03,0.8313022389767841
565.23,0.8237962305778579
565.43,0.828132958697574
565.63,0.8201725737163287
565.83,0.7937419693830527
566.03,0.8157008007404885
566.23,0.8260992037944189
566.43,0.8247030360141575
566.63,0.8302781304031666
566.82,0.8385777755173185
567.02,0.8380980030808282
567.22,0.8426108644362943
567.42,0.8364829041231643
567.62,0.828259670075236
567.82,0.8387263927860384
568.02,0.8376728661979395
568.22,0.84465883035161
568.41,0.8365890667505093
568.61,0.8407858905453758
568.81,0.8435906734794621
569.01,0.8620618606553155
569.21,0.849353032581294
569.41,0.8527191718954735
569.61,0.8456459430663725
569.8,0.8585667944146389
570.0,0.8258613404435492
570.2,0.8603436924594913
570.4,0.8533361591320375
570.6,0.8551299859691672
570.8,0.8708513953154259
571.0,0.8824326947798119
571.19,0.8662451163258081
571.39,0.8552820794104771
571.59,0.8480399737484592
571.79,0.8529224042990733
571.99,0.8680332542049273
572.19,0.8632713010195705
572.38,0.8747403035372177
572.58,0.8572037860215035
572.78,0.8755577722337796
572.98,0.866588786593847
573.18,0.8898724373021246
573.38,0.8839140812116394
573.57,0.8592069393238071
573.77,0.8749936733855599
573.97,0.8806943346075375
574.17,0.868202975207294
574.37,0.8859945808356375
574.57,0.8800283709714443
574.76,0.8631142658204319
574.96,0.8636295065065144
575.16,0.8681367310332799
575.36,0.888744593079487
575.56,0.8785631945979204
575.75,0.8842674870658125
575.95,0.8851370726788913
576.15,0.8931316426388092
576.35,0.8993786629841564
576.55,0.9011179780608317
576.74,0.9188074439104391
576.94,0.9006874215872966
577.14,0.9217667078836275
577.34,0.8984855020255185
577.54,0.9087566093334207
577.74,0.9077752593624583
577.93,0.9184668410751661
578.13,0.8974596975632593
578.33,0.9016636672301358
578.53,0.9090778550261022
578.72,0.8953027298306594
578.92,0.8999487339076336
579.12,0.9449838221117195
579.32,0.914949808449351
579.52,0.9282415355706132
579.71,0.9142922743011298
579.91,0.9256468100033226
580.11,0.9196914876029946
580.31,0.9219966676405038
580.51,0.8982425280753217
580.7,0.9123617793316592
580.9,0.9225877263557632
581.1,0.9277871850094243
581.3,0.9401321350767375
581.49,0.9173117105899742
581.69,0.8969691488854432
581.89,0.9009490856861971
582.09,0.9212915063792664
582.29,0.9313663464650304
582.48,0.947594806029122
582.68,0.9340346436763426
582.88,0.9348060863808634
583.08,0.940318202189422
583.27,0.9223235826372246
583.47,0.9208661312424515
583.67,0.9259603940060707
583.87,0.9306552036144037
584.06,0.9249680636366496
584.26,0.9316368007555919
584.46,0.9192163136956659
584.66,0.9317850803140427
584.85,0.9335286586748262
585.05,0.9197826266285747
585.25,0.935861798893185
585.45,0.951855055161253
585.64,0.9364427243807376
585.84,0.9527505897034909
586.04,0.9322345058314949
586.24,0.9184263781369838
586.43,0.9316706604540832
586.63,0.9233538715414361
586.83,0.9276914643543137
587.03,0.9179050121189307
587.22,0.9203237033701244
587.42,0.9158976895143645
587.62,0.9263870645415261
587.82,0.9183499086343645
588.01,0.9121722673390431
588.21,0.9351897933553828
588.41,0.918841715107148
588.6,0.9228988610637653
588.8,0.9307701336145675
589.0,0.9151947774625545
589.2,0.9198508441749568
589.39,0.9085991746925209
589.59,0.9184075510084286
589.79,0.9116696226684711
589.98,0.9151042547760246
590.18,0.9157743528639821
590.38,0.9108248617613396
590.58,0.9277646086895415
590.77,0.9252518498451673
590.97,0.9046244253199299
591.17,0.9141914961488705
591.36,0.8997721532437338
591.56,0.9102401386672602
591.76,0.9130310733259063
591.96,0.9076252682771547
592.15,0.9163294372903846
592.35,0.9200976613479013
592.55,0.9115937647709224
592.74,0.9219487237217248
592.94,0.9132877904555535
593.14,0.9166857728318674
593.33,0.8986932922025264
593.53,0.9126115754437496
593.73,0.9075694006514289
593.92,0.9055115606122595
594.12,0.9130675001948146
594.32,0.9010870444174898
594.51,0.8979372549201853
594.71,0.9125544790216199
594.91,0.9062946888198063
595.11,0.9038805896640736
595.3,0.8965819950522035
595.5,0.885917054721176
595.7,0.9071262731483425
595.89,0.9137160625565294
596.09,0.9072875964528928
596.29,0.8967081694507847
596.48,0.8989277545543807
596.68,0.9131852977115693
596.88,0.9104099129175491
597.07,0.9055233414009854
597.27,0.9119964040429676
597.47,0.9258094702069458
597.66,0.9023272717266669
597.86,0.9114443473332309
598.06,0.9140947315846627
598.25,0.9103429764129598
598.45,0.9141489191577613
598.64,0.9092050698854585
598.84,0.8954965513682153
599.04,0.9018833874670578
599.23,0.899738063146895
599.43,0.8924327734146907
599.63,0.8973052682678672
599.82,0.9083242605472174
600.02,0.916608077716996
600.22,0.9148657047346274
600.41,0.9062629418278865
600.61,0.9143962933118994
600.81,0.90886144751367
601.0,0.9237133297609817
601.2,0.9060577394406805
601.39,0.9123265162796014
601.59,0.9130953917752631
601.79,0.903072484518264
601.98,0.9196788738841072
602.18,0.9059111500395186
602.38,0.921219608728729
602.57,0.9026118024104611
602.77,0.9288996496133812
602.96,0.9285342444735649
603.16,0.9255065500536759
603.36,0.9223535025556311
603.55,0.9304823413979656
603.75,0.9144929922227819
603.95,0.9356709966181889
604.14,0.9179112497374625
604.34,0.9320137875261681
604.53,0.9302954613190487
604.73,0.9153373685402658
604.93,0.9294837154043202
605.12,0.9153089265659875
605.32,0.9174938354283207
605.51,0.93119098807294
605.71,0.939590614912117
605.91,0.917907154484031
606.1,0.9173679412202783
606.3,0.9309523081088354
606.49,0.9179324953729463
606.69,0.9150327545962622
606.89,0.91257402477165
607.08,0.9181585864074944
607.28,0.9170418458333695
607.47,0.9462577638358954
607.67,0.9238419056038314
607.87,0.9224811260586464
608.06,0.9108913015285447
608.26,0.9264457523738397
608.45,0.9544140048771201
608.65,0.9514996701178169
608.84,0.9363490037114484
609.04,0.9404107101900406
609.24,0.9406141522029372
609.43,0.9287725784340769
609.63,0.9354434924766285
609.82,0.9339549376966993
610.02,0.9204728991968169
610.21,0.9198071956483607
610.41,0.9250405964015045
610.61,0.9335437113641578
610.8,0.9270927225897205
611.0,0.9318728799883532
611.19,0.9259711655940979
611.39,0.9342051801587025
611.58,0.9024768724635863
611.78,0.9478489741231902
611.98,0.9376603723001941
612.17,0.9380060606805084
612.37,0.9493084274527515
612.56,0.9371468889319635
612.76,0.9578411503895623
612.95,0.9472821620397076
613.15,0.9387305128914897
613.34,0.9284206942972311
613.54,0.9211921134684005
613.73,0.9282479109186175
613.93,0.9405745821058645
614.13,0.9270491760809756
614.32,0.9185223461596385
614.52,0.9326973963983052
614.71,0.9370291612040617
614.91,0.9318286402511158
615.1,0.9399670637266985
615.3,0.9422332190159785
615.49,0.9441186139372633
615.69,0.9299026366650976
615.88,0.9343690168915364
616.08,0.9321286376564355
616.27,0.9231114583662329
616.47,0.9231504720569113
616.66,0.9302528114477658
616.86,0.9399856060489569
617.06,0.9304777984159822
617.25,0.9207778976871251
617.45,0.9273720771200384
617.64,0.9013104203140717
617.84,0.929719953495607
618.03,0.933736540215969
618.23,0.9270178891588132
618.42,0.9161086840989342
618.62,0.9300686276375957
618.81,0.9126421591301219
619.01,0.9189963721594456
619.2,0.9084414749409536
619.4,0.9279595071829113
619.59,0.9318453098185542
619.79,0.9073781848916758
619.98,0.9007665677911726
620.18,0.9050658850995047
620.37,0.9154417328779031
620.57,0.9117993592881894
620.76,0.9073074254708873
620.96,0.9203850158915213
621.15,0.9052185784887639
621.35,0.9078831557474657
621.54,0.9065293861748857
621.74,0.9028831758323842
621.93,0.9157322421361576
622.13,0.897961481476172
622.32,0.9100369893513134
622.51,0.9093359949324491
622.71,0.905582731624844
622.9,0.8999285186477091
623.1,0.903334350631089
623.29,0.9115511629883306
623.49,0.9133687293001214
623.68,0.910311077596427
623.88,0.9065433925419655
624.07,0.8867115826577662
624.27,0.8938255782534231
624.46,0.8999955970003292
624.66,0.8890322069850528
624.85,0.8867937465102629
625.05,0.9025662435122334
625.24,0.8926737198410502
625.43,0.9000379094826468
625.63,0.8905914604378685
625.82,0.8749011248107225
626.02,0.8862139846428846
626.21,0.8806143182017101
626.41,0.8856037831192632
626.6,0.8754488999954072
626.8,0.876989634407167
626.99,0.8818243819936037
627.19,0.857938036702219
627.38,0.8677055987332521
627.57,0.878486353588793
627.77,0.8686869772642885
627.96,0.8671981143334891
628.16,0.8663352445547131
628.35,0.8733298924345566
628.55,0.8487962843943634
628.74,0.8636534066480079
628.93,0.8703692395088498
629.13,0.8640673297212211
629.32,0.8549644388472152
629.52,0.8567294590348021
629.71,0.8732028095565156
629.91,0.8572711663331847
630.1,0.8543077495656625
630.29,0.8473783430941808
630.49,0.8637093005067737
630.68,0.8690633554206246
630.88,0.8618165505744734
631.07,0.8578797503602527
631.27,0.8631345092023118
631.46,0.8776455128627516
631.65,0.8688364354853505
631.85,0.8545687705603342
632.04,0.8829199938192622
632.24,0.8451981842328049
632.43,0.841697260514153
632.62,0.8389389406274775
632.82,0.8616206145406471
633.01,0.8464377683762023
633.21,0.8501243000157677
633.4,0.8485281945952272
633.59,0.8529420999001969
633.79,0.8437618553397155
633.98,0.8571614115680445
634.18,0.8520802915420981
634.37,0.8634285523008284
634.56,0.8665479387039212
634.76,0.855252962571308
634.95,0.8658185607247199
635.14,0.8706304430279944
635.34,0.8656719611528322
635.53,0.8762958062184365
635.73,0.8649728518062128
635.92,0.8632175727527095
636.11,0.865637340718977
636.31,0.8641688982788768
636.5,0.8564153382080544
636.7,0.8632208566638043
636.89,0.8658320571219668
637.08,0.8589495309567882
637.28,0.8440318554617854
637.47,0.8647645293810369
637.66,0.8704057680654776
637.86,0.8414667758138543
638.05,0.8551595043618948
638.24,0.8425582426383308
638.44,0.8470995531555228
638.63,0.8473481790230168
638.83,0.8550616305850437
639.02,0.8725002340459748
639.21,0.8664928588280364
639.41,0.8683675108508648
639.6,0.8839897916304199
639.79,0.8779706598700915
639.99,0.8884364491370403
640.18,0.8838310045660467
640.37,0.8746982477996434
640.57,0.8684386774764566
640.76,0.87880958551043
640.95,0.8841302203265691
641.15,0.8860139086650295
641.34,0.8791000064659423
641.53,0.8676300005265132
641.73,0.8769537852749951
641.92,0.8901718025723588
642.11,0.8813750710492567
642.31,0.8746089596036002
642.5,0.88421070363472
642.69,0.8740183072060553
642.89,0.8595851022072218
643.08,0.8679641476641095
643.27,0.8853912177748415
643.47,0.8688286847416246
643.66,0.8725349106513643
643.85,0.8505043085922642
644.05,0.8569685605796415
644.24,0.8697356128534907
644.43,0.882545295911251
644.63,0.8764323890677681
644.82,0.8834886492512297
645.01,0.8863933613396083
645.2,0.889540144670133
645.4,0.8884390407430726
645.59,0.8701436924101812
645.78,0.8940498002364703
645.98,0.8942842450510559
646.17,0.9013683286178169
646.36,0.8902103069275049
646.56,0.8941751536543326
646.75,0.8911315482941125
646.94,0.9020676078795374
647.13,0.902787244012758
647.33,0.9039669233563215
647.52,0.9251592578605792
647.71,0.9031207656271114
647.91,0.9086879048933274
648.1,0.910045015757697
648.29,0.8995532025451989
648.49,0.8969758962587756
648.68,0.8810948336604467
648.87,0.8901341307402438
649.06,0.9043634973808472
649.26,0.8997077549142353
649.45,0.9076503568216396
649.64,0.882096362523944
649.83,0.9011782058978053
650.03,0.8989943921615899
650.22,0.9152370941967681
650.41,0.9239422505139614
650.61,0.9087710257096034
650.8,0.9205981198601824
650.99,0.902447895215577
651.18,0.9172231156099766
651.38,0.9323933859305008
651.57,0.9144842028766981
651.76,0.9193660281603181
651.95,0.9161680014664332
652.15,0.9190798095622085
652.34,0.9049929717394365
652.53,0.9148396867813512
652.72,0.910677907626719
652.92,0.9047526004527457
653.11,0.9159811646249507
653.3,0.9052997688361888
653.49,0.9147775632414263
653.69,0.9029915327285981
653.88,0.898357449064468
654.07,0.9106196034019969
654.26,0.9066771392220008
654.46,0.9212218785432384
654.65,0.9294454494507532
654.84,0.9075383913659247
655.03,0.9310473412864345
655.23,0.9301736595007294
655.42,0.9201860138908874
655.61,0.9230803652709113
655.8,0.9362117500470433
655.99,0.9234060905324725
656.19,0.9088046373019972
656.38,0.9104489325988584
656.57,0.9105561788944443
656.76,0.9116160408033499
656.96,0.9258449448619391
657.15,0.9194123008849862
657.34,0.9247436697370481
657.53,0.930388283656045
657.72,0.9461826405009294
657.92,0.9244610861657923
658.11,0.9168521078222234
658.3,0.9003366837825353
658.49,0.9164553453938037
658.68,0.8982823553837854
658.88,0.9209529379649172
659.07,0.9190721640636934
659.26,0.93235628666042
659.45,0.9276923292511492
659.64,0.92014445362382
659.84,0.9259113716481663
660.03,0.9106435198734834
660.22,0.9287427541712104
660.41,0.9309367421907155
660.6,0.9425493855390171
660.8,0.9204362198034871
660.99,0.9208857027254291
661.18,0.9169370108745486
661.37,0.9162388300451175
661.56,0.9061878460334931
661.76,0.9147455142792057
661.95,0.9164782158196376
662.14,0.9068257286755362
662.33,0.9110398760947132
662.52,0.9017139000265161
662.71,0.8631679185955844
662.91,0.8914406018689565
663.1,0.8863775579713234
663.29,0.8973687710918021
663.48,0.8967946140811086
663.67,0.8945784570792631
663.86,0.8841665446853532
664.06,0.8931785311846631
664.25,0.9031507680824246
664.44,0.8942507689976593
664.63,0.8894179123027428
664.82,0.8846843614866676
665.01,0.8902453750030187
665.21,0.9016390638868272
665.4,0.8935157265186553
665.59,0.9186820655800125
665.78,0.9014780378994768
665.97,0.8882733164937169
666.16,0.9025109472159092
666.35,0.8965291064502644
666.55,0.9001924134432764
666.74,0.8929588493790147
666.93,0.8720943813730839
667.12,0.8951605976947956
667.31,0.8876920655078914
667.5,0.8825504991993519
667.69,0.8894975381497102
667.89,0.8881816324037122
668.08,0.8898620105693572
668.27,0.8657246957934843
668.46,0.8965531553817674
668.65,0.8872612366721064
668.84,0.8724142864160154
669.03,0.8578478636631294
669.22,0.8588639661325465
669.42,0.8633591829189718
669.61,0.8627359485837284
669.8,0.8629348395396509
669.99,0.8705422999143548
670.18,0.8653006368982599
670.37,0.8641891022858158
670.56,0.8487895835083028
670.75,0.8523951286891361
670.94,0.8221863540411265
671.14,0.8247219300297818
671.33,0.8316496846312729
671.52,0.8350643986331718
671.71,0.8377273280980012
671.9,0.843695281300301
672.09,0.8274141785451944
672.28,0.8256689584001761
672.47,0.8292665855219494
672.66,0.8243325495376391
672.85,0.8306564436752212
673.05,0.8418991780745912
673.24,0.8302193733887486
673.43,0.8244593531730547
673.62,0.8229522852361869
673.81,0.8357940904843593
674.0,0.8385604615412097
674.19,0.838762980258197
674.38,0.8354112448763514
674.57,0.8261346567233553
674.76,0.8260643747431858
674.95,0.8166669716452446
675.15,0.8195035408168567
675.34,0.8100815061643919
675.53,0.808076696376526
675.72,0.8099537472797034
675.91,0.810288997067891
676.1,0.8142065586334274
676.29,0.813597391373073
676.48,0.8082172113872825
676.67,0.7967701473701336
676.86,0.7985822607976346
677.05,0.8175765033421313
677.24,0.8036047812992687
677.43,0.7874093921769201
677.62,0.7797243955414901
677.81,0.7855218912890021
678.0,0.7781452206685543
678.2,0.785225293726717
678.39,0.760159669067399
678.58,0.7748897676728748
678.77,0.7649924449048944
678.96,0.7536348724758257
679.15,0.7650507103012164
679.34,0.7605403052485816
679.53,0.762934098336296
679.72,0.7706816186857823
679.91,0.7855102094797709
680.1,0.7572146422690317
680.29,0.7822628544634801
680.48,0.7679939361924776
680.67,0.7529542947112594
680.86,0.7315612841802686
681.05,0.7302101296103103
681.24,0.7260404004905593
681.43,0.7378404664002765
681.62,0.7217826235663249
681.81,0.7367195375722544
682.0,0.7290926162262716
682.19,0.7235463963174451
682.38,0.7439098754201802
682.57,0.7352372111729091
682.76,0.7319304730206728
682.95,0.738416073439522
683.14,0.7359225486297728
683.33,0.7263171529033696
683.52,0.7230011942623241
683.71,0.7295918234349335
683.9,0.7191302713863262
684.09,0.6975824265923192
684.28,0.7066104803874644
684.47,0.7128791483276656
684.66,0.7117174342091663
684.85,0.6973003033404575
685.04,0.6907441196751953
685.23,0.6771696612263721
685.42,0.699619466010282
685.61,0.6802295177706399
685.8,0.6810669862960157
685.99,0.6846316642870603
686.18,0.6828328029809575
686.37,0.6706642283545315
686.56,0.6701138958127254
686.75,0.6623089337610207
686.94,0.6678112788522536
687.13,0.6678831671054136
687.32,0.6617262273699315
687.51,0.6587073570489388
687.7,0.6525636656678656
687.89,0.6284085111154719
688.08,0.6469784642060549
688.27,0.6369571297921786
688.46,0.6474271209269916
688.65,0.6380217949423438
688.84,0.6378576665751909
689.03,0.6474446824596294
689.22,0.6361003501273836
689.41,0.6356221391195898
689.6,0.6295968545103493
689.79,0.616146669521864
689.98,0.6165947188428548
690.17,0.6166081954130985
690.36,0.6132508741615429
690.55,0.6032959084427909
690.74,0.6159328093643066
690.93,0.6119565478980464
691.12,0.6018111593212498
691.31,0.5808783995551227
691.49,0.5920849564567686
691.68,0.5838486752951105
691.87,0.5719993430167281
692.06,0.5677045861239965
692.25,0.5694100807999565
692.44,0.5673220434815638
692.63,0.5767670746645833
692.82,0.5604440241577933
693.01,0.5511406557449786
693.2,0.5566108987796696
693.39,0.5463408510816352
693.58,0.5461528812661668
693.77,0.5414872401105876
693.96,0.5485886251660119
694.15,0.5351320198435884
694.33,0.5257925193512076
694.52,0.5388317029649369
694.71,0.5273333402401977
694.9,0.5404039759358175
695.09,0.5262272657294681
695.28,0.5258776809069482
695.47,0.5208940020688361
695.66,0.5147206251116258
695.85,0.511219418129158
696.04,0.5128203865454982
696.23,0.5060790509552524
696.42,0.4958605758674474
696.6,0.4886378074269831
696.79,0.4861132280456066
696.98,0.4875402701968247
697.17,0.48285448921397084
697.36,0.48407385551201343
697.55,0.47128351326962464
697.74,0.4760960231514853
697.93,0.4678990147057529
698.12,0.4697155866805883
698.31,0.4727187834803482
698.49,0.4577742474095733
698.68,0.47921110954643725
698.87,0.4561748034778172
699.06,0.4587604014245085
699.25,0.46232730178418274
699.44,0.46088202611154255
699.63,0.45707813103160155
699.82,0.45893917609673673
700.0,0.4585835015704525
700.19,0.4423194880788118
700.38,0.4393507923256527
700.57,0.44080099339502166
700.76,0.43223325882040176
700.95,0.4321965306817563
701.14,0.4323263965301782
701.33,0.4247079889731555
701.51,0.42255720252315104
701.7,0.40602080907893595
701.89,0.41484818457070827
702.08,0.4128116752584987
702.27,0.40954575664052384
702.46,0.3987511735294657
702.65,0.4043044816225592
702.83,0.39664125932519184
703.02,0.3911753699449809
703.21,0.40005323797573505
703.4,0.39702383231826116
703.59,0.38435160949761776
703.78,0.3807790923020147
703.97,0.39005870640909995
704.15,0.3852570385374653
704.34,0.36213904177720774
704.53,0.3747152244323245
704.72,0.356419017827494
704.91,0.36383550349193483
705.1,0.35487861354077044
705.28,0.3613692155014181
705.47,0.3543889197512299
705.66,0.3615864762653992
705.85,0.3522550140391908
706.04,0.35429678425478706
706.23,0.35001192654218666
706.41,0.3510398805099914
706.6,0.3465580054673701
706.79,0.3428885022944846
706.98,0.3404988484716686
707.17,0.33836660393326656
707.35,0.3391814509017579
707.54,0.33118390162101735
707.73,0.33626554931753716
707.92,0.3230884988582984
708.11,0.3235288712125946
708.3,0.32115646509619283
708.48,0.31354449189019606
708.67,0.311959575562593
708.86,0.32330861026119084
709.05,0.31148777549825907
709.24,0.32177368257997463
709.42,0.3096734277224429
709.61,0.30443740443520584
709.8,0.30366877854722263
709.99,0.30051791163029695
710.18,0.299339693315653
710.36,0.29353174245942343
710.55,0.29115788565551176
710.74,0.2903777420815222
710.93,0.29963634647208875
711.12,0.29030941614708067
711.3,0.28666698190339124
711.49,0.28484130772839866
711.68,0.28335086920013974
711.87,0.2858691362418521
712.05,0.2785574829302066
712.24,0.27632161586195203
712.43,0.2797566017714464
712.62,0.2789488767244538
712.81,0.27566594651848303
712.99,0.2698442596015526
713.18,0.27312913549430706
713.37,0.26768674681992344
713.56,0.27006570227782734
713.74,0.26237239179470545
713.93,0.2495948453538204
714.12,0.2544017162277591
714.31,0.25951237810368
714.49,0.2616471315911551
714.68,0.25239011111007
714.87,0.25004045309108963
715.06,0.2444519481041535
715.24,0.23999527446085617
715.43,0.23344355746903062
715.62,0.2342626654359919
715.81,0.2306098520677866
715.99,0.22562420735654917
716.18,0.23241147695440875
716.37,0.2360787922664843
716.56,0.2277864258318412
716.74,0.23738085104875253
716.93,0.2350493518566036
717.12,0.2323171628621563
717.31,0.22937333221399284
717.49,0.22667960922526129
717.68,0.2191621221169921
717.87,0.21477059166946882
718.06,0.21315969556189907
718.24,0.22206989789962414
718.43,0.21896822898961305
718.62,0.21367355639391555
718.8,0.21037057466631887
718.99,0.21519781321200276
719.18,0.21095101577315048
719.37,0.2122285595299134
719.55,0.20987383104387058
719.74,0.21280980403578045
719.93,0.20321442608504453
720.11,0.2094953112910892
720.3,0.198150130268617
720.49,0.19830280539511452
720.68,0.19395069979607032
720.86,0.19605087707073823
721.05,0.18940854300958349
721.24,0.1876887582351016
721.42,0.18495691381948073
721.61,0.19955980386972258
721.8,0.18876984715310954
721.98,0.19378999814659356
722.17,0.1884701931283061
722.36,0.18812440078747084
722.55,0.1761688189383468
722.73,0.1801648359516471
722.92,0.1774478007195535
723.11,0.18311122574602312
723.29,0.1777897514758457
723.48,0.18728996475506135
723.67,0.1744035631960195
723.85,0.1797142458923015
724.04,0.17341137642209645
724.23,0.1752141732039248
724.41,0.1729194559227602
724.6,0.16554527943292693
724.79,0.17239396751842437
724.97,0.16896743413429802
725.16,0.1700955398656195
725.35,0.16132269570098087
725.53,0.16414953750513156
725.72,0.1627420171094301
725.91,0.1649423662610153
726.09,0.16898096230576198
726.28,0.1612477256887898
726.47,0.1628135167008734
726.65,0.15956824685005555
726.84,0.1644653317293098
727.03,0.16220821271944147
727.21,0.1597443810958727
727.4,0.1564090156717423
727.59,0.16061874588223565
727.77,0.1540722855110214
727.96,0.155968216491181
728.15,0.14940244253249302
728.33,0.14805597526694902
728.52,0.15382883957013557
728.7,0.15463872138262413
728.89,0.14229790325792707
729.08,0.1438920465242165
729.26,0.14090743609932863
729.45,0.1465759495111368
729.64,0.14479809363186716
729.82,0.14204841290127138
730.01,0.14290701098259811
730.2,0.13964918572981697
730.38,0.1445235758032454
730.57,0.14131675300769794
730.75,0.14281789630006983
730.94,0.14252424497514962
731.13,0.14158359872575083
731.31,0.1420361695049128
731.5,0.1404288673136209
731.68,0.13627026108531587
731.87,0.14204920437468424
732.06,0.1332512387091854
732.24,0.13760239859991716
732.43,0.13440443485309367
732.62,0.13985832721886593
732.8,0.13228936602108762
732.99,0.13159075239191664
733.17,0.1372214951315208
733.36,0.12644830458994225
733.55,0.14185409955983982
733.73,0.1325050263870754
733.92,0.1330363481389413
734.1,0.12506819241147998
734.29,0.12437430525603994
734.48,0.12326838952461767
734.66,0.12697167432549358
734.85,0.115774225040152
735.03,0.11936456031775652
735.22,0.12413423553618361
735.4,0.12399445650232618
735.59,0.12417730207741386
735.78,0.11792280954583977
735.96,0.1194421254591931
736.15,0.11948640018872628
736.33,0.12148233477256135
736.52,0.12023323474979554
736.7,0.11260327672930166
736.89,0.12288767979283624
737.08,0.11581351812727435
737.26,0.11150292191777122
737.45,0.11434583636987622
737.63,0.11677310861300241
737.82,0.1111938590312829
738.0,0.11746990655335851
738.19,0.11042489711885765
738.38,0.11641652821816423
738.56,0.11060967220056779
738.75,0.11131495920721622
738.93,0.11303110245528451
739.12,0.11270652231184689
739.3,0.11261073788408384
739.49,0.11416278253058533
739.67,0.11022395372624381
739.86,0.10711825035458535
740.04,0.11062741947264627
740.23,0.1080399678638157
740.42,0.10916575497943168
740.6,0.10263975558255577
740.79,0.11129811213772041
740.97,0.10631001404024368
741.16,0.11867433231210346
741.34,0.10674978849580917
741.53,0.11143451163448345
741.71,0.11138516598655013
741.9,0.10572305855050944
742.08,0.10753594779350645
742.27,0.10475971672703496
742.45,0.10331637231782305
742.64,0.10033974163754791
742.82,0.10273668042059127
743.01,0.10265199018967246
743.19,0.10399101612411189
743.38,0.10882343977100636
743.57,0.09686427580484781
743.75,0.10215768957958297
743.94,0.10884900194392128
744.12,0.10386697666816253
744.31,0.10058729476816036
744.49,0.10762069814337326
744.68,0.10335511283527384
744.86,0.09761536287860709
745.05,0.09643694251485689
745.23,0.09769323263494394
745.42,0.0970334989091079
745.6,0.09884049980420488
745.79,0.09986302151415503
745.97,0.09809449122430153
746.16,0.0937529079140027
746.34,0.092419500732993
746.52,0.08693222474890573
746.71,0.09043536243321615
746.89,0.09474199339347288
747.08,0.08986336527024301
747.26,0.09380930804388803
747.45,0.09166139995361697
747.63,0.09170727789980564
747.82,0.08505414500974158
748.0,0.08995960488134715
748.19,0.08936640963769826
748.37,0.09004098689123952
748.56,0.0880008136593056
748.74,0.09266829055504532
748.93,0.08541864251253571
749.11,0.08974984898680179
749.3,0.09239876541511872
749.48,0.08680107112356805
749.67,0.09038732446693755
749.85,0.08484687508575399
750.03,0.08912777961175666
750.22,0.08608324854668029
750.4,0.08720349291302289
750.59,0.08745794280375155
750.77,0.08594888820698895
750.96,0.08840163582414838
751.14,0.0814058275758486
751.33,0.08525315176869738
751.51,0.083431182139165
751.69,0.0827192928924656
751.88,0.09020817752157424
752.06,0.0926684491052924
752.25,0.08618426113087574
752.43,0.08945936196034329
752.62,0.08294373813705752
752.8,0.08230940286410504
752.99,0.08228611000466012
753.17,0.08305455803545295
753.35,0.08571880761895719
753.54,0.08677754964734619
753.72,0.08045925782076975
753.91,0.07688469468726712
754.09,0.089269871692374
754.28,0.08212383504672624
754.46,0.08563411986547073
754.64,0.0786960076486113
754.83,0.0845000595245969
755.01,0.0845716767906061
755.2,0.0824412436272165
755.38,0.08201945664809901
755.56,0.08694305013323418
755.75,0.07927759891656057
755.93,0.07456952527858188
756.12,0.07754033566113042
756.3,0.07746450210694546
756.48,0.07930971694985703
756.67,0.07926843388391254
756.85,0.07649743843902226
757.04,0.07901300518368659
757.22,0.08293779125461867
757.4,0.08747186746784201
757.59,0.0817127949628293
757.77,0.07356999924223502
757.96,0.07961743429044865
758.14,0.08094562375864754
758.32,0.07986909787564966
758.51,0.07999271722483427
758.69,0.07590350867990081
758.87,0.07965286489845581
759.06,0.07766655735139644
759.24,0.08272719702638796
759.43,0.07126197941607627
759.61,0.07207989603313127
759.79,0.07496707117991112
759.98,0.08056681093377462
760.16,0.07592249829756967
760.34,0.07538057843088218
760.53,0.07441989294826021
760.71,0.08416782044108512
760.9,0.07672436679842437
761.08,0.07602289519776301
761.26,0.07541285819966725
761.45,0.076711809129231
761.63,0.07563134915342745
761.81,0.07036361836154416
762.0,0.07344140900272846
762.18,0.0781515155111237
762.36,0.07185352122162943
762.55,0.07758543446986246
762.73,0.07192772634676135
762.91,0.06998129167576292
763.1,0.0723181402564168
763.28,0.0714408093847999
763.46,0.07243314364225541
763.65,0.06877579467371528
763.83,0.07408411710022411
764.01,0.0715266312661763
764.2,0.07862359372981471
764.38,0.06812780349130935
764.56,0.07390863714573703
764.75,0.07284061058173359
764.93,0.07239452416794093
765.11,0.06628571245057649
765.3,0.07669992205347294
765.48,0.06763136383010711
765.66,0.08041273132833945
765.85,0.07088567459432445
766.03,0.06720371183199524
766.21,0.07348554991757826
766.4,0.07382652391188649
766.58,0.06386320298655304
766.76,0.07029651743817643
766.95,0.06759586872901498
767.13,0.07489768812274328
767.31,0.062050163407249864
767.49,0.06530369162934217
767.68,0.07298281790232321
767.86,0.06559725546129858
768.04,0.07006989326768148
768.23,0.07371988511186736
768.41,0.06406344092305426
768.59,0.06702864906851942
768.78,0.06686016304587497
768.96,0.06507318084324795
769.14,0.06335321652988223
769.32,0.06826931411345898
769.51,0.06304381808537082
769.69,0.06840195525954107
769.87,0.06825212211370352
770.06,0.07003392393389823
770.24,0.06796552052434006
770.42,0.06805038935916319
770.6,0.06943396415114625
770.79,0.06682916353805382
770.97,0.06795342945260359
771.15,0.064546203296214
771.33,0.06455020056235772
771.52,0.06992781840394324
771.7,0.06610796051459393
771.88,0.0661473813071914
772.07,0.06709930612764466
772.25,0.0649993925012336
772.43,0.06738068570336186
772.61,0.06602326457682538
772.8,0.0601837237888122
772.98,0.063587976652696
773.16,0.06625050507983286
773.34,0.059596328106112255
773.53,0.06653667335625749
773.71,0.059832292017098096
773.89,0.06554005420991757
774.07,0.06201028031244755
774.26,0.06179378716956861
774.44,0.06390698790758088
774.62,0.06869067103888142
774.8,0.06321285004979611
774.99,0.06427967255262496
775.17,0.06490657167928403
775.35,0.06543320713743364
775.53,0.0680880799073454
775.71,0.05882771143097239
775.9,0.0638880821311587
776.08,0.058648801263885594
776.26,0.06433174566864773
776.44,0.06398108439143352
776.63,0.05851811096807278
776.81,0.0615913240485533
776.99,0.06077504147204175
777.17,0.061610926048650705
777.35,0.06558433720281702
777.54,0.05922843772114281
777.72,0.06192652192608465
777.9,0.058344828320808687
778.08,0.05741162847836294
778.27,0.0572792789397833
778.45,0.06511483626398053
778.63,0.05748452657442256
778.81,0.05638499635087275
778.99,0.052111550192048224
779.18,0.06369363784363695
779.36,0.06463770630058742
779.54,0.060554552581940264
779.72,0.058641857759650445
779.9,0.06316815976535071
780.08,0.06102245077262358
780.27,0.05990209239733167
780.45,0.06124081828843314
780.63,0.06188414306594876
780.81,0.05501329142150236
780.99,0.058597340793389914
781.18,0.05540037969358115
781.36,0.05565601065018415
781.54,0.06069817397926783
781.72,0.06183972209835561
781.9,0.059851651866013156
782.08,0.05100427177508466
782.27,0.05693689526232605
782.45,0.0554434809312044
782.63,0.057672977332985195
782.81,0.05923407877844665
782.99,0.052983355772876314
783.17,0.05239745366401516
783.36,0.05674035723911757
783.54,0.062101112821088995
783.72,0.05253608737610484
783.9,0.05943476959190757
784.08,0.06052640592286854
784.26,0.05775954049006478
784.45,0.06059035174277178
784.63,0.04993826775512637
784.81,0.06173746464767923
784.99,0.05490890757969382
785.17,0.04941042421310298
785.35,0.05967507865311431
785.53,0.061928998550660794
785.72,0.06024426923022867
785.9,0.05557282557618999
786.08,0.058995340012478775
786.26,0.05213141626727791
786.44,0.05690112551864562
786.62,0.05598560121898772
786.8,0.05886665864913966
786.99,0.05220708029488934
787.17,0.062162383485974804
787.35,0.057603954022935944
787.53,0.052745871126419874
787.71,0.05439364220612089
787.89,0.05746870161468702
788.07,0.052805408788469205
788.25,0.056043738028312445
788.43,0.06398031026928078
788.62,0.05364695380913697
788.8,0.049025560093159934
788.98,0.06093987872110435
789.16,0.05062323456228952
789.34,0.05414010306413396
789.52,0.04374483383051872
789.7,0.06034392133035656
789.88,0.047529469533777804
790.06,0.05135336336681818
790.25,0.05244331014572138
790.43,0.05375162275273334
790.61,0.05209539974240835
790.79,0.05901875522769056
790.97,0.053812769146456205
791.15,0.05253668207226346
791.33,0.053024967584001804
791.51,0.05066236695411584
791.69,0.058123711121098834
791.87,0.05540617463110642
792.05,0.057292822220752736
792.24,0.04665331014452469
792.42,0.05509059679892336
792.6,0.054581757132626876
792.78,0.04952745270358319
792.96,0.052294638324931524
793.14,0.05256259011666012
793.32,0.051833213027989954
793.5,0.04647365000300394
793.68,0.0541607903793308
793.86,0.0547051921843468
794.04,0.05779719081661178
794.22,0.05024600351135112
794.4,0.05057132171895794
794.58,0.04744716926721318
794.76,0.05426007434973024
794.95,0.04210320136995534
795.13,0.040601143556736476
795.31,0.047631037330784984
795.49,0.046823526204310344
795.67,0.0487778002123571
795.85,0.04940099073221243
796.03,0.04943430158661509
796.21,0.04890563789495868
796.39,0.049438333310901285
796.57,0.050750508182006944
796.75,0.046911282315120977
796.93,0.04980763300151041
797.11,0.04557824693994907
797.29,0.04773355963263737
797.47,0.04909301423035521
797.65,0.04341680815223293
797.83,0.04752572791039176
798.01,0.0451963334189561
798.19,0.047905217605225814
798.37,0.0461284507110802
798.55,0.047596287037006135
798.73,0.041736379378792494
798.91,0.046451911734818246
799.09,0.04026767398911552
799.27,0.04540322382117354
799.45,0.04685007655786392
799.63,0.043915392838445616
799.81,0.04765978817099069
799.99,0.045955732563644464
800.17,0.04310875566837028
800.35,0.043662494931563336
800.53,0.041189274412393985
800.71,0.042059255763281615
800.89,0.04453144710696069
801.07,0.0459923895294109
801.25,0.048503310549948275
801.43,0.045943479011675656
801.61,0.053189293717541594
801.79,0.04742661058943968
801.97,0.0663227765147389
802.15,0.04875421515865124
802.33,0.040849223175150155
802.51,0.04865810697246195
802.69,0.03846750770458728
802.87,0.05094450833913292
803.05,0.041242790807310324
803.23,0.04655503409127747
803.41,0.046867833601671335
803.59,0.045724142212922605
803.77,0.05341566348970667
803.95,0.042307180252955046
804.13,0.04218458207506194
804.31,0.03792299268346814
804.49,0.04555243282596285
804.67,0.04727088122632915
804.85,0.04417445522560807
805.03,0.05058596138210947
805.21,0.04309527872685749
805.39,0.046151409174767906
805.57,0.049693367291874846
805.75,0.045142194515317084
805.93,0.045612714574747325
806.11,0.04133877979724854
806.29,0.046765442388641706
806.47,0.042632785341482876
806.65,0.0436076821545449
806.83,0.05379805831348647
807.0,0.04779110384761985
807.18,0.04767490430560602
807.36,0.04844043465332747
807.54,0.041455319823748636
807.72,0.051694427167892056
807.9,0.0510891131306228
808.08,0.04285280361497129
808.26,0.04849645423792766
808.44,0.037836544471379685
808.62,0.04477029985721086
808.8,0.04264418461051179
808.98,0.044417537453645545
809.16,0.04468871785210893
809.34,0.042223686435846404
809.51,0.04425875231936559
809.69,0.03725921971108276
809.87,0.039216067323934255
810.05,0.04739615727080543
810.23,0.041180100617342
810.41,0.04323890206873045
810.59,0.040852367753178256
810.77,0.044547893809602945
810.95,0.04109584697209567
811.13,0.04231310466841777
811.31,0.03895781892435455
811.48,0.03891170701473239
811.66,0.038560544668970714
811.84,0.03957526155883339
812.02,0.03869127611009263
812.2,0.048128194793282744
812.38,0.04595938688789478
812.56,0.03580080272461541
812.74,0.04380169067035778
812.92,0.033851703583133545
813.1,0.05122480969000482
813.27,0.04239686726177167
813.45,0.04789855740444082
813.63,0.0463801529497751
813.81,0.040636402099557226
813.99,0.03650173291055233
814.17,0.037220747840410795
814.35,0.046990688109994246
814.53,0.03344650665840561
814.7,0.0420677509968993
814.88,0.03944749698052805
815.06,0.04514264342578294
815.24,0.04705376765328928
815.42,0.03683260498609216
815.6,0.03983560677662428
815.78,0.03656363068036082
815.95,0.049435074374592346
816.13,0.03714475772948944
816.31,0.03914693699050997
816.49,0.042559237766265634
816.67,0.04274680317861504
816.85,0.044200909306384546
817.03,0.05233096027893073
817.2,0.0329175483633001
817.38,0.04619257171472762
817.56,0.03994437935250465
817.74,0.04922972259114167
817.92,0.04052888358378355
818.1,0.03725945158747479
818.27,0.041625055996381714
818.45,0.053874021879924364
818.63,0.03829114283889941
818.81,0.0425852320096797
818.99,0.03721576487751484
819.17,0.04828110182009477
819.34,0.03430242808641837
819.52,0.04337232101832013
819.7,0.039528195155640176
819.88,0.05104093913477862
820.06,0.04729633662303735
820.24,0.0357299379934471
820.41,0.04469355683603982
820.59,0.045762839474927916
820.77,0.04019716139742916
820.95,0.04123665781321165
821.13,0.04888985419271363
821.3,0.042811483864402713
821.48,0.03286271760719711
821.66,0.04188514030642563
821.84,0.0478756366542001
822.02,0.03834932430093889
822.19,0.04043736572859118
822.37,0.040817111677246526
822.55,0.03586899500657374
822.73,0.04538195656695028
822.91,0.040260168986647964
823.08,0.04775186546514639
823.26,0.03723445045836557
823.44,0.04544147172544182
823.62,0.043575230437171424
823.8,0.04157687642995603
823.97,0.04534316454335896
824.15,0.04986272931282089
824.33,0.03485015928531859
824.51,0.04150810627420695
824.69,0.03674608019203153
824.86,0.041474672180783725
825.04,0.04682752613747922
825.22,0.0492836303188518
825.4,0.038397518529678785
825.57,0.04567120450149128
825.75,0.04383141594725307
825.93,0.041073401116407865
826.11,0.03980503333521641
826.28,0.034929767979447746
826.46,0.034368517481035095
826.64,0.05226986045976989
826.82,0.030252989432772763
826.99,0.044087492481959215
827.17,0.04405190946704399
827.35,0.04434533063517227
827.53,0.03923336310407762
827.7,0.04421228361083862
827.88,0.054634324072959414
828.06,0.0395944358994038
828.24,0.041628705077058153
828.41,0.041274623572289545
828.59,0.04152301004347175
828.77,0.04890136325539933
828.95,0.04278587498777268
829.12,0.04646023881653646
829.3,0.0276585349757795
829.48,0.03552021560459658
829.66,0.043328640700766474
829.83,0.0454531319199222
830.01,0.04500743372441886
830.19,0.04058658467832092
830.36,0.03829975600438831
830.54,0.03705051278110432
830.72,0.048255183178453655
830.9,0.04378404303808707
831.07,0.043355955811063634
831.25,0.043999539879821005
831.43,0.05530038743669021
831.6,0.052525877232358104
831.78,0.04521124207933666
831.96,0.0538745633375727
832.14,0.03764832060328288
832.31,0.04314455977306377
832.49,0.044481214606676776
832.67,0.049391505176830684
832.84,0.045481301610314426
833.02,0.04652820210801739
833.2,0.03978995376945843
833.37,0.04599922426569697
833.55,0.04565554076375305
833.73,0.06040049505797541
833.91,0.05240892855333708
834.08,0.036258912428031045
834.26,0.03713364678859964
834.44,0.05170732595356184
834.61,0.04307163089568422
834.79,0.043510832451928834
834.97,0.050174499567332775
835.14,0.04174449665719473
835.32,0.04467353951890036
835.5,0.038161482104599666
835.67,0.05138744068644995
835.85,0.045557668706574066
836.03,0.044910497400960446
836.2,0.05785606242804771
836.38,0.046838246355904445
836.56,0.04596599030170742
836.73,0.03502052014783174
836.91,0.04490650034896447
837.09,0.047689571676437705
837.26,0.04254758980382721
837.44,0.04011066332121707
837.62,0.03222720909413172
837.79,0.03455549716478082
837.97,0.04457065492033475
838.14,0.035818114900417336
838.32,0.050704033739201425
838.5,0.02903522913118443
838.67,0.03579500860439497
838.85,0.055403265520727024
839.03,0.043498227706750436
839.2,0.04261248065206955
839.38,0.05590196701100257
839.56,0.04917648807012729
839.73,0.046850939478942276
839.91,0.05100214100262619
840.08,0.05236566206615968
840.26,0.06395737807621261
840.44,0.055398412894499906
840.61,0.052696188774429685
840.79,0.047823380844061875
840.97,0.05230234891096181
841.14,0.05887636332640831
841.32,0.05575121455517353
841.49,0.051139794927947846
841.67,0.05500541514637441
841.85,0.0430219447717935
842.02,0.049587341090573715
842.2,0.05900373846489367
842.37,0.05222220344073887
842.55,0.043275913933182544
842.73,0.04731553386026454
842.9,0.05085603883490053
843.08,0.04959027558395483
843.25,0.04717186726102032
843.43,0.047351912719810235
843.61,0.045701161232166526
843.78,0.06151382622902447
843.96,0.057897251329744895
844.13,0.04390674136607417
844.31,0.05236059028800587
844.49,0.0477354372087613
844.66,0.04193297769063456
844.84,0.0494120980694802
845.01,0.06731026211862833
845.19,0.062453592253415
845.37,0.06286666619983616
845.54,0.056571861683682785
845.72,0.04781126771941996
845.89,0.05915535415477499
846.07,0.052743913113502856
846.24,0.04976666866392904
846.42,0.05335162004364265
846.59,0.04925906155736478
846.77,0.054563925017843525
846.95,0.041265168697288836
847.12,0.056073228037925006
847.3,0.04908235301014301
847.47,0.05587660589047825
847.65,0.05218944723692099
847.82,0.06368981024140646
848.0,0.07104755233290361
848.17,0.07214946633140272
848.35,0.0591980850496204
848.53,0.0593800343334939
848.7,0.0699350740285342
848.88,0.05788202892180295
849.05,0.058072088136217115
849.23,0.04909827832797707
849.4,0.07090967835312592
849.58,0.04573485370833403
849.75,0.049999029608872675
849.93,0.05226941352941795
850.1,0.0631006202319389
850.28,0.05485507739540091
850.45,0.04445649939647966
850.63,0.06299237172142295
850.8,0.04925691217756397
850.98,0.05673660179789508
851.16,0.04152179675971543
851.33,0.059642052315430835
851.51,0.0646370088991969
851.68,0.06216995445232142
851.86,0.04956971431130357
852.03,0.07611651175602908
852.21,0.06321008022510635
852.38,0.04720575546911509
852.56,0.04839286889231605
852.73,0.061599185583397345
852.91,0.07204576294598966
853.08,0.04879603387647304
853.26,0.05304354128248284
853.43,0.05171570419845779
853.61,0.07885489924049441
853.78,0.07463525343131959
853.96,0.06253082043371927
854.13,0.0678755819947103
854.31,0.052332983914222246
854.48,0.04841524731058512
854.66,0.054575049257420384
854.83,0.06359567420805244
855.0,0.0633324059486889
855.18,0.06570491758509041
855.35,0.06199329997674801
855.53,0.05889536804631783
855.7,0.05791317739587069
855.88,0.0723377854735562
856.05,0.05009212981669605
856.23,0.05604691132000009
856.4,0.08066724653157538
856.58,0.06277695067311868
856.75,0.05334288569887054
856.93,0.0513639618372817
857.1,0.06618692364789212
857.28,0.052805686455566325
857.45,0.06281757795693559
857.62,0.06113828084068561
857.8,0.06763271815903396
857.97,0.066720293643935
858.15,0.05377112211827863
858.32,0.053118028864897165
858.5,0.05092975879294148
858.67,0.05771205296000256
858.85,0.0514437026189621
859.02,0.07485123592178204
859.19,0.056502115603480785
859.37,0.07698952678023142
859.54,0.05955021605713198
859.72,0.06040615455320129
859.89,0.05576147378710571
860.07,0.06183293300485212
860.24,0.07154477328336165
860.41,0.06277654485377523
860.59,0.054336711746855816
860.76,0.05804368307388589
860.94,0.06796242357345297
861.11,0.05152080407724953
861.29,0.06857986677683514
861.46,0.07359731115058056
861.63,0.050318333438710054
861.81,0.06418107438032501
861.98,0.06720957160946968
862.16,0.05730358413521016
862.33,0.052729713747479104
862.5,0.03668942495509826
862.68,0.05381016672422998
862.85,0.06770057389128209
863.03,0.07567746403332301
863.2,0.07502145405820451
863.37,0.07722147783292552
863.55,0.059990209221096054
863.72,0.05993220254230051
863.9,0.058001081518979036
864.07,0.08488154045626482
864.24,0.06779580771392169
864.42,0.045029072259356775
864.59,0.06495702702197369
864.77,0.06202913372130796
864.94,0.07197510594442035
865.11,0.03482420106931491
865.29,0.06433915633740586
865.46,0.060267065085442176
865.63,0.054955124340047956
865.81,0.08972361714926615
865.98,0.06197844059528609
866.16,0.05867031321221595
866.33,0.06709575088646093
866.5,0.0355845134798027
866.68,0.03898323598768885
866.85,0.05622892478808066
867.02,0.08004409382233471
867.2,0.04569616852060833
867.37,0.04469473277887346
867.54,0.06184286289786787
867.72,0.06976522302109246
867.89,0.060812796373853374
868.06,0.051919974254915235
868.24,0.05813371252435878
868.41,0.0835922256837022
868.59,0.06745017333359223
868.76,0.0577171250052753
868.93,0.04426912168048431
869.11,0.0436916869089551
869.28,0.06798142399068884
869.45,0.051984064901289935
869.63,0.06820121929944946
869.8,0.0549208024619434
869.97,0.05865153119333337
870.15,0.05070561461786675
870.32,0.058511991749550234
870.49,0.048693170495956194
870.66,0.06928982240390075
870.84,0.0603635518903537
871.01,0.059935705723811065
871.18,0.062298868381581475
871.36,0.04160569902394966
871.53,0.06057717648044021
871.7,0.05954937548930182
871.88,0.054762027157030525
872.05,0.054661386119497744
872.22,0.05385097792361229
872.4,0.03868497271465938
872.57,0.037610592967569
872.74,0.043766367839824544
872.92,0.0364829154157529
873.09,0.05344228332503548
873.26,0.07627902211010901
873.43,0.03683557952843794
873.61,0.0554029723591894
873.78,0.04031735056689574
873.95,0.05817415001631006
874.13,0.03607164495408756
874.3,0.06004583251489559
874.47,0.053106433873714616
874.64,0.061939921491075245
874.82,0.05346989849358675
874.99,0.05829257552029729
875.16,0.0487342906805445
875.34,0.04911166332239249
875.51,0.04215934023143464
875.68,0.05669802407262871
875.85,0.07208950594409724
876.03,0.041002937871464765
876.2,0.03312638830461382
876.37,0.06255190289649622
876.54,0.06250312370941483
876.72,0.04639625560016994
876.89,0.06422062465437237
877.06,0.057723047125402736
877.23,0.037589999804727305
877.41,0.05559923998421767
877.58,0.04215934023143464
877.75,0.05649126145843249
877.92,0.038011768640359996
878.1,0.05216291002127455
878.27,0.04294740001500716
878.44,0.04206982726938629
878.61,0.07194695303180704
878.79,0.06598861990543138
878.96,0.05924584105747978
879.13,0.0657145094354397
879.3,0.08451435471286127
879.48,0.05197317102168766
879.65,0.04927666617646638
879.82,0.05081145605673613
879.99,0.06993387424761231
880.16,0.07862154531903837
880.34,0.04518666392138962
880.51,0.04408778735322304
880.68,0.08514800979163235
880.85,0.05304216323716121
881.03,0.037363384810400566
881.2,0.07266801986663006
881.37,0.037753581661891154
881.54,0.054728688522007164
881.71,0.008290119550261836
881.89,0.06372987692811027
882.06,0.03573708735273662
882.23,0.05203505697898995
882.4,0.03764054693422726
882.57,0.07044979304814078
882.75,0.05594784753775572
882.92,0.05796626039434003
883.09,0.06779533360622189
883.26,0.04222847635577961
883.43,0.04428734351531409
883.61,0.061021501129559744
883.78,0.04383194474382167
883.95,0.057642272500683454
884.12,0.06003938631243179
884.29,0.06688497748669672
884.47,0.027888370017372488
884.64,0.05460297456451768
884.81,0.04388636119370906
884.98,0.05684036866911252
885.15,0.038593669814435315
885.32,0.060763778765227705
885.5,0.04569718247932703
885.67,0.06435200274466081
885.84,0.04570724972948774
886.01,0.03909097831736964
886.18,0.042999962582106796
886.35,0.058966829648697275
886.53,0.04515372371617663
886.7,0.051413593722944496
886.87,0.042254098780875465
887.04,0.03841589149865042
887.21,0.05463738660585935
887.38,0.05286049896848201
887.55,0.04157848215826379
887.73,0.0753465110576143
887.9,0.050709039615477805
888.07,0.03787769118117397
888.24,0.030155458490411593
888.41,0.060991405113395215
888.58,0.06237121906859495
888.75,0.060841917000629325
888.93,0.07280092216187703
889.1,0.05116791368067325
889.27,0.06352114994239319
889.44,0.07932055241976647
889.61,0.061217688812858974
889.78,0.06417367205542729
889.95,0.025561423584663907
890.12,0.04170356378672772
890.3,0.04373039594839887
890.47,0.03342479144218703
890.64,0.030367951488374373
890.81,0.025377699960594937
890.98,0.058423279902103824
891.15,0.03804001897950449
891.32,0.042103930288507695
891.49,0.07543366097563757
891.66,0.024488187498827235
891.84,0.05555619032384613
892.01,0.05372301118415767
892.18,0.04832975409213251
892.35,0.01662729876947942
892.52,0.05055971178060037
892.69,0.06453942514511908
892.86,0.021402863493281323
893.03,0.03660172368353772
893.2,0.07057827482328854
893.37,0.03832387533842829
893.55,0.025198011963745798
893.72,0.018011745593435727
893.89,0.028327488711732525
894.06,0.015687451988130142
894.23,0.03880850992838886
894.4,0.03950986819049508
894.57,0.04851241469136872
894.74,0.05806305008541672
894.91,0.06139788585193005
895.08,0.054395589183374046
895.25,0.07549505456120215
895.42,0.030677951803841114
895.59,0.059072146793404307
895.76,0.036575358673623264
895.94,0.07603390358390251
896.11,0.05266231191253311
896.28,0.03157081876488132
896.45,0.07810232655426816
896.62,0.036603334960916445
896.79,0.042833183360159566
896.96,0.031162000906192217
897.13,0.05054561556571724
897.3,0.08090956195576918
897.47,0.05555627228120879
897.64,0.021190822109658298
897.81,0.05798239747945554
897.98,0.06852772704447796
898.15,0.050461607840026096
898.32,0.06136533608575669
898.49,0.06870675456590082
898.66,0.06857704488369558
898.83,0.05444306791305332
899.0,0.06342951119070527
899.17,0.05555630451487663
899.34,0.03487106736746576
899.51,0.04818110147539142
899.68,0.013451008479079596
899.85,0.03859700282039253
900.02,0.02660427370005568
900.19,0.06563240991122735
900.36,0.024612833183946827
900.53,-0.0021101969682675486
900.7,0.046240850024850344
900.87,0.01579033368158889
901.04,0.044391661626071485
901.21,0.02767877687725314
901.38,0.04194415698235786
901.55,0.06508458537626233
901.72,0.09303485185941489
901.89,0.010622606530534968
902.06,0.01775335787840466
902.23,0.014594624405260336
902.4,0.030429382108672937
902.57,0.016010724022110817
902.74,0.03331815087446071
