Wavelength [nm],#40-46833.csv
400.08,0.0843668478656893
400.29,0.07763954828997655
400.5,0.03248741579411199
400.71,0.08452079949543159
400.92,0.045703783586737
401.13,0.08909930641258487
401.34,0.020057935174428804
401.54,0.12362370341419268
401.75,0.12145897662678899
401.96,0.05337763227661225
402.17,0.1020928154949755
402.38,0.1029359850839031
402.59,0.024417614919709608
402.8,0.09557724435065511
403.01,0.09099641486641866
403.22,0.03618901494475021
403.43,0.08059757736227018
403.63,0.03161229997044679
403.84,0.05266459147611585
404.05,-0.016716821932009567
404.26,0.055556339784399854
404.47,0.08369452892748176
404.68,0.02424146905602676
404.89,0.05081042059926743
405.1,0.0745890113261576
405.31,0.07775166207776514
405.52,0.0318440330470195
405.72,0.06289474509944555
405.93,0.048951837632342
406.14,0.10672684055283627
406.35,0.08090956195576918
406.56,0.06295505060313765
406.77,0.09224592288827974
406.98,0.08180333961058758
407.19,0.06446221421331236
407.39,0.09373628913934721
407.6,0.10121271239505378
407.81,0.08678292009234888
408.02,0.07397673398278268
408.23,0.06250518728841328
408.44,0.021693302747255113
408.65,0.07661246553633072
408.86,0.0716977531841817
409.06,0.013503957180302647
409.27,0.06571460750084474
409.48,0.06530088544291206
409.69,0.06454204024922393
409.9,0.03629811503472986
410.11,0.03743204634325361
410.32,0.05716179164988244
410.52,0.04930080295963493
410.73,0.06656020309972774
410.94,0.06236426945117344
411.15,0.026809816707138234
411.36,0.09118169923203275
411.57,0.05756761343231163
411.78,0.04315475590023771
411.98,0.013193332588648566
412.19,0.024303251155310398
412.4,0.05801314810911423
412.61,0.058857206105180436
412.82,0.056679229734478996
413.03,0.04930080295963493
413.23,0.07393517839559201
413.44,0.06570461175308563
413.65,0.053092058639100936
413.86,0.08188408949781084
414.07,0.042268866205570015
414.28,0.054723686229302945
414.48,0.051493301765336626
414.69,0.05810442143068185
414.9,0.047175887792824306
415.11,0.05373555490884447
415.32,0.07529702840783807
415.53,0.06973977252869422
415.73,0.05829095822282447
415.94,0.04318501856220629
416.15,0.07015645584421998
416.36,0.0329724168340601
416.57,0.029936093948107888
416.78,0.07681633167973348
416.98,0.018743543789079508
417.19,0.07681911968230226
417.4,0.06395881921009283
417.61,0.0860445478598638
417.82,0.06656857751872186
418.02,0.029398109458279982
418.23,0.05933326276367808
418.44,0.06756058244918123
418.65,0.05843711709734647
418.86,0.029267070469251522
419.07,0.06616021232692149
419.27,0.0695005348072051
419.48,0.03684345984043084
419.69,0.09255830011612948
419.9,0.025056265087725904
420.11,0.07603678126961856
420.31,0.06388833571700132
420.52,0.04536314231796483
420.73,0.06962198935644925
420.94,0.03711750231659029
421.15,0.0669459221165728
421.35,0.026002812403174716
421.56,0.04345358447731549
421.77,0.05808730320655831
421.98,0.019387612585545562
422.19,0.04798410310695121
422.39,0.04990448821461787
422.6,0.05219397267584966
422.81,0.04578008202631763
423.02,0.028401037723324054
423.22,0.03903279648708221
423.43,0.04864831129926464
423.64,0.04023911035679113
423.85,0.059590262527370146
424.06,0.045233468036318426
424.26,0.021589628853874138
424.47,0.08003176323439702
424.68,0.057014501490824473
424.89,0.03115419751039506
425.09,0.034644052204165096
425.3,0.03083566133463241
425.51,0.050228371085600215
425.72,0.031352546842334315
425.93,0.04056952465291847
426.13,0.02440864098491123
426.34,0.04509200230675422
426.55,0.03530068806691791
426.76,0.05061442496855807
426.96,0.038593669814435315
427.17,0.03051363536499708
427.38,0.03628172756618008
427.59,0.04038484489612312
427.79,0.04471453751245309
428.0,0.024470930142682715
428.21,0.022694651883593733
428.42,0.03431302284586744
428.62,0.03636327024920105
428.83,0.018828458188284613
429.04,0.04647767102000747
429.25,0.0365878040653116
429.45,0.05070600250658477
429.66,0.035872061220466454
429.87,0.03185643444410348
430.08,0.03481956349492188
430.28,0.010292973730162094
430.49,0.04352574954945118
430.7,0.07565633361575262
430.91,0.04359989837550255
431.11,0.04991264136285618
431.32,0.02565997671274262
431.53,0.020973097211979073
431.74,0.010398704951671736
431.94,0.04207238053664728
432.15,0.03284924223644961
432.36,0.021495608282775795
432.56,0.044720848912035725
432.77,0.021453994847894942
432.98,0.027067532959476958
433.19,0.013751766041603582
433.39,0.07453520151437323
433.6,0.043010269015936714
433.81,0.041724275080967474
434.02,0.038175570461367776
434.22,0.02726879082989753
434.43,0.03482369812093818
434.64,0.014558236982171366
434.84,0.031126506961085963
435.05,0.024216311832712136
435.26,0.021066836301499327
435.47,0.023495258786217076
435.67,0.04692981406272028
435.88,0.04470304789998381
436.09,0.01686791838254115
436.29,0.0044583887843889745
436.5,0.0641341562948998
436.71,0.01663954228606591
436.92,0.02829223151801366
437.12,0.03778863022142149
437.33,0.016011174759396694
437.54,0.04779423424566302
437.74,0.02287111799333901
437.95,0.005431755238884806
438.16,0.060759197268476395
438.36,0.027522621584134706
438.57,0.021489820029819025
438.78,0.014201617552011487
438.99,0.00806952781508285
439.19,0.02682929737334719
439.4,0.025915775546848333
439.61,0.026198145675897486
439.81,0.0379074968459004
440.02,0.01579327363941751
440.23,0.04468026674365712
440.43,0.013463735920566112
440.64,0.03708993996700584
440.85,0.026376199163980516
441.05,0.029917311773574155
441.26,0.04680178872176087
441.47,0.005641948304900016
441.67,0.02039046141127204
441.88,0.04301718898712262
442.09,0.014290387444040587
442.29,0.02704361748180794
442.5,0.026934150873463764
442.71,0.03945994033242027
442.91,-0.0016533668240069545
443.12,0.027078101528547043
443.33,0.03551793099987817
443.53,0.036330590871860725
443.74,0.011591814621262596
443.95,0.03716281439061779
444.15,0.022506553960012544
444.36,0.03192070797091914
444.57,0.02790839418941953
444.77,0.04139480850022059
444.98,0.014926329129560562
445.19,0.03957704271731825
445.39,0.04402772594225251
445.6,0.017348735248350226
445.81,0.026463543327817887
446.01,0.041248780662025204
446.22,0.016406380630705972
446.43,0.0323949778478508
446.63,0.019543656592817777
446.84,0.02611713703446773
447.05,0.023738933263448173
447.25,0.01354935962086955
447.46,0.023770100125573717
447.67,0.04957708246367249
447.87,0.026463543327817887
448.08,0.04105587211507634
448.28,0.03407707454289735
448.49,0.052807781783193536
448.7,0.020847791326291998
448.9,0.0391810091356044
449.11,0.029247451773497617
449.32,0.03417380117417343
449.52,0.03069146015753683
449.73,0.017578153370477606
449.93,0.044296558873691626
450.14,0.019448114346713445
450.35,0.028122258575014117
450.55,0.025281739199561542
450.76,0.038011753504711275
450.97,0.021566528714310286
451.17,0.03167650744084137
451.38,0.02260055734173124
451.58,0.02088420606766561
451.79,0.030564219815648327
452.0,0.004414387033561691
452.2,0.014613107117113382
452.41,0.03243640929557295
452.62,0.020091646105040557
452.82,0.03149588284355224
453.03,0.021045285459097132
453.23,0.01926243678322582
453.44,0.016740530964771964
453.65,0.03197337586577468
453.85,0.036007963821268085
454.06,0.026279197211967344
454.26,0.025853667322397394
454.47,0.026843283176095634
454.68,0.01636064098329946
454.88,0.017073049901745123
455.09,0.029037229772097325
455.29,0.018598197044239394
455.5,0.0076145446699133895
455.71,0.033445124765391854
455.91,0.026683579642811657
456.12,0.027113619806411363
456.32,0.017758673263625922
456.53,0.013325132849792103
456.73,0.030537664597328783
456.94,0.018863080343438685
457.15,0.04408370299305643
457.35,0.018176507295829647
457.56,0.029910009753467557
457.76,0.014463621661626194
457.97,0.02932996532246075
458.18,0.027841566173131427
458.38,0.030903839891524284
458.59,0.03311191824784037
458.79,0.01563033166888496
459.0,0.02367995131670356
459.2,0.027013391957818416
459.41,0.024752072763378923
459.62,0.012878420639073487
459.82,0.027853033069156232
460.03,0.024309438301489048
460.23,0.01075442497202203
460.44,0.026219965127775382
460.64,0.01740038251776872
460.85,0.032348934554130945
461.06,0.03168449626938158
461.26,0.036070908312265115
461.47,0.01485335142878687
461.67,0.02175194374018015
461.88,0.020844291935513144
462.08,0.0424314548002143
462.29,0.017066015939357772
462.49,0.026012647871976158
462.7,0.00690595168408749
462.91,0.012091892233422549
463.11,0.0338972647046325
463.32,0.033474364768069705
463.52,0.013224861383501627
463.73,0.020386843471523294
463.93,0.02595396660262594
464.14,0.028485983613506925
464.34,0.02936948038611626
464.55,0.011286100107201864
464.75,0.015666471067784307
464.96,0.03097197517215381
465.16,0.020476804793035066
465.37,0.01272350481730596
465.58,0.01893191139572818
465.78,0.010431563778419776
465.99,0.013265962969371879
466.19,0.02331671255296575
466.4,0.013520930422869478
466.6,0.03878624382388145
466.81,0.008475021475071185
467.01,0.022536855488219983
467.22,0.022373011995127638
467.42,0.018913909427298536
467.63,0.01862770218511405
467.83,0.01774986242623201
468.04,0.01977141504276825
468.24,0.005354811144076778
468.45,0.014060562007822413
468.65,0.01397742194769556
468.86,0.009823531454723915
469.06,0.01601643423269516
469.27,0.016535028944939995
469.47,0.01939532888037862
469.68,0.021673842147608154
469.88,0.02535314067110886
470.09,0.01281745522879069
470.29,0.0215877596692037
470.5,0.01078967719418193
470.7,0.02467612657379258
470.91,0.016507505497207583
471.11,0.017354629547009323
471.32,0.0205724477720246
471.52,0.022528564641639475
471.73,0.006362519383268297
471.93,0.023305239767161496
472.14,0.016177489921646707
472.34,0.014019308295025436
472.55,0.007582166138935433
472.75,0.013413243557292452
472.96,0.01618747149409242
473.16,0.01821214120715885
473.37,0.021713345168322566
473.57,0.01875366012564794
473.78,0.00739266746777389
473.98,0.021441704766313772
474.19,0.008961358052267153
474.39,0.009063062297805877
474.6,0.01171016800927145
474.8,0.01247624689304821
475.01,0.014533853243530674
475.21,0.013343869791558367
475.42,0.005539543345393604
475.62,0.008520771144884285
475.83,0.01019518123972261
476.03,0.004294445731392231
476.24,0.013205722120246073
476.44,0.015068072834735094
476.64,0.014859005556864882
476.85,0.016979965692173346
477.05,0.01315572310481199
477.26,0.010154689560372621
477.46,0.004643961448337182
477.67,0.008137190122873655
477.87,0.009713671109065247
478.08,0.012356638724837034
478.28,0.011054221740290072
478.49,0.013621022711715008
478.69,0.010779671125426275
478.9,0.01110315577987534
479.1,0.014735616716147417
479.3,0.017772691502635714
479.51,0.008404564596506759
479.71,0.014578098933910946
479.92,0.012425137813292774
480.12,0.01960137302829294
480.33,0.00912856337296807
480.53,0.012556216642925649
480.74,0.01062570682458414
480.94,0.006120396379212941
481.14,0.007829011123079724
481.35,0.013424710699121505
481.55,0.016322562791368754
481.76,0.008772413704887794
481.96,0.007683622686673236
482.17,0.00650889892727261
482.37,0.007722090724373186
482.57,0.008923517136977168
482.78,0.01683544274859769
482.98,0.010942707033587825
483.19,0.00725164708209636
483.39,0.009828957897047965
483.6,0.013560770427008475
483.8,0.010377613171159253
484.0,0.001083953286673226
484.21,0.01980917914366294
484.41,0.005122447547540532
484.62,0.009701091201776226
484.82,0.011731799520287974
485.02,0.012391466748101545
485.23,0.00600885841305425
485.43,0.012400425880310774
485.64,0.010633859682149591
485.84,0.005494814464101131
486.05,0.014411540927370101
486.25,0.007536313106234344
486.45,0.0064312437493218065
486.66,0.012172831331948923
486.86,0.009523822201574376
487.07,0.013357590528555362
487.27,0.014209099485367974
487.47,0.010281071055461522
487.68,0.007427996104774959
487.88,0.007792211220599374
488.09,0.015594529977315941
488.29,0.007883331764278573
488.49,0.007070003946509924
488.7,0.007878830947083078
488.9,0.009568994007609452
489.1,0.014970607679297625
489.31,0.013165668149868465
489.51,0.010392577036006613
489.72,0.0034422915372283296
489.92,0.008268128703882964
490.12,0.005556878773154992
490.33,0.013213235984205532
490.53,0.009008748099436841
490.74,0.006324703897936415
490.94,0.0057016245800375195
491.14,0.006803657469669384
491.35,0.0047052082595288695
491.55,0.006006501713750394
491.75,0.008660128246640265
491.96,0.00854796663667274
492.16,0.012426482979824996
492.36,0.008871667650920836
492.57,0.006335515316353081
492.77,0.0004122503769960755
492.98,0.00903116685920195
493.18,0.008300544673329116
493.38,0.009910924891920754
493.59,0.002043969817398688
493.79,0.0052623570952628354
493.99,0.0071966608922668564
494.2,0.005088749205337348
494.4,0.006424905658167857
494.6,0.0047987236203450015
494.81,7.570490804743803e-05
495.01,0.0060657867384211785
495.22,0.00639782918093444
495.42,0.010326182458222552
495.62,0.007972194414188925
495.83,0.0032584666598340657
496.03,0.014030866194198147
496.23,0.005249999858946813
496.44,0.006294777795433783
496.64,0.003507581980674897
496.84,0.012266895103437323
497.05,0.0016522714901718004
497.25,0.008984832576864835
497.45,0.0056514117381477325
497.66,0.011626189616453116
497.86,0.008279238410319396
498.06,0.008387022880520616
498.27,0.011287843554621162
498.47,0.012421329083877709
498.67,0.005220957707681945
498.88,0.008463111841386768
499.08,0.011642164580635097
499.28,0.0035152638529925384
499.49,0.0074565706636652304
499.69,0.003869553266332488
499.89,0.004572189150779696
500.1,0.007714397404452485
500.3,0.007451078762122976
500.5,0.01605060449377883
500.7,0.006471367212203553
500.91,0.014236203452593858
501.11,0.007185743059158802
501.31,0.014974536693271034
501.52,0.004368390829418423
501.72,0.008703054769547077
501.92,0.006512083052903339
502.13,0.007641657747819538
502.33,0.0015294335841758585
502.53,0.0038919848593908803
502.74,0.010795905325856635
502.94,0.00836180701104948
503.14,0.011520120973524011
503.34,0.0033295012177555084
503.55,0.008469829326816615
503.75,0.007773707454444197
503.95,0.00652808999788784
504.16,0.008556591681340004
504.36,0.007465579499369482
504.56,0.007002011486936252
504.76,0.006084865105364916
504.97,0.005696137807809731
505.17,0.0039741536905197475
505.37,0.002821723675424111
505.58,0.010189110589977662
505.78,0.010721149448663835
505.98,0.008147076025364455
506.18,0.009073187637839698
506.39,0.007328459302697795
506.59,0.0038787623919017875
506.79,0.006797758732282322
507.0,0.007634934856253185
507.2,0.007194272989788349
507.4,0.006325496771249105
507.6,0.009257222953344182
507.81,0.009749118568410792
508.01,0.006297542309510684
508.21,0.0036696927461359573
508.41,0.005218934166280762
508.62,0.0028779982362677975
508.82,0.0037810655604190763
509.02,0.00919956926958537
509.23,0.007861707463229414
509.43,0.00823627789063762
509.63,0.007979727417813231
509.83,0.005873321899350173
510.04,0.0076535126741955435
510.24,0.0069673669741254565
510.44,0.0010124333838818903
510.64,0.007508824244041419
510.85,0.009765601654295316
511.05,0.009338193661748805
511.25,0.0072009293730678735
511.45,0.0023247009406495334
511.66,0.0033289314275855215
511.86,0.009243980984511582
512.06,0.005056367027475533
512.26,0.004329777843542633
512.46,0.004150523239182386
512.67,0.005963070568583808
512.87,0.002801031064743757
513.07,0.004838013165083665
513.27,0.004876226604808451
513.48,0.005138242986693367
513.68,0.005868711486438916
513.88,0.007732427023523859
514.08,0.007753225217377501
514.29,0.00308494318271997
514.49,0.007503809091986002
514.69,0.006272466727673202
514.89,0.00780941905782442
515.09,0.004901144106500397
515.3,0.007077063309490681
515.5,0.005376464047088122
515.7,0.007807467062037607
515.9,0.005146289150119076
516.11,0.008903677036980737
516.31,0.002522493452199175
516.51,0.008257935335659959
516.71,0.003481240227567117
516.91,0.005476829946184875
517.12,0.005069694886551251
517.32,0.0043785760278252745
517.52,0.010029980134278459
517.72,0.004324067514989665
517.92,0.0052083355779959616
518.13,0.006861849499716761
518.33,0.005470241255771107
518.53,0.005425207796059229
518.73,0.006984723004381458
518.93,0.008176479528742153
519.14,0.01068635778353778
519.34,0.008022571036080181
519.54,0.0038289408887367594
519.74,0.005540867519230556
519.94,0.006124470296508003
520.15,0.0040348029649465225
520.35,0.008828895351903685
520.55,0.007050005934066031
520.75,0.012154217065118367
520.95,0.00441210505059173
521.16,0.0015535106644670052
521.36,0.0035151784250789
521.56,0.005361876921014199
521.76,0.0075866016012878295
521.96,0.00682252150427448
522.16,0.0036372251682926845
522.37,0.0031545414436600534
522.57,0.005815647746268849
522.77,0.00476911574446394
522.97,0.004368957744975982
523.17,0.0073097743855284
523.37,0.004114790691574776
523.58,0.002386892525055578
523.78,0.001710005220267045
523.98,0.0059993827485754336
524.18,0.0045796869097381844
524.38,0.006405368609162184
524.58,0.0050619648918509026
524.79,0.004877583041808028
524.99,0.004584749870856321
525.19,0.007619571405519568
525.39,0.0068362776400449
525.59,0.003297940140303589
525.79,0.0058288974502249844
526.0,0.003741393681835134
526.2,0.005655158243245081
526.4,0.007808161150338596
526.6,0.003917226330220755
526.8,0.004112984071218552
527.0,0.004956152684336544
527.2,0.00516284513955008
527.41,0.006419810792965593
527.61,0.009305514211048091
527.81,0.007471130455143666
528.01,0.006363439754431849
528.21,0.006355933031809386
528.41,0.0070743304429292005
528.61,0.0034846083917028764
528.82,0.001668691262630127
529.02,0.0036410169315076236
529.22,0.00924066046163246
529.42,0.005077928777856542
529.62,0.006831681495980981
529.82,0.003470085266380079
530.02,0.0040605139976681035
530.22,0.005125177954926584
530.43,0.006003443978372463
530.63,0.00207749083014047
530.83,0.005462566179742608
531.03,0.0036302803949326886
531.23,0.005006881118837759
531.43,0.006756950813457231
531.63,0.005115173775209105
531.83,0.006444440610977902
532.03,0.0028674977565405217
532.24,0.0023165873319271105
532.44,0.0044314100063229025
532.64,0.005903158265688516
532.84,0.005342299736102353
533.04,0.005881502653178995
533.24,0.0073282425115063264
533.44,0.009012694839125915
533.64,0.006365684367861326
533.84,0.002954698365030799
534.04,0.004733261585924036
534.25,0.004589265231700178
534.45,0.001843058817368699
534.65,0.002185352112027044
534.85,0.009412361708698603
535.05,0.009431397318313639
535.25,0.004447091415520504
535.45,0.003415042189374223
535.65,0.0068920221661399215
535.85,0.006796018907915007
536.05,0.003592693222609145
536.25,0.007993587147473134
536.46,0.006806221530649602
536.66,0.0046908241136361
536.86,0.005325515503937509
537.06,0.004447091415520504
537.26,0.005487646563193079
537.46,0.008468296197438049
537.66,0.004900750229408527
537.86,0.004333352719351191
538.06,0.002827979744916923
538.26,0.005238669325425624
538.46,0.00676134180340602
538.66,0.007804797546720513
538.86,0.0006882470435791643
539.07,0.0053861990310139305
539.27,0.0015584801970743383
539.47,0.001962003237782952
539.67,0.009152336139353413
539.87,0.0032421467596712348
540.07,0.006553106081784026
540.27,0.006986121694864388
540.47,0.006770645672868651
540.67,0.005430825771166813
540.87,0.0034996307302237175
541.07,0.005053158096689421
541.27,0.0064644191616904665
541.47,0.0013396274313349215
541.67,0.003483486913673819
541.87,0.005827998794605285
542.07,0.00604715929116616
542.27,0.005882126323249565
542.47,0.009955957770034047
542.67,0.003985252614210183
542.87,0.004895587453441903
543.08,0.0031261005548990687
543.28,0.005816175366348381
543.48,0.005327637761640329
543.68,0.00607905678007089
543.88,0.006138407397658913
544.08,0.006356159454138428
544.28,0.00431763453033109
544.48,0.002382831407907404
544.68,0.005037551651413797
544.88,0.0017617277628519793
545.08,0.0038102296222652537
545.28,0.005426154832008092
545.48,0.004290627775551091
545.68,0.0051870377236021385
545.88,0.00376933547544428
546.08,0.006867794477332221
546.28,0.0035320344708344334
546.48,0.006049939167382664
546.68,0.004270255437259966
546.88,0.005459127127195873
547.08,0.001439622169335706
547.28,0.004475615344988562
547.48,0.0015241736671436617
547.68,0.005623641268204938
547.88,0.006058187776422428
548.08,0.001836085950143296
548.28,0.005229808501471447
548.48,0.005787747922805061
548.68,0.005829582342425308
548.88,0.005909212899165473
549.08,0.006340573109879877
549.28,0.0023767826345343856
549.48,0.004654006273854939
549.68,0.007573960493001036
549.88,0.006199781228308926
550.08,0.00472454246762319
550.28,-0.0004731042666940192
550.48,0.004438663401045479
550.68,0.005490156682756111
550.88,0.007346513883977509
551.08,0.002764482541385536
551.28,0.006179809929634721
551.48,0.005505627349761523
551.68,0.007105424946219384
551.88,0.0017014897975639641
552.08,0.003289398242019858
552.28,0.009155221863838646
552.48,0.00873934756820447
552.68,0.0037423765549096633
552.88,0.009502515780539247
553.08,0.004760152840031229
553.28,0.0034090055632186476
553.48,0.005424986469466983
553.68,0.003566429636609741
553.88,0.007158165178186986
554.08,0.0019924564193868665
554.28,0.003492963583461563
554.47,0.0069115073474271425
554.67,0.00692302476126823
554.87,0.005968263645067436
555.07,0.005796686329766464
555.27,0.004954399304361898
555.47,0.005095801874235279
555.67,0.004269894043370039
555.87,0.005151979919358722
556.07,0.006873966770269081
556.27,0.005210971701098755
556.47,0.006383426834651716
556.67,0.00423457853473813
556.87,0.004358494375892181
557.07,0.004715271545111892
557.27,0.004517380569673008
557.47,0.004749487423729354
557.67,0.0071526443900610005
557.87,0.0029211826896212985
558.07,0.006354855388344349
558.26,0.003489176924900231
558.46,0.004803092147524848
558.66,0.008201687123506933
558.86,0.005814882415776653
559.06,0.0050829718811777926
559.26,0.002063741358921651
559.46,0.005044362418978685
559.66,0.0056883794224079215
559.86,0.004504568513492395
560.06,0.005600624381910216
560.26,0.005520841422461585
560.46,0.0053986953788402415
560.66,0.0060482508065101285
560.86,0.0043295998819167505
561.05,0.004502782848746609
561.25,0.005810821390257342
561.45,0.0031472887235404214
561.65,0.006056593656046869
561.85,0.001810643055081987
562.05,0.003262470579036816
562.25,0.00398948571412362
562.45,0.005206268079798277
562.65,0.0034966064018285507
562.85,0.0040852426323717515
563.05,0.0038137628520598815
563.24,0.007047494957467179
563.44,0.0033763965114914844
563.64,0.006480072202551659
563.84,0.0036974028735177328
564.04,0.004023595845157188
564.24,0.002637540101004977
564.44,0.004081623982913049
564.64,0.008518427049342565
564.84,0.005973368392065597
565.03,0.0031047513803528076
565.23,0.005714281696686424
565.43,0.005942258538970029
565.63,0.0023929293387628912
565.83,0.005108322906489687
566.03,0.0043182354019857
566.23,0.007271535641693794
566.43,0.0026813040048226295
566.63,0.004566984860263135
566.82,0.003090118508110991
567.02,0.006216807475292157
567.22,0.005273051108333979
567.42,0.00553942327975434
567.62,0.004823563991893693
567.82,0.00633400138296366
568.02,0.005456435580589566
568.22,0.0020652414228817992
568.41,0.005307807626236129
568.61,0.002576156601195629
568.81,0.005372270361657162
569.01,0.0024812521966317944
569.21,0.005061347034943425
569.41,0.0058787140614602095
569.61,0.001500971740481606
569.8,0.005687601448720092
570.0,0.0033054915034415712
570.2,0.004960856419453606
570.4,0.003248853823225346
570.6,0.002580677288391655
570.8,0.008597392782524593
571.0,0.0034493433445093357
571.19,0.006956361798988809
571.39,0.001275868706466733
571.59,0.0053350686750410084
571.79,0.007154179249459112
571.99,0.004710301595629962
572.19,-0.000627316361343898
572.38,0.00390555709642606
572.58,0.005100526522566359
572.78,0.003501975495497242
572.98,0.006440091880828158
573.18,0.0017875138588890995
573.38,0.003315346807140783
573.57,0.002143490695356346
573.77,0.004160932544690003
573.97,0.003701479726654638
574.17,0.0029143806502464585
574.37,0.006400405103837303
574.57,0.006455049871170878
574.76,0.0051458477259961
574.96,0.004038927226447092
575.16,0.003942704423701372
575.36,0.005612803891636114
575.56,0.005237380293020761
575.75,0.004681462762236635
575.95,0.003759353417249862
576.15,0.006086513870480157
576.35,0.003993196084319513
576.55,0.004042002316268969
576.74,0.004397572705979429
576.94,0.004597709777545915
577.14,0.002143899701048342
577.34,0.001742655141273849
577.54,0.004053575726198421
577.74,0.005168307011702842
577.93,0.006751752557280995
578.13,0.001640571879645462
578.33,0.0026689758450098955
578.53,0.006243498115868436
578.72,0.006071442271928965
578.92,0.0055145237806958685
579.12,0.0037766188299537228
579.32,0.00440132117993156
579.52,0.0047081949568600935
579.71,0.0025180780484433223
579.91,0.008910107185314802
580.11,0.00442184216840377
580.31,0.005528424536749997
580.51,0.0057918113433281
580.7,0.004250140519690809
580.9,0.004753153440031712
581.1,0.006303087898118284
581.3,0.005089360822158598
581.49,0.0033292335470331506
581.69,0.0035170566560173934
581.89,0.0066848819522318135
582.09,0.004375215264045379
582.29,0.005897700518251905
582.48,0.0023148360814993834
582.68,0.005895474229747317
582.88,0.004681019797245441
583.08,0.0029908585497224714
583.27,0.0046838993837923296
583.47,0.003888362938157529
583.67,0.005098644615076409
583.87,0.004648471392111223
584.06,0.004087381001744877
584.26,0.004437041171167307
584.46,0.007260337561703771
584.66,0.004529398062325193
584.85,0.0033022685892002694
585.05,0.006502682655416409
585.25,0.004451343346410444
585.45,0.0049728821614088425
585.64,0.005095180298773287
585.84,0.00578581481668322
586.04,0.002905535395292631
586.24,0.003322062151298862
586.43,0.0039247940155487104
586.63,0.005472030367327926
586.83,0.005851298778090331
587.03,0.004796287661953064
587.22,0.005814808056423764
587.42,0.004633234029694072
587.62,0.0051015097005495036
587.82,0.0036064051373822896
588.01,0.002918739347468767
588.21,0.009155261023090371
588.41,0.0030325762586938423
588.6,4.4469806189725475e-05
588.8,0.004205924628116047
589.0,0.004889927192480504
589.2,0.004512111041797053
589.39,0.0030933239719144173
589.59,0.0036288569965686216
589.79,0.00518496725982836
589.98,0.0041579489200868685
590.18,0.00570350267872259
590.38,0.004272245089762125
590.58,0.0022367453555396763
590.77,0.003983243859067323
590.97,0.0047846953949020575
591.17,0.0031943024550762714
591.36,0.005524256373878521
591.56,0.00486048472897475
591.76,0.0046163724972551196
591.96,0.0029071457836085395
592.15,0.00636558417736822
592.35,0.003150093047079422
592.55,0.004686944133135806
592.74,0.007540074022218803
592.94,0.005200034934415359
593.14,0.004125930486931887
593.33,0.00398545383551701
593.53,0.004914659715322374
593.73,0.0015270260941713928
593.92,0.0028062166759699305
594.12,0.0019963070493484864
594.32,0.005640352831480889
594.51,0.003088756693274348
594.71,0.0025313334131038716
594.91,0.0054248159884395224
595.11,0.0027264259660376476
595.3,0.005825653067214562
595.5,0.004598966273264018
595.7,0.0038709417478499
595.89,0.0019199323115060693
596.09,0.00626795516692771
596.29,0.003073159019218064
596.48,0.002642470561408983
596.68,0.0049914928038892374
596.88,0.003216958200356444
597.07,0.004534058603254229
597.27,0.005550033384795269
597.47,0.002708070666445417
597.66,0.0009768413761953424
597.86,0.001155227295218722
598.06,0.008074275678121266
598.25,0.008355962034174352
598.45,0.004313086188609303
598.64,0.005543824987752486
598.84,0.0055973882628318605
599.04,0.003375880054538829
599.23,0.0025222692562889156
599.43,0.005352398328049727
599.63,0.004387978859763896
599.82,0.00317605513602551
600.02,0.0009778448112248961
600.22,0.006177926558264046
600.41,0.0013578477219176506
600.61,0.003408375412768419
600.81,0.004444262679506164
601.0,0.007256131289575689
601.2,0.0024096574907145215
601.39,0.004648096586062339
601.59,0.00696262958485392
601.79,0.0062165570475248315
601.98,0.002935893232680532
602.18,0.0038834485233390126
602.38,0.0037151235287884023
602.57,0.0048345107241160494
602.77,0.004500294120154481
602.96,0.004469785005271823
603.16,0.002919551652438208
603.36,0.005095782745948162
603.55,0.005906788237038796
603.75,0.003697193570149577
603.95,0.0027161237900021618
604.14,0.002040525016274881
604.34,0.0005095448367630774
604.53,0.00390558972023117
604.73,0.0031687561896227654
604.93,0.005153655532885847
605.12,0.002872124633598117
605.32,0.0034933411223963882
605.51,0.0034748757841153812
605.71,0.00356992769018836
605.91,0.003066682969577388
606.1,0.00641319630286157
606.3,0.004707243905239292
606.49,0.004449566353023149
606.69,0.005683091795660016
606.89,0.004214514515265589
607.08,0.0037257841416241753
607.28,0.003610126837351131
607.47,0.004291181172612841
607.67,0.003463232901198292
607.87,0.0008678469781093628
608.06,0.002801558164593547
608.26,0.006836488949234813
608.45,0.004721060204487997
608.65,0.004024009303751677
608.84,0.00568050797812578
609.04,0.005756780979034489
609.24,0.005020346489930689
609.43,0.004337286728610742
609.63,0.003514654215102735
609.82,0.006646562924680317
610.02,0.0048961881741545685
610.21,0.002842749383000255
610.41,0.004009995010108261
610.61,0.0055577049913739926
610.8,0.0030170504435848124
611.0,0.00539672343821401
611.19,0.005034943967064404
611.39,0.005815774126776263
611.58,0.0063746827873577515
611.78,0.005071376038867116
611.98,0.00482968630058432
612.17,0.007921846765762986
612.37,0.00588678553640301
612.56,0.004092886218259356
612.76,0.0010224388292065505
612.95,0.003845149146287804
613.15,0.003056685853226386
613.34,0.006148870819245978
613.54,0.0036916758742184816
613.73,0.003424404244666397
613.93,0.0028414877364076603
614.13,0.0035985025694228808
614.32,0.004217719834104827
614.52,0.004240754951703272
614.71,0.005060747024174843
614.91,0.00624517852343494
615.1,0.0037391289883059627
615.3,0.003013321134592875
615.49,0.005777006300475522
615.69,0.0032373725067010163
615.88,0.002939408130007631
616.08,0.002663335138519915
616.27,0.003977461738884289
616.47,0.0035400145774124496
616.66,0.003719116039849867
616.86,0.0059068264533925765
617.06,0.003515110629078873
617.25,0.0053594394821112334
617.45,0.004613484398817348
617.64,0.003325635295067002
617.84,0.002932846121793569
618.03,0.0033775355908075588
618.23,0.003233101204936427
618.42,0.004743934082809743
618.62,0.002806309584295446
618.81,0.0026510429285698583
619.01,0.0055408765908370496
619.2,0.004662237951430644
619.4,0.004136486666161561
619.59,0.005587460876305231
619.79,0.002287126066446578
619.98,0.003893167265770546
620.18,0.006183754576586323
620.37,0.003990888630957866
620.57,0.0023273216981950424
620.76,0.004480104613682325
620.96,0.0033598704668550646
621.15,0.0033766901833484878
621.35,0.00283516096631564
621.54,0.004117636315678069
621.74,0.004186534100401336
621.93,0.0028732073935244778
622.13,0.005933944437923848
622.32,0.00564118434495405
622.51,0.004439482815931251
622.71,0.00575880869919148
622.9,0.0023024170706272573
623.1,0.004868353783613882
623.29,0.004018016218174557
623.49,0.00491789936867545
623.68,0.006023972102015539
623.88,0.00638672124375681
624.07,0.0025032897973874917
624.27,0.004179994476723145
624.46,0.004202618257232829
624.66,0.0037076434796247584
624.85,0.006088874009943127
625.05,0.003579697925279001
625.24,0.004792674889737283
625.43,0.005127082162322735
625.63,0.0026284126328438955
625.82,0.007925243936924127
626.02,0.00271874251758509
626.21,0.003659972918926076
626.41,0.0025555664497054842
626.6,0.00283019527891187
626.8,0.003549185238491604
626.99,0.003732538539826579
627.19,0.00457627807722132
627.38,0.005264072003848259
627.57,0.006724488327009575
627.77,0.002345467706899155
627.96,0.0024159949549507785
628.16,0.006804933754079252
628.35,0.006185941789449544
628.55,0.0010738583479555067
628.74,0.004287588362181585
628.93,0.0055257373469383315
629.13,0.0030459242346038153
629.32,0.0034096074927468583
629.52,0.003579279853488272
629.71,0.0035366212080967315
629.91,0.004329145910822251
630.1,0.0021438770612717765
630.29,0.005087785027858404
630.49,0.004572467831762527
630.68,0.0027398512920580047
630.88,0.003035916190592053
631.07,0.0038349727299642937
631.27,0.003904291879560892
631.46,0.0033718673082725388
631.65,0.0038706065891418295
631.85,0.003948021413823294
632.04,0.002899871084716266
632.24,0.004697629097939195
632.43,0.006779384652092635
632.62,0.0063496104143057185
632.82,0.002656955964663838
633.01,0.0028575091522912814
633.21,0.001178639217748642
633.4,0.003976679125313055
633.59,0.0033917849351469825
633.79,0.004134234007606844
633.98,0.005161895525520981
634.18,0.0037484074744648307
634.37,0.005359274803502293
634.56,0.00439257264608666
634.76,0.0021506600088833706
634.95,0.003286237017281692
635.14,0.00495257939751379
635.34,0.003504356893184663
635.53,0.005657358915397617
635.73,0.001393619161890854
635.92,0.0035449571183921377
636.11,0.002629370449829991
636.31,0.004893443277194839
636.5,0.0025203643208119714
636.7,0.004319122059511255
636.89,0.0025449203357944448
637.08,0.004302636087031076
637.28,0.0058572843615040246
637.47,0.008065206606985445
637.66,0.006683546363370179
637.86,0.0063017594116454925
638.05,0.004565289316316901
638.24,0.0037523815880007726
638.44,0.004023478193613937
638.63,0.005189382947090645
638.83,0.004191327498112625
639.02,0.00593710214223015
639.21,0.006322857204639369
639.41,0.0048044711154808725
639.6,0.004185664802735281
639.79,0.0020192551673311895
639.99,0.004066694714349485
640.18,0.003658755892918875
640.37,0.005502650836821252
640.57,0.003775784738676989
640.76,0.004312636577445603
640.95,0.0017722909045428373
641.15,0.004131296568146681
641.34,0.005700204120282286
641.53,0.004588513574720567
641.73,0.006919857163541284
641.92,0.005155554971732955
642.11,0.006562127517769336
642.31,0.0031231087560784636
642.5,0.0031652645983502874
642.69,0.004818085640836442
642.89,0.005666595862768345
643.08,0.005269827828516467
643.27,0.006784623355581711
643.47,0.005135269695673321
643.66,0.005300881697560489
643.85,0.001731626382014122
644.05,0.0038302144783859088
644.24,0.003924291216504303
644.43,0.0049557717903580606
644.63,0.0028742230908295925
644.82,0.004142231129353548
645.01,-0.00013927763735314453
645.2,0.006406782798257474
645.4,0.0037706352256281564
645.59,0.007403465497837214
645.78,0.0005946464630104484
645.98,0.0035550825048390046
646.17,0.006724325356283778
646.36,0.004394478082053571
646.56,0.003131818773882015
646.75,0.0025496585821200763
646.94,0.0025646545138020226
647.13,0.00676765352516246
647.33,0.009926950602696938
647.52,0.005714281829562736
647.71,0.003339577190088358
647.91,0.0071325307349033055
648.1,0.007042544271425118
648.29,0.005015086989884716
648.49,0.000972757769948639
648.68,0.005807780425970784
648.87,0.003578894461263449
649.06,0.006244671212771994
649.26,0.0016194345482704563
649.45,0.00415678297342961
649.64,0.003102499170610784
649.83,0.00676524376022116
650.03,0.003725995208804123
650.22,0.008026935336392618
650.41,0.0025135351425275908
650.61,0.0021069132860326223
650.8,0.001737736772980515
650.99,0.003788918415504025
651.18,0.004061413546670972
651.38,0.002873160690440427
651.57,0.004898600941839738
651.76,0.0036281725307139513
651.95,0.008710165654766809
652.15,0.008586854740700898
652.34,0.0075175336870930394
652.53,0.006213732351860206
652.72,0.0012679429158217984
652.92,0.006407236826598798
653.11,0.0017359403201635168
653.3,0.006488107376111016
653.49,0.00295380431021124
653.69,0.004122264629263955
653.88,0.003244206520167878
654.07,0.0025223970278286344
654.26,0.0017482630572439582
654.46,0.0031465394659911704
654.65,0.007724640778824453
654.84,0.005752331848400687
655.03,0.002882128726463838
655.23,0.0048079410697403355
655.42,0.0052706897901191605
655.61,0.00669212436263246
655.8,0.007695829817272637
655.99,0.0032207183742242883
656.19,0.005115883563395507
656.38,0.004693009350871468
656.57,0.0052447760554427385
656.76,0.0051380814865861265
656.96,0.006018813354022546
657.15,0.009486576321261249
657.34,0.0028772301420681243
657.53,0.007652650206051314
657.72,0.0037597115030451544
657.92,0.004940381551167255
658.11,0.00326819787347167
658.3,0.00336683782535259
658.49,0.007500973940347748
658.68,0.004681019797245441
658.88,0.004064437531347327
659.07,0.004625791490946669
659.26,0.006482960324918773
659.45,0.004415539938950097
659.64,0.006231514048039598
659.84,0.004016400038878505
660.03,0.00518355352225252
660.22,0.003966805897992696
660.41,0.00404539232656201
660.6,0.00513544123357615
660.8,0.0016869861022493534
660.99,0.005268279377798223
661.18,0.005085667009615948
661.37,0.0050306766152817435
661.56,0.0032337873610175224
661.76,0.005135943896493852
661.95,0.004658691631952647
662.14,0.002077430487519237
662.33,0.006047277193160838
662.52,0.004221953529514725
662.71,0.004746448451594247
662.91,0.005799222239815488
663.1,0.005634981465746909
663.29,0.007286645687591451
663.48,0.004520339779514912
663.67,0.0030493978754943677
663.86,0.005217992015577105
664.06,0.008420221561918002
664.25,0.003991453018742556
664.44,0.0034828733122051064
664.63,0.0037025484403772034
664.82,0.005500012787468425
665.01,0.005689261662986413
665.21,0.005395609755923755
665.4,0.0012205782379384764
665.59,0.0028165706162115653
665.78,0.0063328328924294715
665.97,0.005436505068630548
666.16,0.004585461046652163
666.35,0.004030407708463717
666.55,0.001430037469612152
666.74,0.004356937950497834
666.93,0.0033033622583140574
667.12,0.005941674675021043
667.31,0.001816519181345926
667.5,0.005290790607485271
667.69,0.006267852011200792
667.89,0.0031532802728782253
668.08,0.0029508193178719995
668.27,0.003773363896581255
668.46,0.007171166345866847
668.65,0.006388988562823369
668.84,0.0035356416413322676
669.03,0.0014435896617019613
669.22,0.0067911151449895095
669.42,0.004997412429527442
669.61,0.004116057909710923
669.8,0.0033634446878719752
669.99,0.0018579969309581407
670.18,0.006242458422250718
670.37,0.005455594172677504
670.56,0.004155653350240948
670.75,0.004974246258645619
670.94,0.003129761134369389
671.14,0.004981136576722678
671.33,0.004026798557353162
671.52,0.004620107965832876
671.71,0.0042178205866939536
671.9,0.0048103370662976935
672.09,0.005070321521953975
672.28,0.007768296448020789
672.47,0.004238022748996852
672.66,0.005610947835233497
672.85,0.008806592141826807
673.05,0.005933471385555916
673.24,0.005355975073908136
673.43,0.005036811333346021
673.62,0.004370517145916689
673.81,0.009119649761357505
674.0,0.008155202199509546
674.19,0.007321456151029794
674.38,0.005500215206861924
674.57,0.0055910279609407585
674.76,0.005632470437839569
674.95,0.002640396888357393
675.15,0.005501881859412989
675.34,0.002188825731115102
675.53,0.007088611075832692
675.72,0.00466790792525422
675.91,0.0060527603889611575
676.1,0.007317759741969701
676.29,0.0047052456259134914
676.48,0.004244112485730561
676.67,0.007178875322968777
676.86,0.0071834192410355525
677.05,0.003998891751738933
677.24,0.006519584061990921
677.43,0.005357775790287543
677.62,0.0065942904552890045
677.81,0.007544849819113842
678.0,0.006572445129417699
678.2,0.006628428907390981
678.39,0.005359195915113801
678.58,0.007679447694032825
678.77,0.005338153175390558
678.96,0.004274276256462372
679.15,0.00399729991916515
679.34,0.008860236486747981
679.53,0.005186391848149725
679.72,0.0066297921545548375
679.91,0.0025344410911024135
680.1,0.003124141377447251
680.29,0.008766693508435749
680.48,0.004182436147311271
680.67,0.005472177300753298
680.86,0.005646804654100721
681.05,0.006218340191859214
681.24,0.005284924722339472
681.43,0.003152648509419573
681.62,0.006672246117570986
681.81,0.004265063583815033
682.0,0.00718253373217153
682.19,0.007023790854496651
682.38,0.005633902378680243
682.57,0.007474749948151277
682.76,0.006511557876844654
682.95,0.003921844730151784
683.14,0.005228839522588434
683.33,0.008947331005094315
683.52,0.005953425632483939
683.71,0.005328575636615649
683.9,0.010413140296288545
684.09,0.003609394748314174
684.28,0.008241790012485982
684.47,0.007402914294379579
684.66,0.0028704148815056544
684.85,0.007272968916420075
685.04,0.00860752469400723
685.23,0.007245302166194092
685.42,0.005561535500106071
685.61,0.0037523875717844477
685.8,0.008534326963701103
685.99,0.009318490983658459
686.18,0.008394469396818914
686.37,0.009396218872760084
686.56,0.010965487193966948
686.75,0.00787992165813134
686.94,0.006408967166175183
687.13,0.009822676648854025
687.32,0.0060803200743328985
687.51,0.008024387999298051
687.7,0.008106974153190042
687.89,0.0073228486258678895
688.08,0.010730778513970907
688.27,0.00856179282679576
688.46,0.011665696062484075
688.65,0.011338455378811889
688.84,0.007477472354039293
689.03,0.0075827745192214155
689.22,0.008701893023847317
689.41,0.008828756368556163
689.6,0.011048159837087177
689.79,0.010443752801851199
689.98,0.012304141140171636
690.17,0.010100133686634424
690.36,0.014998320130179429
690.55,0.00981482705545746
690.74,0.011370845922887424
690.93,0.011731700804384178
691.12,0.01116258096412258
691.31,0.014169931571507534
691.49,0.012811280005523671
691.68,0.01499196253324485
691.87,0.01523445435780821
692.06,0.01143365732390128
692.25,0.013799949245589336
692.44,0.017596189060860058
692.63,0.014422871032147925
692.82,0.010919902618688698
693.01,0.011756814022596158
693.2,0.018013603994153974
693.39,0.01797894887160839
693.58,0.012510768421770315
693.77,0.01671906991041797
693.96,0.016255844215113908
694.15,0.017945338116131422
694.33,0.01892495282588853
694.52,0.016367526598630503
694.71,0.019144676937174015
694.9,0.023170266120956056
695.09,0.021182756027247535
695.28,0.020818050859303435
695.47,0.021807819507791627
695.66,0.021988333152718347
695.85,0.027694541439722928
696.04,0.021744178690257875
696.23,0.024266588190646737
696.42,0.027460019317691847
696.6,0.023772671951842527
696.79,0.025324903286335482
696.98,0.02916347683773323
697.17,0.02884573701431603
697.36,0.03100112133736676
697.55,0.032669836174972454
697.74,0.029459976892500076
697.93,0.03270806491791511
698.12,0.028595931568513214
698.31,0.03258169447129869
698.49,0.036325130172816855
698.68,0.03585572982918805
698.87,0.036353993897913627
699.06,0.03545047109655322
699.25,0.03923884268110449
699.44,0.03843560087633935
699.63,0.042997950634807616
699.82,0.04406444696874868
700.0,0.045686711076303586
700.19,0.04303280045207087
700.38,0.04100041838342045
700.57,0.04956892070298784
700.76,0.05231539560683796
700.95,0.04690521087570949
701.14,0.047864449922936717
701.33,0.049100510761994794
701.51,0.052605651949331464
701.7,0.05464685279015201
701.89,0.05501533149719608
702.08,0.06342012223415193
702.27,0.061964156428911635
702.46,0.06554330270098022
702.65,0.05968633857880184
702.83,0.062049424155762124
703.02,0.06457083422734351
703.21,0.06908995988109921
703.4,0.07139036134779898
703.59,0.06878651688055937
703.78,0.06740862253188575
703.97,0.0800794176042356
704.15,0.0751333060088191
704.34,0.07659447664938757
704.53,0.07973001350885181
704.72,0.08155061668235308
704.91,0.08206697077224728
705.1,0.0871066785435105
705.28,0.0853703170386456
705.47,0.08683247410217126
705.66,0.09060279551657754
705.85,0.09287040682922071
706.04,0.09428583548975523
706.23,0.09250758879219848
706.41,0.09941362421175895
706.6,0.10042744235398468
706.79,0.09689005536058623
706.98,0.10700526904699136
707.17,0.10297888354012646
707.35,0.11203922857635118
707.54,0.11216301641343565
707.73,0.10907672952093832
707.92,0.11335543718068629
708.11,0.11529657007192635
708.3,0.11723857619791003
708.48,0.11711430865169017
708.67,0.12339294115201813
708.86,0.1259402882540382
709.05,0.12700337399843786
709.24,0.1279629833205081
709.42,0.12214857089973621
709.61,0.1319636628923778
709.8,0.1371763920004035
709.99,0.14077691975568704
710.18,0.1398523748880558
710.36,0.1385232577368812
710.55,0.14054406374993916
710.74,0.14727373962218987
710.93,0.14806510802201842
711.12,0.1566386667350873
711.3,0.16622392072847167
711.49,0.16181305228823786
711.68,0.15817297379017842
711.87,0.16086147855284472
712.05,0.16616858334937126
712.24,0.17786427868853125
712.43,0.16256218550924567
712.62,0.1754133308182215
712.81,0.1789518556916138
712.99,0.17433296699787756
713.18,0.17951957004188762
713.37,0.18398728748728935
713.56,0.18377414766116484
713.74,0.18946800289993854
713.93,0.1870425649176642
714.12,0.19165334581128335
714.31,0.19798415658060098
714.49,0.2049036647595485
714.68,0.20029186101321075
714.87,0.20494215310908254
715.06,0.2001985789944426
715.24,0.20444411786079228
715.43,0.20440816814662002
715.62,0.2096267793966915
715.81,0.22075313834814259
715.99,0.2199394636137548
716.18,0.21819476849675593
716.37,0.22889494350575654
716.56,0.21833122005585356
716.74,0.2288055863439368
716.93,0.2347013834040744
717.12,0.24088944744767019
717.31,0.23633997377903132
717.49,0.23425318544951293
717.68,0.2459330499490611
717.87,0.25285066230425357
718.06,0.2565699734583218
718.24,0.24889911377025456
718.43,0.2611388047202068
718.62,0.2560440877063224
718.8,0.2711386891666713
718.99,0.2687125194824071
719.18,0.27816717774079225
719.37,0.28234687836652833
719.55,0.27082710283381356
719.74,0.27628144596262516
719.93,0.2806647959137751
720.11,0.2918520735368084
720.3,0.2747592362515179
720.49,0.2894377672818112
720.68,0.2891721174220514
720.86,0.28917518433611517
721.05,0.2820307963861858
721.24,0.3000757086716479
721.42,0.2966851400445783
721.61,0.2984605809872159
721.8,0.30483458634377725
721.98,0.31708557286612954
722.17,0.31961419141000924
722.36,0.31183993635821433
722.55,0.30311210279203626
722.73,0.31310455796184206
722.92,0.31143077199016683
723.11,0.3278654827775472
723.29,0.32187092091285024
723.48,0.3364254511217709
723.67,0.328505082682689
723.85,0.33059001263355653
724.04,0.3266137325618107
724.23,0.34408833218502083
724.41,0.3370783829699528
724.6,0.34667009778236835
724.79,0.34595589613126665
724.97,0.3369032354720476
725.16,0.3455686453043935
725.35,0.3516547695449433
725.53,0.3487545476266976
725.72,0.34901778788461413
725.91,0.3625840808037463
726.09,0.36142360797463696
726.28,0.3631035901524369
726.47,0.3760835391572072
726.65,0.3715138638980736
726.84,0.3692544663436133
727.03,0.3867128719025294
727.21,0.3861338351873763
727.4,0.3720326762604888
727.59,0.38822428303182427
727.77,0.38090101309205804
727.96,0.3871878871739439
728.15,0.39017712416243777
728.33,0.38035946042307794
728.52,0.38590946389070024
728.7,0.38865215191924246
728.89,0.38309694559762947
729.08,0.38845913449931807
729.26,0.3942375432625403
729.45,0.4033847566796129
729.64,0.40854617180008057
729.82,0.4136202927205739
730.01,0.40613407128007734
730.2,0.416586678024232
730.38,0.41592381327185685
730.57,0.4105984338924922
730.75,0.41948325149928023
730.94,0.42219444412412505
731.13,0.4260285184316919
731.31,0.43095014623301825
731.5,0.43712976528731284
731.68,0.4350616069615383
731.87,0.43844617376322415
732.06,0.42657398497623517
732.24,0.43244559768667884
732.43,0.44265200141657807
732.62,0.4436022098942369
732.8,0.45818651264078986
732.99,0.45100564806385535
733.17,0.4683085724686657
733.36,0.4713523817436196
733.55,0.4686001824792846
733.73,0.4710017206023367
733.92,0.47282171928236494
734.1,0.4584661991615586
734.29,0.4712204227852889
734.48,0.4791282065412063
734.66,0.4819094719700853
734.85,0.47116472520696706
735.03,0.48071952796852513
735.22,0.47197843620750046
735.4,0.4734729422210818
735.59,0.47297878351751355
735.78,0.46822443213480375
735.96,0.47065676231970677
736.15,0.48924852339595293
736.33,0.4884728627744448
736.52,0.485892321256272
736.7,0.4883016438976415
736.89,0.4894285742190316
737.08,0.48931280337324645
737.26,0.5103715879567614
737.45,0.49242767102971735
737.63,0.5048556759786756
737.82,0.5119697910248737
738.0,0.5146084486043472
738.19,0.5186644195640916
738.38,0.498122482064034
738.56,0.5004144781192876
738.75,0.5195504861920872
738.93,0.5131106902839647
739.12,0.5229744342012559
739.3,0.5260340614212903
739.49,0.5373562710382409
739.67,0.5346969722257324
739.86,0.5278181522055517
740.04,0.5154236006229663
740.23,0.5142894578674201
740.42,0.5200246524673662
740.6,0.525675391929034
740.79,0.5348911519700453
740.97,0.5200505316983329
741.16,0.5291221751482972
741.34,0.5260004497323033
741.53,0.5448876132416163
741.71,0.5656863768153569
741.9,0.5507456244374487
742.08,0.5466630274307408
742.27,0.5325724649798441
742.45,0.536289888340646
742.64,0.5544770414153626
742.82,0.556807948088922
743.01,0.5532083553191911
743.19,0.5561607685418936
743.38,0.5767744733451148
743.57,0.5634360004158482
743.75,0.5639090841332591
743.94,0.5729989082776756
744.12,0.5637014413503564
744.31,0.5822020127961542
744.49,0.5753076351195109
744.68,0.5686418478440065
744.86,0.5590512598640014
745.05,0.5619665683960243
745.23,0.5829478169127987
745.42,0.5806323547021648
745.6,0.5809440197317128
745.79,0.5946365828992484
745.97,0.5781563652075569
746.16,0.5813448860198309
746.34,0.5799308941821496
746.52,0.5596687764446706
746.71,0.5783583350019608
746.89,0.5702072092541316
747.08,0.576798065032692
747.26,0.5861381973901588
747.45,0.5906751476681741
747.63,0.5849222152987733
747.82,0.5852983689030539
748.0,0.5760543525178958
748.19,0.6011833989226604
748.37,0.5955422352838479
748.56,0.5965205893944595
748.74,0.5844850759131592
748.93,0.5829000755644606
749.11,0.6041223935934842
749.3,0.5917281386630968
749.48,0.6017928563414685
749.67,0.6231909903234221
749.85,0.6063315827869672
750.03,0.6072202521923463
750.22,0.605618041843438
750.4,0.6044690849028822
750.59,0.606670280299258
750.77,0.6003723656655674
750.96,0.6176648352082641
751.14,0.6179157688357083
751.33,0.6032285545796725
751.51,0.6166136691728004
751.69,0.61748553503799
751.88,0.6063066875057576
752.06,0.6128310402402043
752.25,0.6111700939195847
752.43,0.6197612926704846
752.62,0.6189830336467538
752.8,0.6308714179571592
752.99,0.6080174741155552
753.17,0.6163021711510682
753.35,0.6160429641235852
753.54,0.6196249072067616
753.72,0.6175217926739263
753.91,0.6369586923362107
754.09,0.6336860861655256
754.28,0.6248963878108833
754.46,0.6276398434937069
754.64,0.6176780925343481
754.83,0.6181494464212489
755.01,0.6522570968626836
755.2,0.6169949935861354
755.38,0.6356983560306122
755.56,0.6411675879978539
755.75,0.6272622339720977
755.93,0.6324203862280248
756.12,0.6337380483194079
756.3,0.6432058131615578
756.48,0.6465866343305183
756.67,0.6441335068848878
756.85,0.653648478807909
757.04,0.648089205757379
757.22,0.6542148709047059
757.4,0.6665881164413754
757.59,0.6631596645248791
757.77,0.664818655612653
757.96,0.6616647840195079
758.14,0.6697736066267855
758.32,0.645710941719851
758.51,0.6717057984305957
758.69,0.6374226058973299
758.87,0.6629823536506938
759.06,0.6629371847822045
759.24,0.6696947867340957
759.43,0.6722838995407057
759.61,0.6653840098459288
759.79,0.6327550068125732
759.98,0.6507277043910284
760.16,0.6557144116271642
760.34,0.6536192535284329
760.53,0.6576321979990865
760.71,0.6761043262752457
760.9,0.6730131316169018
761.08,0.6829992820807924
761.26,0.6560404263266931
761.45,0.6657414901512273
761.63,0.6764944373073766
761.81,0.6913134463779969
762.0,0.6718152912452575
762.18,0.6787354889605058
762.36,0.6802669577981033
762.55,0.6607086309614908
762.73,0.6633357045015617
762.91,0.6810310856631231
763.1,0.6949698940985639
763.28,0.6659804288101665
763.46,0.6772751260137801
763.65,0.666488269134772
763.83,0.6680104235655409
764.01,0.6666401514721074
764.2,0.6697471531016967
764.38,0.6816962243545461
764.56,0.6925768024595703
764.75,0.6759575655203732
764.93,0.6911983064926597
765.11,0.6782963681781906
765.3,0.696932035483201
765.48,0.6842170493177805
765.66,0.687325339454102
765.85,0.6829746585446465
766.03,0.6787887504995656
766.21,0.6872463108279623
766.4,0.6965473752938243
766.58,0.683808749867762
766.76,0.6961714914763194
766.95,0.6906415262387818
767.13,0.6971258680421114
767.31,0.679998672623958
767.49,0.687657955841243
767.68,0.6907477779568855
767.86,0.686740426492701
768.04,0.6806228343411634
768.23,0.7079921433888674
768.41,0.6879269646790984
768.59,0.6951524551464839
768.78,0.6953415391883391
768.96,0.7008007082461768
769.14,0.7078955902000849
769.32,0.7025282096330175
769.51,0.7205944232459568
769.69,0.6953273172808939
769.87,0.6866455522979449
770.06,0.685820424852907
770.24,0.6886289807639299
770.42,0.6937899671454032
770.6,0.7051493035501316
770.79,0.6934678549665597
770.97,0.6949866882320789
771.15,0.7072510770781961
771.33,0.71105638099562
771.52,0.7137707357247893
771.7,0.7195965217946805
771.88,0.7058133569709374
772.07,0.7052802989727615
772.25,0.7304738738336644
772.43,0.7296439626586017
772.61,0.7087236085619477
772.8,0.7068129086690572
772.98,0.7038224393964166
773.16,0.7122474903278724
773.34,0.7125721231994333
773.53,0.7209763718328132
773.71,0.7128933010388527
773.89,0.7204363180061071
774.07,0.6989235593331663
774.26,0.697198335167036
774.44,0.704846144614885
774.62,0.697188930381803
774.8,0.7228654588597293
774.99,0.7056312349350963
775.17,0.7163322417444602
775.35,0.6941369157388712
775.53,0.7081389528965446
775.71,0.7072259799523478
775.9,0.6964639927520146
776.08,0.7134155594744086
776.26,0.7267254622270336
776.44,0.7078001179607359
776.63,0.717312435383875
776.81,0.7093081928285805
776.99,0.7081004623753007
777.17,0.7079904557510537
777.35,0.7027643008760132
777.54,0.7048402679392001
777.72,0.7059487456059159
777.9,0.7170727314365838
778.08,0.7113669701783364
778.27,0.7016978598839234
778.45,0.7226851388220581
778.63,0.7076839938610671
778.81,0.7122876732725227
778.99,0.7121046004823628
779.18,0.7033766281832574
779.36,0.721135069151952
779.54,0.7142845865130941
779.72,0.7225152306396398
779.9,0.7404247811411045
780.08,0.7281610723301254
780.27,0.7190802606894761
780.45,0.7389516509714982
780.63,0.7111886766524667
780.81,0.716755016953523
780.99,0.7268069926949136
781.18,0.7156419782065736
781.36,0.7169052676518654
781.54,0.7251167039022749
781.72,0.703233594429155
781.9,0.7149662195760371
782.08,0.7172963374096644
782.27,0.7162237384834818
782.45,0.7120184170106283
782.63,0.7265244207141112
782.81,0.7168012699693544
782.99,0.7226244903258242
783.17,0.7163460152023032
783.36,0.7330011416898586
783.54,0.7217973406214971
783.72,0.7298343684976379
783.9,0.7273318337532687
784.08,0.7353574222604476
784.26,0.7277601886230334
784.45,0.7562455850056484
784.63,0.7149201068296228
784.81,0.739295199222098
784.99,0.7454227883950488
785.17,0.7534751992711336
785.35,0.7414145574802192
785.53,0.7392438564802861
785.72,0.7391564419333531
785.9,0.7458441193726071
786.08,0.7669938235189111
786.26,0.7344546780579287
786.44,0.7513245498807977
786.62,0.7458726505540156
786.8,0.758377299011346
786.99,0.7459088356984812
787.17,0.7502177524511109
787.35,0.7392121565854364
787.53,0.7395494088779835
787.71,0.7618148594651563
787.89,0.7564963503649635
788.07,0.7484467888508702
788.25,0.7473346992688675
788.43,0.7521716527189801
788.62,0.7554331941881149
788.8,0.7577135184950726
788.98,0.7691215341131845
789.16,0.7582658642195769
789.34,0.7432409328297045
789.52,0.7609362084576297
789.7,0.7369755520434472
789.88,0.73462133147051
790.06,0.7454933033363708
790.25,0.7371776970772607
790.43,0.7413969139706528
790.61,0.7357112018461341
790.79,0.7433533103157113
790.97,0.7743294056473138
791.15,0.7423489475582797
791.33,0.7610645679690983
791.51,0.7624475737261631
791.69,0.7594913683010334
791.87,0.740182043760915
792.05,0.7321522707931755
792.24,0.7507533984365548
792.42,0.7427167670907935
792.6,0.7481546042958402
792.78,0.7579179386401829
792.96,0.7418296340989595
793.14,0.7552075591688978
793.32,0.7179319480650771
793.5,0.7032461341746787
793.68,0.7392665256568232
793.86,0.7378433427717723
794.04,0.7189706013197192
794.22,0.749712716270041
794.4,0.7350677062273023
794.58,0.7498452418738575
794.76,0.7260726732799768
794.95,0.7240640916393803
795.13,0.7084456284587585
795.31,0.7438785028010964
795.49,0.7509686607652306
795.67,0.7338631857258326
795.85,0.742337636961626
796.03,0.7458937079567013
796.21,0.7549937527276938
796.39,0.7395086866542714
796.57,0.748664211945255
796.75,0.7494748639233973
796.93,0.7572421193970769
797.11,0.7712603302390536
797.29,0.7289730766975508
797.47,0.7461615106893944
797.65,0.7709459139923175
797.83,0.7635491884851479
798.01,0.7468711013998992
798.19,0.7288466679689402
798.37,0.760968358807032
798.55,0.7568883741267495
798.73,0.7582570834584588
798.91,0.7693089369137975
799.09,0.7615830833093024
799.27,0.7554782138910272
799.45,0.7787641065596501
799.63,0.7362907834018614
799.81,0.7807200405656657
799.99,0.7521282162312137
800.17,0.735728167437411
800.35,0.7461386179097256
800.53,0.7122830560087942
800.71,0.7470446584194338
800.89,0.754998154687892
801.07,0.7450837483360978
801.25,0.7545016554463809
801.43,0.7805415273142486
801.61,0.7564899333883242
801.79,0.7540985807129853
801.97,0.7571540513094414
802.15,0.733114727435247
802.33,0.7511114527133538
802.51,0.7571708630394921
802.69,0.7737336691000456
802.87,0.7408655709486854
803.05,0.741978074092366
803.23,0.7608877779258528
803.41,0.7846454098110027
803.59,0.7291919863036672
803.77,0.772933292591234
803.95,0.7431214579997482
804.13,0.7703531293200447
804.31,0.7580647391188873
804.49,0.7430561529661942
804.67,0.7523224133108313
804.85,0.7406262985355881
805.03,0.7499240241663931
805.21,0.750074252123175
805.39,0.7464887798632642
805.57,0.7654848966963841
805.75,0.781420593657528
805.93,0.7557394647142103
806.11,0.7616234952561023
806.29,0.7343142676015583
806.47,0.7552641440956657
806.65,0.763181018349793
806.83,0.7606396319974724
807.0,0.7306360287234447
807.18,0.7660273039188614
807.36,0.7446882186666064
807.54,0.7644574833206846
807.72,0.7774210840744783
807.9,0.7662103612060954
808.08,0.7698592741136442
808.26,0.7541824807834037
808.44,0.7537560843927418
808.62,0.7298596858638744
808.8,0.7491782796293293
808.98,0.7583608834771255
809.16,0.7492886287273699
809.34,0.7657681649857545
809.51,0.7342008939343626
809.69,0.7536878462428002
809.87,0.7525646417197267
810.05,0.7637473047752009
810.23,0.7774834918500269
810.41,0.7946126024296106
810.59,0.7758737510184828
810.77,0.7585096990999065
810.95,0.7701362832433684
811.13,0.7876249891122726
811.31,0.7820203550004303
811.48,0.7802403095642824
811.66,0.769910057621915
811.84,0.7660000580500972
812.02,0.7566617592195153
812.2,0.7725157149565188
812.38,0.7602655762198466
812.56,0.7679867442357498
812.74,0.7496361153235747
812.92,0.7696735073942913
813.1,0.8083777536913884
813.27,0.795723656047154
813.45,0.7929110101822947
813.63,0.7862773679322941
813.81,0.7743084908071063
813.99,0.7535397691164932
814.17,0.7925064835951818
814.35,0.7903192923668343
814.53,0.7684901812355462
814.7,0.764759747907211
814.88,0.751242124609508
815.06,0.7670619584455984
815.24,0.7418125971474429
815.42,0.7424735826072852
815.6,0.757926131686727
815.78,0.7576505848712854
815.95,0.7882453456854087
816.13,0.7609479218524645
816.31,0.7577878965002999
816.49,0.7561591753325908
816.67,0.7611035191809283
816.85,0.7711736947574824
817.03,0.7595611611163868
817.2,0.76746283763409
817.38,0.7868655578747712
817.56,0.7739751974805464
817.74,0.789613670303514
817.92,0.7813740008775025
818.1,0.8024004738597749
818.27,0.783321839149908
818.45,0.7747895675322062
818.63,0.7908799956615559
818.81,0.7687157734107034
818.99,0.7906990793211989
819.17,0.7968127813585337
819.34,0.7868528003688919
819.52,0.7865167210310582
819.7,0.782239164709143
819.88,0.7958066411037978
820.06,0.7850296605388706
820.24,0.7731129265866934
820.41,0.7989095132894527
820.59,0.7712756066077588
820.77,0.7881286287127304
820.95,0.7660757849737778
821.13,0.7726728056277213
821.3,0.7572310695239108
821.48,0.760944035518168
821.66,0.7925185752111846
821.84,0.7944846552933283
822.02,0.7844217387359325
822.19,0.7787811432975152
822.37,0.7845294898682094
822.55,0.7774883037911464
822.73,0.7705672721044712
822.91,0.7806003174154033
823.08,0.8054834521475587
823.26,0.783917300116544
823.44,0.7840848513125215
823.62,0.7747550361536817
823.8,0.7758398810162624
823.97,0.7747257481597946
824.15,0.7690923227694374
824.33,0.7627549828509641
824.51,0.7702521533121522
824.69,0.7931395128242178
824.86,0.7782235516026127
825.04,0.7683879970053688
825.22,0.7852785471884907
825.4,0.7524402183801706
825.57,0.7472347119932781
825.75,0.7707076204281957
825.93,0.781354908708865
826.11,0.7564383499191768
826.28,0.8001948225650964
826.46,0.8044042013031913
826.64,0.8194799734209085
826.82,0.7838498897930397
826.99,0.8063692941698032
827.17,0.8118349818756244
827.35,0.773272913555201
827.53,0.808897009666921
827.7,0.8017899320668713
827.88,0.8208188490175878
828.06,0.8103155170111725
828.24,0.7781281127207862
828.41,0.7789739365974588
828.59,0.7641369844295086
828.77,0.7670022230223872
828.95,0.7793026045501115
829.12,0.7764331941944626
829.3,0.7937547166397195
829.48,0.7841515648979461
829.66,0.7896742929926546
829.83,0.7776102549694759
830.01,0.7718001584008568
830.19,0.788845776541106
830.36,0.7618675187891518
830.54,0.7471276625775916
830.72,0.7627403916359558
830.9,0.7766722568253889
831.07,0.7827401804406079
831.25,0.7831563148755758
831.43,0.7753925345413862
831.6,0.7997209171385472
831.78,0.8209966668205115
831.96,0.7903331685725234
832.14,0.7861440712451739
832.31,0.8133648945959183
832.49,0.814807316684216
832.67,0.8098783010353662
832.84,0.7966136150145595
833.02,0.7812912628546741
833.2,0.7870045211998439
833.37,0.8083777029847572
833.55,0.8042941505734272
833.73,0.8037083720691485
833.91,0.7796882053175526
834.08,0.7945339790090266
834.26,0.7951617213128734
834.44,0.7760536313459379
834.61,0.7812825330510255
834.79,0.772430274167087
834.97,0.7798291107685431
835.14,0.747238114310245
835.32,0.7965355795247364
835.5,0.7645331692627134
835.67,0.826142785296541
835.85,0.7841729854090013
836.03,0.8375585365242869
836.2,0.8336993770135963
836.38,0.78083763759748
836.56,0.7878817911631145
836.73,0.7333943027083858
836.91,0.7645661128482587
837.09,0.7911276951585579
837.26,0.8075822032777668
837.44,0.7616091692466151
837.62,0.7821926614875299
837.79,0.7776242467896303
837.97,0.7683807648291721
838.14,0.7973651620668696
838.32,0.799551050948915
838.5,0.7676434572386123
838.67,0.8050073587833155
838.85,0.7821217121706
839.03,0.7722134873147793
839.2,0.7863793012877445
839.38,0.8019713696847427
839.56,0.7703460147916066
839.73,0.812916452433794
839.91,0.7942224030235286
840.08,0.7925853597471286
840.26,0.8014672233745106
840.44,0.7918194403230757
840.61,0.7895272142531948
840.79,0.7592792515227824
840.97,0.7771803563377695
841.14,0.7962843988260094
841.32,0.8001738784900665
841.49,0.800390039504001
841.67,0.7749844417944942
841.85,0.7772245755963946
842.02,0.7797649641185768
842.2,0.7704012171626122
842.37,0.7903466353911627
842.55,0.7796992670512296
842.73,0.7940141694833004
842.9,0.7790314097325969
843.08,0.7582197483715261
843.25,0.7962159484893512
843.43,0.7828178462646675
843.61,0.7880145327622599
843.78,0.8126038033127724
843.96,0.7609325731757811
844.13,0.7996614594887473
844.31,0.8286021967964641
844.49,0.7991227770060831
844.66,0.814004421183998
844.84,0.7939761678684452
845.01,0.788796500924558
845.19,0.8001131069994981
845.37,0.7780781054150007
845.54,0.8094854324886274
845.72,0.8114209383405276
845.89,0.8067873675748775
846.07,0.8010489681878339
846.24,0.8016634873036819
846.42,0.8012276452815863
846.59,0.7838339939223012
846.77,0.8036089869994147
846.95,0.8117625456011316
847.12,0.7963126699712897
847.3,0.8117720853002083
847.47,0.8168672839735135
847.65,0.806753096801653
847.82,0.8086934255914408
848.0,0.8214190432896884
848.17,0.8360155954922948
848.35,0.8041361866958705
848.53,0.8287492431986013
848.7,0.8421370939818441
848.88,0.8483211429783402
849.05,0.8590882553934858
849.23,0.8365838719183397
849.4,0.8004447296900196
849.58,0.8112169602130154
849.75,0.8194624630318303
849.93,0.8075377885936664
850.1,0.7937904877789284
850.28,0.7822130471934242
850.45,0.8259914038918948
850.63,0.7632692367708886
850.8,0.7814857603877315
850.98,0.785332124338863
851.16,0.7959506402879571
851.33,0.8037179181504241
851.51,0.8131868644680782
851.68,0.8167712888830868
851.86,0.7965203453403604
852.03,0.7969881688447862
852.21,0.8060251157892334
852.38,0.7814203989978007
852.56,0.8117307973148418
852.73,0.779730833364453
852.91,0.8061867732735295
853.08,0.8408491418548184
853.26,0.7765809584396969
853.43,0.803927877857137
853.61,0.7973293553715112
853.78,0.7980097930816616
853.96,0.8356774850194013
854.13,0.8379118325545237
854.31,0.7996801429412177
854.48,0.8062861719078953
854.66,0.81323792127837
854.83,0.815083792229974
855.0,0.7907444736693879
855.18,0.8287046598518119
855.35,0.7850102050482695
855.53,0.8206274768938562
855.7,0.8169223988461611
855.88,0.8338588155706317
856.05,0.8107641828781053
856.23,0.7901809546600888
856.4,0.7988959601787821
856.58,0.8480310905418873
856.75,0.816569816293859
856.93,0.841149381364694
857.1,0.8251286373872457
857.28,0.8397526861783663
857.45,0.8031765511056569
857.62,0.8228850054126483
857.8,0.8261945773524721
857.97,0.8237194294524433
858.15,0.8057894432742764
858.32,0.854081840294088
858.5,0.8293225179300657
858.67,0.8138023295473623
858.85,0.8301622877484512
859.02,0.8497533709060958
859.19,0.8054164647606741
859.37,0.8376378635908664
859.54,0.8178928152744558
859.72,0.849345576055839
859.89,0.8493236394341126
860.07,0.8361420533672859
860.24,0.818368344100837
860.41,0.8727701336489618
860.59,0.789228851565813
860.76,0.8151495342682308
860.94,0.7968846054887666
861.11,0.8098769179344036
861.29,0.8118236976896767
861.46,0.8091918730367518
861.63,0.8279600794731932
861.81,0.8291673832680502
861.98,0.8337490743658026
862.16,0.797384254508699
862.33,0.7906259570804207
862.5,0.8217959494681334
862.68,0.8638324594178781
862.85,0.800502533894759
863.03,0.7874857951918394
863.2,0.8319851509957049
863.37,0.8466893548136825
863.55,0.8214153665655228
863.72,0.8355026158484371
863.9,0.8399516400639042
864.07,0.8808439505802428
864.24,0.8002828341879427
864.42,0.858759625416326
864.59,0.8019025696532038
864.77,0.8409527661527435
864.94,0.8297843787284992
865.11,0.7990176886474886
865.29,0.7942956687927714
865.46,0.7888629501665266
865.63,0.8528061064611009
865.81,0.8682978315525519
865.98,0.8077235500837081
866.16,0.8072960318610616
866.33,0.8499821943157264
866.5,0.7782886366523196
866.68,0.8303037312617666
866.85,0.7732872661624179
867.02,0.826083955155461
867.2,0.8512074802514912
867.37,0.8260838700088072
867.54,0.8188184028971507
867.72,0.8553810156631569
867.89,0.8019361153804685
868.06,0.808462616711411
868.24,0.8107831002768066
868.41,0.8165985749242727
868.59,0.7847039306924499
868.76,0.8351313711509886
868.93,0.8166582372115511
869.11,0.7946577241829045
869.28,0.8678673526404503
869.45,0.8386355855151132
869.63,0.8661468788306634
869.8,0.8424868004103239
869.97,0.8452937056835841
870.15,0.8284629964238244
870.32,0.7953014769295897
870.49,0.8560941476118381
870.66,0.7917559932077362
870.84,0.8230512805621697
871.01,0.8284167355760867
871.18,0.796407269961763
871.36,0.8233468131675501
871.53,0.8534719502673573
871.7,0.821627199314319
871.88,0.804691649959732
872.05,0.8282422390678434
872.22,0.7623200524252552
872.4,0.813426815076073
872.57,0.8121842126068197
872.74,0.7596632047511859
872.92,0.817161945723945
873.09,0.7979627326847616
873.26,0.8311259005179275
873.43,0.865915157208405
873.61,0.8127329507884107
873.78,0.8295300556928038
873.95,0.8379116998132694
874.13,0.8847952495482192
874.3,0.8536554704380279
874.47,0.799056174516712
874.64,0.8347692415756898
874.82,0.8264222493494976
874.99,0.8420829088180191
875.16,0.8273709153171224
875.34,0.8566648505707414
875.51,0.8215713813837201
875.68,0.8401183091648523
875.85,0.8786695982278877
876.03,0.8577312050688437
876.2,0.8577250694654709
876.37,0.8981710607623888
876.54,0.8405816544217257
876.72,0.8165575351505
876.89,0.853691637346755
877.06,0.8187340602018834
877.23,0.8456731748276718
877.41,0.852972204577444
877.58,0.8223179446415287
877.75,0.8741453934145913
877.92,0.8378757852900287
878.1,0.7904862549883894
878.27,0.8831845126435056
878.44,0.9174479970599044
878.61,0.865603286257391
878.79,0.8515750133475708
878.96,0.874734254081827
879.13,0.9268592905802208
879.3,0.8259752512111835
879.48,0.838770947452668
879.65,0.8484934990787117
879.82,0.8161811388764545
879.99,0.8188392937664914
880.16,0.8522920154974195
880.34,0.8432148388194115
880.51,0.8492468195109025
880.68,0.8919125720453251
880.85,0.835454763377439
881.03,0.856464004699408
881.2,0.8455815657528135
881.37,0.8588948014735981
881.54,0.8361763343407
881.71,0.87483273353547
881.89,0.8617886961179592
882.06,0.8790256235964514
882.23,0.8705262780783147
882.4,0.8603436149904552
882.57,0.9373543963600333
882.75,0.8633724709321682
882.92,0.8592261610927632
883.09,0.8652672943102743
883.26,0.9191255544550896
883.43,0.8245728202246083
883.61,0.7927044661053098
883.78,0.8219668925272329
883.95,0.8676765240323541
884.12,0.8606107187507216
884.29,0.8361358984854687
884.47,0.8316306201488612
884.64,0.8446912240927383
884.81,0.8334044417231463
884.98,0.8918140422885158
885.15,0.8300727941921544
885.32,0.8728504325008263
885.5,0.8080529437244947
885.67,0.8845938759756411
885.84,0.8858997798589605
886.01,0.860097537073027
886.18,0.8534239073124769
886.35,0.8455592860075843
886.53,0.8537454971935997
886.7,0.8782411478510048
886.87,0.8508272753061482
887.04,0.8861281976774718
887.21,0.8484112427502107
887.38,0.8447312293390954
887.55,0.8463001243093436
887.73,0.8329286530882917
887.9,0.82171158785985
888.07,0.7744440890804114
888.24,0.8109792781343558
888.41,0.8376150550196096
888.58,0.8783962673194765
888.75,0.8608654691852784
888.93,0.8422857473233095
889.1,0.7991167422592176
889.27,0.8474790146485982
889.44,0.8759815355999229
889.61,0.8610355131466403
889.78,0.8644027713625866
889.95,0.8534829740920298
890.12,0.8351772391959532
890.3,0.8714168555004062
890.47,0.830154516068116
890.64,0.8330707844220155
890.81,0.9288514427549449
890.98,0.8198997548806037
891.15,0.8434268035351256
891.32,0.8389283891687802
891.49,0.8184641434792348
891.66,0.7840310746655158
891.84,0.8464749412521947
892.01,0.8073384308485181
892.18,0.8721471048137794
892.35,0.8151474266539349
892.52,0.8099075418635002
892.69,0.8350463951531997
892.86,0.7929890672774249
893.03,0.8403448940497122
893.2,0.9025694540156333
893.37,0.9166176770524649
893.55,0.8153458789182426
893.72,0.8283160846972933
893.89,0.8266399264001109
894.06,0.7680144435302422
894.23,0.820283858913028
894.4,0.9232066362395742
894.57,0.8480818141103866
894.74,0.8443265879183084
894.91,0.8173710509027929
895.08,0.7954855576605901
895.25,0.8432657463506706
895.42,0.8525915779240865
895.59,0.8996980461048807
895.76,0.7548996782528711
895.94,0.9406286845676404
896.11,0.8909713658211356
896.28,0.8246809240867458
896.45,0.8994513707017139
896.62,0.8462409312655826
896.79,0.8708118406989173
896.96,0.8528496356175869
897.13,0.8829940681570075
897.3,0.9477354952013682
897.47,0.8146977496247941
897.64,0.8338328904944525
897.81,0.8328074718705258
897.98,0.9159945430225789
898.15,0.8409697313864103
898.32,0.8735518069338325
898.49,0.8362167206361084
898.66,0.8822059626515234
898.83,0.8396936591958554
899.0,0.8595144266786058
899.17,0.8313493400919423
899.34,0.8236312610417704
899.51,0.854722378646244
899.68,0.9254949980361805
899.85,0.8707995972169698
900.02,0.8310528111895957
900.19,0.8423958281777973
900.36,0.8520929296221559
900.53,0.9171809754571679
900.7,0.9262211628007971
900.87,0.949068870414292
901.04,0.916606425406567
901.21,0.9488251987830133
901.38,0.9036438088919038
901.55,0.8529926106660606
901.72,0.8547799617242149
901.89,0.763000852514919
902.06,0.9031988816459877
902.23,0.8522588828669839
902.4,0.8605226625100465
902.57,0.8408868404801711
902.74,0.8298095336046586
