Wavelength [nm],#24-EO-43128.csv
400.08,0.05735702036910197
400.29,0.04824718184701676
400.5,0.024182586745134408
400.71,0.1279672700278518
400.92,0.04007371741320742
401.13,0.03516439692385634
401.34,0.06441174857530331
401.54,0.009251592929911139
401.75,0.06969551207452124
401.96,0.06690080895837493
402.17,0.10356238535504919
402.38,0.015855811062771962
402.59,0.027061469621824215
402.8,0.03806228373702428
403.01,0.03165493453128871
403.22,0.021150829362327872
403.43,-0.01589143250975545
403.63,0.09222070956895846
403.84,0.039651742457930635
404.05,0.00996865895859436
404.26,0.025470184403570486
404.47,0.04421034072376256
404.68,0.05266162044274443
404.89,0.09555792934244482
405.1,0.06463835553396574
405.31,0.013032480469187252
405.52,0.007119619912467577
405.72,0.0217717751370542
405.93,0.02413052570241686
406.14,0.018283953478859652
406.35,0.028645057157137468
406.56,0.02816080792386876
406.77,0.0068693291903586
406.98,0.07948172984980525
407.19,0.08575290010136281
407.39,0.062259691367052464
407.6,0.004110528490435081
407.81,0.05462738910968511
408.02,0.05147744746829786
408.23,0.0200021841214372
408.44,0.05810087491392389
408.65,0.021088509215639498
408.86,0.035530133178370595
409.06,0.012326754265243342
409.27,0.023133235724743826
409.48,0.06176927669773414
409.69,0.028330764387903568
409.9,0.056548958105693506
410.11,0.015529302487591115
410.32,0.06679487679266781
410.52,0.04117516879689677
410.73,0.04265503756935492
410.94,0.018517994281623998
411.15,0.02566757470796821
411.36,0.030372688840015472
411.57,0.05866474077406679
411.78,0.0050155550803175205
411.98,0.03964619197147034
412.19,0.01524806091081212
412.4,0.02263336024466782
412.61,0.03233119725808856
412.82,0.007267189387237421
413.03,-0.011061050820705706
413.23,0.008702939389495342
413.44,0.021491380428823186
413.65,0.004612022425634426
413.86,0.04120110903244438
414.07,0.07882348963283833
414.28,0.030515390388833875
414.48,0.05370943891074472
414.69,0.0645046178875515
414.9,0.042835003454750616
415.11,0.05373555490884447
415.32,0.02438641536512354
415.53,0.03666385332971445
415.73,0.011205506133965697
415.94,0.0523362776832904
416.15,0.01949528658261108
416.36,0.0067799037472253305
416.57,-0.00866330754924489
416.78,0.035556726391676875
416.98,0.0359941743532839
417.19,0.00047336679422279644
417.4,0.0047290947759292155
417.61,-0.014114953744534683
417.82,0.012031011261388757
418.02,0.014942336620424577
418.23,0.044112118148203615
418.44,0.004759297477151202
418.65,0.05335308425229974
418.86,0.01821088676161202
419.07,0.0466624585183627
419.27,0.026537011505472156
419.48,0.03464195917720897
419.69,0.0372974273667912
419.9,0.04020102213490686
420.11,0.03310515696497457
420.31,0.042750330394482
420.52,0.030073663115850153
420.73,0.022848887182019387
420.94,0.03615269019466303
421.15,0.0405215390515148
421.35,0.010858055355993759
421.56,0.04524654870509934
421.77,0.03856097879129446
421.98,0.023902402582849678
422.19,0.024235333444760192
422.39,0.030305268423367355
422.6,0.04633729279537087
422.81,0.06210703879773044
423.02,0.047354200231801306
423.22,0.035267988637864116
423.43,0.01105690718646963
423.64,0.02508000449865555
423.85,0.0022154072382869158
424.06,0.04046916398460345
424.26,0.03394106726329322
424.47,0.052555883866526286
424.68,0.037831712977254524
424.89,0.026635327162962203
425.09,0.03374353359614659
425.3,0.03083566133463241
425.51,-0.005098131569607537
425.72,0.04226688434270238
425.93,0.026601474056418647
426.13,0.007526823297036288
426.34,0.02406650510983872
426.55,0.03006723791176557
426.76,0.016267451474841717
426.96,0.045863282897123894
427.17,0.009867963003648303
427.38,0.006697817807746543
427.59,0.025071837101912322
427.79,0.032784121388612184
428.0,0.0012645117407905854
428.21,0.06730537783311692
428.42,0.02583464727822799
428.62,0.037162968780114575
428.83,0.017152674171526775
429.04,0.0317011171524962
429.25,0.024236365655892513
429.45,0.027111288401528877
429.66,0.023521343029535683
429.87,0.01928314138493599
430.08,0.0019793992652885136
430.28,0.03182785009505431
430.49,0.009965249533642449
430.7,0.01656956685038479
430.91,0.0012224829255899777
431.11,0.03710822952138524
431.32,0.021583240213632754
431.53,0.03579436235090622
431.74,0.035872061220466454
431.94,0.012492667821626887
432.15,0.019383588770454232
432.36,0.014187276726381589
432.56,-0.0026989328073027704
432.77,0.02770169480098101
432.98,-0.0004035014040201616
433.19,0.029493956527771124
433.39,0.03350862903248697
433.6,0.02314960588252418
433.81,0.01840673389376966
434.02,0.03963067549849127
434.22,0.025773431553694454
434.43,0.041567942466366414
434.64,0.02951182974420215
434.84,0.0018111213925862942
435.05,0.019298755448859714
435.26,0.04252493286027221
435.47,0.03544027091115631
435.67,0.023269421549149336
435.88,0.016079918249046997
436.09,0.016149254580189207
436.29,0.029260809548238106
436.5,0.023538891192277332
436.71,0.01812050683081581
436.92,0.02269966882171446
437.12,0.03778863022142149
437.33,0.0217113272589802
437.54,0.02676974796476242
437.74,0.026287652545809854
437.95,0.02433436807791185
438.16,0.01758334707218995
438.36,-0.003079813400979936
438.57,0.007833013610137503
438.78,0.006570525217790604
438.99,0.00806952781508285
439.19,0.030806834305063754
439.4,0.022547572834354723
439.61,0.022112263769642513
439.81,0.01132677404986395
440.02,-0.0035681701578398504
440.23,0.042070103538038695
440.43,0.02267140771864083
440.64,0.006642191033156218
440.85,0.033726824976743876
441.05,0.007044349637860925
441.26,0.00999128869272318
441.47,0.028286404940957216
441.67,0.02729796456798743
441.88,0.011139014069971472
442.09,0.02955298789651996
442.29,0.012398331619295887
442.5,0.045358258816252314
442.71,0.023146420297305126
442.91,0.012076868622014028
443.12,0.035366427007006346
443.33,0.02356154171475269
443.53,0.02611713703446773
443.74,0.014729618384369697
443.95,0.017763811322598
444.15,-0.00032631062551746667
444.36,0.031300541864558426
444.57,0.010336693116019754
444.77,0.020848682493527393
444.98,0.007295028903320876
445.19,0.031341225801305814
445.39,0.023798961098709732
445.6,0.02176940289183451
445.81,0.023488187408893125
446.01,0.030699414494552345
446.22,0.0021514006398466396
446.43,0.027637239570520014
446.63,0.023756790051289403
446.84,0.023713971425669375
447.05,0.010434921322197305
447.25,0.014755289499083647
447.46,-0.0027981819596163645
447.67,0.036610876221703496
447.87,0.01694240438725865
448.08,0.02008261050884471
448.28,0.022816315049226467
448.49,0.0015091703517223893
448.7,0.03173398018121895
448.9,0.016695049197601463
449.11,0.023926639998809115
449.32,0.013598556337031763
449.52,0.031907656568882455
449.73,0.01527064462912817
449.93,0.004630527594778697
450.14,0.029603427316655426
450.35,0.026911950055182255
450.55,0.0002740511241326301
450.76,0.027667793864976985
450.97,0.020990979613553996
451.17,-0.0021302977856629203
451.38,0.04836679923957664
451.58,0.029715677450097972
451.79,0.03227902367210649
452.0,0.03395698682485066
452.2,0.026205894092206167
452.41,0.023164379395925114
452.62,0.021790909146476904
452.82,0.026291980124502668
453.03,0.01926536779629549
453.23,0.030123317881971933
453.44,0.015604471497371352
453.65,0.028635353023932525
453.85,0.031539866318701544
454.06,0.00025547865193083533
454.26,0.034755061567309814
454.47,0.004939434244367883
454.68,0.02709906193326344
454.88,0.026254515963897995
455.09,0.024692877332598877
455.29,0.008886689373429226
455.5,0.014981138717962812
455.71,0.014325351075170557
455.91,0.0018351973740512808
456.12,0.019055477507734484
456.32,0.018852483204312306
456.53,0.008424429867257959
456.73,0.025916286939159268
456.94,0.024552329745769826
457.15,0.027183525366414336
457.35,0.010267080662874462
457.56,0.0377165279153227
457.76,0.013955613219183734
457.97,0.007895611244407831
458.18,-0.012026129851314286
458.38,0.013095028373451223
458.59,0.022152857043024547
458.79,0.012650403308649494
459.0,0.029794690661275353
459.2,0.020682648261848267
459.41,0.011287111243346677
459.62,0.008499862623179776
459.82,0.006151122087442824
460.03,0.023846147436485006
460.23,0.0015905011644446528
460.44,0.01996235739008931
460.64,0.01740038251776872
460.85,0.01857780933431307
461.06,0.011491689935522905
461.26,0.011248699942623877
461.47,0.005104250502797625
461.67,0.013436835261971682
461.88,0.015343417171105914
462.08,0.020602384620887874
462.29,-0.002178898090219169
462.49,0.012413402223582953
462.7,0.015018685380084853
462.91,0.015414985339797389
463.11,0.005456740341317787
463.32,0.009398771499158395
463.52,-0.006519616151344179
463.73,0.0002067247073898732
463.93,0.03439823217174058
464.14,0.018200877132132497
464.34,0.019784035151629648
464.55,0.007875271647028347
464.75,0.01407883634370009
464.96,0.021822354336869427
465.16,0.009549852814630676
465.37,0.011914924559171076
465.58,0.017336678731330987
465.78,0.014988287199240561
465.99,0.010187229624502523
466.19,0.024087879775584804
466.4,0.016658836011981624
466.6,0.014004316889501382
466.81,0.002949006467368556
467.01,0.009817500689762278
467.22,0.017398784658899324
467.42,0.013292713339219652
467.63,0.014198793733147658
467.83,0.009309474563084702
468.04,0.02014117309065857
468.24,0.00461474775951136
468.45,0.006940641719708338
468.65,0.007760817252444602
468.86,0.011253905551575162
469.06,0.0056768521055430956
469.27,0.010130409017663915
469.47,0.008001229579061308
469.68,0.010063688790895649
469.88,0.008910785183507321
470.09,0.01048526561913883
470.29,0.013886362842506808
470.5,0.004143991451448856
470.7,0.01388642230860155
470.91,0.016834573170803457
471.11,0.02297730585051011
471.32,0.00894626251939865
471.52,0.011180943979626906
471.73,0.013510990466841906
471.93,0.013291067281595705
472.14,0.016794113243538498
472.34,0.016177489921646707
472.55,0.011919927510791475
472.75,0.01281001105564604
472.96,0.018346984726937
473.16,0.0056565260448049855
473.37,0.009523830938790482
473.57,0.004275770738763492
473.78,0.011165736275644926
473.98,0.010506526108974583
474.19,0.01116918571464027
474.39,0.01107891773631659
474.6,0.006627534587604845
474.8,0.017526084266890576
475.01,0.006345166064178923
475.21,0.010040333641306888
475.42,0.007163152254217452
475.62,0.011769747318085102
475.83,0.0038349896332308675
476.03,0.01289834290103456
476.24,0.006667052139817002
476.44,0.005790849030980635
476.64,0.003544619135642978
476.85,0.011524254099143028
477.05,0.005132598902412088
477.26,0.01467109401865229
477.46,0.009923697949874166
477.67,0.01014196588816345
477.87,0.00405348582961905
478.08,0.008275467810476857
478.28,0.006921459146776044
478.49,0.007973346217408172
478.69,0.00884049870910758
478.9,0.01554711037783711
479.1,0.0076592625149227165
479.3,0.007411147131049996
479.51,0.005561280193916097
479.71,0.006437853766774827
479.92,0.002433203913521384
480.12,0.009510720493379463
480.33,0.00800077890150548
480.53,0.014779688346048987
480.74,0.006967285587975252
480.94,0.005674810365484724
481.14,-0.0009721594835740483
481.35,0.004100641808339125
481.55,0.011062255640520458
481.76,0.012995132121840065
481.96,0.010932857713894345
482.17,0.004800034423169875
482.37,-0.0023758568466560382
482.57,0.009974054006664493
482.78,0.007090652911587453
482.98,0.006031187267150024
483.19,0.0054117098546949734
483.39,0.004556697586854078
483.6,0.005923302879377327
483.8,0.004826022802495487
484.0,0.005838809518549435
484.21,0.006068186327919897
484.41,0.001703624343236547
484.62,0.003296571177212127
484.82,0.005135584597572975
485.02,0.0030687912986459864
485.23,0.005817926576406739
485.43,0.0106420883596229
485.64,0.005074545969842351
485.84,0.0010559207580414238
486.05,0.008605993357729635
486.25,0.009636563309356973
486.45,0.0018198242656597924
486.66,0.010499493383894632
486.86,0.008598662311981227
487.07,0.005063380099596833
487.27,0.004795511818115949
487.47,0.00509153360032162
487.68,0.009079835608298817
487.88,0.003939333342572856
488.09,0.00973272253000453
488.29,0.007140868401707406
488.49,-0.0015673659988008355
488.7,-0.0004583217340338696
488.9,0.004123204510311809
489.1,0.0016785593842179787
489.31,0.006094121522493821
489.51,0.008819829939648508
489.72,0.005563755525440722
489.92,0.005829729301328408
490.12,0.005556878773154992
490.33,0.006128967498012645
490.53,0.008308648310033407
490.74,0.004243708513429476
490.94,0.002976119353599383
491.14,0.000598334954728062
491.35,-0.0033448442635828396
491.55,0.003127815262154782
491.75,0.00411732842699656
491.96,0.008717329812853697
492.16,0.007859864558940473
492.36,0.01106966634087956
492.57,0.0014322874695220848
492.77,0.005917323096882445
492.98,0.010025949023974376
493.18,0.005833630605352322
493.38,0.005649657559887968
493.59,0.006796921841589103
493.79,0.0026693622620149056
493.99,0.00901771087228771
494.2,0.009939608546120686
494.4,0.011308138428524175
494.6,0.002193484676942763
494.81,0.008269171979012988
495.01,0.004770758447526613
495.22,0.0036423256077004903
495.42,0.005200828491344922
495.62,0.007811046297622028
495.83,0.007237792487605408
496.03,0.001660656698162673
496.23,0.00289723259276646
496.44,0.005337911909825149
496.64,0.0021027524439935176
496.84,0.0060915839314325225
497.05,0.009699645309359605
497.25,0.009297504975483904
497.45,0.008595563705885802
497.66,0.005381528043977698
497.86,0.006730884371928013
498.06,0.004622595254632052
498.27,0.00446704836221858
498.47,0.0071731773472181026
498.67,0.0065840836791543665
498.88,0.005411759669795406
499.08,0.0034210735281634858
499.28,0.0036716978775054123
499.49,0.008533415673794545
499.69,0.007363681720636949
499.89,0.0018712997031936295
500.1,0.003893211319287869
500.3,0.0009746593974448704
500.5,0.0041413043183549806
500.7,-0.0014185065573129605
500.91,0.00464419046223736
501.11,0.0015523338066947185
501.31,0.003945351599505269
501.52,0.007036452310000598
501.72,0.006916934147510225
501.92,0.0035160398775502125
502.13,0.007496022534691832
502.33,0.004012464542202337
502.53,0.0006573905666833672
502.74,0.005652984453367773
502.94,0.006140726990915948
503.14,0.007751169975622797
503.34,0.006024738831883411
503.55,0.009338957306953811
503.75,0.005447609186205532
503.95,0.00451817572909744
504.16,0.004751790409563596
504.36,0.003549398094500708
504.56,0.0072909256529278335
504.76,0.005351240116514432
504.97,0.003964403940421301
505.17,0.00701214102131119
505.37,0.00702433521639384
505.58,0.005627113116101713
505.78,0.007595914711138074
505.98,0.004396068603787651
506.18,0.004927648463214388
506.39,-0.0009295655625408069
506.59,0.007832184738184814
506.79,0.0034319222750068034
507.0,0.005672631055121482
507.2,0.0018470249089434035
507.4,0.0026273093844830704
507.6,0.0027116915334407777
507.81,0.005460521568637214
508.01,0.005605066729238566
508.21,0.006996801049196029
508.41,6.392523382728714e-05
508.62,0.006363032790086461
508.82,0.006533811994349944
509.02,0.004909191653627435
509.23,0.002080172488425086
509.43,0.0059585173832262224
509.63,0.0025208182276512457
509.83,0.0051977805307033605
510.04,0.011448336717506459
510.24,0.004801537894461608
510.44,0.003587143607119308
510.64,0.006832002656646467
510.85,0.0025880637334002752
511.05,0.003289376662397203
511.25,0.00561456601121392
511.45,0.0023247009406495334
511.66,0.0009764426740707745
511.86,0.0063581564885046
512.06,0.007685015991735836
512.26,0.0075637333526905395
512.46,0.0030954582393033585
512.67,0.005307373385581554
512.87,0.006192864292414697
513.07,0.006960459417997376
513.27,0.005526889461742668
513.48,0.005138242986693367
513.68,-0.0009507866817181342
513.88,0.0053029059041226935
514.08,0.0016990946479652881
514.29,0.0010679172711018008
514.49,0.0010688604857936918
514.69,0.004408295517182343
514.89,0.005684278592155152
515.09,-0.001183188803255216
515.3,0.00269080775172622
515.5,0.006515780812211732
515.7,0.0038082025382921983
515.9,0.005270382166315893
516.11,0.005832224443194262
516.31,0.005603029297003995
516.51,0.00483096041148354
516.71,0.004214873670344369
516.91,0.005476829946184875
517.12,0.00208550081002621
517.32,0.007980245233078529
517.52,0.006016588161849857
517.72,0.00456118967085654
517.92,0.00329135778313241
518.13,0.0006532436057500946
518.33,0.008477770464505319
518.53,0.0012493299497135086
518.73,0.004870675105396107
518.93,0.00182089983188112
519.14,0.0018478681633496599
519.34,0.0025949878973951716
519.54,0.0017064173252894657
519.74,0.003089735854665279
519.94,0.0072916758510628964
520.15,0.0006403981331194508
520.35,0.003402565483707933
520.55,0.005068069818165963
520.75,0.0040103936278975795
520.95,0.006247078707911224
521.16,0.003283320937051089
521.36,0.008360323424632811
521.56,0.006039577209280598
521.76,0.001402289691937142
521.96,0.006709698889427755
522.16,0.007781735867424013
522.37,0.0069216577703151115
522.57,0.0026519743898528393
522.77,0.004881406265083994
522.97,0.002376588788823627
523.17,-0.001377777162443602
523.37,0.004773662811527422
523.58,0.0020533913747965145
523.78,0.0030363426801161145
523.98,0.006550075611318605
524.18,0.007340448816467333
524.38,0.0020234738731496685
524.58,0.002556646870448732
524.79,0.00707117373277726
524.99,-0.0019378511684172766
525.19,0.0026839923508387964
525.39,0.003066542222780132
525.59,0.00048392628903286413
525.79,5.136801654756381e-05
526.0,0.003741393681835134
526.2,0.003068525227619445
526.4,0.007592678070992377
526.6,0.0015542954459491192
526.8,0.002137235555102817
527.0,0.0032497538036237233
527.2,0.006654035735700647
527.41,0.0018547987045050226
527.61,0.0023106041984169946
527.81,0.00566884560337454
528.01,0.005366924371970281
528.21,0.008747374829566765
528.41,0.004557940150493118
528.61,0.00412849083297466
528.82,0.0033944152189609306
529.02,-5.585197630507986e-05
529.22,0.005997231807534792
529.42,0.005287452221306503
529.62,0.002762174832642387
529.82,0.004325017096714552
530.02,0.003427233273207104
530.22,0.0062882795642895135
530.43,0.0043024873049664685
530.63,0.0014373181523879672
530.83,0.00340617144227554
531.03,0.0026824601352935804
531.23,0.005868813436222632
531.43,0.00047599262460342346
531.63,0.0017748261511466644
531.83,0.00495245543115957
532.03,0.0027591726612397655
532.24,0.0027481579657188584
532.44,0.0036834245893479383
532.64,0.0026519966771101503
532.84,0.004283815432320403
533.04,0.0024886067577973526
533.24,-0.00048469962290445914
533.44,0.004424790648566313
533.64,0.0024052761293189224
533.84,0.002416917727687234
534.04,0.006010472671473058
534.25,0.0030764829600158318
534.45,0.005429756767084347
534.65,-0.0002699530020655395
534.85,0.003560968721262068
535.05,0.004795014395127342
535.25,0.0019807281133400827
535.45,0.001461805120494512
535.65,0.002081488366083549
535.85,0.0004787447720339146
536.05,-0.0007007778827550297
536.25,-0.00016192147836976278
536.46,0.008093019775265473
536.66,0.0038469842019053977
536.86,0.0012348628620705855
537.06,0.005733889660136375
537.26,0.00452810419817043
537.46,0.005662481624204852
537.66,0.006166243128650483
537.86,0.0039050629474270495
538.06,0.003362140887114846
538.26,0.00026168587410510134
538.46,0.009791818258620646
538.66,0.003496992477999013
538.86,0.0012200221356164253
539.07,0.000690597395538031
539.27,0.0020969558306645256
539.47,0.0022806616020109908
539.67,0.0028681191350978085
539.87,0.0029229459099999085
540.07,0.0035681814085669374
540.27,0.0031935108545457776
540.47,0.005383900789799946
540.67,0.0020951507304772287
540.87,0.005008499989338672
541.07,0.002225986742647227
541.27,0.0026159921216453684
541.47,0.0049918219744493255
541.67,0.0015524612666123624
541.87,0.00037139396663766496
542.07,0.004869236295281957
542.27,0.0011103605296011632
542.47,0.008890821629926498
542.67,0.006005997963951774
542.87,0.00026033505538467666
543.08,0.003762538456226011
543.28,0.0025061443746564895
543.48,-0.0003724903887227639
543.68,0.004249027966604108
543.88,-0.0004754386289543217
544.08,0.006783671055965194
544.28,0.0033574779580363267
544.48,0.0015345174890365766
544.68,0.003445781522869771
544.88,0.005398297060619368
545.08,0.00595857935350902
545.28,0.0022008586094332608
545.48,0.003018426703714061
545.68,0.003719143386347757
545.88,0.004725716913387854
546.08,0.002926370943669375
546.28,0.0037430834945618857
546.48,0.004260365874208073
546.68,0.005325389213420547
546.88,0.006201559260085884
547.08,0.00047782386020942403
547.28,0.0022626364016462056
547.48,0.0013135247586346203
547.68,0.0024083695758193107
547.88,-0.0018804732170524495
548.08,0.003412466104991459
548.28,0.0016355272569496641
548.48,0.00727529430830049
548.68,0.004043018166930724
548.88,0.0022467731572150293
549.08,0.0023957878314534347
549.28,0.0011075418999727247
549.48,0.003188877064290642
549.68,0.004020623788784738
549.88,0.004010564340214359
550.08,0.005244051527823826
550.28,0.004018943711114047
550.48,0.00046728708456844024
550.68,0.003333982130860372
550.88,0.0019255958753623891
551.08,-0.0017261580755084237
551.28,0.003581994710922976
551.48,0.0012036364995125484
551.68,0.0019168036300938583
551.88,0.003044399631238599
552.08,0.00579789807865907
552.28,0.002946272862463222
552.48,0.0031806877105628757
552.68,0.001792753025662911
552.88,0.004724379502358537
553.08,0.006330427133436039
553.28,0.003918249811781131
553.48,0.008671584493844935
553.68,0.005221806765237531
553.88,0.005799110334269584
554.08,0.007415854328724762
554.28,0.004432178509396095
554.47,0.0033762745183843743
554.67,0.0032777500750222296
554.87,0.005241328610123377
555.07,0.0027662158550516465
555.27,0.0019902162103533198
555.47,0.003076511843535534
555.67,0.0026225275150579637
555.87,0.0031104284724458526
556.07,0.00514200713086557
556.27,0.006122136086880366
556.47,0.001580878609767783
556.67,0.0021924017064664687
556.87,0.0028191599516124845
557.07,0.0016712770651805394
557.27,0.0023842035280365933
557.47,0.0029098376777473376
557.67,0.006442162741188626
557.87,0.004460201238670041
558.07,0.005846232771323641
558.26,0.0054123567764418155
558.46,0.002779511611021239
558.66,0.003671548666397494
558.86,0.0020712584232449754
559.06,0.0015581114718085471
559.26,0.0028702359613187243
559.46,0.004344745195164808
559.66,0.005083995902656574
559.86,0.00409940146771034
560.06,0.0009562573113008009
560.26,0.005216781345440324
560.46,0.0046919438680953305
560.66,0.004277202352195852
560.86,0.0018396769047283855
561.05,0.002225210383365247
561.25,0.0022331714072554693
561.45,0.0008471670984041282
561.65,0.003888993047445861
561.85,0.00230076843902823
562.05,0.004919476055289151
562.25,0.00034217880314010607
562.45,0.0022296261530472252
562.65,0.0056652753759268565
562.85,0.0026076242979984157
563.05,0.005895553177476017
563.24,0.0017472146908487647
563.44,0.002201017323102089
563.64,0.0032138680167262163
563.84,0.0035987297431694628
564.04,0.0016375473624544296
564.24,0.0019654629716929855
564.44,0.0029005763979535627
564.64,0.003941309484399936
564.84,0.0031087383297948926
565.03,0.001328985474845272
565.23,0.002489254302936733
565.43,0.002208154725652597
565.63,0.002197358456453298
565.83,0.005012788848769934
566.03,0.0030559121193863064
566.23,0.0024870667960601753
566.43,0.007268696714919844
566.63,0.0012256162636839017
566.82,0.00407200551834628
567.02,0.00496324823768094
567.22,0.0037938299094269707
567.42,0.003455196101718196
567.62,0.003294434732686001
567.82,0.002947932845178023
568.02,0.0034273464080638084
568.22,0.004469903491742325
568.41,0.003651286537839383
568.61,0.0038413053927054794
568.81,0.0020794424349089963
569.01,0.0054036704030869746
569.21,0.005946348801763499
569.41,0.0031566921558980037
569.61,0.0064488390589071245
569.8,0.009286658262102733
570.0,0.005990448809378038
570.2,0.002936851962344784
570.4,0.006646096993562001
570.6,0.005505374745272532
570.8,0.006167960790715449
571.0,0.004324534202227857
571.19,0.01011514871970773
571.39,0.0027912396026921037
571.59,0.00716243607933169
571.79,0.0106125681751504
571.99,0.006653847189077277
572.19,0.01042243794838863
572.38,0.012494241984860285
572.58,0.013017751479289944
572.78,0.01444828256752589
572.98,0.01031550839226325
573.18,0.016013130481549624
573.38,0.014471905696494413
573.57,0.019122599638691264
573.77,0.02770730034495973
573.97,0.029102040745695022
574.17,0.032946503861356544
574.37,0.04116050334567418
574.57,0.045201867858862335
574.76,0.05398637538012771
574.96,0.06556731585286633
575.16,0.07980924273332114
575.36,0.09143017558010771
575.56,0.11023262296845295
575.75,0.11861600534012855
575.95,0.14186154629917985
576.15,0.16997650360460312
576.35,0.18973344403031214
576.55,0.21046655052229024
576.74,0.22848145711166717
576.94,0.2541596904879782
577.14,0.2727166026791368
577.34,0.2967573718384893
577.54,0.30794369694208573
577.74,0.3297576462308697
577.93,0.33815386386280477
578.13,0.34128184835738457
578.33,0.360204507955841
578.53,0.3691806553257252
578.72,0.3712599718794251
578.92,0.37827271626569375
579.12,0.3864021760042733
579.32,0.39214684925159826
579.52,0.40594650534717164
579.71,0.41003405684307126
579.91,0.3994550038729906
580.11,0.41509902167726065
580.31,0.412942193187743
580.51,0.4123505996349827
580.7,0.4168283287696663
580.9,0.4150758739606394
581.1,0.41267533267043993
581.3,0.40712729633227074
581.49,0.41386110401179227
581.69,0.4113436997989079
581.89,0.40812635903895694
582.09,0.4183479980994111
582.29,0.4254409691694284
582.48,0.4291239248840285
582.68,0.41952373855963315
582.88,0.42394695774556806
583.08,0.4158216383095171
583.27,0.4076361146635661
583.47,0.396463609961683
583.67,0.3898986702042589
583.87,0.3854810726804878
584.06,0.38517063674191937
584.26,0.364776027132615
584.46,0.3397667401229305
584.66,0.3270084224955286
584.85,0.3031680814860979
585.05,0.2706490393113816
585.25,0.2606290705742155
585.45,0.2359359344685473
585.64,0.2125377425523477
585.84,0.1870654248387478
586.04,0.16631823931661968
586.24,0.15092255360493098
586.43,0.13140349258667042
586.63,0.11112951392009793
586.83,0.10232512224318992
587.03,0.08903450451154056
587.22,0.0745076899639567
587.42,0.06401058909416282
587.62,0.0545514205428831
587.82,0.04522826571871659
588.01,0.04057244521900887
588.21,0.038930384945327585
588.41,0.031143788862547064
588.6,0.03156439686212901
588.8,0.02198627282546757
589.0,0.02110543128205799
589.2,0.01763758255321529
589.39,0.0164014320045504
589.59,0.011646612099786615
589.79,0.01331697025225483
589.98,0.011450755227873295
590.18,0.012305737056685919
590.38,0.007949570377954306
590.58,0.01100410155680905
590.77,0.006327916072205112
590.97,0.0047846953949020575
591.17,0.008383585625338958
591.36,0.008403833064744369
591.56,0.005786799087413757
591.76,0.006669287075398964
591.96,0.004569890954619754
592.15,0.005528878550272067
592.35,0.005785270293556176
592.55,0.004872671518070844
592.74,0.006040889844004632
592.94,0.0047313202882291626
593.14,0.0026414899137803044
593.33,0.0034353721642185102
593.53,0.0054766431529831485
593.73,0.0028249482515234447
593.92,0.003542968640006894
594.12,-0.0010718988261286422
594.32,0.0035299650964180545
594.51,0.006503152324335058
594.71,0.004189941819437741
594.91,0.003569265272000044
595.11,0.006889441813118196
595.3,0.0024685311753113374
595.5,0.0035055195134030847
595.7,0.003964282176846541
595.89,0.0036080963049652773
596.09,0.003666805568411675
596.29,0.00417493854507636
596.48,0.004405898167898209
596.68,0.003497906527959247
596.88,0.003216958200356444
597.07,0.0017278212191250834
597.27,0.002190405119203361
597.47,0.004325043751678648
597.66,0.0005104004579845829
597.86,0.005786799087413757
598.06,0.0050862663419356195
598.25,0.0016316852651463397
598.45,0.004313086188609303
598.64,0.003306578249817171
598.84,0.001154371846245798
599.04,0.0055048254208196505
599.23,0.003899493663611786
599.43,0.003210366976134478
599.63,0.0028165923256088495
599.82,0.005663738518161318
600.02,0.002752141030012214
600.22,4.3796113379114506e-05
600.41,0.00314063461407997
600.61,0.004529821351913841
600.81,0.006186347686790138
601.0,0.0035573836416232883
601.2,0.004958478513641795
601.39,0.0013327127478960036
601.59,0.0009660271065015884
601.79,0.0005962353323291162
601.98,0.0006036886416267348
602.18,0.002511890943740159
602.38,0.0032445118724486704
602.57,0.005940147782843075
602.77,0.0009926768344146193
602.96,0.002492471611259784
603.16,0.0018063245050460662
603.36,0.0035989827952133398
603.55,0.003394101781543575
603.75,0.005524266385902099
603.95,0.005388818772914086
604.14,0.004946321485745236
604.34,0.002930971582406402
604.53,0.0022503368227943313
604.73,0.006110345990612443
604.93,0.003202612085574547
605.12,0.0009556240494232643
605.32,0.0010694312027764335
605.51,0.0061641767893508784
605.71,0.0018996221117215499
605.91,0.00654829918565643
606.1,0.003683062202209972
606.3,0.006627775732675659
606.49,0.0027972004880489143
606.69,0.0022261803124244326
606.89,0.004577277897955838
607.08,0.002621063148249521
607.28,0.004769756949357795
607.47,0.002813731381159795
607.67,0.0027430617957971705
607.87,0.0028837042200830967
608.06,0.0011992039463256201
608.26,0.004118967485214112
608.45,0.004537615556106186
608.65,0.0031191524029646795
608.84,0.004589348041750609
609.04,0.0048497902665541335
609.24,0.0030645251552968863
609.43,0.0011159460547750264
609.63,0.0036927411324085874
609.82,0.0027195592201597354
610.02,0.0005711849118282936
610.21,-0.0011844001805100162
610.41,0.0036572448755271066
610.61,0.006625275893154589
610.8,0.0018792417925240276
611.0,0.004343211273085452
611.19,0.0059986329356619475
611.39,0.0015286116637129908
611.58,0.0022967584152835123
611.78,0.0033947779142319474
611.98,0.0033495554753095987
612.17,0.003981554012405469
612.37,0.004490804192588937
612.56,0.0009028106222136107
612.76,0.003161577075824952
612.95,0.0048181293770985685
613.15,0.0021949490443865785
613.34,0.0005567375612171512
613.54,0.0037765981657396017
613.73,0.003424404244666397
613.93,0.002586807374004223
614.13,0.0019039421996429875
614.32,0.0014600146272002832
614.52,0.004156731726232992
614.71,0.001486726443864831
614.91,0.006330180218882426
615.1,0.0017212151639933071
615.3,0.004627392956205242
615.49,0.0018686355490638757
615.69,0.0029849210180999276
615.88,0.0010334578629689157
616.08,0.0009707824616230457
616.27,0.0007771915961767991
616.47,0.0032066109854684637
616.66,0.0006248163079162183
616.86,0.0035598948463685456
617.06,0.0021908782179547253
617.25,0.001868014196549066
617.45,0.0007737629417215185
617.64,0.0023395612265981096
617.84,0.0024367516758802064
618.03,0.002960259395694013
618.23,0.005608500996624885
618.42,0.0005250284475530467
618.62,0.0028877197965916095
618.81,0.003385828505980048
619.01,0.0029513500265036445
619.2,0.0029284877023413977
619.4,0.0008581934776706108
619.59,0.0009499606938496259
619.79,0.005741365485057109
619.98,0.003975178366769577
620.18,0.003272657356468919
620.37,0.003661547765827986
620.57,0.0028995223330260654
620.76,0.005220329254997333
620.96,0.0016994954072413289
621.15,0.0025423466841298595
621.35,0.004315610248945657
621.54,0.0025362100799904705
621.74,0.0018277502638344518
621.93,0.0006227331479025739
622.13,0.0026129186112736316
622.32,0.0033001394581852546
622.51,0.00228081602860861
622.71,0.00526143941890093
622.9,0.005990143351616202
623.1,0.0015379265874412378
623.29,0.002525908377302908
623.49,0.00231055044469852
623.68,0.004694015884724374
623.88,0.0007910173119531371
624.07,0.003982036361680609
624.27,0.0009500393689879656
624.46,0.004535688708522324
624.66,0.0007896323935818184
624.85,0.0015307891329771363
625.05,0.003158271642892467
625.24,0.004375711874356748
625.43,0.004364012769060498
625.63,0.002294340756318303
625.82,0.0010352594374483262
626.02,0.002383831508439791
626.21,0.0015551477814385953
626.41,0.0016330163135705106
626.6,0.0002089569217208472
626.8,0.0022956828717168114
626.99,0.003648606992947036
627.19,0.0021013309814411642
627.38,0.00433716855548251
627.57,0.0026968850961726705
627.77,0.002943121256411496
627.96,0.0036039990439802687
628.16,0.002609179098846032
628.35,0.003369153683209901
628.55,0.0014182859461460227
628.74,0.003268174580110617
628.93,0.0050904426508632805
629.13,0.0034752756884218155
629.32,0.003755135929084642
629.52,0.0026298967507068405
629.71,0.0007402669047256096
629.91,0.0032140768978002566
630.1,0.0010049719165655898
630.29,0.005522852464876133
630.49,0.00274247762117573
630.68,0.002826910231273015
630.88,0.004621194769087578
631.07,0.0031292235076688384
631.27,0.0021870335257630482
631.46,0.002407756019941785
631.65,0.004044679003892526
631.85,0.0033402491116873772
632.04,0.006561412086554747
632.24,0.0042664262685041116
632.43,0.0026664887118854415
632.62,0.002427530620162769
632.82,0.0029185427046626144
633.01,0.001977496363616223
633.21,0.002578529001606037
633.4,0.0027523111832421436
633.59,0.003920770187304547
633.79,0.0033504306063010685
633.98,0.0031314335144363215
634.18,-0.001105759569201402
634.37,0.0038526462435503677
634.56,0.003327087126756689
634.76,0.0017112336657483006
634.95,0.0019707327106612983
635.14,0.005666835060575243
635.34,0.00021940154794658704
635.53,0.0006765897660667302
635.73,0.0021142443690625005
635.92,0.004892124819448841
636.11,0.002807806916338654
636.31,0.007768175588753001
636.5,0.0022547946627504197
636.7,0.0011112724438089468
636.89,0.0035281630883982856
637.08,0.0014620980068657016
637.28,-0.0001347121518285159
637.47,0.0024489675502981155
637.66,0.004080892120917861
637.86,0.005420039588585728
638.05,0.004299201449253633
638.24,0.004812595442288107
638.44,0.0021653130409900827
638.63,0.0030593575381094845
638.83,0.0014855707573231472
639.02,0.0005868274684837151
639.21,0.0006703371146973626
639.41,-0.00022721447656797835
639.6,0.004275734840289303
639.79,0.004086026023728757
639.99,0.00031742784108608707
640.18,0.0031163325679354355
640.37,0.0025907727900446277
640.57,0.0026832339633949677
640.76,0.004130941803098422
640.95,0.0028645433445123355
641.15,0.005803464167192704
641.34,0.004057789113781881
641.53,0.0024065905064762794
641.73,0.005727904263820671
641.92,0.0004994967266708628
642.11,0.0032567889401944466
642.31,0.006112924025645801
642.5,0.004358968684590288
642.69,0.002522500859605672
642.89,0.002945376913295899
643.08,0.00256602197863475
643.27,0.003322672859114283
643.47,0.0048672084247093385
643.66,0.004122328239856177
643.85,0.0029766827054574898
644.05,0.0010345179953902511
644.24,-0.0010407408646169827
644.43,0.003591077319923332
644.63,0.004426809480961109
644.82,0.004142231129353548
645.01,0.0014094896900138626
645.2,0.004588513574720567
645.4,0.000770218228498078
645.59,0.004404684426833701
645.78,0.00142166450106055
645.98,0.002723402614506402
646.17,0.001528301275942993
646.36,0.002820764100407351
646.56,0.0018218737262787063
646.75,0.00032217107918631636
646.94,0.0030314437994095654
647.13,0.004806589283344898
647.33,0.004332790798210811
647.52,0.0025014216872138607
647.71,0.005693300085445225
647.91,0.0034949702556793722
648.1,0.0020035721250720455
648.29,0.004002332845060873
648.49,0.00403839836819968
648.68,0.006179649593569075
648.87,0.0008810873414218504
649.06,0.004553652502413693
649.26,0.0020828922427518085
649.45,0.0032220699857943838
649.64,0.002453658398336891
649.83,0.0035469094695366583
650.03,0.0006108689857503556
650.22,0.005271190640996065
650.41,0.002323628152549966
650.61,0.0035133209061312324
650.8,0.0012673464877920222
650.99,0.005848559783313339
651.18,0.0043416964509261306
651.38,0.0021188330578658194
651.57,0.0034048752278956
651.76,0.0044769511816579715
651.95,0.002305024193775185
652.15,0.004362482850096935
652.34,0.0005111156737771485
652.53,0.006307212388324145
652.72,0.007009405123166523
652.92,0.004887836634419268
653.11,0.004837306726625069
653.3,0.004713645450950846
653.49,0.0033292335470331506
653.69,0.0009929592334122802
653.88,0.0010795966391334013
654.07,0.003475279720771098
654.26,0.0026000944436557153
654.46,0.0007023495401250605
654.65,0.0011971449456968598
654.84,0.0022327027131529664
655.03,0.0008958381462376707
655.23,0.00404585276961187
655.42,0.002515206936352178
655.61,0.0025137738341387537
655.8,0.004635523972453123
655.99,0.004952741452635715
656.19,0.002861827224824894
656.38,0.0029854678114429206
656.57,-4.9995595626095895e-05
656.76,0.00381751005782081
656.96,0.0015619238508398576
657.15,0.0036690027756803643
657.34,0.0008943155429188282
657.53,0.00651147452828156
657.72,0.005188490958772693
657.92,0.0014849801559557202
658.11,0.002604531687332062
658.3,0.006119443701834949
658.49,0.00033181021555973666
658.68,0.005343367250560328
658.88,0.000810684372518251
659.07,0.0031942849590544543
659.26,0.0036965005424644828
659.45,0.0013750071347934263
659.64,0.005470078564118932
659.84,0.00391955215868003
660.03,-0.0007164483604354792
660.22,0.00210451199050026
660.41,0.0033625635064137172
660.6,0.005233312808467092
660.8,0.006418327400342958
660.99,0.0025602105224339397
661.18,0.0053764359330422664
661.37,0.0039555624151607315
661.56,0.0006252104742042506
661.76,0.0015143411735668811
661.95,0.0008141906340073118
662.14,0.004012514004122845
662.33,0.003820854070395227
662.52,-0.00014847581713228883
662.71,0.0024894244284286286
662.91,0.0018673005760586094
663.1,0.002165593922886556
663.29,0.0005282392684250833
663.48,0.003742165333378124
663.67,0.002564923873101275
663.86,0.003363876050136254
664.06,0.00676482961127012
664.25,0.004583199853269494
664.44,0.003090118508110991
664.63,0.003125096285300142
664.82,0.003357323558335559
665.01,0.004813559867797733
665.21,0.0017306000518075492
665.4,0.004254597059557674
665.59,0.004795109166576225
665.78,0.0026001962425591992
665.97,0.002202311598711826
666.16,0.006558923653617563
666.35,0.003333298704760012
666.55,0.0045922580337855725
666.74,0.0063614538797297695
666.93,0.003007284437418418
667.12,0.0047625998599671975
667.31,0.0017181759812652704
667.5,0.003113967509242426
667.69,0.005181590098463359
667.89,0.001650345224541023
668.08,0.0035515719874936874
668.27,0.002105956904973682
668.46,-0.000454401249657571
668.65,0.0034698598695118376
668.84,0.0021401728990074354
669.03,0.001942369087445367
669.22,0.0019311954967075528
669.42,0.003809231411431545
669.61,0.0012377806204326308
669.8,0.0017556422191288771
669.99,0.001053287062515902
670.18,0.005443055673872438
670.37,0.006056527348403983
670.56,0.000648453497882167
670.75,0.00406931176150817
670.94,0.0035275545257762646
671.14,0.006560218288166086
671.33,0.0014398551769826502
671.52,0.0019358034227922743
671.71,0.005409541555374483
671.9,0.004214890518870269
672.09,0.005661368855703309
672.28,0.002026558564551289
672.47,-0.0021482651099132793
672.66,0.0025308058870812424
672.85,0.0005508420712965689
673.05,0.0020773537776191176
673.24,0.003853491652569629
673.43,0.002242531565776682
673.62,0.0031640591236760554
673.81,0.0008539133707604873
674.0,0.0026826754720929245
674.19,0.0058060706271406675
674.38,0.002571949011410508
674.57,0.006598942994428554
674.76,-0.0023890791215815145
674.95,0.0015431916044061909
675.15,0.0022697124728094154
675.34,0.004635440788578653
675.53,0.002763295532955659
675.72,0.0011522531444876343
675.91,0.004424339762934471
676.1,0.003480721278964396
676.29,0.0031864845561666655
676.48,0.0037324188128044205
676.67,0.0035115697116027684
676.86,0.003464628646979906
677.05,0.004414671801101597
677.24,0.0034380691242179404
677.43,0.003315598962015882
677.62,0.00045034355452581174
677.81,0.0011621758234629817
678.0,0.0026573607882745395
678.2,0.005805931228986834
678.39,0.002753325207112286
678.58,0.0027297036941693288
678.77,0.002286107005324251
678.96,0.0025634073153222724
679.15,0.003389672445806227
679.34,0.0013803230435072704
679.53,0.004261557381321231
679.72,0.002207957896029564
679.91,0.004191532664411765
680.1,0.004764582983737577
680.29,0.00015268822743901185
680.48,0.003975749230778957
680.67,0.004653467424071473
680.86,0.003712661460860335
681.05,0.007634559983931076
681.24,0.003471956784409349
681.43,0.004354755656227629
681.62,0.0006594896305428421
681.81,0.0031337803468208135
682.0,0.0031056731787670396
682.19,0.004561866369011932
682.38,0.004082467859820268
682.57,0.002627125844188179
682.76,0.00476751579546365
682.95,0.00198494114299314
683.14,0.003674833335631428
683.33,-0.00026165704465997764
683.52,0.0048139391466520635
683.71,0.00170518889091223
683.9,0.0027711387350518022
684.09,0.0031006168657305927
684.28,0.001085948070716823
684.47,0.002741861507491035
684.66,0.004333247763372879
684.85,0.0025255478300447052
685.04,0.00458585769411814
685.23,0.003338438193774392
685.42,0.0047294564585833076
685.61,0.0010773449276520915
685.8,0.008120397030276075
685.99,0.0028611472537369725
686.18,0.0036104969128988255
686.37,4.8940585755304886e-05
686.56,0.0019203907350029117
686.75,0.0034044978886990833
686.94,0.003946790110107883
687.13,0.002723525016348926
687.32,0.002544719622619917
687.51,0.0016024930484738354
687.7,0.0026314684381727594
687.89,0.0027506938409352175
688.08,0.001085948070716823
688.27,0.0019175996059491562
688.46,0.0030842249778931918
688.65,0.0035312891956971824
688.84,0.004612590138255571
689.03,0.002914572902677236
689.22,0.0017592815645810827
689.41,-0.0011136293855101822
689.6,0.0038942218873014764
689.79,0.0022543217905561744
689.98,0.0027378192946471247
690.17,0.0008961913579753651
690.36,0.0021702926558227077
690.55,-0.00026553101481572
690.74,0.005974860599906607
690.93,0.002598767886823147
691.12,0.0024242184350034366
691.31,0.003396404033243903
691.49,0.0024096608615453733
691.68,0.005030611750902194
691.87,0.0031693082557281236
692.06,0.0015114383535653718
692.25,0.0023767826345343856
692.44,0.004987797904421898
692.63,0.001981153004041402
692.82,0.005432048898689958
693.01,0.002976146831766677
693.2,0.0010008191284549303
693.39,0.0058130719069662854
693.58,0.0020389844177593963
693.77,0.006590854321512405
693.96,0.005061183289849679
694.15,0.004470903908699201
694.33,0.0018526352086131368
694.52,0.0015534611910795922
694.71,0.0052772281064869695
694.9,0.0026314639224865074
695.09,0.004959855462002919
695.28,0.0029407812073414447
695.47,0.002455284656860333
695.66,0.003198584481937687
695.85,0.0008904450145477205
696.04,0.0028930868596578267
696.23,0.0033136423667488963
696.42,0.001947317385429671
696.6,0.005321458817764597
696.79,0.0036607368307255924
696.98,0.001325108766318774
697.17,0.0022899044332227616
697.36,0.001528681879514945
697.55,0.00302516177831355
697.74,0.0018416988373067481
697.93,0.006326408709803699
698.12,0.0032577448836945506
698.31,0.006298422391463133
698.49,0.0016362191430411652
698.68,0.0010214346093701248
698.87,0.005009906304843901
699.06,0.00047675393091862805
699.25,0.0016475449052709603
699.44,0.0031955885043062284
699.63,0.004248570613272442
699.82,0.0035201175478269254
700.0,0.004299008520836268
700.19,0.0021080802994385374
700.38,-0.0008070751142842227
700.57,0.0020146459068554894
700.76,0.004054681567177051
700.95,0.005390507016517226
701.14,0.0038545323491852206
701.33,0.003321305640495232
701.51,0.0031043245221242487
701.7,0.001962003237782952
701.89,0.0031111088400693565
702.08,0.005635721518781943
702.27,0.00428733464379724
702.46,0.004713619806486117
702.65,0.002013767344968351
702.83,0.003878556080554086
703.02,0.0032986541755759447
703.21,0.003581067115949697
703.4,0.0038930291446192663
703.59,0.0019183396349822723
703.78,0.005207216293659953
703.97,0.003391543282314053
704.15,0.0026940387018083724
704.34,0.00482833309444873
704.53,0.0056802280506961095
704.72,0.003765918107098581
704.91,0.0031804148863447163
705.1,0.00416559394670455
705.28,0.004870638320336958
705.47,0.003439676704200782
705.66,0.00016366068538214407
705.85,0.002036188239753933
706.04,0.002186924912076573
706.23,0.003194537441875769
706.41,0.0004969421863937033
706.6,0.0016175341831251382
706.79,0.002730105604481824
706.98,-0.000172111672532633
707.17,0.0020823271455573077
707.35,0.004129688259246185
707.54,0.0020875044463641488
707.73,0.003326146237573643
707.92,0.004410453091356634
708.11,0.006184660913702685
708.3,0.0022589007476878165
708.48,0.0020418152632351223
708.67,-0.0002809917289305123
708.86,0.002254671281921867
709.05,0.005050410213486809
709.24,0.0030528766876867616
709.42,0.0033791317175251765
709.61,0.0026083567352567926
709.8,0.0013768989947088518
709.99,0.005310294293395273
710.18,0.0007157267729952631
710.36,0.005343848387783749
710.55,0.00203215594927011
710.74,0.009288542849583251
710.93,0.0004972184965280752
711.12,0.0018501854832160057
711.3,0.0008394188166417553
711.49,0.003698961037364551
711.68,0.0027797243157436716
711.87,0.004341232456599141
712.05,0.005885412190674933
712.24,0.004009646572892744
712.43,-0.0009519286089677172
712.62,0.0062156313394220045
712.81,0.003799458806802526
712.99,0.004659964843113713
713.18,0.001079898990686132
713.37,0.003588725274445811
713.56,0.0029781525256020393
713.74,0.0032585198045135175
713.93,0.003829935363096501
714.12,0.0018423215746357546
714.31,0.0055953609725911575
714.49,0.001658883562702958
714.68,0.001299197056294062
714.87,0.0003973255257152007
715.06,0.0035169385068387193
715.24,0.0038904503105905304
715.43,0.0012712649863963928
715.62,0.003315295396340271
715.81,0.0022060031160354423
715.99,0.004373980886991797
716.18,0.0015321316021269058
716.37,0.00735431720718502
716.56,0.0012074093706746813
716.74,0.0030675370874362748
716.93,0.005042204734790883
717.12,0.0030664710414542427
717.31,-0.0012225035887810294
717.49,0.0030843357738941767
717.68,0.0012031088232802222
717.87,0.009459367463852283
718.06,0.0016796786440321351
718.24,0.0013439472434331429
718.43,0.004494054359778996
718.62,0.004645601919374912
718.8,0.0031418092022263812
718.99,0.0030631124007819395
719.18,0.002900990635211626
719.37,0.006354393688384232
719.55,0.0014875965682730496
719.74,0.004665369337133207
719.93,0.0018434645303451625
720.11,0.0014994008019004856
720.3,0.0021871157373944874
720.49,0.0029617317096849935
720.68,0.005293266124595346
720.86,0.004267742986744943
721.05,0.0032249006074400364
721.24,0.006547438119726935
721.42,0.001011190942477195
721.61,0.004309743884695891
721.8,0.0018921638197688714
721.98,0.0021181165029491014
722.17,0.0007901881385688726
722.36,0.006018051967998829
722.55,0.0032470086236841625
722.73,0.005847323878387818
722.92,0.003105685738702909
723.11,0.006665208299313325
723.29,0.004309220315607458
723.48,0.005602674573467726
723.67,0.0031251227474599873
723.85,0.006786447183084394
724.04,0.0015139625601032704
724.23,0.003999672121704883
724.41,0.0039252143822777075
724.6,0.005106368277711321
724.79,0.0047154941127970935
724.97,0.006633552203028844
725.16,0.0028345274549505667
725.35,0.0037058473292394508
725.53,0.0037530655325822672
725.72,0.004235589470915963
725.91,-0.0015313599029918848
726.09,0.003365139935094268
726.28,0.002023623226899035
726.47,0.0027685951695171824
726.65,0.004958207130634286
726.84,0.008185467096904764
727.03,0.002563237561361642
727.21,0.004396575415054984
727.4,0.004569956037698523
727.59,0.004428659774646298
727.77,0.006256780292082198
727.96,0.0032574068491859186
728.15,0.0019063862832382108
728.33,0.004008064970879705
728.52,0.0031561010897262517
728.7,0.004463784526750353
728.89,0.005897839355548898
729.08,5.8029024257465885e-05
729.26,0.002783685738946696
729.45,0.003408141070353551
729.64,0.004388117683967422
729.82,0.0008109839412557363
730.01,0.000552038879880697
730.2,0.004296297956759064
730.38,0.003166695362653929
730.57,0.005006044539602752
730.75,0.004358772011616726
730.94,0.0060872473160437784
731.13,0.005649671041357352
731.31,0.003367638182308258
731.5,0.003986994078067436
731.68,0.0040288470792585575
731.87,0.0035172299131722776
732.06,0.002927144385602492
732.24,-6.611802201864577e-05
732.43,0.0025872097913002337
732.62,0.00488928813884756
732.8,0.004863328863345238
732.99,0.004481818433858755
733.17,0.004812349772872064
733.36,0.0054495900230085645
733.55,0.0053750732551292625
733.73,0.005892748344077586
733.92,0.0014653209668637173
734.1,0.005770847019369617
734.29,0.001950612009620182
734.48,0.001099805864417059
734.66,0.006380525779820137
734.85,-0.0009552502020721531
735.03,0.001971994107401012
735.22,-0.0007130711934547715
735.4,0.004037634128230539
735.59,0.003751681113058264
735.78,0.005371024670685273
735.96,0.00018546843476885188
736.15,0.004270666145894773
736.33,0.006943889727387519
736.52,0.003402264755283363
736.7,0.0023676589316993847
736.89,0.0032932080664762075
737.08,0.002919299386839652
737.26,0.004540782940340571
737.45,0.004621014380793649
737.63,0.001365490293573382
737.82,0.004578425914791418
738.0,0.0036077650327873472
738.19,0.0030691482631443087
738.38,0.00374746046227991
738.56,0.005696712605618199
738.75,0.003926631939002776
738.93,0.009432094025997135
739.12,0.005375770007129463
739.3,0.0028197917350671316
739.49,0.004180293991872585
739.67,0.0023160720714706417
739.86,0.0007222287380560465
740.04,0.0041227931699892376
740.23,0.0008388420715435817
740.42,0.0046966379578460005
740.6,0.002291767425949305
740.79,0.0012482713598762115
740.97,0.0033328516756275448
741.16,0.0035003403306844193
741.34,0.005283632296172321
741.53,0.004742477370914061
741.71,0.0022862500954892676
741.9,0.0075723760742182275
742.08,0.005721375134920542
742.27,0.0031626105277851747
742.45,0.0011271712405249463
742.64,0.005178191269167665
742.82,0.006999581756768331
743.01,0.004096987014519619
743.19,0.00580012153384158
743.38,0.0035379296940772583
743.57,0.0015862917334253958
743.75,0.008160748934926756
743.94,0.004972505237997993
744.12,0.005369890150438166
744.31,0.008685641010509096
744.49,0.002000591773355783
744.68,0.002116599484358773
744.86,0.003455847292643067
745.05,0.0064617721325610795
745.23,0.0014398438578120858
745.42,-0.00021117246430315276
745.6,0.0055301411085581925
745.79,0.004838425469415128
745.97,0.005381604456731621
746.16,0.00859560517054146
746.34,0.007221998602832661
746.52,0.004829649670407394
746.71,0.003874968973321713
746.89,0.003952431007233229
747.08,0.006069109201256536
747.26,0.005203995941512626
747.45,0.004426000189258461
747.63,0.005715067523455874
747.82,0.0013109918676679983
748.0,0.007140379898750227
748.19,0.0021825895224538835
748.37,0.0050338987982657835
748.56,0.0033182043556199757
748.74,0.002595559293745036
748.93,0.006003921800471079
749.11,0.007834397072503106
749.3,0.00162448060174552
749.48,-0.0016419318134662942
749.67,0.004483417913071201
749.85,0.008560125132222951
750.03,0.007346240551514818
750.22,0.003651541552851441
750.4,0.0037689658263018455
750.59,0.002490739852811998
750.77,0.008123636164178284
750.96,0.007393457230343795
751.14,0.004410065841226182
751.33,0.01064411195983176
751.51,0.0019328902567363475
751.69,0.0025333569091480997
751.88,0.007157842581590719
752.06,0.006047597091236419
752.25,-0.00036785039843482487
752.43,0.005076411030903976
752.62,0.0038896972970858777
752.8,0.005639725180067809
752.99,0.00021295927479296917
753.17,0.004027760270999657
753.35,0.003882281255687714
753.54,0.0010942884675061713
753.72,0.006412184902262603
753.91,0.006931377803817172
754.09,0.0027460495123155164
754.28,0.005114826056951083
754.46,0.0006630447248471134
754.64,0.0062887989922581836
754.83,0.0028640590484001168
755.01,0.004415514283727922
755.2,0.010219928521535098
755.38,0.008712131972050436
755.56,0.0052229070633978665
755.75,0.0069845080055037055
755.93,0.001709196484704332
756.12,0.0030615884431088496
756.3,0.003390106446194887
756.48,0.0036112511643171916
756.67,0.005160771245300623
756.85,0.004030043235753976
757.04,0.0050618326935097085
757.22,0.006541611285235201
757.4,0.0003809223866478724
757.59,0.006305430314374829
757.77,0.004910878418011238
757.96,0.005149837867275318
758.14,0.0007007668971924848
758.32,0.006413269554798165
758.51,0.005871878397947301
758.69,0.005444988826757037
758.87,0.005790217051152575
759.06,0.005780391725999339
759.24,0.0039573272588369285
759.43,0.009482006410831299
759.61,0.003211438612766871
759.79,0.004839886551156263
759.98,0.005845314910238482
760.16,0.0008538817937917634
760.34,0.006323163031498923
760.53,0.006477377496436578
760.71,7.35197967486352e-05
760.9,0.0008646776616978557
761.08,0.004266730730014896
761.26,0.0069655295588498005
761.45,0.0060915839314325225
761.63,0.005236038122634152
761.81,0.007848759643133446
762.0,0.008139349607652144
762.18,0.003687271876541667
762.36,0.006471312982198142
762.55,0.004250227482058837
762.73,0.0075062236202892586
762.91,0.0006869851411138284
763.1,0.0018055048364769787
763.28,0.005245586848318084
763.46,0.0032778135023511464
763.65,0.006896401225323727
763.83,0.009513667371687108
764.01,0.0003717538502497628
764.2,0.0052680331045553185
764.38,0.005982780627196932
764.56,0.005116772952204782
764.75,0.007819437605981009
764.93,0.0021713985307031925
765.11,0.0017069075427757297
765.3,0.00366969012884103
765.48,0.01010733486332709
765.66,0.0038179319328678113
765.85,0.0030583866486456044
766.03,0.005381243508301154
766.21,0.0027121798795866135
766.4,0.005686407014883558
766.58,0.0005078992812041007
766.76,0.006092910946470223
766.95,0.00338667058361288
767.13,0.005414799026521786
767.31,0.0026625296780024292
767.49,0.0022528267711874983
767.68,0.008204016728299209
767.86,0.004717959867811415
768.04,0.004791548336964548
768.23,0.004978174059988484
768.41,0.008401704428515898
768.59,0.005130670418059318
768.78,0.0003482326559101524
768.96,0.006737835060125878
769.14,0.0025977494939826867
769.32,0.006689412460038154
769.51,0.0013494709489604824
769.69,0.001626323076805395
769.87,0.004084448833716126
770.06,0.002934240855506463
770.24,0.0038067390796135392
770.42,0.004366472240785322
770.6,0.006738224359118611
770.79,0.0004808140256191718
770.97,0.0026921950217519267
771.15,0.004262024710787592
771.33,0.0017183978604038462
771.52,0.0024170011171849976
771.7,0.004088982405846856
771.88,0.005898825262494069
772.07,0.0082087813641593
772.25,0.003787320880848421
772.43,0.005651207419262344
772.61,0.005335051233119816
772.8,0.006399057379135791
772.98,0.007481480654931568
773.16,0.004368244935289298
773.34,0.005855127148555506
773.53,0.0033129788613150968
773.71,0.0013970066337419145
773.89,0.0034600723482999473
774.07,0.003850860057848048
774.26,0.0020583093532237887
774.44,0.0039865686848935405
774.62,-0.0007310807294825257
774.8,0.00341507290970868
774.99,-7.133612563310282e-05
775.17,0.0014294265451040354
775.35,0.0011324451052645045
775.53,0.0020798928378858747
775.71,0.004541979540948678
775.9,0.006801641064058259
776.08,0.002707306874256994
776.26,0.003439049751845441
776.44,0.0019150768387094061
776.63,0.0006036099077491813
776.81,0.0016645006234075794
776.99,0.0016714160852224597
777.17,0.006706624553375286
777.35,0.0009909478795766982
777.54,0.004470297384071334
777.72,0.0007390078054966492
777.9,0.0011402188348658153
778.08,0.0037156055921396774
778.27,0.005435683223977113
778.45,0.0016936608623650243
778.63,0.0034013915875482506
778.81,0.00467820555692517
778.99,0.004969189457025755
779.18,0.002636065644024493
779.36,0.0002004262365294266
779.54,0.001847784952369586
779.72,0.008727600436652069
779.9,0.0032986182202021084
780.08,0.007668254197334878
780.27,0.0021730859690190043
780.45,0.006691298270058309
780.63,0.00492760503204368
780.81,0.004389003461939986
780.99,0.0067872881522407676
781.18,0.004257855872257292
781.36,-0.0020191557339473564
781.54,0.002035771485536312
781.72,0.0031264435465991284
781.9,0.007644578346705335
782.08,0.004028488001315181
782.27,0.002639322565308462
782.45,0.0043941667708450646
782.63,0.003123327209470139
782.81,0.004473515636180824
782.99,0.00294360597162532
783.17,0.006919528043829451
783.36,0.0012373122949962728
783.54,0.009656642828587933
783.72,0.007315230601031364
783.9,0.0024263523377287513
784.08,0.005965600346638736
784.26,0.009761753945849858
784.45,0.001600255073292348
784.63,0.009278326048910046
784.81,0.00602478766645309
784.99,0.0006848805591446491
785.17,0.0032164844971777403
785.35,0.00899045471094313
785.53,0.006584204712053277
785.72,0.003511967505727262
785.9,-0.0002363428584139387
786.08,0.007951390600800076
786.26,0.0013086059595749176
786.44,0.006406237811436487
786.62,0.0049706019206328615
786.8,0.0010451834125499925
786.99,0.004770467366139994
787.17,0.0058061593736059465
787.35,0.001346247399684567
787.53,0.005069077699013017
787.71,0.008021313960399106
787.89,0.006800265428002661
788.07,0.005719807727221848
788.25,0.009024889405455204
788.43,-0.0024052390023885585
788.62,0.00821809973356044
788.8,0.008426203732874803
788.98,0.006693362380935673
789.16,0.004180084239234711
789.34,0.006936941224302273
789.52,0.006148765061866687
789.7,0.003875395780362173
789.88,0.0028392467256885545
790.06,0.008202294451109766
790.25,0.01404232850425851
790.43,0.00781886902078032
790.61,0.004119407720846705
790.79,0.008572648784120902
790.97,0.00545478464230916
791.15,0.0017950243724968542
791.33,0.0035189212351531087
791.51,0.00758200771062266
791.69,0.0019934451971347967
791.87,0.003947084269190549
792.05,0.007468677596006659
792.24,0.008533241670115418
792.42,0.005889022378039232
792.6,-0.0007860452310030156
792.78,0.006605101398651072
792.96,0.004175640847011229
793.14,0.005835827906734634
793.32,0.009677234427752384
793.5,0.004971972349206876
793.68,0.004121032677104939
793.86,0.005300752467812844
794.04,0.004994538505273142
794.22,0.002899112285360281
794.4,0.0023698286952400366
794.58,0.003240297564697107
794.76,0.0077982684424047774
794.95,0.005160005517105869
795.13,0.004839489524789638
795.31,0.003441683086667729
795.49,0.00964928281129405
795.67,-9.363075216066597e-05
795.85,-0.0011665881442507059
796.03,0.001340737838307153
796.21,0.002435818301613501
796.39,0.0018657063182134922
796.57,0.0009900029875829874
796.75,-9.634321779792769e-05
796.93,0.005752927259564273
797.11,0.007394068840877358
797.29,0.010474075133688641
797.47,0.004033989607326926
797.65,0.006753340868869031
797.83,0.003422833599627795
798.01,0.009217694873342928
798.19,0.006759599210902302
798.37,0.007041515673236367
798.55,0.0013865199817088914
798.73,-0.0006680163183925042
798.91,0.0025286336533118423
799.09,0.0021740330870247317
799.27,0.009705262611618512
799.45,0.002796116990702554
799.63,0.010443185121571082
799.81,0.010146285410619559
799.99,0.007015150219303422
800.17,0.006233616241032276
800.35,0.002931004521556622
800.53,-9.746194508847428e-05
800.71,0.007462224739930628
800.89,0.005694403804331591
801.07,0.003663122647951115
801.25,0.005236133365420684
801.43,0.008713916681057124
801.61,0.010399984888013894
801.79,-0.0008894829765392606
801.97,0.014744875907894606
802.15,0.01120251851637443
802.33,0.012359596140748672
802.51,0.0028338988686241757
802.69,0.005859706063469071
802.87,0.003988570443368405
803.05,0.007112906427993669
803.23,0.010307703944359009
803.41,0.00436631391375781
803.59,0.002077429382744427
803.77,0.009624227060873226
803.95,0.004295557994350799
804.13,0.002139398219838425
804.31,0.003736488428528297
804.49,0.010173241580538821
804.67,0.0062911352446668525
804.85,0.0022574609828768582
805.03,0.006852483891335617
805.21,0.010189061518519468
805.39,0.011407241952840774
805.57,0.007852117355198375
805.75,0.0021735932685063514
805.93,-0.0011386694976593113
806.11,0.0013344182744836905
806.29,0.0011198966838246798
806.47,0.0033846338068666973
806.65,0.0025839215537216526
806.83,0.00696668196516585
807.0,0.010051117109873076
807.18,0.005724162124699468
807.36,0.004284052799765142
807.54,0.00975574761467856
807.72,0.00031366209313080855
807.9,0.006870077376843578
808.08,0.0028653207437745348
808.26,0.005004022390411918
808.44,0.005004022390411918
808.62,-0.0009587815326035138
808.8,0.010259608056323925
808.98,0.007063717694214288
809.16,0.012508483116611936
809.34,0.0007384840491271815
809.51,0.00787960251766047
809.69,0.0049838340463462276
809.87,0.0007501338969572633
810.05,0.006393623388815498
810.23,0.01108655509261711
810.41,0.009044917489547024
810.59,0.0022697059362439607
810.77,0.007766052874683905
810.95,0.008919334367619915
811.13,0.002548327525213588
811.31,0.00317666873812106
811.48,0.008531204906061032
811.66,0.004036127863901934
811.84,-0.003386517158902719
812.02,0.013041507375211116
812.2,0.011604454280850673
812.38,0.0036664059053236235
812.56,0.0023655915726105052
812.74,0.005901547843116192
812.92,0.007580441889660384
813.1,0.012480238572794684
813.27,0.003575118637248905
813.45,0.008420054328824764
813.63,0.008812616337659585
813.81,0.008960400809326533
813.99,0.010704026500316101
814.17,0.007578816925436775
814.35,0.008506464795786964
814.53,0.0054338185879067025
814.7,0.017082313399869604
814.88,0.00843953855975975
815.06,0.00789141815696163
815.24,0.0123158261785816
815.42,0.004525590529785886
815.6,0.0033619049290389957
815.78,0.0026301269537290736
815.95,0.00845821774592867
816.13,0.0043848900191022465
816.31,0.015396041404617046
816.49,0.006006696350938338
816.67,0.00773405873155269
816.85,0.006821952638496853
817.03,0.003271722446112688
817.2,0.011291835248811085
817.38,0.004551276085636678
817.56,0.0006038461572267824
817.74,0.009400487120146057
817.92,0.00863578126190475
818.1,0.004573815684580417
818.27,0.011390894017299116
818.45,0.010527067673757603
818.63,0.00935477014555656
818.81,0.0098219889986041
818.99,0.009141868930178636
819.17,0.01015214227256035
819.34,0.01645637717390814
819.52,0.009730998621555605
819.7,0.008708216146957404
819.88,0.009893662782899099
820.06,0.0036902535294986473
820.24,0.00876802119769542
820.41,0.000879130890290852
820.59,-0.0001333453071976432
820.77,0.007012488786170064
820.95,0.008642715740962046
821.13,0.002701922532511721
821.3,0.009893662782899099
821.48,0.005838999883163931
821.66,0.009375311963719522
821.84,0.005400706618546517
822.02,0.010524385874816786
822.19,0.0024476788883280305
822.37,0.013426792592696864
822.55,0.012555778872933665
822.73,0.008233213851824746
822.91,0.004407050125262639
823.08,0.0041394895367448375
823.26,0.008809442434719723
823.44,0.011322190087251608
823.62,0.0115877799501203
823.8,0.001972615125408756
823.97,-0.004448635445216908
824.15,0.00286140329665902
824.33,0.002775693279694732
824.51,-0.00471017399516126
824.69,0.008326673763654585
824.86,0.008181355472217109
825.04,0.008765413757242619
825.22,0.013901856333559066
825.4,0.009225609127990777
825.57,0.01850359714987311
825.75,0.008151419608576661
825.93,0.001220488097049925
826.11,0.007017888132028677
826.28,0.006586617809608902
826.46,-0.003515891161818804
826.64,0.00573830081360657
826.82,0.005988396415991407
826.99,0.007364427583128777
827.17,0.012642601959420241
827.35,0.008068996804004436
827.53,0.003055087071555797
827.7,0.002977764456887894
827.88,0.011097746892108861
828.06,0.014751321794549665
828.24,0.011661593028956542
828.41,0.0032547359009923536
828.59,0.010622687090126122
828.77,0.017815980525215977
828.95,0.00786358932644142
829.12,0.005027008396977389
829.3,0.017005980885435028
829.48,0.0019239715735606424
829.66,0.0033933798765869673
829.83,-0.0007538526373582656
830.01,0.014699642262032651
830.19,0.018578961388239005
830.36,0.010492981800885546
830.54,0.011181963320651044
830.72,0.009463688274826644
830.9,0.006763406366284967
831.07,0.008022033544011953
831.25,0.01415307760145925
831.43,0.020368257747356018
831.6,0.01924873731076288
831.78,0.009535752599508535
831.96,0.014658528593405508
832.14,0.01161368579834754
832.31,0.014479401680951064
832.49,0.004235606008340028
832.67,0.02258746237198066
832.84,0.0035619703537732544
833.02,0.012431755727215181
833.2,0.0036090378728292423
833.37,0.010267673832161593
833.55,-0.0008047096692219603
833.73,0.006174536453491369
833.91,0.013291067281595705
834.08,0.005902346340717696
834.26,0.011844970407472908
834.44,0.010587230014256648
834.61,0.0029892091027264025
834.79,0.00837837130108969
834.97,0.009390311692330627
835.14,0.007509658975164621
835.32,0.001474448623828194
835.5,0.004661413162495972
835.67,0.006766292426056481
835.85,0.014631236737741929
836.03,0.002476808982814989
836.2,0.011020376770652384
836.38,0.005015842879683925
836.56,0.02007362678171201
836.73,0.01092773418568825
836.91,0.00483264721675319
837.09,-0.002520116987370504
837.26,0.0034678995917385253
837.44,0.007148802644422234
837.62,0.013185769991047676
837.79,0.011738995686840897
837.97,0.004761098875348693
838.14,0.019820627695170196
838.32,0.0066946589904211965
838.5,0.01118661201962532
838.67,0.0028479761229551846
838.85,0.02006237788855662
839.03,0.008221555388242815
839.2,0.0021977538686698654
839.38,0.014011295213544307
839.56,0.011017517966903385
839.73,0.011026430370519836
839.91,0.019876117930554896
840.08,0.005036146840672251
840.26,0.010203016174004301
840.44,0.010080195821972166
840.61,0.017441115785015084
840.79,-0.0012187228629178897
840.97,0.0065957553392222154
841.14,0.01643561308182695
841.32,0.007201910385506596
841.49,0.009435571038605206
841.67,-0.00018708026252322796
841.85,0.01539637544988376
842.02,0.0008849591720801319
842.2,0.013801478093782961
842.37,0.011737415792135802
842.55,0.017488202718443528
842.73,0.021567305045677096
842.9,0.013298671182190105
843.08,0.0037231396132590463
843.25,0.012657090969126645
843.43,0.025741748169030885
843.61,0.009277541431867537
843.78,0.009584759677142103
843.96,0.01645889734688029
844.13,0.015874296331850384
844.31,0.027222245818153933
844.49,-0.0009620713958246225
844.66,0.007390941624805615
844.84,0.015327272900656781
845.01,0.015640834666243407
845.19,0.0001811371263355557
845.37,0.017314277311336293
845.54,0.0017036662404074695
845.72,0.00831421579074197
845.89,0.0028986639908337056
846.07,0.01069555413950298
846.24,0.01490282854152937
846.42,0.01645375779052394
846.59,0.016931532720519744
846.77,0.022102600554936867
846.95,0.009360515409345037
847.12,0.015983674016369697
847.3,0.005895861758675638
847.47,0.01999249261501805
847.65,0.01493209937452782
847.82,0.02445780661005287
848.0,0.007653384405577225
848.17,0.02153183126652433
848.35,-0.006772780937753779
848.53,0.030838241533260778
848.7,0.00619097376646042
848.88,0.0160101190961053
849.05,0.011520886792993651
849.23,0.018645404066040386
849.4,0.01685499209808031
849.58,0.020894980052151835
849.75,0.011401349291539848
849.93,0.01102751108520361
850.1,-0.0006368653636650913
850.28,0.018276959839084127
850.45,0.0019210647922761927
850.63,-0.00021846034498899388
850.8,0.003904900182564852
850.98,0.002325734303587091
851.16,0.0185183198819486
851.33,0.012602773440804823
851.51,0.0075552174866652215
851.68,0.012600834536634775
851.86,-0.0015148403395342277
852.03,0.00560134031494818
852.21,0.016529208557562063
852.38,0.01838694397795291
852.56,0.013148160332772205
852.73,0.008788750140038758
852.91,0.00744135403716616
853.08,0.022425106800091216
853.26,0.03065686377143043
853.43,0.013766261203064964
853.61,0.02690006886229059
853.78,0.013622193218000001
853.96,-0.0007056530279156157
854.13,0.008678164318971145
854.31,0.011090660402120008
854.48,0.009397059187767825
854.66,0.011368896717341806
854.83,0.009681485753364551
855.0,0.0030706103840908773
855.18,0.011137149947855968
855.35,0.015547843160895306
855.53,0.03773614280055287
855.7,0.007852895830367865
855.88,0.026052118257163255
856.05,0.010007695648018849
856.23,0.005336765107028182
856.4,0.01746311973062119
856.58,0.030526313939242686
856.75,0.005641202536683756
856.93,0.023565103576103145
857.1,0.015224412257889449
857.28,0.019633471810960618
857.45,0.01689210654825553
857.62,0.013433955650969094
857.8,0.013413533834586485
857.97,0.030456861988437608
858.15,-0.007071784124116008
858.32,0.020339311829511136
858.5,0.009553399503260455
858.67,0.017426541147030825
858.85,0.007843573503639139
859.02,0.014649675634156067
859.19,0.007985265968211199
859.37,0.015907951346570262
859.54,0.015991437001742447
859.72,0.007171375774345836
859.89,0.011880288078443773
860.07,-0.004567019225398076
860.24,0.016378711606251973
860.41,0.014516940375795257
860.59,0.005343902425592007
860.76,0.020552884390259454
860.94,0.010631465445282247
861.11,0.017875427194854663
861.29,0.006555275512538616
861.46,0.006096943116228137
861.63,0.019958347463391195
861.81,0.03732060005140208
861.98,0.01476800446311212
862.16,0.011981641064787576
862.33,0.008820067917797526
862.5,0.010351090442526776
862.68,0.01831350016222385
862.85,0.024991257203962884
863.03,0.015122341157879401
863.2,0.015827610458826514
863.37,0.027089479787209526
863.55,0.033575761832073704
863.72,0.00954039824234989
863.9,0.018560592820441143
864.07,0.019941493522497158
864.24,0.029454689921922142
864.42,0.017129739008260685
864.59,0.008357761208603343
864.77,0.005517845504517196
864.94,0.01892845684953483
865.11,0.007757815299778992
865.29,0.020259656792999733
865.46,0.0014255921810315537
865.63,0.030322676849864845
865.81,0.02907936284090636
865.98,0.006871171460398676
866.16,0.023633228096045327
866.33,0.01607754976306426
866.5,0.026901300816055428
866.68,0.016357066822591065
866.85,0.0331538373745863
867.02,0.02906870136790084
867.2,0.020598635069052632
867.37,0.03667732253105251
867.54,0.01728039888551659
867.72,0.014191115503004307
867.89,0.011443756884118507
868.06,0.014092842132090451
868.24,0.023785421810275896
868.41,0.03983959813295679
868.59,0.02666985937004513
868.76,0.029312791945145987
868.93,0.03126176688806057
869.11,0.01201030721146036
869.28,0.01964021154207311
869.45,0.0305528536025159
869.63,-0.000988558309821127
869.8,0.004110092916886589
869.97,-0.014768405092423356
870.15,0.023653183946355176
870.32,0.009684821108901908
870.49,0.028317120600287248
870.66,0.020742139838833114
870.84,-0.0016330797374992487
871.01,0.04271113091677731
871.18,0.01596847148185446
871.36,0.003703099550320548
871.53,0.04072057161012881
871.7,0.020280736532379533
871.88,0.01801411460589996
872.05,0.019773090930153447
872.22,0.020549666587590366
872.4,0.03868497271465938
872.57,0.00963802888773364
872.74,0.016920236455648496
872.92,0.010175281706968
873.09,0.01670823472226485
873.26,0.014561981737142717
873.43,0.03402751999353543
873.61,0.024421291423448527
873.78,0.04382496258967755
873.95,0.003906701495642553
874.13,0.009822461306846376
874.3,0.048396516728867967
874.47,0.003231887260956074
874.64,0.037906356629357395
874.82,0.0010423329909860137
874.99,0.009034033316743607
875.16,0.0140640142588787
875.34,0.03359600281716346
875.51,0.029467764848686694
875.68,0.026244368675457725
875.85,0.021725942944352518
876.03,0.017667844522968226
876.2,0.016738699970793715
876.37,0.03690033805038044
876.54,0.037639712013720676
876.72,-0.0070768515624373566
876.89,0.04045479924876912
877.06,0.016421946918236948
877.23,0.015100160960518675
877.41,-0.0035230481222069255
877.58,0.0018449243097647006
877.75,0.03404585391453793
877.92,0.02341290570439102
878.1,0.022011485462408085
878.27,0.02709386958805436
878.44,0.028174935685409807
878.61,0.017074921977132392
878.79,0.03236749033222918
878.96,0.03822809845375948
879.13,0.02827343199436226
879.3,0.02430674020298638
879.48,0.02375808682590455
879.65,0.03965720580051157
879.82,0.03373094241251287
879.99,0.011703647243984566
880.16,0.021135194593709734
880.34,0.026936539339522173
880.51,0.02952640060143522
880.68,0.019430853595190065
880.85,0.020133115912649
881.03,0.036503887832552706
881.2,0.030777912703829468
881.37,0.011353254195661107
881.54,0.0503483766059831
881.71,0.02317014423485632
881.89,0.0022035545548146573
882.06,0.05869572813005241
882.23,0.04388636119370906
882.4,0.019019695599621283
882.57,0.039126991228157416
882.75,0.021570598288430293
882.92,0.035832008993831106
883.09,0.033201801064265284
883.26,-0.0013892021403518738
883.43,0.021445262815393298
883.61,0.01358947218755434
883.78,0.01690986507720811
883.95,0.047807419557142204
884.12,-0.001401941606658032
884.29,0.029560376586164585
884.47,0.03143298854055436
884.64,0.010358032590937325
884.81,0.0339268441228102
884.98,0.02077838276528447
885.15,0.015876128931033504
885.32,0.03477700584568855
885.5,0.028494380265956267
885.67,0.014755982502787583
885.84,0.05042213485928276
886.01,0.032648101735206415
886.18,0.02314126615347463
886.35,0.01963720683075292
886.53,0.028385691547289975
886.7,0.04008718887187517
886.87,0.023251203915416647
887.04,0.011164520002660758
887.21,0.05004378790132028
887.38,0.05383092878511266
887.55,0.035704601558620874
887.73,0.007173720076399983
887.9,-0.017571628863728588
888.07,0.03132627468143488
888.24,0.03807255678844905
888.41,0.016612910833040104
888.58,0.02290334091789872
888.75,0.053680580855753945
888.93,0.03161439757751837
889.1,0.006310487194867462
889.27,0.027932920027066113
889.44,0.061453485514670614
889.61,-0.006720504759894653
889.78,0.010756581986143227
889.95,0.011511845757872242
890.12,0.023742109083722613
890.3,0.04481092657444588
890.47,0.021072392610777285
890.64,0.035520087771645496
890.81,0.0005321720337503134
890.98,0.03841214155550424
891.15,0.0412572764411115
891.32,0.020769942098942167
891.49,0.07859998405448813
891.66,0.002578296522865065
891.84,0.020616004539862856
892.01,0.051594154066461735
892.18,0.0638944543756724
892.35,0.05746682078779612
892.52,0.05566972409609768
892.69,0.02221580284890057
892.86,0.028721431821857213
893.03,0.035508195560590546
893.2,0.055252121522376935
893.37,0.03943563964439543
893.55,0.04989013280607382
893.72,0.0606593423883756
893.89,0.04544947128949935
894.06,-0.005993441139884612
894.23,0.08286795096906584
894.4,0.001686271114464458
894.57,0.04965465669053874
894.74,0.009556117335324405
894.91,0.042581569884339025
895.08,0.015911688743162525
895.25,0.06640901087138595
895.42,0.021744108041664535
895.59,0.001756744567621827
895.76,0.023842874427019167
895.94,0.05253275789192681
896.11,-0.0018520051768991291
896.28,0.04111199296424209
896.45,0.03812516068868451
896.62,0.07504310214452078
896.79,0.05457756147843981
896.96,0.05941487086761553
897.13,0.06760898062615364
897.3,0.013348128923391602
897.47,0.04479678677555167
897.64,0.034532706814483276
897.81,0.02429435076680031
897.98,0.037643367861602564
898.15,0.019119876069464612
898.32,0.020026503737201936
898.49,0.051969777112656414
898.66,0.07100578792180849
898.83,0.0369095618876
899.0,-0.006813275469991839
899.17,0.005585738616192849
899.34,0.02139845536371211
899.51,0.035657168600067624
899.68,0.06740290645287993
899.85,0.04873036774455177
900.02,0.06429249274237663
900.19,0.019351819772961493
900.36,0.001960398981934664
900.53,0.05724343728742874
900.7,0.035509382795875385
900.87,0.04882674206150758
901.04,0.06353117054915446
901.21,0.013463554316979065
901.38,0.036438088919038075
901.55,0.03284612280303
901.72,0.001942282395513332
901.89,0.023162243963608036
902.06,0.031988816459877056
902.23,0.04107652275929153
902.4,0.052095764631384156
902.57,0.000657699857916803
902.74,0.015618342369345199
