Wavelength [nm],#2-IF@532âˆ†10.csv
400.08,0.03304817562217337
400.29,-0.0035393685524837963
400.5,-0.025646387548731067
400.71,-0.005475460893153101
400.92,-0.03170962629929466
401.13,0.01418970990046191
401.34,-0.03815644491421899
401.54,0.006392290167804101
401.75,-0.002198188692517309
401.96,0.01686505523585301
402.17,-0.03016847191165659
402.38,0.014473586078309562
402.59,0.000622922600678134
402.8,0.01074267744554963
403.01,0.011424884417039868
403.22,-0.02669794294537956
403.43,-0.017269846936498672
403.63,0.000634668397874156
403.84,-0.037124066749362174
404.05,0.037988413893728486
404.26,-0.003307877265048908
404.47,0.018341389831670663
404.68,-0.008915374228477184
404.89,0.02369071833067507
405.1,0.03194334364533537
405.31,0.006809482237593226
405.52,0.02663889343974541
405.72,-0.01187429119581145
405.93,0.016292216671914186
406.14,0.023337832740229745
406.35,-0.029993167738888354
406.56,-0.012632442113894776
406.77,-0.014474819234121684
406.98,0.024923900471420443
407.19,-0.016943349476292325
407.39,0.029471568687578775
407.6,-0.01957293099849631
407.81,-0.04183920383830621
408.02,0.010031393362667928
408.23,0.010287211968985523
408.44,-0.02528420972586589
408.65,-0.021157979289234262
408.86,0.0017736878396135654
409.06,0.027630392161014303
409.27,-0.029467282351616123
409.48,0.04057962422666665
409.69,0.016260339100796783
409.9,0.004135011333787589
410.11,0.0005432145863483578
410.32,-0.007861533063918765
410.52,0.004029412624379453
410.73,0.036963331490694716
410.94,-0.008464328899637198
411.15,0.015387396715437979
411.36,-0.010535190878250692
411.57,0.03123655723018762
411.78,0.010624261083246959
411.98,0.035045694687501336
412.19,-0.006258015919871293
412.4,0.01710526839084807
412.61,-0.0016220940661890297
412.82,0.016251196723099527
413.03,0.036531949275332105
413.23,-0.007605120362028824
413.44,0.013346837816459052
413.65,-0.0036398986319768956
413.86,-0.007178651520964387
414.07,-0.007863188780397965
414.28,0.008612646533171382
414.48,-0.012774675451498041
414.69,0.007969549185202849
414.9,0.0005113811585321054
415.11,0.020964491875384537
415.32,-0.009900324030990327
415.53,0.003587934130734693
415.73,0.018696373511738685
415.94,0.006579982077869867
416.15,-0.032221323705281336
416.36,-0.029889614574343356
416.57,-0.00866330754924489
416.78,-0.016017780218393878
416.98,0.027876230558364187
417.19,-0.0015357319659898212
417.4,-0.03863552489908343
417.61,0.007794937231427487
417.82,-0.03306736083602131
418.02,-0.009838988244470404
418.23,0.009610857019794828
418.44,0.007952583153695101
418.65,0.00047914266381379603
418.86,0.0016266112001527618
419.07,0.03229569255416149
419.27,-0.016426511796260777
419.48,0.0038209498921027533
419.69,0.03051100439757422
419.9,0.026002812403174716
420.11,-0.007026578798062198
420.31,0.023625468436012133
420.52,-0.0014608877385113694
420.73,0.007596788646879212
420.94,-0.02077122499904556
421.15,-0.02143908330793154
421.35,-0.028896931892856255
421.56,0.0031118893521788413
421.77,0.016245179459564357
421.98,0.027514234580692975
422.19,0.04798410310695121
422.39,0.005106271548902406
422.6,0.0033883070051931013
422.81,-0.008643107211725095
423.02,-0.0035200780804271067
423.22,-0.02026292713810273
423.43,0.002381967775824625
423.64,0.001393901595318709
423.85,0.010283746263314245
424.06,-0.01956106706700527
424.26,0.005709208041763891
424.47,0.001393901595318709
424.68,0.017639304015601945
424.89,0.03386551971885478
425.09,-0.04009899226137063
425.3,0.01333174267052406
425.51,-0.0023318064368471492
425.72,-0.027766781284659366
425.93,-0.0013346271365809964
426.13,-0.026236812078713596
426.34,-0.015356302134377851
426.55,-0.0013334630191484946
426.76,-0.0233636717871387
426.96,-0.007750113587704381
427.17,0.007287253958479705
427.38,0.015662638946665797
427.59,-0.013210682383614681
427.79,-0.0038592995631848846
428.0,-0.021941906661101542
428.21,0.00038928890883213596
428.42,-0.004687504765274004
428.62,-0.0060207518892158324
428.83,-0.02976927829769275
429.04,0.015186145182924765
429.25,-0.01811142317640148
429.45,0.02081936464018064
429.66,-0.00040817346539269087
429.87,0.008506033048506714
430.08,-0.031661744579701764
430.28,-0.013933762180341643
430.49,0.022750201920617205
430.7,0.024663644489476274
430.91,-0.0004393765038183584
431.11,0.026011072592110426
431.32,0.0044609469173713286
431.53,0.015209271880174072
431.74,0.012714464612471256
431.94,0.0011158552389267352
432.15,0.004333740779047634
432.36,0.013375239886782233
432.56,0.0026549135158483506
432.77,-0.01290835489407842
432.98,0.0285937015352268
433.19,-0.00986151968764773
433.39,-0.0027841081630278074
433.6,-0.0018601180632545691
433.81,0.01013276766605431
434.02,0.020714310015885796
434.22,-0.0011430354179609568
434.43,0.01758840701595494
434.64,-0.01684430781809328
434.84,-0.014312340670088523
435.05,-0.0088015667445827
435.26,0.011447689568256312
435.47,0.006324303856616916
435.67,-0.0018697454965197974
435.88,-0.01683668084953034
436.09,0.019742573591948923
436.29,-0.0031201286712315935
436.5,0.008315666778793904
436.71,-0.012239266336557154
436.92,-0.00316593364866935
437.12,-0.012854073451135279
437.33,0.015298655696948755
437.54,0.0023542155095230112
437.74,-0.016760682815322763
437.95,0.01197496737547109
438.16,0.016919103223016315
438.36,0.011201322925406897
438.57,0.012612895857026036
438.78,-0.01077286645089322
438.99,0.006775424133171673
439.19,-0.0069797665462436095
439.4,-0.005745329950591589
439.61,0.018026381863387536
439.81,-0.0003428115679081477
440.02,0.004821788820971672
440.23,0.018578634687472884
440.43,-0.014159279473658037
440.64,0.0028362224164250154
440.85,-0.0030263040870729197
441.05,-0.007755802332306459
441.26,-0.0035704744758696533
441.47,0.00963802888773364
441.67,-0.016030918869590922
441.88,0.006676069581570312
442.09,0.014290387444040587
442.29,0.005394064467659688
442.5,-0.003090321329599066
442.71,0.01596847148185446
442.91,-0.000999546088482146
443.12,0.01496439506002961
443.33,0.006291201636238112
443.53,0.01890764020807267
443.74,0.003433524837184128
443.95,-0.009394792972629702
444.15,0.021889449511754977
444.36,-0.010250587261609686
444.57,0.000295721074077025
444.77,0.002870822237670848
444.98,-0.005423804807078601
445.19,0.023738933263448173
445.39,0.0029176554537623457
445.6,0.010401971808589204
445.81,0.0014705536088498877
446.01,-0.005913091616088763
446.22,0.0009118371623806105
446.43,-0.009829949363459947
446.63,-0.0003182582828341638
446.84,-0.006926390086509616
447.05,0.0047332019188040765
447.25,-0.022025571786446277
447.46,-0.013919788413881981
447.67,0.0003054987441903022
447.87,0.008016336630484363
448.08,-0.011377281900502724
448.28,-0.004084388185653984
448.49,-0.005819202709916345
448.7,0.006937661122774218
448.9,-0.004575453446455366
449.11,0.014467419066029554
449.32,0.011783093557283969
449.52,-0.017348298090615357
449.73,0.002002469366368913
449.93,-0.016442051522143796
450.14,0.006471881107343141
450.35,-0.0045560714604461795
450.55,-0.0014706712997345033
450.76,-0.010057235409348062
450.97,-0.0060598281219915425
451.17,-0.020241086299861648
451.38,0.006568229049738549
451.58,0.0014549690263144191
451.79,0.00770016839620607
452.0,-0.0003124289330445436
452.2,0.003020320142020598
452.41,0.017164830637329456
452.62,-0.0002995103921955927
452.82,0.0014288893557102764
453.03,-0.0015003382697236626
453.23,0.0024280710801693416
453.44,0.024692947236576234
453.65,-0.00029417827203283005
453.85,0.015343012871897817
454.06,0.00513492588193768
454.26,0.00526919313103743
454.47,-0.007055530646816361
454.68,0.013139114698310264
454.88,0.012482316870668685
455.09,0.03392462626653307
455.29,-0.007838684948521614
455.5,0.0007741359110103532
455.71,0.004765464230059909
455.91,0.0007778194051678604
456.12,0.0018647739372238074
456.32,0.009008193738134839
456.53,-0.013356472277338242
456.73,0.008971235525871054
456.94,-0.0033767127747648656
457.15,0.012395869943102503
457.35,-0.00502447749417223
457.56,0.01950131887099403
457.76,0.0022714190430071376
457.97,0.0033025353705393484
458.18,-0.0038481409232228574
458.38,0.00715875786742687
458.59,0.03261377910216692
458.79,-0.013175642480057865
459.0,-0.009441553466393658
459.2,0.005586259448380985
459.41,0.009844436794771793
459.62,0.005580823945917302
459.82,0.008124023085780406
460.03,0.0025347676462991074
460.23,-0.008031618833511594
460.44,-0.0026613013538526347
460.64,-0.0007099128895124804
460.85,0.012151284231731398
461.06,-0.0058835155145415385
461.26,0.011248699942623877
461.47,0.01046625601209171
461.67,0.003165230671243573
461.88,-0.00849370680799208
462.08,-0.013839037217604926
462.29,0.0011889618649567957
462.49,0.008192946677529888
462.7,-0.0007295623827335571
462.91,-0.006897211231576538
463.11,0.0058942868699841675
463.32,0.007647819261419391
463.52,0.014571075760877478
463.73,0.0015228194093985746
463.93,0.0027322362875606718
464.14,-0.0010836975204445611
464.34,0.01228238235942273
464.55,0.0010536147266813143
464.75,0.004553027999194777
464.96,-0.0006358058951922439
465.16,-0.003718588873431797
465.37,-0.006278131248863827
465.58,0.0005867357551604929
465.78,0.00207757084024834
465.99,-0.006360962104170256
466.19,0.0024951975422512407
466.4,-0.008836646899554554
466.6,-0.008340043461169169
466.81,0.003738437182754646
467.01,0.0009524958302311513
467.22,-0.008620250638294929
467.42,0.008421010062884619
467.63,-0.00019515873574310882
467.83,0.007551060424929013
468.04,-0.005002374165883022
468.24,0.0009144308366842643
468.45,-0.00492589209381512
468.65,-0.0012187228629178897
468.86,-0.004837803038001373
469.06,-0.014657659411189298
469.27,-0.0037462674914342546
469.47,0.009069426388559806
469.68,0.00562451250744675
469.88,0.005062574324706962
470.09,-0.000842512484884498
470.29,-0.011226887679330878
470.5,0.0024825700157655875
470.7,0.0027697573081017
470.91,-0.0021353518977572207
471.11,0.013054935903155778
471.32,-0.0064505774097546355
471.52,-0.005525275328336044
471.73,0.007294928655038767
471.93,-0.0029819630074487038
472.14,0.0016868418571896072
472.34,0.0035367118228649816
472.55,0.0026247245710999557
472.75,0.000443744771894585
472.96,0.00014537319296128624
473.16,-0.0007743987944494323
473.37,-0.0017280283500083636
473.57,0.00309390221738517
473.78,0.0021684183491832267
473.98,0.003216407004081792
474.19,0.003165810438537722
474.39,0.004455392724067108
474.6,-0.004949574872857975
474.8,-0.0051981839154000755
475.01,0.005780429017327078
475.21,0.0020567879448658145
475.42,0.00039811513411808826
475.62,-0.006370369648952789
475.83,0.0033049736660232224
476.03,0.006380238984638856
476.24,-0.005592954073487505
476.44,-0.004259476756420027
476.64,-0.00066538511411401
476.85,-0.00037911664928676035
477.05,0.005884766796387078
477.26,-0.0006344988677399196
477.46,0.0028840492811581875
477.67,0.003125250709649165
477.87,0.0028230107688698757
478.08,0.002753883632224852
478.28,-0.002559584450109081
478.49,-0.0011120464038680393
478.69,0.0003566193877132945
478.9,-0.004567631486621432
479.1,0.0036493284675620523
479.3,-0.002243928306109422
479.51,0.0008224728562649939
479.71,0.0005587878127320746
479.92,-0.0015170955352254447
480.12,-0.002873262163105259
480.33,-0.004404850284583015
480.53,0.002550593978870629
480.74,-0.00995291263134085
480.94,0.005006431344892399
481.14,-0.005480076135762566
481.35,-0.002559407399362575
481.55,-0.0018693327719816024
481.76,-0.002340003181828711
481.96,-0.00011454137865742628
482.17,-0.00160820746721538
482.37,0.0029822377828696723
482.57,-0.0011616368120211567
482.78,0.002430101250408645
482.98,0.005826540610215115
483.19,0.0005052105816246093
483.39,0.0011094504609580741
483.6,-0.0013121926920627084
483.8,-0.003809784437648147
484.0,-0.0032746649258799648
484.21,0.008059634562085555
484.41,0.0035135895690445386
484.62,0.006498831189494176
484.82,0.00047943288742121
485.02,0.002473726908255206
485.23,0.0018083580068089938
485.43,0.0026318840987114736
485.64,0.0018156379315932799
485.84,0.001441911515090094
486.05,-0.002231028772265903
486.25,-0.003537733419321333
486.45,-0.006250159830748733
486.66,0.005107626662386353
486.86,-0.0045386081202414925
487.07,-0.00028177773239866383
487.27,-0.001982271302305509
487.47,0.0015700617557624006
487.68,-0.0021159654711406664
487.88,-0.0004639556608860227
488.09,0.0006563755148126684
488.29,0.0030573199075659896
488.49,0.003026979716789994
488.7,0.0046164668544720995
488.9,-9.289058437023601e-05
489.1,0.000260740899409483
489.31,0.0030887142058595974
489.51,0.011266325422872226
489.72,-0.00292210042740885
489.92,0.004610529600051131
490.12,-0.0016824976420262308
490.33,-0.001992023205671883
490.53,0.00043252567924475534
490.74,0.0018158805648380465
490.94,-0.002815579252581656
491.14,-0.0016424759534451935
491.35,-0.002317177984036664
491.55,0.0010958012963225852
491.75,0.000920543368728767
491.96,0.003975160879786877
492.16,0.0009253699198195322
492.36,0.0034612093371762897
492.57,0.0021085947587401533
492.77,0.003581837700567016
492.98,-0.0032378131729912996
493.18,0.000570880593668497
493.38,0.0008967055356975532
493.59,0.00286344430432807
493.79,-0.0013821921649349851
493.99,-0.0022396890042048444
494.2,7.619455319456478e-05
494.4,0.002029996164847171
494.6,-0.001877201172123234
494.81,-0.0004062637431858296
495.01,0.003313851620270227
495.22,-0.0033274775481265603
495.42,0.005841497737204626
495.62,0.0005593810521117132
495.83,0.000234179030727845
496.03,0.0015020642687263207
496.23,0.0010150187798221777
496.44,0.003743135433810759
496.64,-0.0014873674830811186
496.84,0.0011830032562492195
497.05,-0.0018191446671248996
497.25,-0.0027403823713502045
497.45,-0.0013215797643898015
497.66,0.0011663814825567907
497.86,0.0030148346797886946
498.06,-0.0016514507885155556
498.27,-0.0009895877917034863
498.47,0.0008445237824226954
498.67,-0.00462384097517443
498.88,0.0029706779325223164
499.08,0.0035733159550611084
499.28,-0.000864888833367934
499.49,0.002533850617359788
499.69,0.0008311806973720869
499.89,0.0027715961857223185
500.1,-0.004360550624667702
500.3,-0.0023388574868090438
500.5,-7.971346533954904e-05
500.7,0.004536115155529691
500.91,0.00021710754361128456
501.11,0.0009593433590669204
501.31,-0.0008240257383393866
501.52,0.0025896831756969728
501.72,0.004833126755133898
501.92,-0.0018768378380854148
502.13,0.0005055323045620026
502.33,0.0002148877828677226
502.53,0.001686579659817576
502.74,-0.0027226295389712303
502.94,0.001698566950648886
503.14,-0.004135521633142568
503.34,6.684515854804709e-05
503.55,-0.0009457237913363306
503.75,0.0005046503661983672
503.95,-0.0005066099428785613
504.16,-0.0003700574562892602
504.36,0.00035843546831133637
504.56,0.0026682989970625384
504.76,0.0008027651856414342
504.97,-7.63084168183694e-05
505.17,-0.0009444924640949701
505.37,-0.0015258055048894008
505.58,0.0023481774317533747
505.78,0.0019136697338185099
505.98,-0.00512571946636885
506.18,-0.0016480343655016216
506.39,-0.0013567047797083207
506.59,0.005714279909818907
506.79,0.0016087608606492306
507.0,0.002448846238976542
507.2,-0.000346717893454523
507.4,0.0056143068891787145
507.6,-0.001884107123087145
507.81,-0.0010415448503743386
508.01,-0.005751532787224169
508.21,-0.002152746784219169
508.41,0.003319720349061061
508.62,0.0012695207498899528
508.82,0.0008906818047916655
509.02,-0.0003499809078693875
509.23,-0.0007433678481072602
509.43,0.004082714612416836
509.63,-0.0007545272864459453
509.83,0.0008743157713637581
510.04,6.386458757371163e-05
510.24,0.0030418017672347313
510.44,0.003722654671500225
510.64,-0.00020694185226104137
510.85,6.263372419646474e-05
511.05,0.003692631129020643
511.25,0.0012520667661155502
511.45,0.004586701485329309
511.66,-0.0017681275383630971
511.86,0.004390548877590748
512.06,-0.0011209580385361777
512.26,0.0001903147918333135
512.46,0.0030954582393033585
512.67,-0.0005939012614387265
512.87,0.0001919285819199573
513.07,0.001919649567327312
513.27,0.0020133100342978956
513.48,0.0023451140109030724
513.68,0.000817231361878138
513.88,0.0030012543173215892
514.08,-0.0001928211549760285
514.29,-0.00031878804313569036
514.49,0.0008165095600606599
514.69,0.0031655147101884384
514.89,0.007434394269765138
515.09,-0.0004381684469586103
515.3,0.00030969759179694066
515.5,-0.0005733012818907327
515.7,0.0025584323746217583
515.9,0.0026644288261827385
516.11,0.00018075167062715124
516.31,0.007204907936302502
516.51,-0.0028797331679134017
516.71,0.0062935017582132465
516.91,0.003790585016942607
517.12,0.00017561660105018336
517.32,0.0049788542287008165
517.52,0.0033409935135641235
517.72,0.004324067514989665
517.92,0.001733813324805775
518.13,0.0038769428199250944
518.33,0.003786024898879949
518.53,0.005067275409229596
518.73,-0.00017955043106889502
518.93,0.005234081520936119
519.14,0.0028033805547213486
519.34,0.0022485464204578306
519.54,-0.0002981882624107563
519.74,0.0015723686337439171
519.94,0.00028844252373353405
520.15,0.00251317321274818
520.35,0.0025943886948277145
520.55,0.002036873405612918
520.75,0.004824775971619659
520.95,0.002462445539689767
521.16,0.0042058864157625995
521.36,0.007322078067585545
521.56,0.006943177593635798
521.76,0.007361717531856896
521.96,0.0032121978291792604
522.16,0.007893749670103239
522.37,0.005924479919141714
522.57,0.0038948460655877
522.77,0.009148446048646034
522.97,0.0076895726718965735
523.17,0.011378627642173515
523.37,0.016303924910698736
523.58,0.012614261133000184
523.78,0.01099436743921053
523.98,0.011396172803458515
524.18,0.012972403106194796
524.38,0.0184555791331966
524.58,0.020529580502246916
524.79,0.024510219725982652
524.99,0.030011838668024586
525.19,0.03405233923169881
525.39,0.040333069490597555
525.59,0.03890603848907546
525.79,0.05215814290895902
526.0,0.06517318049696547
526.2,0.07452426228427764
526.4,0.08074918350903343
526.6,0.0957493129689593
526.8,0.11266938865113311
527.0,0.13624221656917918
527.2,0.14437613865160662
527.41,0.16470895088354026
527.61,0.1938635245443147
527.81,0.21643015650437586
528.01,0.262135721252901
528.21,0.2708276554837958
528.41,0.2938379741851244
528.61,0.33336704580328
528.82,0.3587856924758358
529.02,0.38515788821777863
529.22,0.42375084245531436
529.42,0.4260105266688297
529.62,0.4440427819931274
529.82,0.478812182932347
530.02,0.4955919029668139
530.22,0.5018753016628398
530.43,0.5170346145447857
530.63,0.5309668180999997
530.83,0.5377441092777975
531.03,0.5442037684757709
531.23,0.5652628874190049
531.43,0.5558617362051173
531.63,0.5756680985949066
531.83,0.5762762089315937
532.03,0.5943225180986685
532.24,0.5851527282676825
532.44,0.5882874554850662
532.64,0.6061759595702073
532.84,0.5856033950693669
533.04,0.5834160008451728
533.24,0.5903021576640481
533.44,0.5932769587345766
533.64,0.5963594738501783
533.84,0.5992458690515755
534.04,0.5961884284522506
534.25,0.5970596363492195
534.45,0.5898505403383988
534.65,0.5946611513821939
534.85,0.5840191530749663
535.05,0.587577565553777
535.25,0.5797531399458665
535.45,0.5777752536105025
535.65,0.5547583716170046
535.85,0.5598251869049632
536.05,0.551654279822346
536.25,0.5224261247542127
536.46,0.5025452452689142
536.66,0.4922193331160496
536.86,0.4660621814826331
537.06,0.43841979941222325
537.26,0.4212893380730073
537.46,0.392864892730386
537.66,0.36546076877176253
537.86,0.33679328817546633
538.06,0.31563274461602076
538.26,0.2951744286810765
538.46,0.2683563986696115
538.66,0.23827236872332078
538.86,0.21403641396892828
539.07,0.1888348174715383
539.27,0.16622432894895367
539.47,0.1522625316986745
539.67,0.14025410467640997
539.87,0.11432404244529284
540.07,0.10324334460349471
540.27,0.0895566777040867
540.47,0.08229490545845655
540.67,0.07042268785428
540.87,0.06019000432268557
541.07,0.053223808475177575
541.27,0.048690215851074185
541.47,0.0393654176743496
541.67,0.03277070922743924
541.87,0.03503688346196137
542.07,0.02564351458633063
542.27,0.023166522420242665
542.47,0.0178379652068299
542.67,0.017705049988771517
542.87,0.01385005231332518
543.08,0.015006274713001996
543.28,0.010621059063965642
543.48,0.013455598272343256
543.68,0.012968577019004656
543.88,0.0072932059102421756
544.08,0.008066205861445493
544.28,0.008691681137451675
544.48,0.009487460478450581
544.68,0.0060987317371098155
544.88,0.007537455471070772
545.08,0.005743744380384644
545.28,0.007253822691467162
545.48,0.008637314770994277
545.68,0.005711285701192989
545.88,0.005150775330251664
546.08,0.0018611213399767142
546.28,0.004270706053880516
546.48,0.0008917573223500175
546.68,0.003742688549179676
546.88,0.003762139394875849
547.08,0.003149485830004652
547.28,0.0042648554456226236
547.48,-0.001108937689219356
547.68,0.0008007337296264968
547.88,0.004341720534590022
548.08,0.004253202187577146
548.28,0.0031155254164586333
548.48,0.006850281055301796
548.68,0.0029920980636986153
548.88,0.0051767249507753835
549.08,5.0239828064739165e-05
549.28,0.003011403001815216
549.48,-0.002253031428376748
549.68,-0.0007868317522137826
549.88,-0.0016188505148859583
550.08,0.00368552434722192
550.28,0.0017206866061889895
550.48,0.005274742625566961
550.68,-0.003134541524826843
550.88,-0.003182576863524935
551.08,-0.0002640890374499251
551.28,0.004205470363413795
551.48,0.0009937832873052814
551.68,0.0017092587774488373
551.88,0.001908091310436985
552.08,0.0015125441910670827
552.28,-0.0028487462054871734
552.48,-5.344166115587009e-05
552.68,0.001997976555057306
552.88,0.0021828176522624147
553.08,0.0029805086408391103
553.28,0.001473877418681208
553.48,0.0003521770563764342
553.68,0.0023248967901388987
553.88,-0.0004734504838107345
554.08,-0.001998345815786302
554.28,0.0007796760196506927
554.47,0.00025695143393487306
554.67,-0.001304880959115599
554.87,0.0010874141247287576
555.07,0.002243720945618057
555.27,0.002399069050906227
555.47,-0.00025531670711904665
555.67,-0.0008781263576051961
555.87,0.0014771873149155568
556.07,0.0004555281065972457
556.27,0.0022749975691357853
556.47,0.0025005155038944934
556.67,0.00055866024384914
556.87,0.0005614694626689294
557.07,-0.0005609855534357862
557.27,0.0009620855002789832
557.47,0.0014789989864279916
557.67,-5.36694770730891e-05
557.87,-0.00036205688168268577
558.07,0.0020824254053704
558.26,0.0008574571280538531
558.46,-0.0008629333546852582
558.66,0.0004501168746752263
558.86,0.0021724374500701558
559.06,0.0003495879028819487
559.26,0.00276942413601909
559.46,0.001146495029158511
559.66,0.000450388917896242
559.86,0.0017696909544635275
560.06,-0.0003562812086540339
560.26,0.001162646985156841
560.46,0.0006533638066958389
560.66,-0.0016262924955184012
560.86,0.0003457231184153668
561.05,-0.0007455363106104418
561.25,0.00014620891717104367
561.45,0.0031472887235404214
561.65,0.0027066654427544017
561.85,-0.0020123349396987066
562.05,0.002287761475358972
562.25,0.003792333989205592
562.45,0.0012374121774635408
562.65,0.0027079995021564397
562.85,0.0006374665188339681
563.05,0.00034411230969965626
563.24,0.0014471988267005524
563.44,-0.00014974105367670276
563.64,0.001135374443928207
563.84,0.0011319014844627126
564.04,0.0026317342302472455
564.24,-0.0009148675825012628
564.44,0.0023100526054738195
564.64,0.003649153044084449
564.84,0.0018245938191218181
565.03,-0.001137356060581861
565.23,0.00033923604043693985
565.43,0.0012254958274111678
565.63,0.0011217186037505327
565.83,4.5017847342765173e-05
566.03,0.00023996018127996608
566.23,-0.0007351265081420578
566.43,-0.0031749420080674313
566.63,-0.0014278235041878425
566.82,0.0026973637040168755
567.02,0.0012025705248472891
567.22,0.00024369903205015124
567.42,0.0020341321166935525
567.62,0.00014060563557013553
567.82,-0.0001479012465117018
568.02,0.0011083873537486575
568.22,0.0024499873538994833
568.41,0.0019947654494426367
568.61,0.003257390565854779
568.81,0.0013046593933211928
569.01,-0.0003437520696082134
569.21,0.0026030087937765527
569.41,0.0032539072239537964
569.61,0.0001427336530706793
569.8,-0.0008296095376755009
570.0,0.0010999908592794734
570.2,-0.0014966816103697774
570.4,0.0024723410985769676
570.6,-0.00024653025325985906
570.8,0.0024752241631655503
571.0,-0.0003431503722709276
571.19,-0.0006444692289910982
571.39,0.0015600007495089902
571.59,0.0031229923435312375
571.79,-0.0011075276285811893
571.99,0.002183692324148453
572.19,-0.0017803342023594662
572.38,-5.102807689757245e-05
572.58,0.0006172786555060161
572.78,0.003021874308127564
572.98,0.0003363108753178873
573.18,0.0018842867610840692
573.38,-5.0856306026260914e-05
573.57,0.0022388789478469916
573.77,0.003586630891024888
573.97,-0.00024330437099936113
574.17,0.0025318058322705336
574.37,0.0010082569001174549
574.57,4.508245098488324e-05
574.76,-0.0017503969911249976
574.96,0.0015663799246126249
575.16,0.0009955080733276716
575.36,0.00033321167366526656
575.56,-0.001493083981045404
575.75,0.0012747820871501663
575.95,-0.0011932769481710758
576.15,0.0008941466842032199
576.35,0.0016822754255824358
576.55,-5.0323904505081205e-05
576.74,-0.0031728287942127237
576.94,-0.0011884098816469283
577.14,0.004242841684658337
577.34,-0.0013707077148208456
577.54,-0.0014821111552467624
577.74,0.0016576944565700814
577.93,-5.066140707060549e-05
578.13,0.0008893608727828926
578.33,0.00023165968484167087
578.53,0.00032604446570772797
578.72,0.0003219021917703156
578.92,0.0009709537727941524
579.12,0.0023414141893898835
579.32,-0.0013760303619276652
579.52,0.0007110391133133468
579.71,0.0005204507014108323
579.91,-0.0010036514809088444
580.11,0.0018527309898265837
580.31,0.0033537861800610118
580.51,0.0007981576285059238
580.7,-0.004542352720753423
580.9,0.0009861328247403858
581.1,-0.0008901679288860296
581.3,-0.0010973024846968207
581.49,0.00032579965245786664
581.69,0.0006830225969656996
581.89,0.003037114569570518
582.09,-0.00033223052666835404
582.29,0.0018382134453444811
582.48,-0.00023920766798383634
582.68,-0.0012767247410652145
582.88,-0.0006177598292736434
583.08,0.0007100255123755399
583.27,-4.9072283473552907e-05
583.47,0.004075883954170677
583.67,-4.9494866170255296e-05
583.87,0.0016416509526273719
584.06,0.0008905315827550101
584.26,-0.0014826771991585418
584.46,-0.0035170683837700387
584.66,0.0011653746257574383
584.85,-0.0020042670628094062
585.05,-0.0020151481226462543
585.25,0.0013569564509062098
585.45,-0.0005239816193929754
585.64,-0.001765575090412454
585.84,-0.0006145037095371277
586.04,-0.0012490248738936496
586.24,0.0022918556754169123
586.43,0.002315931450063136
586.63,0.0013542896442793166
586.83,0.00107443955797375
587.03,-0.0012606637708159484
587.22,-0.0001422982336603924
587.42,4.413245531083934e-05
587.62,0.0020108902729036532
587.82,-0.0006120266782934839
588.01,4.370269225265057e-05
588.21,-0.0008010895628943116
588.41,-0.0008899185232391654
588.6,0.0010825512361757497
588.8,4.4566539374201044e-05
589.0,0.0018145729685951192
589.2,-0.002841876542614583
589.39,-4.886820245796722e-05
589.59,-0.0006158368816056103
589.79,0.00013751712659813592
589.98,-0.002199882220034631
590.18,-0.0011816846011534535
590.38,-0.0008760103137069288
590.58,0.0007119877553189157
590.77,-0.0037072810000246237
590.97,-0.0006998649424509013
591.17,-0.0014389860898011283
591.36,0.0034806858190704996
591.56,0.0004141758084675165
591.76,0.0035899152081831976
591.96,0.0008749016857059443
592.15,0.0007875466633938649
592.35,0.0036206604125217
592.55,-0.0003276952601101968
592.74,-0.0013613320359278373
592.94,0.00013791675560443145
593.14,0.0007859391973408259
593.33,-0.0009652812061694856
593.53,0.004071684558831213
593.73,0.000599938838919927
593.92,-0.0012459191262333684
594.12,0.0015314273712458912
594.32,-0.0002320304313026509
594.51,0.0006894516552316869
594.71,0.00031985553799204666
594.91,0.0037548203436439916
595.11,-0.0015291013443113567
595.3,0.0006967168434735245
595.5,0.0011363848670377299
595.7,0.0012574097359439591
595.89,0.0006069158721489075
596.09,-0.0010710026288853884
596.29,0.00013508028359593982
596.48,0.000971854934208663
596.68,0.002191018536520505
596.88,-0.00023599307261301704
597.07,0.000605326265473425
597.27,-0.000609285102123229
597.47,4.482087900244835e-05
597.66,-0.0006090577457212398
597.86,-4.8981370751987024e-05
598.06,-0.0010765029139472755
598.25,-0.002290809516786668
598.45,0.000693418996341943
598.64,-0.0007950407697309064
598.84,0.0022651259503923137
599.04,0.001339497530270217
599.23,0.0020631944538479587
599.43,-0.0015393547172428126
599.63,-0.002267305284892774
599.82,0.00031982606764735977
600.02,0.004713205271829776
600.22,-0.002279738146046996
600.41,0.002483818390651747
600.61,-0.0005166853742405579
600.81,0.000776715295750431
601.0,-0.003562705580685083
601.2,0.00304686274644634
601.39,0.0017931827254191058
601.59,0.0019808367566842905
601.79,0.0008726445970108727
601.98,-0.00014261682751048036
602.18,0.0011403333641413049
602.38,0.0007973312594820668
602.57,0.0009647810185714582
602.77,0.002888686178057788
602.96,-0.0008030507120936149
603.16,0.0020846312918941018
603.36,0.0016344328598738862
603.55,-0.00014227174841266208
603.75,4.304793864453244e-05
603.95,0.0007807239747900784
604.14,-0.0009560775928664229
604.34,0.0017202582095847397
604.53,-0.0011521274663813933
604.73,-0.0006001557428952601
604.93,-0.0025576114255350044
605.12,0.002050767240380323
605.32,-0.000981569498440451
605.51,0.0022693270576305035
605.71,4.3727024536205116e-05
605.91,0.00160073929964937
606.1,-0.002232228349201825
606.3,0.0014149036296340926
606.49,0.0009612384158553193
606.69,0.0022261803124244326
606.89,-0.0016803904534509625
607.08,0.001332221989312424
607.28,0.0012908666133378034
607.47,0.0018903252615016413
607.67,0.0003124843150683858
607.87,-0.002155938884851238
608.06,-0.000759228987112957
608.26,-0.0007725711500231476
608.45,0.000593555615897264
608.65,0.00284769533272858
608.84,-4.808168784386636e-05
609.04,0.003035808841593423
609.24,-0.0015583252720193757
609.43,-0.00013679754060552999
609.63,0.0020899588766559157
609.82,-0.001296694568554495
610.02,0.0004829195391277574
610.21,0.001442001708735813
610.41,0.003745432409172395
610.61,0.0010205286588064553
610.8,0.0032796216707526855
611.0,0.0008315040559902591
611.19,0.0002164991240766914
611.39,-0.0003087436775998402
611.58,0.000995293190153436
611.78,0.0009240017305590674
611.98,0.00012809426735873407
612.17,0.00047907156497656485
612.37,-0.0001333840087951812
612.56,0.0002992828067454967
612.76,-0.0003145225749299503
612.95,0.0018991886846662742
613.15,0.00012678070317103984
613.34,-0.002024247019411538
613.54,-0.0028473405729077697
613.73,-0.0010601013229200081
613.93,-0.0014880784244507771
614.13,-0.0002989862810708735
614.32,0.0012093141538453247
614.52,-0.0011367314783946936
614.71,-0.001661815495932084
614.91,0.00029505984211088284
615.1,0.0015530556786339193
615.3,-0.00021482250863185843
615.49,0.003698085688022519
615.69,-0.00029694833371422705
615.88,-0.0006238901953256194
616.08,0.0016478035323817934
616.27,0.0020901229367747435
616.47,0.0032066109854684637
616.66,-0.0018004456441398846
616.86,-0.0004634164799583646
617.06,-0.00012652850151253334
617.25,0.0022836600638778955
617.45,0.0023259907648028114
617.64,-0.00037214246169134434
617.84,-0.000953227037861104
618.03,-0.001045592077396025
618.23,-0.00045286398906290424
618.42,0.0009306924509431136
618.62,0.0024806687351107927
618.81,0.0014264002995528764
619.01,0.0010901278083890096
619.2,0.0002865825608720695
619.4,-0.0009448677759994119
619.59,-0.0024453519397339423
619.79,0.0023674572157165903
619.98,0.0007767454278073716
620.18,0.000523287759691371
620.37,0.0014384969262012904
620.57,-0.0011876250586240983
620.76,0.0010257229542122868
620.96,0.0016164766542606421
621.15,0.0010405283855363285
621.35,-0.001606186881574409
621.54,3.922128679952531e-05
621.74,-0.00012434670435883155
621.93,-0.001210986607789348
622.13,0.0016166108632785666
622.32,0.0033837482041412827
622.51,0.0014505595719460558
622.71,0.001448274936673384
622.9,-0.0024748647024720578
623.1,0.00037227706878081233
623.29,0.002277223737157633
623.49,-4.4474389861288036e-05
623.68,0.0006210249692701808
623.88,0.0001228735589019523
624.07,0.001106695819999548
624.27,0.0015297749011455618
624.46,0.001288251808449749
624.66,0.0006228889029507933
624.85,0.0020280347559188806
625.05,0.0017254222827782514
625.24,-0.0025458741809601454
625.43,3.995287390781832e-05
625.63,0.0009580532502159333
625.82,-0.0001269066227042186
626.02,-0.0005466398215815779
626.21,0.0009657967429421006
626.41,-0.0013862386774166754
626.6,-0.0004674916865865135
626.8,-0.00012775503738112065
626.99,0.0004592082115244085
627.19,-0.0007036090604430123
627.38,0.0010508745112766719
627.57,0.0032967408965100817
627.77,0.0026869840209062072
627.96,-0.001742019356652438
628.16,-0.00021653321998450358
628.35,0.001832723807079187
628.55,4.057555338395807e-05
628.74,-4.492021162003035e-05
628.93,0.0006504367508977596
629.13,0.0029600539438402154
629.32,0.0022866400746490607
629.52,-0.0014265583248138222
629.71,0.0025753744163129083
629.91,0.00038351709551365557
630.1,0.0016182285329458443
630.29,-0.00022003770375788375
630.49,0.000476775455687314
630.68,-0.0003072115804673528
630.88,-0.0006630671592308386
631.07,0.001629506410290995
631.27,0.0012425414311742343
631.46,-0.0017116285756532544
631.65,0.001781737612133477
631.85,-0.0006536831594915042
632.04,-0.0014761169418711858
632.24,-0.00108048881649093
632.43,0.0013538623479895289
632.62,-0.0016650743824211786
632.82,0.002831347124663022
633.01,0.0009214810172061528
633.21,0.0009161598832753804
633.4,-0.001795341173021244
633.59,4.154500481573551e-05
633.79,0.0016086452700660126
633.98,0.00021816193331485495
634.18,0.002159770987446791
634.37,0.0011938899612822637
634.56,0.0006633733284317628
634.76,0.0005687251735971191
634.95,-0.002677382506064093
635.14,0.0007563273770277557
635.34,0.0003081841248449134
635.53,0.0025783379867203413
635.73,-0.0011285690632099087
635.92,0.0011200552564900727
636.11,-0.004329651744007853
636.31,0.002288217119845254
636.5,0.0007498999337349605
636.7,0.0010221655100394382
636.89,0.0012935204688441016
637.08,0.0006631966718191899
637.28,-0.0007515353223186305
637.47,0.0014683543816701693
637.66,0.0009397576903719584
637.86,0.00012972065022714147
638.05,-0.0011999478033872248
638.24,0.0011901981068063794
638.44,0.0013689565470084307
638.63,-0.0004019337514849007
638.83,0.0008542275178056024
639.02,-0.0006827292337612017
639.21,0.0024647879369011742
639.41,0.001479964563591453
639.6,-0.0029298681640324386
639.79,0.002288833974687394
639.99,-0.0004141364268677468
640.18,-0.0004094190444569211
640.37,-0.00023010906777022646
640.57,-0.0016869691377331174
640.76,0.0001336567674604302
640.95,-0.0017775295253580315
641.15,-0.0015354936286203946
641.34,-0.00178190868710845
641.53,-0.0013208614017743787
641.73,0.0009600926649382176
641.92,0.00013431568784246344
642.11,-0.0009666992422623567
642.31,0.0015829008899377142
642.5,0.0014206201646149018
642.69,-0.0016095517466097149
642.89,0.0008591090520336906
643.08,0.0009437384687057202
643.27,0.0034137768195476362
643.47,0.002007888201093526
643.66,0.0034877225318615474
643.85,-0.0015588796156576355
644.05,4.249666271437244e-05
644.24,0.001848005073489947
644.43,-0.0011398635109170613
644.63,0.0018696083678033171
644.82,-0.001414604207374354
645.01,-0.00032148555821985125
645.2,-0.0029573037029575946
645.4,-0.001048216315217121
645.59,-0.00013892325650495535
645.78,-0.0016107349717898228
645.98,0.0006904073270267081
646.17,0.0020850181416937914
646.36,-0.0014375207911059484
646.56,0.001166901202477052
646.75,-0.0021837523616141637
646.94,0.0005107816571288331
647.13,-4.937931544144573e-05
647.33,-0.00023577304211952555
647.52,0.0008004957294997499
647.71,0.0007034075472886674
647.91,-0.0011685688202487474
648.1,-4.934245307179901e-05
648.29,0.0005957961761079477
648.49,0.00032247037031963026
648.68,0.0026468925013853166
648.87,-0.0008864414612329899
649.06,0.0009837241138795027
649.26,-0.0010686200797213883
649.45,0.0019134718031050663
649.64,-0.0006051623852400357
649.83,-0.002984416002734831
650.03,0.0025932220367845715
650.22,0.0022303689081446957
650.41,0.002323628152549966
650.61,0.00135682922198003
650.8,-0.0033424783070552075
650.99,0.003227198042465121
651.18,0.00032430815660219517
651.38,0.0003273049305011262
651.57,-0.001356375485301339
651.76,-0.005048231456713812
651.95,-0.0008975465367206276
652.15,-0.0003312636950185805
652.34,-0.0007033301151976059
652.53,-0.0007037903464713099
652.72,0.0004208419344102816
652.92,0.000709486105925562
653.11,-4.9694883556770685e-05
653.3,0.002005256196759007
653.49,0.0005135142708688219
653.69,-0.0009984169275842401
653.88,-0.000520332403370342
654.07,0.00014019029547247418
654.26,-0.0009018790338148425
654.46,0.0010783787594890774
654.65,0.001869093046165877
654.84,0.000805826036701188
655.03,0.0009904234119627261
655.23,-0.0006219380686749804
655.42,-0.000620342517934389
655.61,0.0031785114182172978
655.8,-0.0020588950630895633
655.99,-0.00043577479131094455
656.19,-0.0013645284099950065
656.38,-0.002326883644557003
656.57,-0.0009009410395478728
656.76,-0.001842081779744833
656.96,-0.0007139346188704515
657.15,-0.004628192281131717
657.34,-0.0010885990562304682
657.53,-0.00043067751148444483
657.72,0.00023538884558389314
657.92,0.0006211298071528365
658.11,4.467639793643159e-05
658.3,0.0025125808292028916
658.49,-0.00024172288242330425
658.68,-0.0012801072825885291
658.88,0.0016719719733847712
659.07,-0.0004321982550724899
659.26,0.0020630586010257613
659.45,0.002515206936352178
659.64,-0.0007165847427364872
659.84,-0.0010196897314422178
660.03,0.0011867780533348431
660.22,0.0005362644894539978
660.41,-0.0014172382346243299
660.6,-0.002890027907481081
660.8,0.0019766600592754924
660.99,-0.0001478583329303431
661.18,-0.0016989412036648003
661.37,-5.1681421653949314e-05
661.56,-0.00014770119596264482
661.76,-0.0011284500026230702
661.95,0.00042974053421277825
662.14,-0.0013089656665370773
662.33,-0.004794435404654314
662.52,0.0031536263558898997
662.71,-0.0024948369560621117
662.91,-0.000722013690317872
663.1,-0.0005328186104492728
663.29,0.00023859327903223888
663.48,-5.1435091538713687e-05
663.67,-0.003345658956094453
663.86,-0.0003443558807454477
664.06,-0.0004409941739030188
664.25,-0.0009397706023152588
664.44,-0.0009356182338536943
664.63,-0.0017832470328548774
664.82,0.00024068467959684472
665.01,0.0015053530859738301
665.21,0.001532491419152619
665.4,0.0004376056388109417
665.59,0.004597255311539759
665.78,0.0014214688794422707
665.97,0.0013202588341885383
666.16,0.0009345552237661727
666.35,4.692768729968806e-05
666.55,-0.001929821879822107
666.74,-5.299709381242313e-05
666.93,0.0025138214025923534
667.12,0.0001445568343396389
667.31,-0.0015271496213963634
667.5,-0.00025021364258742587
667.69,-0.002224741124746414
667.89,0.002151323573986757
668.08,4.7181414700508194e-05
668.27,0.00034046714915389887
668.46,-0.001959447485616338
668.65,-5.3226484484837904e-05
668.84,-5.27065532173009e-05
669.03,0.001144322006255918
669.22,-0.00015162720969900004
669.42,0.004700367175003468
669.61,0.0015355334434614197
669.8,0.0030619817249826443
669.99,-0.00025436647370273606
670.18,-0.0016516437179847966
670.37,0.0018499951183186304
670.56,-0.0012554549933983142
670.75,0.0003490254954986601
670.94,0.004223692960738297
671.14,-0.0009404198411901011
671.33,0.004325292024318989
671.52,-0.0030351309161718043
671.71,-0.0011449237723684309
671.9,-0.0013426105904523606
672.09,-5.2088703873588545e-05
672.28,0.0016305766415533926
672.47,0.0002465928371780199
672.66,-0.00283460266776462
672.85,0.0012556012236589064
673.05,0.0007581556485881079
673.24,0.0012491870555828828
673.43,-0.0005517482017926573
673.62,0.0007511430791947872
673.81,-0.00156532654843864
674.0,0.0023786462094586677
674.19,0.0013609397570658978
674.38,0.0019661008330412494
674.57,-0.003480207340449403
674.76,0.0007586175409761259
674.95,0.0006454781902642984
675.15,-0.0009624569137941582
675.34,0.0002519221439564578
675.53,-0.0007573101414791352
675.72,-0.002262954356828478
675.91,0.0007603933543744258
676.1,-0.0022748364155435615
676.29,0.0009589683205379878
676.48,0.0011739504481737177
676.67,0.0011685689043411513
676.86,-0.0018622876093700757
677.05,0.0018160464925849483
677.24,0.001178291503184421
677.43,0.0006607690852627231
677.62,-0.0025712696753577256
677.81,0.0017700495373344923
678.0,0.0003484648947798554
678.2,-0.0021106089256530845
678.39,-0.00045390027965881014
678.58,-0.0005701256390730021
678.77,-0.001478083271090861
678.96,0.0007518990247033441
679.15,-0.000458634885466953
679.34,-0.0027182596651177766
679.53,0.0012815352104294162
679.72,0.0012824577023847392
679.91,-0.00450819809546233
680.1,0.0003558961668323253
680.29,0.0009829537966917093
680.48,0.0013921627741250325
680.67,0.0018903215902703145
680.86,-0.0012753920374964486
681.05,0.0018685222590670673
681.24,0.001356827523490873
681.43,0.00014738064239943287
681.62,-0.00025771051154619676
681.81,0.0017968092485549172
682.0,0.0018826150127456925
682.19,-0.0015929448446998658
682.38,0.0020138885013403023
682.57,0.0034522533512457276
682.76,0.001176840922032171
682.95,-0.00035973162040943
683.14,0.0048144378727332324
683.33,-0.0010894312513794646
683.52,0.0007739416059754146
683.71,-0.0017111471836081368
683.9,-0.00036940985175781815
684.09,0.0006584830293294018
684.28,-0.0015067482849966402
684.47,-0.0018156123285777638
684.66,-0.0005776911971813741
684.85,-0.0018090540314284582
685.04,-0.00232315997235799
685.23,-0.001493735666849974
685.42,0.0010891106519212124
685.61,0.0017975487164569566
685.8,0.000980105678694338
685.99,-0.000575826021866399
686.18,0.004119430155869048
686.37,-0.0006780699476784003
686.56,-0.0020303410516710352
686.75,0.0010650718274049498
686.94,-0.003131968926085603
687.13,-0.0009803801832189516
687.32,-0.0018227868177314137
687.51,-0.0009869807220198004
687.7,-0.0015009887052365104
687.89,-0.002444936596488273
688.08,-0.0010919168680824862
688.27,0.0008794444151918742
688.46,-0.0012065105644022498
688.65,-0.002904347793086563
688.84,0.001111067430075466
689.03,-5.6100853305423765e-05
689.22,-0.0006973347979285081
689.41,-0.00016169883458893648
689.6,0.0026129195679368733
689.79,0.0007844239167339907
689.98,-0.00177662472234197
690.17,-0.0006906952504141275
690.36,0.001958259143849869
690.55,-0.0008955533942077937
690.74,0.0012136970796294173
690.93,-5.6154472932966875e-05
691.12,0.0028557425105154933
691.31,-0.0003691007374113468
691.49,-0.0014507338723022422
691.68,0.002911175414233544
691.87,0.0020251995736343224
692.06,-0.0019352271834986807
692.25,0.004174873675163405
692.44,-0.00026569841076066813
692.63,0.0010158472949641719
692.82,0.0001552664756142463
693.01,0.001408170547689984
693.2,0.0035368864376274585
693.39,5.028808160949919e-05
693.58,-0.003196907584246063
693.77,0.00026071957844642663
693.96,5.0239828064739165e-05
694.15,-0.002266313195016909
694.33,0.00164055672889543
694.52,5.0584990313557784e-05
694.71,0.0014370115072197878
694.9,0.001448600968647947
695.09,-0.0019775691218187914
695.28,0.0010138898676090146
695.47,-5.531445893615962e-05
695.66,0.0003643765818757997
695.85,0.001941586050829101
696.04,0.0011027597025617328
696.23,0.0015236922209887792
696.42,-0.0020588093642643895
696.6,0.0013149096800791034
696.79,0.004510311985847549
696.98,-0.002287503884170125
697.17,-0.0022960425586929433
697.36,0.0006835940097557532
697.55,0.003875188284310938
697.74,-0.0006882197631689768
697.93,-0.0022901806162326887
698.12,-0.0016602154011225738
698.31,-0.0010264239258680873
698.49,-0.00047895835877442546
698.68,0.001776357415991566
698.87,-0.0002668761182318106
699.06,-0.0017624169851738307
699.25,-0.0001628008799674816
699.44,-0.0009247821730391826
699.63,0.00080418127802487
699.82,-0.0024422838376027436
700.0,-0.0028893819230080557
700.19,-0.0001655152645965922
700.38,-0.002522254334702876
700.57,0.0007058126555857915
700.76,-0.00135571238345758
700.95,0.0014678578329715012
701.14,-0.002230789586938443
701.33,0.00037835673982740306
701.51,-0.0015841271945495627
701.7,-0.0023929944066669096
701.89,0.002346204506174858
702.08,0.0010172656995237478
702.27,-0.0011436278595092007
702.46,-0.0011416437876363094
702.65,-0.0004937357521548444
702.83,-0.003119443086388234
703.02,-0.0016810636378185926
703.21,0.001595949153369409
703.4,0.0012589869123000577
703.59,-0.00225405894520152
703.78,-0.002849960680203493
703.97,0.0017219959458426113
704.15,-0.0021499244615783624
704.34,-0.0015774195072780352
704.53,0.0044662971415460155
704.72,-0.0021334831893392602
704.91,0.0012379278741063496
705.1,-0.0009234804345616113
705.28,-0.004767418451378907
705.47,0.0004886864948361646
705.66,-0.0006150280524018263
705.85,-0.0009401757188815077
706.04,0.0003898729983657699
706.23,-0.0018545672198887054
706.41,-0.0009479082252127553
706.6,0.0023999655826681438
706.79,-0.0006168120408773375
706.98,-0.0009601806484114858
707.17,0.0028714622235036587
707.35,-0.0001731055834085789
707.54,-0.0032241475684740032
707.73,-0.0018654512341817202
707.92,0.0016169919608610014
708.11,-0.0009683570644118728
708.3,0.002038210391737294
708.48,0.000825871529063167
708.67,-0.002169991602224427
708.86,0.00038231554859508384
709.05,-0.00039193516489443084
709.24,0.0012747968779668853
709.42,0.0010503191845406463
709.61,0.0029417466995792694
709.8,-0.001714471577778506
709.99,-0.00028287769100983676
710.18,-0.0013857011397123283
710.36,-0.0009402793712382338
710.55,-0.0006082616736179416
710.74,-0.0011716252928562836
710.93,-0.003950946975227474
711.12,-0.0015196653422964318
711.3,0.000951772418484031
711.49,0.0040407061913649974
711.68,-0.0017639379495906777
711.87,-0.0027259289141417778
712.05,0.0016231585139566257
712.24,-0.001981442830311964
712.43,0.0023964832842380177
712.62,-0.0005074560570865852
712.81,0.0013021466023528515
712.99,0.0027497389910402124
713.18,5.3728358442800795e-05
713.37,0.0019922778212348065
713.56,-0.0009595324960188058
713.74,-0.0014339133896551523
713.93,0.0012745136046034404
714.12,0.0016186197193185506
714.31,-0.0014170466274656384
714.49,-6.061543219421229e-05
714.68,-0.0010792013176929899
714.87,-0.0005183759967621013
715.06,-0.002070608097922755
715.24,-0.0016397296049749652
715.43,-0.002385864203067535
715.62,-0.0009594245556844546
715.81,-0.0011928636838418071
715.99,-6.011923238782102e-05
716.18,0.0008497295961595703
716.37,0.0013291537304456274
716.56,-0.0024824270297107275
716.74,0.0012134257999085495
716.93,-0.00017732205314737845
717.12,0.0010971624204578125
717.31,0.0017963744227356476
717.49,0.001569620529043852
717.68,-0.002588481813879763
717.87,0.0016598349241975757
718.06,-0.001106007638091249
718.24,0.00310131946203339
718.43,0.0005223103851524389
718.62,-0.00041532265405146574
718.8,-0.0020804506376476558
718.99,0.0002971837620868836
719.18,0.00041150315492859715
719.37,5.7066262643340174e-05
719.55,0.0008911849069233143
719.74,0.0006466806490275814
719.93,-0.00030131494183506763
720.11,-0.0018670069979245339
720.3,-0.0025491504748404977
720.49,-6.399743661967676e-05
720.68,-0.0013722331092233286
720.86,-0.002349617348650058
721.05,-0.0011186017689025283
721.24,0.0014990403461066723
721.42,-0.00018248668813282157
721.61,0.0021227488133016897
721.8,-0.0038560371728142513
721.98,-0.0024887977933560784
722.17,-0.0005529999257688693
722.36,0.0027335687227578506
722.55,-0.0012444669689044775
722.73,0.0006600207509482693
722.92,-0.0013525917641721396
723.11,0.0021378139542867903
723.29,0.0013935811364437902
723.48,-0.0011488106622119306
723.67,-0.00018756915233306856
723.85,0.0009308228752074458
724.04,-0.002127931801379636
724.23,0.0005507469200486548
724.41,0.0002987285123102719
724.6,0.0017818474786393164
724.79,0.0021414824596405336
724.97,-0.0010386417667160605
725.16,0.0012645684936951904
725.35,0.0013951064966290442
725.53,-0.0018518669452688979
725.72,-0.0035054221114300755
725.91,-0.002020269524618925
726.09,0.0032426430250567916
726.28,-0.0008021131593845203
726.47,0.003754245186646397
726.65,0.00018024235325121991
726.84,0.004559774237432967
727.03,0.0014363318543634315
727.21,-0.0014704188881614483
727.4,-0.0009182027442548668
727.59,-0.004061288950626345
727.77,0.0005435165212843828
727.96,5.7986179812935216e-05
728.15,0.0015367219818616326
728.33,0.0054892774160835035
728.52,-0.001056787979627298
728.7,0.0015263774488848512
728.89,0.002490879686265589
729.08,0.0010431935276818429
729.26,-0.0008087705484533718
729.45,0.0003065854282221976
729.64,0.0006768407866661079
729.82,-0.0006928751071206505
730.01,0.00388558983111519
730.2,0.00018336490288161348
730.38,0.0030423709295487474
730.57,0.0032743295499899267
730.75,-0.0008255422311472713
730.94,-0.001991259124298015
731.13,-6.717638462181253e-05
731.31,0.0001871672804136584
731.5,-0.0008271110128805971
731.68,0.0032607459330471883
731.87,0.0009565649508522781
732.06,0.001929447969728173
732.24,0.0010592376996865515
732.43,0.002334444259062854
732.62,-0.0007026494501550854
732.8,0.0008180578424645281
732.99,0.0013230477092549305
733.17,-0.0007100491121152252
733.36,0.0016002141619184157
733.55,0.002134830465368803
733.73,0.003819261702636475
733.92,-6.754536912165246e-05
734.1,-0.002478437502425248
734.29,-0.0006970682768626345
734.48,0.00239809049417477
734.66,0.0035430869905101734
734.85,-0.0005746106088909875
735.03,0.001207221689092507
735.22,0.0009635971820465704
735.4,0.0005736403270534459
735.59,0.00018728641221052957
735.78,-0.0009521093110649791
735.96,0.0019503661074347497
736.15,-0.0010882052049345993
736.33,6.11940500698177e-05
736.52,0.002759630156853703
736.7,0.00044494466778771707
736.89,-0.002783484010430735
737.08,0.00162017143815801
737.26,-0.004021457248739469
737.45,0.0017068447436702089
737.63,0.001495894382069912
737.82,0.0010934178104993232
738.0,0.0016378317884868081
738.19,-0.0037304850383137835
738.38,0.0036158377195744376
738.56,-0.0003239334273032054
738.75,-0.0018025219971426068
738.93,0.002924618622147425
739.12,0.00032033602176233814
739.3,-0.0017767191683007927
739.49,6.259212629275958e-05
739.67,-0.0024562666749321027
739.86,-0.001389851095522699
740.04,-0.0029513148501134436
740.23,0.00057958904665296
740.42,-0.0004672347466430251
740.6,-0.001118752432968039
740.79,0.0013800675763766237
740.97,-0.0005925801807110629
741.16,-0.0037724146164775174
741.34,0.0016694024579266816
741.53,0.0022021908408290753
741.71,-0.0024330414316049683
741.9,-0.0013007732456133837
742.08,0.0032380928749550317
742.27,0.0031626105277851747
742.45,0.0007279946738167506
742.64,-0.0012825646257152944
742.82,0.00020007190848545122
743.01,-0.0004744592446279892
743.19,-0.0025303994258336483
743.38,-0.0004901439104490533
743.57,0.0006183006035270547
743.75,0.0021229892438831455
743.94,0.0006267948494910814
744.12,-0.0038812174230497577
744.31,-0.001463860841697473
744.49,0.0010328682856723768
744.68,0.00047489386245204234
744.86,-0.004142038691238755
745.05,0.004556095301468581
745.23,-0.003372825581044507
745.42,-0.005460174612299772
745.6,-0.004417359593229969
745.79,6.614147307663924e-05
745.97,0.0007459601183531255
746.16,0.0034218445769321555
746.34,0.0013035937698812957
746.52,0.005510433875038391
746.71,0.00020023528870355284
746.89,0.000759525908022966
747.08,0.0018384545788809976
747.26,-0.0032676718300311026
747.45,-0.0023892654173320485
747.63,0.0010295945221804061
747.82,0.0020030840423958794
748.0,0.001868804439221445
748.19,0.0004896998114782646
748.37,0.001344108664013168
748.56,-0.0034677142530226118
748.74,-0.00021482233687275748
748.93,0.00020319437454635784
749.11,0.0014788878722557946
749.3,0.0027573889925520496
749.48,0.0012064740782256331
749.67,0.00590802664530779
749.85,0.0017950737212494433
750.03,0.0024935837835423527
750.22,-0.0038031519491991666
750.4,0.0004942318280175726
750.59,-0.0007881958315363404
750.77,0.0003554964038977365
750.96,-0.0016888340405710046
751.14,0.0007918439552006921
751.33,0.0012107850874464522
751.51,-0.0007932849998941886
751.69,-0.0008016820196336407
751.88,-0.004417116991926148
752.06,0.002401938336436083
752.25,-0.0040044937400024955
752.43,0.0024256377032776098
752.62,0.0006570041772357361
752.8,-0.0025696475738635196
752.99,0.001081458224315373
753.17,0.003587907964332941
753.35,-0.0015441550802280037
753.54,0.0024124924856575563
753.72,-0.0037656000207991376
753.91,0.005887298447347771
754.09,-0.002754605849646965
754.28,-0.0020073944276523996
754.46,-0.0008198710716733686
754.64,-0.0018551610815647638
754.83,0.0021285995846505963
755.01,-0.0015774698289358676
755.2,0.001373542534694605
755.38,0.0009642033477526189
755.56,-0.0009613199797248819
755.75,-0.0009812587684796918
755.93,0.00021921021080090563
756.12,-0.0014250830760490763
756.3,0.004144428194267703
756.48,0.0023803818019506903
756.67,0.0020168098000261786
756.85,0.004182285662651598
757.04,0.0030958506027688095
757.22,0.0026909973754880505
757.4,-0.0006980804727651522
757.59,-0.0039773921376871435
757.77,0.0016339658332187393
757.96,7.25017475135005e-05
758.14,0.00023058218901989653
758.32,-0.004566443731055427
758.51,-0.0022767127627252625
758.69,0.005598493227308549
758.87,-0.0036357693896120653
759.06,0.005317605252016096
759.24,0.0038019626241869264
759.43,0.0033667298950837005
759.61,-0.0030635916761045994
759.79,0.005301249607924387
759.98,-0.0010184550793974052
760.16,0.0011660174133500914
760.34,-0.0007075693055423578
760.53,-0.0007073482754804036
760.71,-0.0011746330885105333
760.9,-0.0008737735476854603
761.08,0.002402934250333126
761.26,-0.0005527124886541755
761.45,-0.0007170924889830267
761.63,0.0022637916568895465
761.81,0.0033389812778749617
762.0,-0.0022115595738517926
762.18,-0.002910825660699779
762.36,-0.0021110771208298308
762.55,-8.181006152449938e-05
762.73,0.0006924108319124024
762.91,0.001916152441063258
763.1,0.00023156208156760786
763.28,-0.00038481139041715036
763.46,0.002361848864736521
763.65,0.0008297940245010248
763.83,-0.0011465483853826798
764.01,-0.0002299787283204405
764.2,-0.003442939719694236
764.38,-0.0020506003771883323
764.56,0.0031294524310582954
764.75,7.158755513198663e-05
764.93,-0.0012797379856567814
765.11,-0.0018642706088077227
765.3,-0.0015788891675904216
765.48,0.00037019454342942994
765.66,0.0003704165001949194
765.85,0.0003691990208433596
766.03,0.0025778380234558374
766.21,-0.00022447447883627627
766.4,0.0024346010024452404
766.58,0.0003615821825774288
766.76,-0.0009592014370581472
766.95,0.0010780252570366249
767.13,-0.0002269740197526085
767.31,-0.002238391552081097
767.49,0.0040001948503973275
767.68,0.0005133827989630258
767.86,-0.0008033127635788285
768.04,-0.0033682447793750695
768.23,-0.0022425939076458523
768.41,0.0006316650701412536
768.59,0.0014730625887139474
768.78,0.0038711103248701534
768.96,-0.0010685980738685593
769.14,-0.00035564126470687374
769.32,0.0009118930829437526
769.51,-0.0006452654480597135
769.69,-0.0014927085750421315
769.87,0.0013126270937598669
770.06,-0.000208921488287856
770.24,-0.0013204205606777806
770.42,0.0027015332311545277
770.6,-0.0022977470078033332
770.79,0.0036666429166129022
770.97,0.0003416844596237944
771.15,-0.0045498157784974735
771.33,-7.28596727658915e-05
771.52,0.0014486082462683836
771.7,0.0015915738914006653
771.88,0.00060672236667606
772.07,0.0011312353041485884
772.25,0.001030020357407647
772.43,0.0002004808599599582
772.61,0.004794398998432017
772.8,-0.0011496677309942318
772.98,-0.0012851593447191251
773.16,0.003561085020360469
773.34,0.0026225737074994614
773.53,0.001011473922527044
773.71,0.004598940079405267
773.89,0.0014224361821637012
774.07,0.0010105162779722586
774.26,-0.00033643140556063644
774.44,0.0001924810048543855
774.62,-0.0021856317189149132
774.8,0.0016720883742352792
774.99,-0.0007458750006672543
775.17,0.0002008366392811968
775.35,-0.003145360269017018
775.53,-0.002087630174646193
775.71,-0.005735416302308238
775.9,-0.0005984531483436485
776.08,0.004823297205779589
776.26,-0.00034142804343275014
776.44,-0.00046698741704546395
776.63,0.003303586647158207
776.81,-7.057444235387806e-05
776.99,-0.002617282355544473
777.17,0.00047058043292425066
777.35,0.0017867596576864352
777.54,-0.005012209845031287
777.72,-0.0034482172226230593
777.9,0.0004672234291488404
778.08,0.002498315400764339
778.27,-0.000742569115212226
778.45,0.0016936608623650243
778.63,-7.061214000417384e-05
778.81,-0.0012931823562866232
778.99,-0.0045682823679787906
779.18,0.003042213574398855
779.36,0.0026525848859016124
779.54,-0.0017185140157819038
779.72,-0.0006227287588407397
779.9,0.003579695880038487
780.08,-0.001622977923955503
780.27,0.0016112464903979566
780.45,0.0034493371320153603
780.63,0.0006211350831386615
780.81,-0.0013288913213714666
780.99,-0.00035409748207979085
781.18,-0.004265898097963351
781.36,-0.0007683689930866733
781.54,0.003723898176003406
781.72,0.002152526603797481
781.9,-0.0009162589776972918
782.08,-0.0030461782296741986
782.27,-0.0009328861647584848
782.45,0.0012216105235910945
782.63,-0.0016770420013991862
782.81,-0.0018393642971098738
782.99,0.00021155066638460474
783.17,0.0022551254161180963
783.36,0.0006530697166371013
783.54,0.0025381413614617493
783.72,-0.0035551676622074513
783.9,0.0024263523377287513
784.08,0.0030939790005213774
784.26,-0.0032597275771863673
784.45,-0.0003864580269750941
784.63,-0.0036101083032490915
784.81,0.0005298387039211968
784.99,0.0017571070821498587
785.17,0.005101951424358362
785.35,-0.00039558675982931195
785.53,0.004258793206229432
785.72,-0.004614973788140709
785.9,-0.003173667512866777
786.08,0.0007044101287716181
786.26,0.0030078488574008535
786.44,0.0013409199223120597
786.62,-0.0008732215284046914
786.8,-0.0021850666006673074
786.99,0.0019524507565113196
787.17,0.0007118114312449203
787.35,-8.403327717775616e-05
787.53,0.0018476727377017424
787.71,0.0025085196934251886
787.89,-0.0010705596107055896
788.07,-0.002987803427940335
788.25,0.003005175221906007
788.43,7.801097036715233e-05
788.62,0.0015421749410922036
788.8,-0.006962261984330046
788.98,-0.0009143807643318858
789.16,0.002210763377479736
789.34,-8.636659269690502e-05
789.52,-0.005821283738914902
789.7,0.003875395780362173
789.88,0.0028392467256885545
790.06,-0.0033046572597458103
790.25,0.00273814343231273
790.43,-0.0012667306185070912
790.61,0.0007526714386318522
790.79,-0.0005993705692553991
790.97,-0.000264976965708233
791.15,0.0019664488917528226
791.33,-0.0033569185355203216
791.51,0.0033960618731982213
791.69,0.0026885568494439487
791.87,-0.0007615906658867203
792.05,-0.0016371143526538305
792.24,0.0018061707628667242
792.42,0.0033264403769515173
792.6,-0.00234814623812737
792.78,8.090400030138958e-05
792.96,-0.002137844637680441
793.14,-0.004799741103733481
793.32,0.0002521172610326026
793.5,0.0002482041609698113
793.68,0.0011362050246914663
793.86,-0.004614927334449253
794.04,0.0013106325300634688
794.22,-0.002381210156200035
794.4,-0.0018521998907790498
794.58,-0.0004436084105125659
794.76,-0.001171192157465004
794.95,0.00498491928083644
795.13,-0.001502478677920147
795.31,-0.0027448265075086862
795.49,-0.00568960402563015
795.67,-0.00487453160738523
795.85,-0.0033107964358321815
796.03,0.0034941809912164635
796.21,-0.0060625533749904805
796.39,0.0011530077864878325
796.57,0.00334231777859212
796.75,0.0019078578708148937
796.93,0.0026453339084726375
797.11,-0.0011928037459952281
797.29,-0.004214760101473838
797.47,0.0009821831587552884
797.65,8.725590825741352e-05
797.83,0.0011991582562279313
798.01,0.003738714384163257
798.19,0.0006433586387731324
798.37,0.007229433630149077
798.55,-9.81311686621044e-05
798.73,0.002550174426483143
798.91,-0.0012254926784408418
799.09,0.0019845124855217924
799.27,-0.0015775126929558764
799.45,-0.0066716199338189685
799.63,0.0019364361990504815
799.81,-0.005323200263760288
799.99,0.0021475774262607913
800.17,8.775966980927406e-05
800.35,0.003309902106765987
800.53,-0.0024935671801209385
800.71,-0.004259173748854953
800.89,-0.0008750463065608936
801.07,0.004603773023094666
801.25,-0.001625621606574881
801.43,-0.005590073056496311
801.61,-0.0020478140442123467
801.79,0.003431468480580807
801.97,0.013377280058470704
802.15,0.002006184644796436
802.33,0.002863053795948178
802.51,0.006163008004373073
802.69,-0.0014969321116612578
802.87,-0.0030255945535092826
803.05,0.0010670411950861461
803.23,-0.00010589366691038232
803.41,-0.0023444523527548517
803.59,0.0026726118304286747
803.77,-0.00010720325664531772
803.95,0.0032952521454401606
804.13,0.005612704982791485
804.31,0.0031296274062512586
804.49,0.002662575282627575
804.67,0.0008938028470820616
804.85,-0.003055960822539774
805.03,-0.005671193753749623
805.21,-0.00030862740683990157
805.39,-0.0013188192970511412
805.57,-0.0005161326321369206
805.75,0.0021735932685063514
805.93,-0.00031485656246271846
806.11,0.0021592504708293574
806.29,0.007874618693954553
806.47,0.0005078059456906426
806.65,-0.0017670833584868737
806.83,0.0007224984520564334
807.0,0.0005124391431898262
807.18,-0.0014117888648361812
807.36,-0.0045053691805648005
807.54,-0.003889763601146305
807.72,0.007349202539052473
807.9,0.0007344216980895225
808.08,0.002227222612851182
808.26,-0.007361472938783734
808.44,-0.010772644064079087
808.62,-0.003922703474535927
808.8,0.002851371589679642
808.98,0.0003104847433566596
809.16,0.0032540365260114944
809.34,0.002865930325369193
809.51,0.0011505112248595226
809.69,-0.0024479981790865254
809.87,0.0011823353961367801
810.05,0.004007232527958942
810.23,0.0042770666892122085
810.41,-0.005928918894801274
810.59,0.0005356537197525319
810.77,0.0016357460521973974
810.95,-0.005626212426184195
811.13,-0.006781955379895773
811.31,0.0005424736323860793
811.48,-0.0014477921369332085
811.66,0.0014140202584536725
811.84,-0.00316843706388883
812.02,0.0014433510776994723
812.2,-0.00620650559866867
812.38,0.0014404595378198783
812.56,-0.0023785937935523523
812.74,-0.008143799204626278
812.92,-0.0007991846849819179
813.1,0.000576786000639763
813.27,0.0019575457778937895
813.45,0.001955738035741433
813.63,-0.005389745064481645
813.81,0.007330018389976425
813.99,-0.00311617336231045
814.17,-0.00479143770837128
814.35,0.00384171045467093
814.53,-0.0012799661562624563
814.7,0.0029396128732490233
814.88,0.005662706462377513
815.06,-0.004132711518417399
815.24,0.009264520508505925
815.42,-0.004074118354266863
815.6,-0.011274039124450642
815.78,-0.0014969207968072197
815.95,0.00011562418081151485
816.13,0.0010614251789180388
816.31,0.00646006088715238
816.49,0.0017618850898035551
816.67,0.00844860453659478
816.85,0.002269387403305403
817.03,0.00934341029670898
817.2,-0.006446109215882154
817.38,0.0003625067028287142
817.56,0.0037804109493920763
817.74,-0.001106611807785299
817.92,0.0018189349640985945
818.1,0.0013547757850529403
818.27,-0.0013266503072356295
818.45,0.004473023790214758
818.63,-0.004991834803243677
818.81,-0.007651740607302885
818.99,-0.0016365018353165113
819.17,0.0031283865664355893
819.34,-0.006668083163429058
819.52,0.0013839035907794452
819.7,0.003150515014244118
819.88,0.003207230375718677
820.06,0.003180240861737961
820.24,0.005715728730251834
820.41,0.0006258683125697596
820.59,0.0026405999268868685
820.77,-0.005495580121150674
820.95,0.011149942054212015
821.13,0.00037962429261330106
821.3,0.0008926960809254537
821.48,-0.002995677065077686
821.66,0.001710393086170926
821.84,0.007511262148268434
822.02,-0.0037781525685170064
822.19,-0.004788451938388761
822.37,0.002209804777119382
822.55,0.006597956972114534
822.73,0.0003848879260940001
822.91,-0.006562934003967201
823.08,0.002534126005638032
823.26,0.005914302728607645
823.44,0.007415402113413035
823.62,-0.008404376604286654
823.8,0.0009165014906208285
823.97,-0.0047177803100200205
824.15,-0.002603867170336546
824.33,0.008342336140174905
824.51,-0.004978884926959912
824.69,-0.002057340123636989
824.86,0.0003950152742458839
825.04,0.0020168122713850665
825.22,0.0017478118347943876
825.4,-0.001212046529493924
825.57,0.00784963348257187
825.75,0.000683513398156017
825.93,-0.002601024110285768
826.11,0.000129832417073271
826.28,0.0037803653175456503
826.46,0.009954120800084804
826.64,0.0006927100086009082
826.82,-0.0007052844162241391
826.99,0.004025967137780555
827.17,-0.0018987441089240858
827.35,-0.005818037240739503
827.53,-0.007448283389498927
827.7,-0.0007191234672594124
827.88,-0.005191448651746789
828.06,0.004814076152608013
828.24,-0.0036101083032490863
828.41,0.003538466406002034
828.59,-0.006386664994284317
828.77,0.007549248614329734
828.95,0.00500110689518476
829.12,-0.0007276069390724813
829.3,-0.0072581700981273825
829.48,-0.0034276425198787107
829.66,-0.0040020387945573855
829.83,0.002227243140530797
830.01,0.006974126791228324
830.19,0.0004375421896579692
830.36,0.0054640971045073865
830.54,0.0033342011247831944
830.72,-0.010082413808396267
830.9,0.000442809861343144
831.07,-0.01271109439781176
831.25,0.00227540383762141
831.43,-0.0026134065219427928
831.6,0.006307627341253624
831.78,0.0029639519058559842
831.96,0.007865199740085206
832.14,0.003555346453962791
832.31,0.0045089119097814255
832.49,-0.00425370205537163
832.67,0.0013935680611690173
832.84,-0.0007852195543124963
833.02,0.0038308503338596684
833.2,-0.0020540620066431523
833.37,0.006789381312082927
833.55,0.0004681739042842043
833.73,0.008077201667683791
833.91,0.0023380661255081223
834.08,0.0011092043269313786
834.26,-0.005540994604551722
834.44,-0.005228191500860733
834.61,-0.00742590837103429
834.79,0.0017316894617417436
834.97,-0.0030361205508340895
835.14,0.0020704791565243235
835.32,0.005431617255437858
835.5,-0.0027472559304692686
835.67,-0.00777689663659028
835.85,0.015618250523981253
836.03,-0.003821941641753477
836.2,0.004571985267097956
836.38,-0.017030075231812162
836.56,0.002148144344792106
836.73,-0.009043917335562276
836.91,-0.005519764842401391
837.09,-0.008545279627027488
837.26,-0.007129982499675355
837.44,0.008147646907355411
837.62,-0.008528151793170976
837.79,-0.0018827962402874162
837.97,0.006077117257001124
838.14,0.0024900165561524638
838.32,0.00566318926974666
838.5,-0.014450492558795946
838.67,-0.006565461728884753
838.85,-0.005328162740381338
839.03,-0.005553145231364924
839.2,0.007292047160695036
839.38,-0.00260649194577798
839.56,0.000865131425678676
839.73,0.0012561097045864418
839.91,-0.0019120982198950138
840.08,0.00329609113385286
840.26,0.004110855158420692
840.44,-0.013995106997808196
840.61,0.0012237822098843695
840.79,-0.0046723921380573095
840.97,0.008381169150618293
841.14,0.002642369252338008
841.32,-0.006166738588749516
841.49,-0.011951210443108968
841.67,-0.002663666594973763
841.85,0.010083765964901119
842.02,-0.001979886823125373
842.2,-0.0012659420299206098
842.37,-0.002721436939508151
842.55,-0.017141009484206007
842.73,-0.008170085979621081
842.9,0.00199499742263648
843.08,-0.0065880770003082225
843.25,-0.006436189532771985
843.43,-0.004512482202060207
843.61,0.0023570536698107295
843.78,-0.0039619533363924285
843.96,0.00016689492626685467
844.13,-0.00468283002658039
844.31,0.005130973405253748
844.49,-0.0032447671116645877
844.66,-0.005135291234231254
844.84,-0.004366181641330083
845.01,0.010360747189357354
845.19,-0.01557917559101171
845.37,0.002519484339003005
845.54,-0.007822062135161161
845.72,-0.0002047561938748495
845.89,-0.004084925132965903
846.07,0.008359534196502988
846.24,0.00018254048984950988
846.42,-0.0017967977325240214
846.59,-0.00916418332849974
846.77,0.00871230421398787
846.95,-0.008187043899024051
847.12,-0.002643795528999435
847.3,0.0018216644708013577
847.47,0.006381277234671078
847.65,-0.0059483922846156065
847.82,0.0009994951603775253
848.0,0.007239043438731954
848.17,-0.009842735922449879
848.35,-0.004723996279760792
848.53,-0.002740338231719361
848.7,-0.0057877833297682105
848.88,-0.0027895138868609887
849.05,0.006907704677899434
849.23,0.009638215904059114
849.4,0.00019151738787828108
849.58,0.0010230811272060815
849.75,0.0014406575967442793
849.93,-0.00230320485636062
850.1,0.0014460590022043198
850.28,0.0027207489243287145
850.45,-0.005812650590306256
850.63,0.010523249679368591
850.8,0.0018434450918830738
850.98,0.0014755644989885286
851.16,0.006164600817962711
851.33,0.011747513824902531
851.51,-0.013634235386168507
851.68,-0.010855981137752655
851.86,0.010075772900571826
852.03,0.019973859334786327
852.21,-0.007944258141927178
852.38,-0.000677808239277455
852.56,0.005563855959199477
852.73,-0.000690045965179451
852.91,-0.00837091387758085
853.08,-0.0053337638066264965
853.26,0.004688317858609628
853.43,-0.004756681211352963
853.61,-0.009140669327994944
853.78,0.0029911296959821945
853.96,-0.004859873912256594
854.13,0.0016308526909069585
854.31,-0.014742443336229745
854.48,-0.004374066032050047
854.66,-0.003497736414728243
854.83,-0.012073362219579685
855.0,-0.004046924525113614
855.18,0.013509661584257465
855.35,0.005971460312265884
855.53,-0.0079485480709851
855.7,-0.0002521021373802113
855.88,-0.01195085061524358
856.05,0.00814330336110363
856.23,0.0151066097902613
856.4,-0.008393113960678251
856.58,0.010980473494469355
856.75,-0.0027188862649366076
856.93,-0.004233754685075415
857.1,-0.0017630915387781094
857.28,-0.006393958140960781
857.45,0.00881729838848761
857.62,0.0017616207641235635
857.8,-0.007362041467304605
857.97,0.0022519707008285205
858.15,-0.012912703123385893
858.32,0.013995044016210614
858.5,-0.009583166668217019
858.67,-0.010576802430278795
858.85,0.011392421222328216
859.02,-0.0007866218754916185
859.19,0.005920719175221003
859.37,0.03052576427086524
859.54,0.0007721045607027301
859.72,-0.004007927769213809
859.89,-0.009795960283666342
860.07,0.000252332146152341
860.24,-0.0002751938057056645
860.41,-0.015645312422942228
860.59,-0.00741464166848711
860.76,-0.02266567520336546
860.94,-0.006840826555684071
861.11,0.012534891181776114
861.29,0.00602964338318017
861.46,-0.022072501811493738
861.63,-0.01413005784222998
861.81,-0.0002840640090900272
861.98,-0.007547556024699611
862.16,0.015714036376469436
862.33,0.005607167003430583
862.5,0.0008244588103200692
862.68,-0.007872565334338052
862.85,-0.01434627132383112
863.03,-0.0037297253976832324
863.2,-0.003903670740966151
863.37,-0.027705959937177713
863.55,0.0042901788572880595
863.72,-0.011890598988663592
863.9,-0.002017053457056889
864.07,-0.01282642006793607
864.24,0.012859280728370103
864.42,-0.005538469258254889
864.59,0.0002721518066932951
864.77,0.004935254904344095
864.94,0.004938131813521068
865.11,-0.0060633178591329665
865.29,0.013206936865894752
865.46,0.005463732478393067
865.63,-0.01533746971730385
865.81,-0.00889986712998563
865.98,-0.010499598158207137
866.16,0.013706053979796984
866.33,0.010003954391231324
866.5,-0.011883715748682399
866.68,-0.015795910412021573
866.85,-0.0020356709309926
867.02,0.009877965385055152
867.2,-0.005096458702778202
867.37,0.015708711113674657
867.54,0.00027630077554044414
867.72,0.015454163401142675
867.89,-0.005012589612459782
868.06,-0.008723523275327676
868.24,0.006309975657496886
868.41,0.004477885454957066
868.59,-0.015309875592429818
868.76,-0.0040314251254406006
868.93,-0.01271548026727683
869.11,-0.00559045928714783
869.28,-0.018388208917504593
869.45,-0.0034849525778899125
869.63,-0.006808259230227064
869.8,0.00728576226345264
869.97,0.006208719560649996
870.15,0.018119732218091447
870.32,-0.0003310087661028764
870.49,0.001573555112221761
870.66,-0.013752266194241256
870.84,-0.009382658690980868
871.01,-0.00300024068650461
871.18,0.015315930680449856
871.36,0.0003189388830322345
871.53,0.018809835201509344
871.7,0.015621745469693839
871.88,-0.0024013923669503516
872.05,-0.005051272954572305
872.22,0.0022665936972253863
872.4,0.022806403784963458
872.57,-0.006346293443600854
872.74,0.015002655642493064
872.92,0.00754451833608951
873.09,-0.0010028244254995577
873.26,-0.0010368306648157956
873.43,-0.004583298611374129
873.61,-0.003806462318004267
873.78,-0.01299835217938783
873.95,0.0017645653698267307
874.13,0.005447597365639511
874.3,0.009808158187651439
874.47,-0.011224503061582633
874.64,-0.004903430780577521
874.82,-0.015252721151714214
874.99,0.011207204296312152
875.16,0.0313991524697116
875.34,0.012169614500418617
875.51,0.02200213227059967
875.68,0.0003587615878623859
875.85,0.017147437217103
876.03,0.02293705915004809
876.2,-0.01082241222699464
876.37,-0.00973887076073915
876.54,0.00034459447017945455
876.72,0.010747517491765075
876.89,-0.02193049244093938
877.06,-0.008052779130453892
877.23,-0.008940701252256067
877.41,0.005812049999860115
877.58,-0.016072593877644162
877.75,-0.006035230985273774
877.92,0.00420387552548447
878.1,0.008095443358315866
878.27,-0.02130111803106472
878.44,0.005289231900036783
878.61,0.007531960054580281
878.79,0.03318751788279509
878.96,0.015528936441741572
879.13,0.00824680917704177
879.3,-0.046622778260701846
879.48,-0.02864135525197836
879.65,-0.0012255007972963696
879.82,0.007703493049886952
879.99,0.001998609410046608
880.16,0.0171430869044508
880.34,0.005368210288224286
880.51,-0.02186672911075709
880.68,-0.021210019315767666
880.85,-0.009485026679411984
881.03,0.0004050147629427288
881.2,-0.00207707330621021
881.37,0.007711829717560412
881.54,-0.030249362648859666
881.71,-0.005714609564650619
881.89,0.027170757836731715
882.06,-0.003999021684925337
882.23,-0.018586973160111087
882.4,0.00039884426501530194
882.57,0.0013553772687657148
882.75,0.00746711141691217
882.92,0.01281238753730182
883.09,-0.014136717151043763
883.26,0.023145742013722083
883.43,0.005912647939447159
883.61,0.012711101281220907
883.78,0.0012776897869163657
883.95,-0.004049077781529867
884.12,-0.024327810233184085
884.29,-0.023240278346295502
884.47,-0.015533206891605403
884.64,-0.006798169398818324
884.81,-0.0104382773748302
884.98,0.01707971754437903
885.15,0.014058725660361359
885.32,0.006934034860468025
885.5,-0.03850600730190882
885.67,-0.030071189638905527
885.84,-0.025016027217437575
886.01,0.025284814212734152
886.18,0.011793439622827672
886.35,0.013881652272029353
886.53,0.0218647901482785
886.7,0.026873049878960966
886.87,-0.029006756964595107
887.04,-0.013167061690187156
887.21,0.02248219567408586
887.38,-0.00827657947924917
887.55,-0.008349502938701016
887.73,0.014855161313719906
887.9,0.0023435661093732783
888.07,0.006056525325298402
888.24,-0.03219169060663338
888.41,0.03577635154501163
888.58,0.0005026533188549132
888.75,0.004574275862322801
888.93,-0.03870405902992324
889.1,-0.0326959706188767
889.27,0.0055631755088605215
889.44,-0.031034860817590285
889.61,0.02210175918006143
889.78,-0.015951963048498805
889.95,-0.017590851169053345
890.12,0.018459328288721114
890.3,-0.027584625370703584
890.47,0.0025437943636626597
890.64,-0.013940420547757296
890.81,0.026507042139087875
890.98,-0.023727709099726046
891.15,0.014446797594386428
891.32,0.012236346823115954
891.49,0.003663671188358299
891.66,-0.006811656752547293
891.84,-0.01855935527854263
892.01,-0.0058849881113284645
892.18,0.017200353525052732
892.35,-0.024212223248837282
892.52,0.023987647740014377
892.69,-0.03204525137702059
892.86,0.025584902538181832
893.03,-0.02026173870971544
893.2,-0.008241942152828325
893.37,0.009418003383282787
893.55,0.034860146206395895
893.72,-0.02026173870971544
893.89,0.007995134400634417
894.06,0.015687451988130142
894.23,-0.013367143935570737
894.4,-0.012067764185910315
894.57,-0.004030717270452455
894.74,-0.011877178530995455
894.91,-0.0016921147452869192
895.08,0.0049162886173878045
895.25,0.008485482348807706
895.42,-0.021808380298946294
895.59,-0.012572105988823792
895.76,-0.04724682928318705
895.94,0.02284710017574697
896.11,-0.011543439326131527
896.28,-0.00420858448272159
896.45,0.004205141166371119
896.62,-0.024660043987952955
896.79,0.006425611193490788
896.96,0.026453189245954998
897.13,-0.006738538565747833
897.3,0.03246928921557393
897.47,0.0328418028803771
897.64,0.021190822109658298
897.81,0.01680811816398804
897.98,-0.04883283785044855
898.15,-0.020347489863835035
898.32,0.00786802363468583
898.49,-0.0006321520261117021
898.66,0.012715955007098441
898.83,0.014366482712017167
899.0,-0.016671912194300205
899.17,0.04681145548260696
899.34,-0.005546768643795193
899.51,0.010609302849420028
899.68,-0.010955802509068174
899.85,-0.014603163031443453
900.02,-0.005885570301945132
900.19,0.006843552168024777
900.36,0.007290383500055174
900.53,-0.014533050649692352
900.7,0.019412181952412944
900.87,0.02542595279239851
901.04,-0.0020900029014157386
901.21,0.0006698540127323954
901.38,-0.011740006635010021
901.55,0.039293815317676464
901.72,0.001942282395513332
901.89,0.01814638899037881
902.06,0.031988816459877056
902.23,-0.032794035807216536
902.4,0.03449182883168129
902.57,0.000657699857916803
902.74,0.002003105057717885
