Wavelength [nm],#37-06804-3-00.csv
400.08,0.026295718748026536
400.29,0.06504281981442235
400.5,0.04771293571723755
400.71,0.1279672700278518
400.92,0.03585116778306024
401.13,0.08160834676137257
401.34,0.06995597525041262
401.54,0.0735859050773195
401.75,0.07544700813588431
401.96,0.052025314608435985
402.17,0.08592754703416491
402.38,0.06285146053449353
402.59,0.06936314485565795
402.8,0.0912636223046328
403.01,0.0330036045389053
403.22,0.06489827832937467
403.43,0.0585429465343786
403.63,0.04642768898341631
403.84,0.043555597163386195
404.05,0.03531986580466809
404.26,0.030702559252410378
404.47,0.06599472042236626
404.68,0.07042421505944298
404.89,0.08471004843500787
405.1,0.049001610717664255
405.31,0.07775166207776514
405.52,0.0669787253961196
405.72,0.0790947029634179
405.93,0.05287099214759334
406.14,0.02965518181694236
406.35,0.056689425585671555
406.56,0.07855246973522372
406.77,0.06336854560810053
406.98,0.04465758343807027
407.19,0.08074332695123329
407.39,0.10422848839677878
407.6,0.07752925290612239
407.81,0.07520692893858992
408.02,0.0692400420849964
408.23,0.10015070437916353
408.44,0.07454300427951624
408.65,0.07661246553633072
408.86,0.04035248251247874
409.06,0.07000969710314928
409.27,0.031899988737470485
409.48,0.0747185087633865
409.69,0.05247161496211714
409.9,0.09347696605862722
410.11,0.04665425428247992
410.32,0.05716179164988244
410.52,0.07367770544784942
410.73,0.08477366255144037
410.94,0.07248264064414639
411.15,0.05308138268804882
411.36,0.039217635806127076
411.57,0.06634463216635296
411.78,0.09138962752543088
411.98,0.06494892703329987
412.19,0.053732619449929804
412.4,0.02042212350313992
412.61,0.08007801318285393
412.82,0.04320321873068584
413.03,0.02260229071063811
413.23,0.07277031698476885
413.44,0.07733967262789154
413.65,0.053092058639100936
413.86,0.054395589183374046
414.07,0.042268866205570015
414.28,0.09391806997101478
414.48,0.08251922180104991
414.69,0.05383762379276874
414.9,0.08081774141289544
415.11,0.07626566074434817
415.32,0.05867315476123741
415.53,0.057336302829076806
415.73,0.048659843022830634
415.94,0.07368921563248663
416.15,0.05326939942368368
416.36,0.01935231002890602
416.57,0.039078057460638804
416.78,0.08713123300174763
416.98,0.039038403276378794
417.19,0.054719033319963466
417.4,0.07453555571619348
417.61,0.027618171923964686
417.82,0.049787787901080904
418.02,0.07689564878266203
418.23,0.06745120655859779
418.44,0.04733643983106987
418.65,0.05945392366635581
418.86,0.06464685833369793
419.07,0.02100751929657483
419.27,0.06271682060166832
419.48,0.06876521945714799
419.69,0.04990078430962274
419.9,0.026002812403174716
420.11,0.028438676062295876
420.31,0.08301319767547119
420.52,0.05587465926941867
420.73,0.05030266454527171
420.94,0.02939900534117218
421.15,0.06512355087070673
421.35,0.030735548980418765
421.56,0.05331488773012667
421.77,0.06273642806733541
421.98,0.04015564657314451
422.19,0.0603747655393987
422.39,0.04523800731193917
422.6,0.048289519422197134
422.81,0.053036507258056656
423.02,0.05333940944500465
423.22,0.03620919060016864
423.43,0.06888983659076965
423.64,0.06487265737626145
423.85,0.052418405616234745
424.06,0.04618632884666143
424.26,0.04188127766934835
424.47,0.04592377505359197
424.68,0.07821653090055969
424.89,0.039288164135774205
425.09,0.05265442436453515
425.3,0.05570965101520743
425.51,0.03639674542179828
425.72,0.03862877184257969
425.93,0.04668054678888714
426.13,0.021743090823667818
426.34,0.04596806468995904
426.55,0.047512071762273386
426.76,0.0726317156696583
426.96,0.06312861396850927
427.17,0.0442774169392296
427.38,0.06048674464126207
427.59,0.03953412224088919
427.79,0.07198406008123232
428.0,0.04595835458887913
428.21,0.04252164119449293
428.42,0.030921672618811655
428.62,0.015571108445449372
428.83,0.059885166598851694
429.04,0.04387004386691725
429.25,0.026000856857238096
429.45,0.031043740752371526
429.66,0.05439813850686262
429.87,0.03724498861231811
430.08,0.015596052726356006
430.28,0.05874644555116957
430.49,0.018754904299687594
430.7,0.05380232399020561
430.91,0.021164796078490013
431.11,0.06015617083603294
431.32,0.03625949161042826
431.53,0.05143903110866265
431.74,0.03664398110739963
431.94,0.026144842920867068
432.15,0.08037507799878624
432.36,0.04585671347075648
432.56,0.029424145131603956
432.77,0.04956864463678224
432.98,0.04690772444422488
433.19,0.05861700892718107
433.39,0.07374622896664465
433.6,0.056250711104878406
433.81,0.06278528002424291
434.02,0.051271515795479256
434.22,0.05568061707775602
434.43,0.056555152122873584
434.64,0.041474703953826776
434.84,0.031126506961085963
435.05,0.04739907764230213
435.26,0.06102329196266262
435.47,0.032454017879921505
435.67,0.023269421549149336
435.88,0.015364340007773576
436.09,0.05136378089543445
436.29,0.016170643033984397
436.5,0.03731228470923853
436.71,0.06180896090093788
436.92,0.06464388904395847
437.12,0.04125730855515825
437.33,0.04949957069444981
437.54,0.018631237146349285
437.74,0.050203394413105756
437.95,0.05559638161937965
438.16,0.05743797802260821
438.36,0.024802405141013405
438.57,0.03241526516556424
438.78,0.035707423221179424
438.99,0.03395160145330639
439.19,0.048705750497788296
439.4,0.03804130531182533
439.61,0.018026381863387536
439.81,0.05346694433626319
440.02,0.05128925393438934
440.23,0.03880739953101566
440.43,0.04042906047207064
440.64,0.03328397135027463
440.85,0.04441864434076331
441.05,0.05346300808974954
441.26,0.03646901678378538
441.47,0.04160667355040263
441.67,0.06434729968127906
441.88,0.04110449849209355
442.09,0.050539063518679095
442.29,0.056970940766071704
442.5,0.0644647411272923
442.71,0.049248052353489356
442.91,0.05392139569560179
443.12,0.04110449849209355
443.33,0.04548158873748273
443.53,0.050148793122451255
443.74,0.03732180547874084
443.95,0.04168924843982241
444.15,0.03423153847690633
444.36,0.049905525055379964
444.57,0.046735216768062145
444.77,0.049099605752730535
444.98,0.046087471720039276
445.19,0.0471793352551759
445.39,0.06490903158719989
445.6,0.032505310026010634
445.81,0.0526466754143558
446.01,0.057383105388748405
446.22,0.04801524930608971
446.43,0.05618366923450475
446.63,0.03218305696823265
446.84,0.05435433293784837
447.05,0.05034695714594991
447.25,0.047918361149971285
447.46,0.057752786513607546
447.67,0.04114904840639264
447.87,0.026463543327817887
448.08,0.057368408919923154
448.28,0.03720506329113926
448.49,0.06257894586537852
448.7,0.032943556720655284
448.9,0.057412868544795964
449.11,0.04402748448096568
449.32,0.03719957247375309
449.52,0.058663977618486206
449.73,0.05507517041740594
449.93,0.04801524930608971
450.14,0.05724844595705303
450.35,0.03780472673366902
450.55,0.0340053513188972
450.76,0.04044562636111934
450.97,0.06358161306951932
451.17,0.07453870692444503
451.38,0.06382654437828388
451.58,0.04678985545613387
451.79,0.05571467637703481
452.0,0.06231788262448808
452.2,0.05325573036742266
452.41,0.041708439195220784
452.62,0.05294406490614324
452.82,0.05520255078588917
453.03,0.05545702693992887
453.23,0.04804377169490302
453.44,0.05707064205749362
453.65,0.07536767280972272
453.85,0.053880353831534264
454.06,0.06206181023201754
454.26,0.061459244302047064
454.47,0.05656993529772615
454.68,0.047502061738194996
454.88,0.06808119469148331
455.09,0.05130203602452686
455.29,0.056904699523546154
455.5,0.04602607077759967
455.71,0.054577506212478546
455.91,0.05629016277154742
456.12,0.05880897951454043
456.32,0.07518369514966115
456.53,0.06396573033597827
456.73,0.055185012107566184
456.94,0.0757555743667501
457.15,0.04989313905221465
457.35,0.08092462525060745
457.56,0.06581999329800121
457.76,0.056628322384350435
457.97,0.07321935700609292
458.18,0.06464251634954285
458.38,0.06107988163048141
458.59,0.06598910186228783
458.79,0.08317537450088881
459.0,0.06189707222027727
459.2,0.06499785413363932
459.41,0.05793358508060124
459.62,0.07174570063053337
459.82,0.05793977329380436
460.03,0.07249168826190934
460.23,0.06023961353293987
460.44,0.0666537382020546
460.64,0.0624439377615194
460.85,0.06815386012565741
461.06,0.08334051247227588
461.26,0.06732850403699854
461.47,0.059699215688337394
461.67,0.08387069531267871
461.88,0.0616424464382001
462.08,0.07250706260284182
462.29,0.08009310938622224
462.49,0.0677482638273898
462.7,0.08039777457724008
462.91,0.09184612678641871
463.11,0.09165340648859469
463.32,0.0798745990681533
463.52,0.08592043776179756
463.73,0.08180459623192936
463.93,0.07070857411893355
464.14,0.07519750888308246
464.34,0.08604863481612407
464.55,0.08291349777084571
464.75,0.07559968190196358
464.96,0.07547240378012786
465.16,0.08681901323334743
465.37,0.06528122159607345
465.58,0.07356863015133193
465.78,0.0616947022626536
465.99,0.08523135490569304
466.19,0.08693800841903786
466.4,0.07314113661600023
466.6,0.08184992013608287
466.81,0.09807540767139238
467.01,0.08651906447440116
467.22,0.08244637290188496
467.42,0.07062891343762429
467.63,0.09170469164255948
467.83,0.07366743201958292
468.04,0.07523512222631588
468.24,0.08306146652344579
468.45,0.083225501949502
468.65,0.08374154130551184
468.86,0.08062704924886066
469.06,0.09046142554819003
469.27,0.08342772596315681
469.47,0.095237302354772
469.68,0.07938313383244383
469.88,0.08937337586751484
470.09,0.07778559435480682
470.29,0.0845383076439435
470.5,0.08588592608706566
470.7,0.09072219510617405
470.91,0.09173307042425854
471.11,0.10004104577496209
471.32,0.0903295592877803
471.52,0.08809259513326766
471.73,0.08841453529906973
471.93,0.09872447629907885
472.14,0.09017228854866169
472.34,0.09140553519244526
472.55,0.0714092263248172
472.75,0.09123023626967966
472.96,0.08498339305471249
473.16,0.09262712863281712
473.37,0.10203911842446989
473.57,0.09823431818834011
473.78,0.10636316465885258
473.98,0.09209978224450543
474.19,0.10224207678753135
474.39,0.0997765570307879
474.6,0.09783256765417779
474.8,0.10617878482990102
475.01,0.10686836040380732
475.21,0.10226405116916067
475.42,0.0980852511483529
475.62,0.10030434803780734
475.83,0.1074531112223255
476.03,0.11145207411693761
476.24,0.11428266223437879
476.44,0.10371710029283324
476.64,0.09748033895834576
476.85,0.09410388866637469
477.05,0.09890286301796095
477.26,0.1022391582375192
477.46,0.110992939550725
477.67,0.10887717232868588
477.87,0.1123352911755463
478.08,0.10790405189632825
478.28,0.10780948716491262
478.49,0.1125781369380478
478.69,0.11791894712703412
478.9,0.1006839247808942
479.1,0.10130301644446293
479.3,0.11832676983597892
479.51,0.09820496364499516
479.71,0.109999861726451
479.92,0.10699995402740803
480.12,0.12303056151115607
480.33,0.11852365710483934
480.53,0.11861581688190886
480.74,0.11992104126827463
480.94,0.11328383268084903
481.14,0.12482018138225791
481.35,0.11843148654055165
481.55,0.11539168079901164
481.76,0.11500711914189758
481.96,0.12032377029700503
482.17,0.13296487223087497
482.37,0.1202420779444131
482.57,0.12616343179408268
482.78,0.11364781134672113
482.98,0.1228844283769827
483.19,0.1156035060290669
483.39,0.1321048412450062
483.6,0.12390207789146902
483.8,0.12819469766169025
484.0,0.12490833432511615
484.21,0.13411830778477174
484.41,0.14046762498851592
484.62,0.13498951418231142
484.82,0.13123969341418326
485.02,0.12704053929672524
485.23,0.12667777917428164
485.43,0.1278645897388145
485.64,0.13983997837508336
485.84,0.13576669496802735
486.05,0.13613452163749856
486.25,0.1394702122296649
486.45,0.143044545952809
486.66,0.13544206017194851
486.86,0.13960130267837118
487.07,0.13297853649286837
487.27,0.14618759858024136
487.47,0.14576506675929254
487.68,0.15958076815158367
487.88,0.15933874108964244
488.09,0.15457609364744132
488.29,0.15303491914694164
488.49,0.1515162332446856
488.7,0.1512416085723767
488.9,0.1564296398057007
489.1,0.15852472926615782
489.31,0.15813237401104865
489.51,0.16050254989951895
489.72,0.15813237401104865
489.92,0.15248203622639525
490.12,0.15493523114494315
490.33,0.16647533713671991
490.53,0.1621555770314384
490.74,0.16413352055637934
490.94,0.16446230402005893
491.14,0.16796967278828429
491.35,0.17461269981116326
491.55,0.17330898490060126
491.75,0.17085490699243774
491.96,0.17486260564637335
492.16,0.17276552975754822
492.36,0.17963925817848309
492.57,0.17591956808778372
492.77,0.18274693167505068
492.98,0.1743308032388867
493.18,0.177366388798672
493.38,0.17872266919937344
493.59,0.18855636304252602
493.79,0.18709611977677393
493.99,0.18714950891796403
494.2,0.18230681045528863
494.4,0.19491769059392172
494.6,0.18749110452642695
494.81,0.19446972757213205
495.01,0.18591284063640393
495.22,0.1851813845501725
495.42,0.18907290205307992
495.62,0.18974726990164748
495.83,0.1984046052537407
496.03,0.19403327360445793
496.23,0.19676525532602754
496.44,0.2072366137732469
496.64,0.20439820572611214
496.84,0.20686836767763989
497.05,0.21230411558067608
497.25,0.20018400433242475
497.45,0.20523392407744426
497.66,0.2064596306776862
497.86,0.20073964538236827
498.06,0.20115708755623085
498.27,0.21576012610020082
498.47,0.20644858593626372
498.67,0.20681214304432557
498.88,0.2136665453809059
499.08,0.2049900467406156
499.28,0.21970708572978442
499.49,0.2231332426924224
499.69,0.21488452818063233
499.89,0.21254067661490683
500.1,0.2126828190126825
500.3,0.21590141366246013
500.5,0.2103681731788591
500.7,0.22128434550300222
500.91,0.21773444827877245
501.11,0.22066230420516617
501.31,0.21931254701155298
501.52,0.21870266310285313
501.72,0.2269074574283825
501.92,0.22717066291766108
502.13,0.21444366038916035
502.33,0.2121488830826572
502.53,0.22781412612273372
502.74,0.22635776018131837
502.94,0.23195052903782495
503.14,0.2249007313162389
503.34,0.22575753168894244
503.55,0.2264760976778964
503.75,0.23762129258477735
503.95,0.2260394412107823
504.16,0.22586927970395404
504.36,0.23721488858500425
504.56,0.22412100722960934
504.76,0.23981778655312896
504.97,0.2342850083030825
505.17,0.24209449399922048
505.37,0.23483486426482186
505.58,0.22802448996755423
505.78,0.23730066791928148
505.98,0.23739133729019293
506.18,0.23979388514974487
506.39,0.23570556074826188
506.59,0.22950622344048308
506.79,0.23497342189841852
507.0,0.2310572390708199
507.2,0.23424665303797376
507.4,0.23376402105736027
507.6,0.22832362558117517
507.81,0.248388790330005
508.01,0.23772288123645252
508.21,0.23920123470026355
508.41,0.22824089955979426
508.62,0.22980736360607537
508.82,0.23212138225498452
509.02,0.23423679519047574
509.23,0.23320711717885856
509.43,0.23360058221216526
509.63,0.2397104225401895
509.83,0.23704357825028954
510.04,0.24130625019805335
510.24,0.24236591507009
510.44,0.2369371964710579
510.64,0.2408769075778211
510.85,0.23851639354059836
511.05,0.245914147414167
511.25,0.23999975272513543
511.45,0.24063311126544237
511.66,0.23936196969689846
511.86,0.23879820225779436
512.06,0.23388025936633486
512.26,0.2374332909429237
512.46,0.24088073258703932
512.67,0.23873557053438377
512.87,0.2380116198913093
513.07,0.2494499438133889
513.27,0.2436694950996661
513.48,0.23531746267341172
513.68,0.2421516943127693
513.88,0.23994349822523528
514.08,0.2368011650934729
514.29,0.24071580839523551
514.49,0.2336102385487825
514.69,0.2387967557162329
514.89,0.2358244901978683
515.09,0.2375958353898069
515.3,0.242932290729854
515.5,0.24286071419952068
515.7,0.24438895904485192
515.9,0.2465072056529279
516.11,0.24110549312723814
516.31,0.24662415379453315
516.51,0.23382632052341495
516.71,0.24166756464924802
516.91,0.23034963586727883
517.12,0.23604631640958945
517.32,0.2394475194906877
517.52,0.24402289392072174
517.72,0.23184277606925674
517.92,0.24015792656095994
518.13,0.23359536089669175
518.33,0.24571167444945988
518.53,0.23963229957824922
518.73,0.2501002313876967
518.93,0.245098367117284
519.14,0.25087828516459604
519.34,0.24198604846109784
519.54,0.23978281035862758
519.74,0.24166655120568556
519.94,0.2409662278729526
520.15,0.2514752103608924
520.35,0.23962109549069746
520.55,0.2427838192487682
520.75,0.24204271866437949
520.95,0.24616988440243515
521.16,0.24003668691139265
521.36,0.24358057709345246
521.56,0.24278287791034286
521.76,0.24607615723279344
521.96,0.23765759148067508
522.16,0.23192135502855346
522.37,0.24347440357644892
522.57,0.2462548228338856
522.77,0.2467551876806797
522.97,0.24389598114018132
523.17,0.23824468895187273
523.37,0.24152837791451173
523.58,0.24528689696373995
523.78,0.24277183854783543
523.98,0.2464318866222441
524.18,0.24653286041548075
524.38,0.24006990540702955
524.58,0.23958151706919326
524.79,0.24518544323748737
524.99,0.23729788864493978
525.19,0.2479274316011989
525.39,0.23732867172423358
525.59,0.23999979755296033
525.79,0.23747512474389515
526.0,0.24729780642592075
526.2,0.24351761930515253
526.4,0.24408535765346678
526.6,0.24106956235166485
526.8,0.2437273735534769
527.0,0.24086579794288399
527.2,0.241090500173372
527.41,0.2359443720778901
527.61,0.23916901862612536
527.81,0.2337108877301622
528.01,0.2364477691716695
528.21,0.2359343456165177
528.41,0.22977487132352248
528.61,0.23657005213208854
528.82,0.24391719163256667
529.02,0.237600006383083
529.22,0.2416863806719653
529.42,0.23785847445076408
529.62,0.227315465589172
529.82,0.23761454029923385
530.02,0.24312398748169542
530.22,0.24197496022519596
530.43,0.23924712781916935
530.63,0.24075520418553187
530.83,0.2405409540628201
531.03,0.23194964960577572
531.23,0.23040218211498192
531.43,0.23840720537186205
531.63,0.23581466613384414
531.83,0.23354589905332543
532.03,0.23327497546124865
532.24,0.23719890477308583
532.44,0.23812342528121522
532.64,0.23240074893664797
532.84,0.22741230666955528
533.04,0.2349019755914398
533.24,0.22812412776204674
533.44,0.24139537686328438
533.64,0.23200191590427718
533.84,0.24345019938507298
534.04,0.2449553799262694
534.25,0.23323550000913423
534.45,0.23413449661954097
534.65,0.23191650887408094
534.85,0.2339994634628536
535.05,0.23391858908747343
535.25,0.2383226723744552
535.45,0.2376949772844462
535.65,0.22390054692423852
535.85,0.2304703522952981
536.05,0.23501078580173818
536.25,0.2269213316879571
536.46,0.22513299036714252
536.66,0.2290467606450367
536.86,0.22977316703795161
537.06,0.22566915630239914
537.26,0.21989205723658703
537.46,0.2281851604706222
537.66,0.22678383856316484
537.86,0.2296137727514498
538.06,0.2207657257616696
538.26,0.22475540750813722
538.46,0.23448000115239084
538.66,0.22276427047592337
538.86,0.2271180812330449
539.07,0.21978310097808398
539.27,0.22254888022248728
539.47,0.23086492820825738
539.67,0.23007506840964959
539.87,0.22593793954703334
540.07,0.21901578014327178
540.27,0.224790344238876
540.47,0.22651637329760183
540.67,0.21342630492126252
540.87,0.21775906552454724
541.07,0.22839969506602276
541.27,0.22304534091533962
541.47,0.22176030985694542
541.67,0.22394224828652345
541.87,0.21649574205476696
542.07,0.21443244565395334
542.27,0.2121284478487194
542.47,0.21946823652918876
542.67,0.21361099389529847
542.87,0.2155888782742249
543.08,0.2109230753381458
543.28,0.21616330612870405
543.48,0.22077137025962315
543.68,0.220084779201951
543.88,0.2099078540271238
544.08,0.2174400128561043
544.28,0.22099296767818255
544.48,0.2100076630515423
544.68,0.21716745078204774
544.88,0.2194210960262824
545.08,0.22122322242413447
545.28,0.2155004487957154
545.48,0.214945921920566
545.68,0.2030382244663891
545.88,0.21523589786518998
546.08,0.21736111616700202
546.28,0.21204846991355722
546.48,0.20848225933060266
546.68,0.21213160934089437
546.88,0.21365830953620882
547.08,0.20843999158906995
547.28,0.2112310766229744
547.48,0.20964529527407658
547.68,0.2145091255501912
547.88,0.20903043912310443
548.08,0.20834188623525263
548.28,0.20460670341817971
548.48,0.2120254289404213
548.68,0.2109691864933329
548.88,0.21184296753226467
549.08,0.20923047540300205
549.28,0.2041860594298385
549.48,0.2105046602176387
549.68,0.2011263009697241
549.88,0.203750543273033
550.08,0.20026775272714226
550.28,0.2031315819832576
550.48,0.20572473670459224
550.68,0.19944319137471087
550.88,0.20322930115682
551.08,0.19857730013850589
551.28,0.20350985394297888
551.48,0.20717456428094513
551.68,0.20209381400621665
551.88,0.19941913761704477
552.08,0.20386486434663018
552.28,0.19790727150565152
552.48,0.1973295165565538
552.68,0.20393792947914194
552.88,0.19412156857152157
553.08,0.20031164484537695
553.28,0.19783845966437508
553.48,0.19555388327210074
553.68,0.20531551718812163
553.88,0.20056212373566346
554.08,0.19488123111942335
554.28,0.20719824529726227
554.47,0.19719021549884672
554.67,0.2072048310941556
554.87,0.20379844101198621
555.07,0.1952533404903859
555.27,0.20018163066837513
555.47,0.19369749074159154
555.67,0.19999762968844847
555.87,0.19573080748867508
556.07,0.1984083268925397
556.27,0.19523936638021921
556.47,0.19215007944824727
556.67,0.18966423454180495
556.87,0.20231690133826116
557.07,0.19323999633552702
557.27,0.1905101026285433
557.47,0.19873033286116637
557.67,0.20121563191062974
557.87,0.2006337656240831
558.07,0.2055314722136537
558.26,0.19226446235253467
558.46,0.19441258841791306
558.66,0.19282999668658937
558.86,0.19643616895441668
559.06,0.19864816350425465
559.26,0.19602569323541774
559.46,0.18614527806908523
559.66,0.19486042110457974
559.86,0.19341370360937524
560.06,0.18794251415409727
560.26,0.19849763697195538
560.46,0.19854378681527093
560.66,0.18787589211610914
560.86,0.1942609245818452
561.05,0.18967932677323124
561.25,0.1894635205176868
561.45,0.19475742062619858
561.65,0.1930614097980793
561.85,0.19433189386916613
562.05,0.19479280945173313
562.25,0.19571953819690563
562.45,0.19471913741628194
562.65,0.19364944508526635
562.85,0.18553677409341737
563.05,0.18968789904992908
563.24,0.19455741005009977
563.44,0.19574679034455592
563.64,0.19156497606599343
563.84,0.19482725635811673
564.04,0.19828770981187338
564.24,0.1928353676962985
564.44,0.19245871378395113
564.64,0.19851749873451421
564.84,0.19434749007310811
565.03,0.1920265129940712
565.23,0.20068184686428134
565.43,0.19657808479780733
565.63,0.19121661620867555
565.83,0.19455235936476037
566.03,0.1980363083855081
566.23,0.19513516949881793
566.43,0.19788950443449133
566.63,0.20033187440102293
566.82,0.1974055578336747
567.02,0.19020073250315384
567.22,0.20151639682999706
567.42,0.19283565650600237
567.62,0.1911861924578312
567.82,0.19788873580626537
568.02,0.19889627002804508
568.22,0.19453439341447828
568.41,0.19873100530079738
568.61,0.20023132549015765
568.81,0.2024577065655547
569.01,0.20597897330612752
569.21,0.20084340456147315
569.41,0.20507238850778017
569.61,0.19776637537136052
569.8,0.19964758214831432
570.0,0.20026628816035238
570.2,0.20649387164871771
570.4,0.2040744572354122
570.6,0.20760196901574113
570.8,0.20100840653380878
571.0,0.20367356290478014
571.19,0.20645349826064324
571.39,0.20679804650703262
571.59,0.20836520501491612
571.79,0.2028413526281579
571.99,0.20586727051742706
572.19,0.20278424775781925
572.38,0.2049193843167462
572.58,0.20179110315827758
572.78,0.2086012027398235
572.98,0.20931814625445525
573.18,0.21323630515489755
573.38,0.21394348445959294
573.57,0.204366585975525
573.77,0.20803801959580595
573.97,0.21162046594690567
574.17,0.21141765644712537
574.37,0.22208633325263122
574.57,0.21750561895968287
574.76,0.212222127451057
574.96,0.20640741408428348
575.16,0.21176758255005326
575.36,0.21574057416687586
575.56,0.21417022125796042
575.75,0.22138420570523704
575.95,0.2197702316629169
576.15,0.21812390842280743
576.35,0.22170117980950838
576.55,0.21722364730542879
576.74,0.22261439594901825
576.94,0.2232371493585214
577.14,0.22281902734149917
577.34,0.22505568181933877
577.54,0.22796256579292948
577.74,0.23212466463001535
577.93,0.2282613453119416
578.13,0.22672216981084278
578.33,0.2343077539902285
578.53,0.22471964399323044
578.72,0.22130825720819067
578.92,0.2318584909090242
579.12,0.23312232039205524
579.32,0.2345482760441597
579.52,0.23797078954098094
579.71,0.24099673323941725
579.91,0.23768915332893742
580.11,0.23811580715305447
580.31,0.24124031250308223
580.51,0.23625364127644216
580.7,0.23954490528027447
580.9,0.24207545220338525
581.1,0.24050428735655746
581.3,0.24836799793481168
581.49,0.2417267989289463
581.69,0.23718773584750544
581.89,0.2423867743703463
582.09,0.2628139891742293
582.29,0.2588131858279958
582.48,0.2591381242239787
582.68,0.2515432889800765
582.88,0.2640373583024028
583.08,0.25521297859633735
583.27,0.2555313977488841
583.47,0.25610412947584166
583.67,0.2596975425967296
583.87,0.2610738769968434
584.06,0.2719645573165135
584.26,0.2683419052934358
584.46,0.26441861507805275
584.66,0.26682978101914984
584.85,0.2757975291757322
585.05,0.27317630778399365
585.25,0.2782576989486033
585.45,0.28000561822842396
585.64,0.2800018372126742
585.84,0.27798759684358393
586.04,0.2848616923307349
586.24,0.27464098584493607
586.43,0.28651677169436784
586.63,0.2860399096332309
586.83,0.291619876828594
587.03,0.2947844854892941
587.22,0.29035971319372483
587.42,0.29131159972738946
587.62,0.29693090777765463
587.82,0.29730300243765334
588.01,0.29709990935861463
588.21,0.30549758270970995
588.41,0.29553861571141243
588.6,0.30939273594202493
588.8,0.31290303375660206
589.0,0.30907041770041677
589.2,0.30462927524614025
589.39,0.3044665204609834
589.59,0.3116993060213918
589.79,0.31223818369800027
589.98,0.3117647790818477
590.18,0.3226107528209624
590.38,0.3152820313386159
590.58,0.3274866009526307
590.77,0.32717286171798016
590.97,0.3238187814592301
591.17,0.33299178107944954
591.36,0.32487860034796834
591.56,0.3325905047446954
591.76,0.33868156294066254
591.96,0.32972894661903496
592.15,0.34504542856751114
592.35,0.35005235485112635
592.55,0.3439180127169812
592.74,0.3514154449000943
592.94,0.35008027159821914
593.14,0.3474955905640574
593.33,0.3515453898176189
593.53,0.35222042418968086
593.73,0.35038996024529795
593.92,0.3535922455530692
594.12,0.3544680789867362
594.32,0.35679052074824036
594.51,0.35541747343353897
594.71,0.36622729895753614
594.91,0.3687416462672894
595.11,0.36953437782546816
595.3,0.3697003647951696
595.5,0.3582378725249541
595.7,0.3770459768764196
595.89,0.37913079796111354
596.09,0.3800903117536607
596.29,0.38116716630959013
596.48,0.3789022345986366
596.68,0.39052345027831814
596.88,0.3914406688909769
597.07,0.39759437487361
597.27,0.3886409786696503
597.47,0.4044783243149847
597.66,0.3931603654078019
597.86,0.3907630464546651
598.06,0.40015712576073154
598.25,0.402193116686829
598.45,0.39115341586477226
598.64,0.38857911024509456
598.84,0.39139931376972165
599.04,0.40352504607332107
599.23,0.39255222141012586
599.43,0.40432902057174214
599.63,0.39917573694071723
599.82,0.3895962071611211
600.02,0.4043033905450368
600.22,0.409915239476145
600.41,0.41665336270667686
600.61,0.4069420058485961
600.81,0.40814954094641853
601.0,0.4116217179019719
601.2,0.40403102724625495
601.39,0.4064541989727213
601.59,0.4154696414947635
601.79,0.4205540448054778
601.98,0.41825488680754075
602.18,0.41736234018640683
602.38,0.43394829975457094
602.57,0.4079313550516776
602.77,0.4320504011116889
602.96,0.43335847594454985
603.16,0.4370781391353736
603.36,0.4276611188377725
603.55,0.4389264207340486
603.75,0.4308668178930893
603.95,0.42979434968013525
604.14,0.4247431051845406
604.34,0.43916031298984226
604.53,0.4325241316620704
604.73,0.4376967246045668
604.93,0.4350335617571422
605.12,0.43636630438743385
605.32,0.44138199083220125
605.51,0.4405326563935946
605.71,0.4311681557776918
605.91,0.4389100603350512
606.1,0.43149507577431545
606.3,0.43664399728533254
606.49,0.43232052727774045
606.69,0.4425275376508513
606.89,0.43399843215753847
607.08,0.4307004480809281
607.28,0.42518027370992756
607.47,0.4322899176341671
607.67,0.42872427064056046
607.87,0.43052032914242017
608.06,0.4318764099452273
608.26,0.4300451649460585
608.45,0.44232826891929655
608.65,0.4303020952645063
608.84,0.43141474315383815
609.04,0.4313168232748172
609.24,0.4220547956157112
609.43,0.42633291500108955
609.63,0.4239778659742203
609.82,0.4370997189906522
610.02,0.42442150461980327
610.21,0.4182519815320489
610.41,0.4360407223383781
610.61,0.43561084992532445
610.8,0.42750720103164674
611.0,0.4267137968092098
611.19,0.427919185005277
611.39,0.43488199287906787
611.58,0.41859210176022393
611.78,0.4240444231845398
611.98,0.4190051178201049
612.17,0.4234038270920167
612.37,0.41935900980733387
612.56,0.41018088776894746
612.76,0.4178870046389675
612.95,0.42673773855594843
613.15,0.4266003273979919
613.34,0.4186762396230648
613.54,0.4106392968434262
613.73,0.4041530526991799
613.93,0.41007538721950426
614.13,0.41139445555695414
614.32,0.40542204402649007
614.52,0.4104090268750402
614.71,0.41352024191674763
614.91,0.4117882675033932
615.1,0.4057243787399229
615.3,0.4091647621413679
615.49,0.4002729817195575
615.69,0.39588358777759447
615.88,0.4014487487469286
616.08,0.40591401040919894
616.27,0.39071779975376636
616.47,0.39595604229548376
616.66,0.3976987386652395
616.86,0.40262208702641894
617.06,0.3948257881162645
617.25,0.3924088711387172
617.45,0.39275213637035533
617.64,0.38534716398772373
617.84,0.39335917505560986
618.03,0.39186167324151855
618.23,0.38870315015962204
618.42,0.37998313721862165
618.62,0.37436251850398483
618.81,0.36996218879173
619.01,0.3756813298802431
619.2,0.3817116373605063
619.4,0.38179586198031906
619.59,0.3750968504141072
619.79,0.3653035896176324
619.98,0.37253306625641447
620.18,0.36942399659790237
620.37,0.3711236180344925
620.57,0.3703340728423758
620.76,0.3797739977603915
620.96,0.37860463393955934
621.15,0.37357490078665384
621.35,0.37105579642934805
621.54,0.3657648465295
621.74,0.3612576045324227
621.93,0.37195098367551677
622.13,0.3639405285508172
622.32,0.36783427182646916
622.51,0.36809181083413
622.71,0.35557520250354463
622.9,0.3652082079043121
623.1,0.3571442904587753
623.29,0.35491204346315725
623.49,0.36212470195351487
623.68,0.3529763002878482
623.88,0.3540720267377671
624.07,0.34368298321457164
624.27,0.3434909195123906
624.46,0.348264394439281
624.66,0.34786620814206065
624.85,0.34943697665121765
625.05,0.34847496743041845
625.24,0.333025960597295
625.43,0.35062794633383587
625.63,0.3413772954297946
625.82,0.32992825446061846
626.02,0.33855075693803394
626.21,0.3274662720700001
626.41,0.33987344349832943
626.6,0.3353892423380181
626.8,0.3363958470294248
626.99,0.3355978749015389
627.19,0.3206270222083472
627.38,0.33330362877547204
627.57,0.33176063842412395
627.77,0.3325063642732167
627.96,0.31969794416075537
628.16,0.32568228755180395
628.35,0.3297751451456461
628.55,0.3324993147067797
628.74,0.3252330274175248
628.93,0.3341732328836019
629.13,0.3209377406414511
629.32,0.3255284922686459
629.52,0.32214046461405776
629.71,0.32800110647112724
629.91,0.32212381462209067
630.1,0.3158684403837991
630.29,0.31946751501686904
630.49,0.31758793623308523
630.68,0.3203308615484153
630.88,0.3278418827178974
631.07,0.316746534165212
631.27,0.31593013476462906
631.46,0.3194250769192451
631.65,0.3138935772601315
631.85,0.3185136000764556
632.04,0.3226149146598811
632.24,0.31611231251595684
632.43,0.3166467149557878
632.62,0.30758239112532837
632.82,0.30845185502323386
633.01,0.3118299992561043
633.21,0.31597885436268036
633.4,0.3134794039102386
633.59,0.30658849863012483
633.79,0.29832177729770776
633.98,0.30602339699406517
634.18,0.3117673707907403
634.37,0.31377500354660237
634.56,0.30858868841479326
634.76,0.30148788495249296
634.95,0.2977838011260338
635.14,0.30520780375697193
635.34,0.30758468276995254
635.53,0.3068580532912981
635.73,0.31414495907438544
635.92,0.30692712339636163
636.11,0.30891556521194946
636.31,0.2992839990576979
636.5,0.30164032251747297
636.7,0.30345109872375153
636.89,0.3074395593477673
637.08,0.30122763227931787
637.28,0.29320876421411307
637.47,0.2969003580937624
637.66,0.29629614085970235
637.86,0.2954176893929423
638.05,0.29735063904159875
638.24,0.29151209187248833
638.44,0.29159665657587713
638.63,0.2980678766820002
638.83,0.3000207311577622
639.02,0.30972388446512095
639.21,0.29298637605169825
639.41,0.30158406951793365
639.6,0.3020472789938853
639.79,0.29073815784582613
639.99,0.3063856284462713
640.18,0.3044324895962361
640.37,0.30060329163983973
640.57,0.2976719432895407
640.76,0.2970229180507549
640.95,0.2962253445129867
641.15,0.3028919075977027
641.34,0.2934878113704089
641.53,0.2966934643359246
641.73,0.3024324876096595
641.92,0.301408672721272
642.11,0.29880914675168246
642.31,0.29576260332282084
642.5,0.3032441072008366
642.69,0.29635735285714426
642.89,0.29103175636411216
643.08,0.29340540456424474
643.27,0.30123262347617974
643.47,0.29258630592605045
643.66,0.2943184527099718
643.85,0.2845372769927219
644.05,0.28376059780801566
644.24,0.29036150564191954
644.43,0.2936341421029844
644.63,0.29302522082305477
644.82,0.3018428521199566
645.01,0.2968596333753788
645.2,0.2977844258700467
645.4,0.3049943173920509
645.59,0.29292377231883837
645.78,0.29703466765741354
645.98,0.2945506352445461
646.17,0.303639987090043
646.36,0.2898847086348148
646.56,0.30011507456623215
646.75,0.2950930173007539
646.94,0.30569761658734046
647.13,0.29915299357900943
647.33,0.30100973242945844
647.52,0.2991240095352468
647.71,0.3000969598366821
647.91,0.29543251640877966
648.1,0.30032938604897524
648.29,0.30000274880948397
648.49,0.30159133279844463
648.68,0.2946571563579428
648.87,0.29382572942353197
649.06,0.2937178519736831
649.26,0.2951735382327591
649.45,0.3036388242117562
649.64,0.3025888613444608
649.83,0.2979298401762661
650.03,0.3158050041001907
650.22,0.3049821826851591
650.41,0.3065546260967043
650.61,0.30926633751556915
650.8,0.3053276268336338
650.99,0.29869211426092857
651.18,0.3096632068195452
651.38,0.30630145089357635
651.57,0.3070046265870416
651.76,0.31050880921647417
651.95,0.3058898907934223
652.15,0.3036357625666622
652.34,0.29627537474255194
652.53,0.31208041166186995
652.72,0.3071655195366473
652.92,0.3079132124622242
653.11,0.3094290801612278
653.3,0.29992807415786127
653.49,0.3109934931225888
653.69,0.3157252201071004
653.88,0.31852434136649377
654.07,0.31544907339013384
654.26,0.303107277983359
654.46,0.3086702801992549
654.65,0.31307705614910203
654.84,0.30825018725617775
655.03,0.3070683432982427
655.23,0.3152636623345739
655.42,0.309514003506046
655.61,0.3119016379666955
655.8,0.3134395106262722
655.99,0.3159471075318429
656.19,0.30913173222810697
656.38,0.30948917413886706
656.57,0.315461665111815
656.76,0.3107560407151308
656.96,0.304156272886073
657.15,0.3179133442951724
657.34,0.3240149706995327
657.53,0.3140583196872303
657.72,0.3075182237907198
657.92,0.3223573930501824
658.11,0.3128210689800174
658.3,0.3141265495358093
658.49,0.32084122313841573
658.68,0.31286182771818577
658.88,0.32475052092064827
659.07,0.31516727514276444
659.26,0.327214089767416
659.45,0.32338643442501086
659.64,0.3202284717298246
659.84,0.31819092340273286
660.03,0.3228320419805193
660.22,0.3320245800231077
660.41,0.32926700466576303
660.6,0.333592446567577
660.8,0.3300806953842157
660.99,0.32723832293164457
661.18,0.34005146679673404
661.37,0.32394864343299645
661.56,0.3233158327688831
661.76,0.32951409048514196
661.95,0.3341324271558679
662.14,0.32746172380441596
662.33,0.3348802923251079
662.52,0.3312271893108591
662.71,0.32684258509085434
662.91,0.33819045361984823
663.1,0.33050457610414263
663.29,0.33014537519748194
663.48,0.33086724812813006
663.67,0.3370457751252923
663.86,0.33573855911811196
664.06,0.3309295239469644
664.25,0.3442458828717318
664.44,0.33771721159629753
664.63,0.3334277289893791
664.82,0.3460902052546335
665.01,0.3494508663742761
665.21,0.34634056655505835
665.4,0.34386896193112587
665.59,0.3539082363784204
665.78,0.34806554091607894
665.97,0.35002511840906164
666.16,0.35369099621883143
666.35,0.35437747556984006
666.55,0.34957075770657964
666.74,0.3619625797254751
666.93,0.35287257612909845
667.12,0.3578955069685937
667.31,0.3585073058738837
667.5,0.3586287580540853
667.69,0.3579204584892008
667.89,0.35934888672879517
668.08,0.37281421291495787
668.27,0.35000552156568315
668.46,0.36336544218944167
668.65,0.3759104172920175
668.84,0.3695471574853883
669.03,0.3719369471039036
669.22,0.3586889704940585
669.42,0.36155073294313794
669.61,0.3680692585919005
669.8,0.3640136359578082
669.99,0.37001276174328235
670.18,0.36887153015534796
670.37,0.3656148774914138
670.56,0.3707081407767673
670.75,0.3762990349173786
670.94,0.3704919580986191
671.14,0.36698561892512394
671.33,0.3754521692851654
671.52,0.3681942455176656
671.71,0.37970923580178423
671.9,0.37855228666824453
672.09,0.38008985478590657
672.28,0.37415057070182456
672.47,0.39010950947408246
672.66,0.39172164494877093
672.85,0.3868595374447664
673.05,0.3913422786209233
673.24,0.38368130056694427
673.43,0.3823643756611914
673.62,0.38772255371287817
673.81,0.38400103557392223
674.0,0.3838340277279062
674.19,0.39233040492046045
674.38,0.38950698559657704
674.57,0.39777076749104207
674.76,0.39107300369812353
674.95,0.3961381100872203
675.15,0.3997255417317176
675.34,0.41046771344534516
675.53,0.39194110565833334
675.72,0.39842124337111184
675.91,0.4047104848981194
676.1,0.39495961920190037
676.29,0.40768318279873794
676.48,0.40930082397406337
676.67,0.4043684469539707
676.86,0.4011742065031474
677.05,0.40772131968288544
677.24,0.40773282896003304
677.43,0.4007232097436811
677.62,0.39990761254512946
677.81,0.4026627638355957
678.0,0.4075172363736685
678.2,0.4072876105000113
678.39,0.40636260755796244
678.58,0.41675516534941803
678.77,0.4120741727728937
678.96,0.4106559694519753
679.15,0.41100643582408386
679.34,0.4164642868595089
679.53,0.4255750367143019
679.72,0.4195057118749961
679.91,0.4348282052781794
680.1,0.42020641977676276
680.29,0.4265978412348558
680.48,0.4327477575770643
680.67,0.41175695360410886
680.86,0.41802649285498505
681.05,0.4171243970058523
681.24,0.41058397929071794
681.43,0.4191818969005743
681.62,0.4170683541389665
681.81,0.4200630751445087
682.0,0.4142570599896099
682.19,0.42062710441592943
682.38,0.43486411926327323
682.57,0.42519555039603524
682.76,0.43113450933778436
682.95,0.42586099984855336
683.14,0.43724255949663615
683.33,0.4390795031717077
683.52,0.4371972656795837
683.71,0.4298859768974649
683.9,0.4340731446569064
684.09,0.4231476367267354
684.28,0.4339625316206367
684.47,0.44481682360616454
684.66,0.4408843749377488
684.85,0.435985733977361
685.04,0.4309856793490256
685.23,0.4360750292441564
685.42,0.435954419727756
685.61,0.4414305186540553
685.8,0.4445060293436121
685.99,0.445605795574644
686.18,0.4301983411705391
686.37,0.4398903133131469
686.56,0.44117938543756674
686.75,0.4331468939307736
686.94,0.4434453946181208
687.13,0.4406074286097069
687.32,0.43367999823444414
687.51,0.439741455015997
687.7,0.43850238563926547
687.89,0.44905534841561306
688.08,0.4375923065186355
688.27,0.45289221447091244
688.46,0.4552858903012738
688.65,0.45655793230778574
688.84,0.4447433838816215
689.03,0.45785203953316456
689.22,0.4567673556641835
689.41,0.4577168961585303
689.6,0.4685798630435309
689.79,0.45151810765377937
689.98,0.464930897224483
690.17,0.46310336416155495
690.36,0.46514546604851525
690.55,0.4568157052341338
690.74,0.4613537004059739
690.93,0.4581834448209723
691.12,0.4699805542523166
691.31,0.4590224812825291
691.49,0.4665148944196698
691.68,0.4526555660553211
691.87,0.4591486230102031
692.06,0.46085795447501093
692.25,0.46088999799493446
692.44,0.46036085850444675
692.63,0.464898868601522
692.82,0.4643010484093538
693.01,0.4479678162527322
693.2,0.4640444419948724
693.39,0.4553102102847956
693.58,0.4523256965902289
693.77,0.4622550535765451
693.96,0.4668142925024152
694.15,0.4522853032713294
694.33,0.4620629361960368
694.52,0.4645466793270729
694.71,0.460236222436335
694.9,0.4660986758355952
695.09,0.47211535397565874
695.28,0.4628255142901481
695.47,0.4504926185300427
695.66,0.44900899009537604
695.85,0.4515146072683756
696.04,0.45152800975550256
696.23,0.4436413782237377
696.42,0.4570644010283049
696.6,0.45700715633999234
696.79,0.46508624295633816
696.98,0.4619332217036534
697.17,0.46269765243555067
697.36,0.44963652481932637
697.55,0.45577052953517233
697.74,0.44573699994577665
697.93,0.4547081866016972
698.12,0.4567792128879172
698.31,0.458607682486666
698.49,0.445929253399406
698.68,0.46486757622062985
698.87,0.45047587846089543
699.06,0.45044348087902225
699.25,0.44858997200207923
699.44,0.46803845939324773
699.63,0.46159889203411403
699.82,0.4679369818238397
700.0,0.456731946456129
700.19,0.4622405158779767
700.38,0.4565025845298392
700.57,0.4676320750460505
700.76,0.4475987776402041
700.95,0.4631418742408392
701.14,0.45514635379064194
701.33,0.45609944391361235
701.51,0.45090598034489965
701.7,0.4555190749890246
701.89,0.46358351784455776
702.08,0.46221841192963287
702.27,0.46428985867385275
702.46,0.4526412847568517
702.65,0.4514019310989601
702.83,0.4552495023483337
703.02,0.4498494363549774
703.21,0.4590553551968714
703.4,0.45672878958416324
703.59,0.4592351840156532
703.78,0.4551199785141947
703.97,0.4546145367526624
704.15,0.4546137838314117
704.34,0.4324937483182068
704.53,0.45571752327924897
704.72,0.4409771030764364
704.91,0.4461753696218167
705.1,0.4385776453858501
705.28,0.4434022214334088
705.47,0.44302792196584856
705.66,0.450245751124517
705.85,0.4570891668044613
706.04,0.4511129561059566
706.23,0.4476279500029665
706.41,0.4481782851056872
706.6,0.4572161605455951
706.79,0.44541574616398694
706.98,0.4506033425301712
707.17,0.45132565366215854
707.35,0.44935561955710224
707.54,0.4516566898724529
707.73,0.453415074875843
707.92,0.44376601969570967
708.11,0.43718237908708146
708.3,0.4427568512249307
708.48,0.4234215893235528
708.67,0.441856096261451
708.86,0.4284909470451366
709.05,0.4434368838557471
709.24,0.43112559087774704
709.42,0.4372036378620719
709.61,0.43545966041393924
709.8,0.4396890837366664
709.99,0.44191329939605817
710.18,0.4264207812999174
710.36,0.4216397504591347
710.55,0.4297798108571345
710.74,0.4296982794680573
710.93,0.44008717124277025
711.12,0.4329664344271072
711.3,0.43092900666887335
711.49,0.43270304435925855
711.68,0.4398800342409081
711.87,0.4479504273511397
712.05,0.4359243752574641
712.24,0.4173948153940176
712.43,0.4244079955579341
712.62,0.42002166059452567
712.81,0.42380196591879327
712.99,0.4135606634134354
713.18,0.42511640802545825
713.37,0.43041035508650227
713.56,0.4186851855224312
713.74,0.4212284228558302
713.93,0.4228079984621109
714.12,0.41736851782634216
714.31,0.4255480935372828
714.49,0.41984103912169474
714.68,0.4046076070452413
714.87,0.41211962256957213
715.06,0.4085023164199504
715.24,0.40985080043893923
715.43,0.4107589121097059
715.62,0.41841310126400444
715.81,0.4096168368613218
715.99,0.42459023835435256
716.18,0.41358920953873635
716.37,0.4185717244946486
716.56,0.41908138171432224
716.74,0.41294201358653404
716.93,0.4155289892350911
717.12,0.41638959808352854
717.31,0.4070226921224742
717.49,0.4058820743467843
717.68,0.40966082746278776
717.87,0.4015005765894374
718.06,0.4136130376130276
718.24,0.40905430195869036
718.43,0.41323323574855314
718.62,0.428468610963756
718.8,0.41724327695951086
718.99,0.41807266597194015
719.18,0.4211348873227605
719.37,0.43626809294569513
719.55,0.4280412167656038
719.74,0.4200086649254617
719.93,0.4212670057567013
720.11,0.4206171718801154
720.3,0.41116370316388545
720.49,0.42378014137773856
720.68,0.41772103121712584
720.86,0.40540009495414375
721.05,0.4109271642030543
721.24,0.4191938561396879
721.42,0.4128299735029329
721.61,0.4169228140210684
721.8,0.40879141280538694
721.98,0.41443694602226266
722.17,0.4060666595510203
722.36,0.4049002949733754
722.55,0.4038157134469184
722.73,0.4041839500831644
722.92,0.40036167586330595
723.11,0.41621085351022713
723.29,0.4025369382030451
723.48,0.40381974124221603
723.67,0.4051877655482691
723.85,0.4104507611728996
724.04,0.39326039937694784
724.23,0.41220460491773137
724.41,0.4051354344630083
724.6,0.4081121673652176
724.79,0.40331958440161286
724.97,0.396941197806718
725.16,0.39930954820890446
725.35,0.3947075197946319
725.53,0.39514430792210403
725.72,0.39718408217476725
725.91,0.3899630196148606
726.09,0.4028275635673039
726.28,0.39394097419405305
726.47,0.39949272706402605
726.65,0.4039795220008047
726.84,0.406011490505155
727.03,0.41050310349471386
727.21,0.4045000782235321
727.4,0.38435054374887306
727.59,0.39921127549982416
727.77,0.39415092268816365
727.96,0.39370978315381966
728.15,0.3965846387196318
728.33,0.39097481628037184
728.52,0.39929158211099974
728.7,0.3876730162266206
728.89,0.3952646587022127
729.08,0.3992959440369862
729.26,0.39510468788363684
729.45,0.39829820542651745
729.64,0.4053297318224194
729.82,0.4004615260472805
730.01,0.39156521897468216
730.2,0.4074883715717152
730.38,0.39553460624260706
730.57,0.4019398589444281
730.75,0.40456254221522775
730.94,0.40424220759003215
731.13,0.40316112872777526
731.31,0.4037253153128005
731.5,0.39190251482761684
731.68,0.4084341005595442
731.87,0.39773160086233617
732.06,0.3948971237722256
732.24,0.40281123034844196
732.43,0.39829165050891796
732.62,0.401662677976717
732.8,0.3924508585514783
732.99,0.3941477750209865
733.17,0.4051220549939274
733.36,0.39847086544031274
733.55,0.4069059597622454
733.73,0.40490933390640127
733.92,0.3877476376351769
734.1,0.4033863609698821
734.29,0.40591097571871276
734.48,0.4082418657564353
734.66,0.4015583644364441
734.85,0.4023958387055698
735.03,0.39111369295671194
735.22,0.40142938994602095
735.4,0.40727217179858627
735.59,0.39367100142365147
735.78,0.3822298099830003
735.96,0.38871508466021865
736.15,0.40503768788291994
736.33,0.3976991971434057
736.52,0.39528084287769
736.7,0.39280683545669537
736.89,0.3997003975940652
737.08,0.40032253888855396
737.26,0.4069660718271025
737.45,0.39195217006280914
737.63,0.4083566504912435
737.82,0.4048380604114501
738.0,0.40219092479626306
738.19,0.41536229825347826
738.38,0.4066446758837307
738.56,0.4035717461854881
738.75,0.40856478319652667
738.93,0.40821018677390736
739.12,0.40682907905025734
739.3,0.4165057730381803
739.49,0.4176772587515499
739.67,0.40663921586392543
739.86,0.4071655917123659
740.04,0.41101500632626564
740.23,0.39905148830353865
740.42,0.40814074387010396
740.6,0.4061760230261994
740.79,0.4048082862841384
740.97,0.4050353783076117
741.16,0.4105101535554925
741.34,0.41797513567807254
741.53,0.4158677973715104
741.71,0.4335462140567184
741.9,0.43443911335288665
742.08,0.42732751882684267
742.27,0.4253161035281162
742.45,0.4156055063392015
742.64,0.42176234740797514
742.82,0.41089046674477137
743.01,0.4114935212856153
743.19,0.42041424667439886
743.38,0.4342640071987701
743.57,0.4299915089370055
743.75,0.42627560753969684
743.94,0.43001101807519015
744.12,0.4216697309573947
744.31,0.43969188404941817
744.49,0.4319463127298405
744.68,0.43224347242392225
744.86,0.42228931215412857
745.05,0.42135484221612785
745.23,0.4253672690005228
745.42,0.4277206342328949
745.6,0.4370555236650024
745.79,0.43602832066799857
745.97,0.42545278700214767
746.16,0.4483652556273323
746.34,0.42963093888952425
746.52,0.4182018187223493
746.71,0.42701374769472394
746.89,0.43860399038233466
747.08,0.42872515324954824
747.26,0.4369812926911758
747.45,0.4163406534515888
747.63,0.4287857179327408
747.82,0.43082339550379084
748.0,0.4294213193410032
748.19,0.44219284023353356
748.37,0.4556140401925756
748.56,0.44157544783045377
748.74,0.4384857502025648
748.93,0.43525775131890043
749.11,0.44057395684045336
749.3,0.4339706452432875
749.48,0.4542454311518267
749.67,0.4453998205402957
749.85,0.44742484326112136
750.03,0.46249690034752045
750.22,0.448352680848255
750.4,0.44713947324618125
750.59,0.4450044948187791
750.77,0.45148302026019027
750.96,0.46018962365611227
751.14,0.45003027332412554
751.33,0.440575130628544
751.51,0.45333011959145564
751.69,0.4481235581328998
751.88,0.4624878148048105
752.06,0.45110961787726145
752.25,0.46366783998559996
752.43,0.4651328485589466
752.62,0.46337294210487645
752.8,0.4527573483852563
752.99,0.4535694109254877
753.17,0.4604478371554952
753.35,0.4635161049519001
753.54,0.47213252428693436
753.72,0.4769503574322184
753.91,0.46393982754985263
754.09,0.4790730705860396
754.28,0.48185845974509667
754.46,0.492397922851039
754.64,0.47967498728338476
754.83,0.47429357531184274
755.01,0.48430371710528086
755.2,0.46269081834026193
755.38,0.47671682060511666
755.56,0.4818501198869297
755.75,0.48267605214998394
755.93,0.48222976981855936
756.12,0.47087187217397525
756.3,0.45643574833872846
756.48,0.48641975855257735
756.67,0.47076649004546844
756.85,0.46791271799280953
757.04,0.4827954807435481
757.22,0.48540395710139084
757.4,0.4931769426071393
757.59,0.4942720957667703
757.77,0.5039378520449832
757.96,0.5051905163286665
758.14,0.5146126529298314
758.32,0.5026653813055613
758.51,0.5211135656343201
758.69,0.4922074429756
758.87,0.4977958043854905
759.06,0.5014247053620527
759.24,0.5175928094117437
759.43,0.5084258493110584
759.61,0.5074101223235895
759.79,0.5068028923148753
759.98,0.5108003934659513
760.16,0.5169701287334872
760.34,0.5098798368600334
760.53,0.5183109939001745
760.71,0.5317866489171544
760.9,0.5284055992000168
761.08,0.519606457362024
761.26,0.5094347064003656
761.45,0.5129421239721342
761.63,0.5310107945104037
761.81,0.5166761669233321
762.0,0.5115284181846157
762.18,0.5291786114496997
762.36,0.5122081552351738
762.55,0.5175966763966842
762.73,0.5196261984194316
762.91,0.509408601407684
763.1,0.5257710479458065
763.28,0.513198811737459
763.46,0.5168286536582848
763.65,0.5219513525751711
763.83,0.5227269116763327
764.01,0.5202687017349055
764.2,0.5196739019891868
764.38,0.5261820939677673
764.56,0.5277820700137309
764.75,0.5410538234585314
764.93,0.5315457302575722
765.11,0.5302412739771267
765.3,0.5412741694918911
765.48,0.5462492610927691
765.66,0.5455275307885127
765.85,0.5405971135837832
766.03,0.5434875489415048
766.21,0.542616083675635
766.4,0.5490336298204861
766.58,0.5510991414133706
766.76,0.5529254586858994
766.95,0.547649806323965
767.13,0.5638018628959428
767.31,0.5504125495108672
767.49,0.5469948254648518
767.68,0.5631128340911715
767.86,0.5484180174115559
768.04,0.5517839956621168
768.23,0.5618437997239485
768.41,0.5554124752580908
768.59,0.5487074647484635
768.78,0.5521717907218047
768.96,0.5592913657990413
769.14,0.5544599084034034
769.32,0.5528763662555967
769.51,0.5701343064421478
769.69,0.5641862137373047
769.87,0.5535981087800445
770.06,0.5453347340085348
770.24,0.553105680001635
770.42,0.5654509184863629
770.6,0.568636628437557
770.79,0.5513521835683177
770.97,0.5578274836655431
771.15,0.5689191684448163
771.33,0.5783655345000464
771.52,0.570310248990428
771.7,0.5963910350820018
771.88,0.5769031582266525
772.07,0.5684032289442524
772.25,0.5755135844162929
772.43,0.5801577867697337
772.61,0.5805890289409391
772.8,0.5801021657490175
772.98,0.5801453797090368
773.16,0.5798732642795444
773.34,0.5844821930975875
773.53,0.589655207678436
773.71,0.5874842410837048
773.89,0.5885333368515541
774.07,0.581387428632592
774.26,0.5931601533131794
774.44,0.5856594592177929
774.62,0.5961637525703172
774.8,0.5879852709607877
774.99,0.6020220637298506
775.17,0.6015273405447927
775.35,0.5859886486203164
775.53,0.5788113032818397
775.71,0.5777044400302767
775.9,0.5738338600893544
776.08,0.5797114204013246
776.26,0.589413108019965
776.44,0.5851238087893601
776.63,0.6037784134917255
776.81,0.6020004733768718
776.99,0.5846663603769774
777.17,0.5991308159962236
777.35,0.5940033578676824
777.54,0.6081454054903227
777.72,0.609507498184062
777.9,0.6042787014384188
778.08,0.6116844289512671
778.27,0.5938470636150313
778.45,0.603040480302094
778.63,0.6019214187756239
778.81,0.5992384430064903
778.99,0.618228627804818
779.18,0.6022457935200413
779.36,0.6141937058321094
779.54,0.6019461690163221
779.72,0.599173388163801
779.9,0.6116912129360432
780.08,0.6158216294090689
780.27,0.603200868223885
780.45,0.608709386121425
780.63,0.605749622097018
780.81,0.622897865998191
780.99,0.6097442791597766
781.18,0.6179681417281436
781.36,0.6012769822745222
781.54,0.6191867540754648
781.72,0.5980505646065771
781.9,0.6158850531657378
782.08,0.6162701036311361
782.27,0.6259183017873894
782.45,0.6355886528722372
782.63,0.6455000070639835
782.81,0.6370828094164045
782.99,0.623263952645754
783.17,0.6274308401115556
783.36,0.6335338427242097
783.54,0.6218477690014397
783.72,0.6214202631522695
783.9,0.639535925010399
784.08,0.6436166771502774
784.26,0.6469058731195293
784.45,0.6396408084284132
784.63,0.6374360669743804
784.81,0.6405387553677053
784.99,0.6388128369648165
785.17,0.6521313519351752
785.35,0.6530293336304455
785.53,0.6332050918147188
785.72,0.6527295470197186
785.9,0.6345349745722889
786.08,0.6538779109337712
786.26,0.6354351601027992
786.44,0.6411538857923413
786.62,0.6447902990030958
786.8,0.6487103110626187
786.99,0.640233212837406
787.17,0.637664502599572
787.35,0.6370265482273838
787.53,0.6559539501319559
787.71,0.6496132820314519
787.89,0.6574551352945514
788.07,0.6518568058519416
788.25,0.6602928860743048
788.43,0.6705555036144091
788.62,0.6562712869048672
788.8,0.6591618550721224
788.98,0.6634400586821851
789.16,0.6442093643096013
789.34,0.6512846002489943
789.52,0.6722566919898675
789.7,0.6336150345162644
789.88,0.6236270690053284
790.06,0.6615602437983654
790.25,0.6445831222967635
790.43,0.6623185467398179
790.61,0.6429576172711149
790.79,0.6562191264586364
790.97,0.6639206740016448
791.15,0.6578366595650874
791.33,0.6699596910076754
791.51,0.6448922614584934
791.69,0.653660619236965
791.87,0.6428133727819957
792.05,0.6520900246030662
792.24,0.6465700438730109
792.42,0.64123851984772
792.6,0.6252693250687243
792.78,0.6392805596333505
792.96,0.6225559488611359
793.14,0.6394367751860974
793.32,0.6169975114978415
793.5,0.6180496007796887
793.68,0.6239117157959024
793.86,0.6219864524506047
794.04,0.6202068363652885
794.22,0.615944547750513
794.4,0.6163231522455155
794.58,0.6144178412613875
794.76,0.6065994580897114
794.95,0.6151604526797956
795.13,0.6073264687822192
795.31,0.635172691360568
795.49,0.6343931208046067
795.67,0.6313394229415725
795.85,0.6303027537264939
796.03,0.627633788142765
796.21,0.6210087865071927
796.39,0.6263677947428229
796.57,0.6019159584446083
796.75,0.6372396029610793
796.93,0.6188628154690553
797.11,0.6157831265916373
797.29,0.607342355664925
797.47,0.6242687707729155
797.65,0.622070016538658
797.83,0.6366143876327389
798.01,0.6224982442955207
798.19,0.6215344470215829
798.37,0.6423921279951115
798.55,0.6364460495529024
798.73,0.6261219575806233
798.91,0.6388530468853918
799.09,0.6429431867684624
799.27,0.6208247643544673
799.45,0.6338497658781983
799.63,0.6166415105133651
799.81,0.6432349866346148
799.99,0.6145256776586625
800.17,0.6072238936754755
800.35,0.617692336523751
800.53,0.6125682150739816
800.71,0.6283182350168959
800.89,0.6093109375228057
801.07,0.6211060288921778
801.25,0.6044960675863668
801.43,0.6339746187705504
801.61,0.6104227927929818
801.79,0.6081682655929757
801.97,0.6356333915463461
802.15,0.6064735464120583
802.33,0.6082676282769797
802.51,0.6308605458301957
802.69,0.6327645754198454
802.87,0.6009719468442916
803.05,0.6050684807536215
803.23,0.6287151928597413
803.41,0.622163523539984
803.59,0.6266222111527485
803.77,0.6328412436452899
803.95,0.6224845726211252
804.13,0.6299906736642358
804.31,0.6324445075075403
804.49,0.604306475567939
804.67,0.6043955253770259
804.85,0.6113330346037834
805.03,0.6143502439449943
805.21,0.6041160003340438
805.39,0.5978160643089714
805.57,0.6217959213040902
805.75,0.6195099222927339
805.93,0.5971554746888662
806.11,0.613566116012055
806.29,0.6137527141480281
806.47,0.6021758043402256
806.65,0.6121389906831257
806.83,0.6191048057003257
807.0,0.6138909049138215
807.18,0.6375801861072198
807.36,0.6258217499802396
807.54,0.6191852716075953
807.72,0.625837167194166
807.9,0.6107032258997427
808.08,0.6247982990170687
808.26,0.6045173476610701
808.44,0.5902330685738958
808.62,0.6115145168967159
808.8,0.5919120026374236
808.98,0.5905852523542563
809.16,0.6041620799202265
809.34,0.6021675463427438
809.51,0.594361965505843
809.69,0.6003797643353017
809.87,0.6082093409937681
810.05,0.5982185568812416
810.23,0.6032923852726048
810.41,0.6370520852510204
810.59,0.5814431462443813
810.77,0.6056899075964929
810.95,0.6074906236399225
811.13,0.5963541895575307
811.31,0.6121147706805241
811.48,0.5930786761356792
811.66,0.5977249915308125
811.84,0.589791341278875
812.02,0.598971441866809
812.2,0.6056788755787427
812.38,0.5881999220118072
812.56,0.5965183302872922
812.74,0.5946914137651458
812.92,0.6201990874141854
813.1,0.6055522579031016
813.27,0.6124757592659245
813.45,0.5922863366576727
813.63,0.6108094835122911
813.81,0.5951993364527872
813.99,0.5879277074293517
814.17,0.6083530702730204
814.35,0.5881021916794542
814.53,0.5835138360427478
814.7,0.5969330349913134
814.88,0.5867148228396105
815.06,0.5864642460663761
815.24,0.5789198175295569
815.42,0.574198197957172
815.6,0.5702143412864155
815.78,0.5655135840407625
815.95,0.5897406929154152
816.13,0.5560800534896808
816.31,0.5673104170490794
816.49,0.554058994733007
816.67,0.5696052434296485
816.85,0.5619953026352648
817.03,0.5633242097851147
817.2,0.579149043659607
817.38,0.5867902202959437
817.56,0.5572357381997298
817.74,0.5672541348519434
817.92,0.5868504225936769
818.1,0.5857343267761947
818.27,0.5738422882948357
818.45,0.5645931638955987
818.63,0.5581732001361012
818.81,0.5568468019390812
818.99,0.5854087152063029
819.17,0.5755644766156037
819.34,0.5814975384601475
819.52,0.584921728924131
819.7,0.596056176763248
819.88,0.6080721927483476
820.06,0.5845946821089207
820.24,0.5917558824794203
820.41,0.5699601430295853
820.59,0.5758385560245319
820.77,0.5813625916733468
820.95,0.5497021541403054
821.13,0.5930817417422435
821.3,0.5841553383688176
821.48,0.5839906531136815
821.66,0.5839799202323624
821.84,0.5810547273501995
822.02,0.5675432467042891
822.19,0.5748773139303885
822.37,0.5638417761012663
822.55,0.5674103228535675
822.73,0.5777600651956859
822.91,0.5767191489648389
823.08,0.571100376605965
823.26,0.5688873783080379
823.44,0.540822186808173
823.62,0.57456690852222
823.8,0.5625049267891011
823.97,0.5736745341518693
824.15,0.5679703695840005
824.33,0.5467162242180431
824.51,0.5697937981903576
824.69,0.5682436331073503
824.86,0.5620854874865149
825.04,0.5518928613390585
825.22,0.5692066449882297
825.4,0.5586745082258392
825.57,0.5378843259308086
825.75,0.5616062465364178
825.93,0.5575234794220602
826.11,0.5632972676718273
826.28,0.5779396251936869
826.46,0.5734496212063858
826.64,0.5775719253809148
826.82,0.5690942964261242
826.99,0.5760155234407759
827.17,0.5966230600641284
827.35,0.5839557963737939
827.53,0.595911997539978
827.7,0.5839579205363454
827.88,0.5886237707197183
828.06,0.5800052356626425
828.24,0.5758501063961003
828.41,0.5613526392550339
828.59,0.5705138598686365
828.77,0.5665157637625808
828.95,0.5568877196414689
829.12,0.5715688882310871
829.3,0.5706428893030603
829.48,0.5683031297958921
829.66,0.5752071515294683
829.83,0.5778768378509087
830.01,0.5742052434745153
830.19,0.5800707556000586
830.36,0.5728406175547022
830.54,0.5427951876259213
830.72,0.5708878819575524
830.9,0.5726072839515529
831.07,0.5532156936480243
831.25,0.5577850691001912
831.43,0.5832658212500482
831.6,0.5828032643162969
831.78,0.5941130714444115
831.96,0.5609039259353878
832.14,0.5521422941293861
832.31,0.5868478301071581
832.49,0.5617001688587389
832.67,0.5677068910427095
832.84,0.5544130344212106
833.02,0.5524457443528935
833.2,0.5771552089993945
833.37,0.5731186452630729
833.55,0.5805848625297187
833.73,0.5569961159621977
833.91,0.5600022964154531
834.08,0.5638240767454451
834.26,0.5634542239707998
834.44,0.5600149734494345
834.61,0.559093360277464
834.79,0.5375808491767928
834.97,0.5682611361669695
835.14,0.5280711627944448
835.32,0.5887842263652291
835.5,0.5355086594758315
835.67,0.5832054225455099
835.85,0.5469606721161505
836.03,0.5710219311478107
836.2,0.5710122705003791
836.38,0.5616752751949602
836.56,0.5658049809723846
836.73,0.5390669633032021
836.91,0.5651986935155076
837.09,0.5283636578179616
837.26,0.5290566145627956
837.44,0.5395327947878055
837.62,0.5490185475585356
837.79,0.5419672464503105
837.97,0.518008267719797
838.14,0.5397389618657021
838.32,0.5495915553054523
838.5,0.5200344598546196
838.67,0.5444568468127459
838.85,0.5337061525036935
839.03,0.529644369086565
839.2,0.5228345283136423
839.38,0.5651679026644002
839.56,0.5585462266039877
839.73,0.5682965720570912
839.91,0.5320721198165281
840.08,0.5305329703001284
840.26,0.5563473331004407
840.44,0.5454016349912061
840.61,0.5191208044243848
840.79,0.5195946038281066
840.97,0.5457907263808378
841.14,0.5282003264477372
841.32,0.5472249676350627
841.49,0.5565807306124595
841.67,0.5538606621114107
841.85,0.5385113227378412
842.02,0.5290909395380952
842.2,0.5375737014415738
842.37,0.5470764381812532
842.55,0.538768365130668
842.73,0.5405210435481367
842.9,0.5474884149804501
843.08,0.5452397914223263
843.25,0.5538781575037147
843.43,0.5397034950683998
843.61,0.5443405162982596
843.78,0.5401643527072445
843.96,0.5296569735962035
844.13,0.5567136025254745
844.31,0.5536039436565687
844.49,0.5274819868211272
844.66,0.560443101491979
844.84,0.5515951888901452
845.01,0.5440267314603403
845.19,0.5775467396008622
845.37,0.5510948342868347
845.54,0.5610544364537975
845.72,0.5601112647943315
845.89,0.5456787297794811
846.07,0.535521368000168
846.24,0.5397973103843243
846.42,0.5588126577906667
846.59,0.5263822281252584
846.77,0.5560913879697514
846.95,0.5565253192975812
847.12,0.6112528094879485
847.3,0.558357013994428
847.47,0.5731027903436632
847.65,0.5525024042462007
847.82,0.5514609069363801
848.0,0.5641133028787755
848.17,0.5565727837291645
848.35,0.5668869233002826
848.53,0.5886623978789933
848.7,0.5713316210563897
848.88,0.575726464725329
849.05,0.5676190217579875
849.23,0.5908163092128508
849.4,0.5476476255498816
849.58,0.559092242602766
849.75,0.5372428650126225
849.93,0.5425898092550773
850.1,0.550921506718555
850.28,0.5606421511913674
850.45,0.5604671757565641
850.63,0.5281910443147553
850.8,0.537409477651009
850.98,0.5676886543616311
851.16,0.5488762590082394
851.33,0.553554480499004
851.51,0.5532917384155666
851.68,0.5543205021866389
851.86,0.5518296213825659
852.03,0.5872392193990232
852.21,0.6011731352675828
852.38,0.5597372336811686
852.56,0.5757250906313139
852.73,0.5734541752651806
852.91,0.5897845923831346
853.08,0.6007349111067102
853.26,0.5813691305433198
853.43,0.5766829989680585
853.61,0.5988712645574714
853.78,0.5729085785067629
853.96,0.5744231494041798
854.13,0.575751839990536
854.31,0.5567583253314726
854.48,0.551979392848592
854.66,0.5465676894718635
854.83,0.574834601572242
855.0,0.6123315986119954
855.18,0.5757949194114123
855.35,0.6088047606334881
855.53,0.5845097588104337
855.7,0.5937965724399199
855.88,0.5610169877687364
856.05,0.5711897740094997
856.23,0.5650092962465254
856.4,0.5503888252568486
856.58,0.58220766049297
856.75,0.589372108861588
856.93,0.5949309224799696
857.1,0.5583249012866435
857.28,0.6116299177762317
857.45,0.5785959491621115
857.62,0.6031406138472519
857.8,0.5804347231715653
857.97,0.5834741947347729
858.15,0.5740996563032376
858.32,0.6066553955753676
858.5,0.5841675891387057
858.67,0.5598070904338698
858.85,0.6060779032255124
859.02,0.6017435242510897
859.19,0.5679935835668016
859.37,0.5875688496359631
859.54,0.5848795875564684
859.72,0.5884951600394474
859.89,0.5712332336177731
860.07,0.5592970912460007
860.24,0.6091536573631192
860.41,0.6144715687725009
860.59,0.5677405260925995
860.76,0.5714593428246589
860.94,0.6090574664783787
861.11,0.5914489949994909
861.29,0.5469051044930202
861.46,0.5902143011457818
861.63,0.5856128230035426
861.81,0.5589510115190854
861.98,0.6033409123291466
862.16,0.5601105525517808
862.33,0.6037422205614101
862.5,0.5976399110632696
862.68,0.6217568317163281
862.85,0.5886418445379256
863.03,0.612675723494804
863.2,0.6382598446704678
863.37,0.6240100146571301
863.55,0.6078028789847334
863.72,0.6200342112555447
863.9,0.5873038718790673
864.07,0.6276373455632588
864.24,0.5879760476083632
864.42,0.6181278761256223
864.59,0.5945644428470819
864.77,0.5642222310705207
864.94,0.6094367594112824
865.11,0.5513890528836494
865.29,0.5991704174762003
865.46,0.5898403212251377
865.63,0.6196990424076607
865.81,0.6440978610792218
865.98,0.624431981004626
866.16,0.5900661041408037
866.33,0.5997500649962094
866.5,0.5924678856481279
866.68,0.5712936368718314
866.85,0.559842707587595
867.02,0.6029916493548798
867.2,0.5918663012520823
867.37,0.6040632785306886
867.54,0.5631705830368198
867.72,0.6261378221510433
867.89,0.6009335974579765
868.06,0.5929080066781713
868.24,0.5811918939247789
868.41,0.5702652883029525
868.59,0.568208440385972
868.76,0.5930770546385822
868.93,0.6035853777547051
869.11,0.5558739920184533
869.28,0.5920001669336833
869.45,0.6142381966220675
869.63,0.5977940030563897
869.8,0.6087575365030626
869.97,0.5994680261553808
870.15,0.5991321636857831
870.32,0.5768311877810478
870.49,0.5810174740203073
870.66,0.5873446981969251
870.84,0.6080004646030548
871.01,0.6462337328093835
871.18,0.5921619991221214
871.36,0.6473704584685578
871.53,0.6309410336173158
871.7,0.5906743566354711
871.88,0.6291182899932193
872.05,0.6236089692072663
872.22,0.5945075619672624
872.4,0.6017125626801273
872.57,0.5630951896101904
872.74,0.5723794786663386
872.92,0.5856547690866377
873.09,0.582806162297105
873.26,0.5781538559122524
873.43,0.6672449451140522
873.61,0.6275313469725375
873.78,0.6064459310438804
873.95,0.625126177982231
874.13,0.6230325570660086
874.3,0.6206691547174753
874.47,0.6277479491946283
874.64,0.6274797446433733
874.82,0.5997084525814944
874.99,0.6196950785755047
875.16,0.6280168258925439
875.34,0.6313183527567008
875.51,0.6155199222285181
875.68,0.65358966985718
875.85,0.6512704804411615
876.03,0.6575010492398089
876.2,0.6171240089280212
876.37,0.657979135385123
876.54,0.6131545650875823
876.72,0.6204894755542733
876.89,0.604150470587921
877.06,0.633643944458659
877.23,0.6316319499655483
877.41,0.6413766471439245
877.58,0.5841642654005527
877.75,0.6641205085395779
877.92,0.5989154498644312
878.1,0.6111239345356453
878.27,0.6528911232835597
878.44,0.6746960676221977
878.61,0.6325959659817436
878.79,0.6596885665151484
878.96,0.6645568280446241
879.13,0.6673839166862423
879.3,0.6379295510981496
879.48,0.6219178717765064
879.65,0.6248410453377624
879.82,0.659203084908117
879.99,0.6716462199517658
880.16,0.6478961018073621
880.34,0.6773046153478893
880.51,0.6753667306513186
880.68,0.6999492999978227
880.85,0.6231914081343353
881.03,0.6871431000633802
881.2,0.6829493850031171
881.37,0.7004928366762178
881.54,0.6872457291958819
881.71,0.6533829544059168
881.89,0.715552219752445
882.06,0.6573864376308258
882.23,0.6994036665874162
882.4,0.6715958946442218
882.57,0.691378276185458
882.75,0.6720939302372037
882.92,0.6706423391604271
883.09,0.7396381498158002
883.26,0.6546933785722925
883.43,0.7094487334970075
883.61,0.6591920883426279
883.78,0.6369861515921139
883.95,0.6656149999195974
884.12,0.6762867349934522
884.29,0.6613475235366353
884.47,0.6809843329136318
884.64,0.6785469521919468
884.81,0.6505114918757308
884.98,0.7161274442955073
885.15,0.6583281851136368
885.32,0.6733091404400792
885.5,0.6668088834462925
885.67,0.6595042456471396
885.84,0.6614712476807175
886.01,0.6511642536228766
886.18,0.7087391190467281
886.35,0.7410000448574396
886.53,0.688859847532881
886.7,0.6328357094111695
886.87,0.6893026689497483
887.04,0.7060744931503972
887.21,0.6490490589732151
887.38,0.6681130027123164
887.55,0.6847684078191634
887.73,0.7349902773124627
887.9,0.6955820196968715
888.07,0.6668136751561264
888.24,0.7130051866961422
888.41,0.7165827978913685
888.58,0.7855934186948664
888.75,0.7677680993018985
888.93,0.6574486613837487
889.1,0.6898986603807339
889.27,0.7122437409703554
889.44,0.7109739177116847
889.61,0.7066305277540185
889.78,0.7062060046189377
889.95,0.6999411592706638
890.12,0.6840897084589103
890.3,0.7709275072780345
890.47,0.7210416597239965
890.64,0.711480368136817
890.81,0.7221818240907374
890.98,0.7672388644948154
891.15,0.6943605411473343
891.32,0.7109244600313871
891.49,0.6738687228783927
891.66,0.7548178866975662
891.84,0.7247136877625561
892.01,0.6934445750517856
892.18,0.7431824453215918
892.35,0.7700090075810586
892.52,0.6596731797878793
892.69,0.6917972119967678
892.86,0.6696189154528599
893.03,0.7244309130173116
893.2,0.6967611096891059
893.37,0.7654177314409345
893.55,0.7444902278054752
893.72,0.7211503286484701
893.89,0.6971549331557493
894.06,0.7463335504022274
894.23,0.7646298281248045
894.4,0.7398194989012439
894.57,0.7624136641726347
894.74,0.7157268127203892
894.91,0.6911910497083591
895.08,0.6811333963525331
895.25,0.7012963136972926
895.42,0.6951325816157242
895.59,0.7361103355854598
895.76,0.690176216665967
895.94,0.750145714222153
896.11,0.8025370292093899
896.28,0.7280765353182179
896.45,0.7928455950601575
896.62,0.7573489696534976
896.79,0.6887739798655733
896.96,0.7327749382815378
897.13,0.6721396284816148
897.3,0.7756450525717273
897.47,0.7609003220965086
897.64,0.7913814391609185
897.81,0.7654313784452155
897.98,0.7195700186194913
898.15,0.7005123408590791
898.32,0.7349451337651489
898.49,0.6927569138940135
898.66,0.7097652069455062
898.83,0.7219686901678117
899.0,0.7128672054045189
899.17,0.7426515856217786
899.34,0.7280981941060627
899.51,0.6944160378420994
899.68,0.7225330961347411
899.85,0.7225991352011409
900.02,0.7647735294255141
900.19,0.7398280338173163
900.36,0.7814706347570591
900.53,0.8357422679900498
900.7,0.7089089514140542
900.87,0.7425913180398002
901.04,0.7675916773625638
901.21,0.7981438396441081
901.38,0.7549799711822697
901.55,0.7794889159990909
901.72,0.7227617451098648
901.89,0.7178581577558559
902.06,0.7779268461290306
902.23,0.7365748005835845
902.4,0.735940963004457
902.57,0.7250412945139799
902.74,0.7794331555516375
