Wavelength [nm],#6-632-âˆ†10.csv
400.08,0.014141296374562235
400.29,0.030051907382327377
400.5,-0.021493973024242278
400.71,0.04883262727237214
400.92,0.01051587000217715
401.13,0.023178861481916665
401.34,0.06302569190652599
401.54,0.03641496916992801
401.75,0.022245669568275797
401.96,0.052025314608435985
402.17,0.0580057196927648
402.38,0.037971410814170346
402.59,0.03234917902605343
402.8,-0.006511810738539622
403.01,0.022214244477972583
403.22,-0.014393972923397651
403.43,0.01994734258556835
403.63,0.01814376450411086
403.84,-0.0032906593020806
404.05,0.040656961982788876
404.26,0.04770777751114002
404.47,0.05101795937957621
404.68,-0.000626163407351197
404.89,-0.002072998824487672
405.1,0.04189399943752722
405.31,0.06530566561457708
405.52,-0.000688089498443556
405.72,0.050433239050236056
405.93,-0.004609940742759616
406.14,-0.012039322089360897
406.35,0.04139249735192569
406.56,0.03176021233896554
406.77,-0.018241433661971146
406.98,0.036531949275332105
407.19,0.031899988737470485
407.39,0.03340614340911562
407.6,0.023057296081580192
407.81,0.01604075193048858
408.02,-0.004178682330690906
408.23,0.01635906956426782
408.44,0.045182058983815616
408.65,-0.0006382563011527216
408.86,0.010212799174302822
409.06,0.05941487086761553
409.27,0.011861696136952407
409.48,-0.008862898205824143
409.69,-0.023572064346655618
409.9,0.03748934109772772
410.11,-0.009831769345281243
410.32,0.0222418580072855
410.52,0.024923900471420443
410.73,-0.014262023217247052
410.94,0.007275359622765166
411.15,0.006249460722077774
411.36,0.04695696440147473
411.57,0.04111070330598412
411.78,0.018476449487348175
411.98,0.04424668925543934
412.19,0.007324769446876126
412.4,0.01931650513237597
412.61,0.017476632303717116
412.82,0.0005291838853408425
413.03,0.014476656547899949
413.23,0.029670444784312126
413.44,0.012183331728978461
413.65,0.010800963218842916
413.86,-0.0038800314832319713
414.07,0.020336092149209024
414.28,-0.004067889383264798
414.48,-0.002802058297161627
414.69,0.007969549185202849
414.9,0.0037670444120873753
415.11,0.0148199175566108
415.32,-0.019251252957203202
415.53,0.022193138680160807
415.73,0.031537860445063806
415.94,0.006579982077869867
416.15,-0.000558092916775776
416.36,0.046592523639214185
416.57,0.027904546500878792
416.78,-0.0036398986319768956
416.98,0.010625599994159792
417.19,0.00549611369475434
417.4,0.012132810330199667
417.61,-0.017244938169672135
417.82,0.017275008016901554
418.02,0.04282132709343143
418.23,0.01671405784034958
418.44,0.026047868654110535
418.65,0.019798467474991352
418.86,0.038112017435363126
419.07,0.04050527310513361
419.27,0.033320725711008935
419.48,0.05115321415137301
419.69,0.006273779507513577
419.9,0.029789001664969953
420.11,0.04057152640926048
420.31,0.00047431974944334745
420.52,0.044407549867832664
420.73,0.007596788646879212
420.94,-0.016911976511336503
421.15,0.03232086844511749
421.35,0.03168209629586757
421.56,-0.007645896014524265
421.77,0.02089430432034146
421.98,0.014872822588241442
422.19,0.02526788864746415
422.39,0.03403845314551031
422.6,0.033647819721000165
422.81,0.00949795586762248
423.02,0.014435549559182921
423.22,-0.002380089854316796
423.43,0.0187679644403763
423.64,0.006131122175986077
423.85,0.033592281224504306
424.06,0.020459086967400543
424.26,0.021589628853874138
424.47,0.015605563337320815
424.68,0.0004757563981972497
424.89,0.011271167981690483
425.09,0.00042434509946199167
425.3,-0.006014693747700959
425.51,-0.012474998590301904
425.72,0.04317641246773305
425.93,0.010887417135356348
426.13,0.003972756415378405
426.34,-0.025869050732835602
426.55,-0.000461221326623104
426.76,-0.0013463810860384687
426.96,0.027689250190402446
427.17,0.004706544913311108
427.38,0.008490782035530395
427.59,0.014012442583871187
427.79,0.014888497202850827
428.0,0.011578475474964866
428.21,0.012781157228144135
428.42,0.028378159948519825
428.62,0.02436779228549816
428.83,0.002908510029085133
429.04,0.023878235693225516
429.25,0.023354120055219724
429.45,0.00037061241579887036
429.66,-0.015074651317122986
429.87,0.0058117559643993955
430.08,0.019600950803140563
430.28,0.007601114184550568
430.49,0.009965249533642449
430.7,0.010903712503020753
430.91,0.010362709787335826
431.11,0.031132837328698804
431.32,0.0003842104182614652
431.53,-0.00866943306587522
431.74,0.0073110254039390424
431.94,0.007183488616366816
432.15,-0.0012109400598916396
432.36,0.02880393983917
432.56,-0.0019340976182811818
432.77,0.015206294894808877
432.98,-0.012612850010018882
433.19,0.0066677803228281885
433.39,0.009050480052900925
433.6,0.022414025766471862
433.81,0.01013276766605431
434.02,0.020714310015885796
434.22,0.017548955534577523
434.43,0.004849278807923843
434.64,0.022782713001288295
434.84,0.006941313867073736
435.05,0.021406279613367895
435.26,0.036605457947507275
435.47,-0.008606961299557134
435.67,-0.010742392689108902
435.88,0.03253821779833566
436.09,0.001775978533150335
436.29,0.022371248224946683
436.5,0.00251634319270498
436.71,0.010715684107066307
436.92,0.009417332418003854
437.12,0.013507881885264132
437.33,0.005323388822677613
437.54,0.016596609441746
437.74,0.009204979783455643
437.95,0.0017966373852257589
438.16,0.011605152429627213
438.36,0.011881377036187222
438.57,-0.009237994414464398
438.78,-0.0010605671164302785
438.99,0.017775305429416677
439.19,0.01754837786600854
439.4,0.012442964696873898
439.61,-0.011255771798106455
439.81,0.024941290603931396
440.02,0.03192781013713198
440.23,0.008137981864999193
440.43,0.008859900021528755
440.64,-0.000335418097517653
440.85,0.006329037856444082
441.05,0.007044349637860925
441.26,0.015803472907834393
441.47,0.004975934874427746
441.67,0.002179771270840558
441.88,0.010501450571628448
442.09,0.017470095871640456
442.29,0.017492344093213125
442.5,0.005780545457669498
442.71,-0.0036077525602837123
442.91,0.017961255241737306
443.12,0.016239522056715656
443.33,0.006955445485411749
443.53,-0.008127972890908792
443.74,0.007198889352912651
443.95,0.017117177886997344
444.15,0.016335509477436866
444.36,0.012695558673736881
444.57,0.011591814621262596
444.77,0.020848682493527393
444.98,0.0212857459847603
445.19,0.022471884507138568
445.39,-0.005565374964497529
445.6,-0.0009654592746561014
445.81,0.02110790267375332
446.01,0.02449390498427419
446.22,0.01826572584690502
446.43,0.007416851891864163
446.63,0.023756790051289403
446.84,0.021310805816871024
447.05,-0.004136139375363169
447.25,0.01354935962086955
447.46,-0.012684054363408023
447.67,0.029479462788620545
447.87,0.006231123079129507
448.08,0.003187483103824793
448.28,0.007176371308016902
448.49,0.013112427699317053
448.7,0.006937661122774218
448.9,0.01608732055062841
449.11,0.005008198133249993
449.32,0.004521242438292792
449.52,0.009408022958988392
449.73,0.0002718378103568357
449.93,0.0009118371623806105
450.14,0.012677905700085462
450.35,-0.0009251459009505909
450.55,0.006671366678312119
450.76,0.023408516366262868
450.97,-0.011815319129554424
451.17,-0.00816722729039583
451.38,0.00141498067016947
451.58,-0.000900090009000877
451.79,-0.006018262455459284
452.0,0.022730798904160854
452.2,-0.009676541783081022
452.41,0.0024386655025946595
452.62,-0.004830878502692515
452.82,0.020509865992225366
453.03,0.006805944156683998
453.23,0.014375040288790069
453.44,0.016172501231071657
453.65,-0.009751909657252273
453.85,-0.003087889326189177
454.06,0.008930051505276338
454.26,0.01806494735809903
454.47,0.017455919348212313
454.68,0.01582371993580126
454.88,0.000750443569028902
455.09,0.006772423519667788
455.29,-0.004601515724918225
455.5,0.014454953428816425
455.71,0.014325351075170557
455.91,-0.00186562551704069
456.12,-0.0029701114419823206
456.32,0.00025771421264375615
456.53,0.012780610296177199
456.73,0.02540280053269599
456.94,0.007484581538776403
457.15,-0.0039761771327070285
457.35,0.013958146424920215
457.56,0.006490455267902126
457.76,0.01141557100697143
457.97,0.009426636535697325
458.18,-0.0069148867712571435
458.38,-0.0017456478916096601
458.59,0.0077068218184946
458.79,0.004703927681354922
459.0,0.007373979731178775
459.2,-0.00658824765925392
459.41,0.007920870863338616
459.62,0.014824446423915135
459.82,0.0022053200907676588
460.03,0.01458033013640418
460.23,0.017627367827705066
460.44,0.024775901803693982
460.64,0.00764868499077115
460.85,0.008019946665786037
461.06,0.006326088315233475
461.26,0.014466393620169963
461.47,-0.009519400886186241
461.67,0.01637157943075114
461.88,-0.0007008008917485049
462.08,0.011870756549157304
462.29,0.010330296029005842
462.49,0.012413402223582953
462.7,0.008337610571616437
462.91,0.006869888780547799
463.11,0.007644472984649688
463.32,0.008085557320854142
463.52,0.009634956377166026
463.73,-0.01295422231269714
463.93,0.0027322362875606718
464.14,0.011772685581273477
464.34,0.004363971078759875
464.55,0.004464443186854831
464.75,0.008125206128384268
464.96,0.004354896378599238
465.16,0.0029156319705994395
465.37,0.0026162515906199032
465.58,0.012550980738139417
465.78,0.006254567309334058
465.99,0.0036449212666551456
466.19,0.014448289492846607
466.4,-0.00569874131044241
466.6,0.004254050554663324
466.81,0.008475021475071185
467.01,0.0005670608363384936
467.22,0.007067697114425136
467.42,0.0013008283513180302
467.63,0.011246188098503399
467.83,0.006847694769666737
468.04,0.0009137546003620582
468.24,0.009055128066903874
468.45,0.011009167598630666
468.65,0.012941321165153733
468.86,0.007320376785234231
469.06,0.01980761434598425
469.27,0.004437413526751845
469.47,0.016190738451883128
469.68,0.002551236618905205
469.88,-0.0029836847436937905
470.09,0.006820396232543047
470.29,0.0021668459323158883
470.5,-0.0061568214497874085
470.7,-0.009000829163015788
470.91,0.012582693414057098
471.11,0.0011480919663305802
471.32,0.012716917195925987
471.52,0.008974462184235574
471.73,0.006673322473858454
471.93,0.0048416092468995696
472.14,0.0007619068743519199
472.34,0.00292008850097319
472.55,0.013778968098729779
472.75,0.014921324811408484
472.96,0.006006909110682279
473.16,0.0022879463671002906
473.37,0.00702341776350185
473.57,0.0033893693477297505
473.78,0.009424319902781371
473.98,0.005179131378476005
474.19,0.0015099396917578843
474.39,0.012230835129751282
474.6,0.005780429017327078
474.8,-0.002673265228478892
475.01,0.004086217876771543
475.21,0.0028826719824286843
475.42,0.009327964132649249
475.62,0.0033765588706496596
475.83,0.0030399656824194
476.03,-0.004309451438250099
476.24,-0.0028685082483087257
476.44,0.003986944402472824
476.64,0.0019658675419841074
476.85,-0.0008750904304713348
477.05,-0.004144138456612799
477.26,0.006892841896059528
477.46,0.0033868813289236145
477.67,-0.0003831068796079772
477.87,0.0072527209875669005
478.08,0.009235743319738076
478.28,0.0015731781434049476
478.49,0.0010979139634694178
478.69,-0.0006129668204460524
478.9,0.013675971599747944
479.1,0.002469936100691269
479.3,0.006704678196623698
479.51,-0.0067596188839767705
479.71,0.003950556632372124
479.92,0.0017360922460954733
480.12,0.008822721456908088
480.33,0.0003318444955598646
480.53,0.006775190214804971
480.74,0.0042234696605185865
480.94,-0.0014545658541667414
481.14,0.0028917690754446806
481.35,0.006986663131676528
481.55,0.005144410095816125
481.76,0.0007714735464519099
481.96,0.003784540654007905
482.17,0.003518386045092824
482.37,0.0050430434096103306
482.57,0.006192121275790122
482.78,0.001582728221103407
482.98,-0.0037918522657255783
483.19,0.0017318353998922004
483.39,0.0051650353149533725
483.6,0.004918372938899545
483.8,0.008527083048271331
484.0,0.003659500412272839
484.21,0.0028818691532548437
484.41,0.0035135895690445386
484.62,0.001695441171071102
484.82,-0.002430661931423643
485.02,0.0038622104858336936
485.23,-0.0025830742360837744
485.43,0.0077115258251431095
485.64,0.006033048334033254
485.84,0.005494814464101131
486.05,-0.0004893645013737632
486.25,0.0027630171900465523
486.45,0.006815528706293641
486.66,0.008082449681149542
486.86,0.0030477029744223312
487.07,0.004326116950356075
487.27,0.004042424804735787
487.47,0.0023114242493538152
487.68,0.0008206380906795259
487.88,-9.701491059778284e-05
488.09,0.007274545213390068
488.29,0.004727862473351115
488.49,0.0008216937733063959
488.7,0.01277237708599955
488.9,0.003947533881366724
489.1,-0.004878851108021314
489.31,0.0016744048803846686
489.51,0.0011308441352311134
489.72,0.00432623486565016
489.92,-0.0032271827653027976
490.12,0.006616299711962
490.33,8.142122931140072e-05
490.53,-0.002192848531018128
490.74,0.005804455051809681
490.94,-0.0006011062561006703
491.14,-0.001297735813726231
491.35,0.0007658208546018631
491.55,-0.0012748816638149777
491.75,-8.896770230316749e-05
491.96,-0.001613823934184732
492.16,-0.0011042382672402555
492.36,0.001770441114131119
492.57,-0.003640017199613428
492.77,0.0037486580860181177
492.98,0.00024392440371219003
493.18,0.004517943102431366
493.38,-0.00041445364338945793
493.59,0.00040502084353992397
493.79,0.004938232741106844
493.99,0.0012368609576531506
494.2,0.002339928912226789
494.4,0.0065876800838464014
494.6,0.0013793475071295638
494.81,0.0028068605983692877
495.01,0.0031519730839084065
495.22,-0.0007340624203769601
495.42,0.0005559764588620693
495.62,0.0036211952668827353
495.83,0.0007116981300604061
496.03,0.0041981355691443085
496.23,0.0014855722330582482
496.44,0.00501895661462227
496.64,0.0003857385658273873
496.84,0.007041631804048646
497.05,-0.0002412282319900359
497.25,0.0035130656010311503
497.45,0.0022423936702404934
497.66,-0.0008631335284977204
497.86,0.0040986825066626625
498.06,0.010112385542386209
498.27,0.003557609003231569
498.47,0.005938318115062901
498.67,0.0005257460281658279
498.88,0.0009872990209879307
499.08,0.0025076189667777513
499.28,0.0036716978775054123
499.49,0.0016108406086775176
499.69,0.0020465297249562474
499.89,-0.001729886226921126
500.1,0.002211889441815438
500.3,0.0038363330702096145
500.5,0.0015785435211118732
500.7,0.006620232755024619
500.91,-0.0019964339157017533
501.11,0.002738314701950315
501.31,0.002156835097813523
501.52,0.002293231900076731
501.72,0.0023027892072483573
501.92,0.0011192053372677114
502.13,0.0021075196489667553
502.33,0.0025518580963044086
502.53,0.0038919848593908803
502.74,-0.000518520593618861
502.94,0.0022908549560178276
503.14,0.0018078241712401147
503.34,0.00630844805442319
503.55,-0.001235433118048729
503.75,-0.0032752593196894646
503.95,0.001216173716084639
504.16,-0.0019797810712715866
504.36,0.008190798278048885
504.56,0.004546241076007815
504.76,-0.003158809754151177
504.97,0.0006452473612601432
505.17,-0.0018124888443210967
505.37,0.004415817708205733
505.58,0.007052737326687947
505.78,0.0073118024622720965
505.98,0.0006450611822108478
506.18,0.00478469883650317
506.39,-0.0020686034749875107
506.59,0.004302343357574969
506.79,0.0016087608606492306
507.0,0.002729175353423928
507.2,0.002258351684393015
507.4,0.0027695473608971488
507.6,0.0029902247853515612
507.81,0.0069822817943633216
508.01,0.007959483702163768
508.21,-0.001182340195826648
508.41,0.0019631390510469883
508.62,0.006765152161680922
508.82,0.005707988064170683
509.02,0.007677177212309974
509.23,-0.0007433678481072602
509.43,0.002608869578209462
509.63,0.003066709146667444
509.83,0.0026307233298454714
510.04,0.0011481000285196875
510.24,0.0030418017672347313
510.44,0.002638566156452891
510.64,-0.0011544920746139752
510.85,0.0004613858309128559
511.05,0.0004665953960331224
511.25,0.0031028240216118283
511.45,-0.0023323590042794167
511.66,-0.0025522904562013463
511.86,0.002422941266676895
512.06,0.003742042545345382
512.26,-0.002008774954387263
512.46,0.0009853282395453026
512.67,-0.0032166899934477403
512.87,-6.898166636242267e-05
513.07,0.004838013165083665
513.27,0.0008421168918163047
513.48,0.0023451140109030724
513.68,-0.0001930646630340176
513.88,0.002617645719521405
514.08,0.002455860969141815
514.29,0.0013200455100540718
514.49,0.0022044396515923347
514.69,0.0034140708715872195
514.89,0.0014339976608166145
515.09,0.0056461644627970025
515.3,0.00269080775172622
515.5,0.0027180582617996976
515.7,0.0041831335873933305
515.9,0.0044017310529381746
516.11,0.0031293461606621657
516.31,-0.0003115995250212597
516.51,0.0006696337178407465
516.71,0.0014026121396982386
516.91,-0.0017499340362819899
517.12,0.0008918231794161933
517.32,0.0024576857850235386
517.52,0.001030252680953717
517.72,0.002782773501854974
517.92,0.001494191100447831
518.13,0.005787283094991761
518.33,0.0019815073736394223
518.53,0.0007720867672739977
518.73,-0.00393785780704285
518.93,0.002762467194379051
519.14,0.0026839415057998877
519.34,0.003403351343582301
519.54,0.0014705813737953218
519.74,0.0020392508555658745
519.94,0.0019225303001103853
520.15,0.0002892528056890641
520.35,-6.1049325778717e-05
520.55,0.0028529647474541224
520.75,0.0016835869315487831
520.95,0.0012009011502826144
521.16,0.0006309451857554939
521.36,0.0028230148537140556
521.56,0.0034417261042593993
521.76,0.0005027534142134056
521.96,0.004114778747953065
522.16,0.002965142352217334
522.37,0.0007169955852361924
522.57,0.005928636080426564
522.77,0.0011758190846222216
522.97,0.0009376556538247037
523.17,0.004340611198246829
523.37,0.0014793022117641898
523.58,0.0020533913747965145
523.78,0.0015994770986129559
523.98,0.002364809854470501
524.18,0.0015980640504707044
524.38,0.0031189475571527974
524.58,0.00016025571954230767
524.79,0.004767903507259566
524.99,-0.0018272986084295886
525.19,0.0013678379362572573
525.39,0.00037387406759101157
525.59,-0.0003819241267427436
525.79,0.00048740797380623707
526.0,0.004609687488409414
526.2,0.0013441032172023543
526.4,0.001990118007990706
526.6,0.0029505727866550855
526.8,0.0035641650389641815
527.0,0.0032497538036237233
527.2,0.0010088141931306424
527.41,-0.001011604234760917
527.61,0.00596948020502403
527.81,0.0041846110195646715
528.01,0.0016023107048932454
528.21,0.0004860304373140038
528.41,0.002880346622202396
528.61,0.002089529768947345
528.82,0.0022079799989835032
529.02,0.004063516235257647
529.22,0.0010239745379183687
529.42,-0.0015220596908172542
529.62,0.0037012917549512935
529.82,0.0029357528724210337
530.02,-0.0010057317980198925
530.22,0.002270292186490301
530.43,0.00036902499771510847
530.63,0.000583754582051297
530.83,0.0011333141008645698
531.03,0.0011027597025617328
531.23,0.002097859547663815
531.43,0.00100827721687917
531.63,-0.0011345088762625584
531.83,0.0015422035915748115
532.03,0.00048434565992388833
532.24,-0.003833294199605295
532.44,0.0035765695297800865
532.64,0.0010264158828209677
532.84,0.002378543685512895
533.04,0.0030187467414507342
533.24,0.002083938887038813
533.44,0.00293105440047714
533.64,0.0020841619478154843
533.84,0.003492479002374364
534.04,0.0015402338720514786
534.25,-0.0029746461267215535
534.45,0.0019485499335368064
534.65,-0.0008037149833900141
534.85,-0.00048181188823953787
535.05,0.002854202938909822
535.25,0.002195194487442728
535.45,0.0017873446319744638
535.65,-0.0002703281583884554
535.85,0.00026459988607184363
536.05,0.0034853564449750405
536.25,0.003545127897013372
536.46,0.004232625041417858
536.66,0.0017373844225786407
536.86,0.00015837532473718445
537.06,0.002731360422699341
537.26,-0.0038945454503617034
537.46,0.0002666843679871661
537.66,-0.0002666791091627942
537.86,0.0016565416448253048
538.06,0.004109966486191939
538.26,0.0023795511725393666
538.46,0.0019991645166401776
538.66,0.0012353948169202258
538.86,0.002708992393320756
539.07,0.0019712160233950945
539.27,0.004466248618461351
539.47,-0.0016494582234681528
539.67,0.003518210549331147
539.87,0.002390944493881031
540.07,0.001222883451039225
540.27,-0.0013576221538365548
540.47,0.0003702846740900152
540.67,0.0029559700958164763
540.87,0.00037411583634274084
541.07,0.003639572419668324
541.27,-0.003156648438422279
541.47,0.003058307216329935
541.67,0.004556278939819073
541.87,0.003902138267087302
542.07,0.0020850546686465676
542.27,0.0022767921680485505
542.47,0.0025000047892812095
542.67,-0.0005880131773102621
542.87,0.0008924149278470257
543.08,0.0021714437029086552
543.28,0.00400099708058186
543.48,0.0021608999003274996
543.68,0.0037107841979374077
543.88,0.0007843415665910563
544.08,-0.0010184156773732907
544.28,-0.0014433049034374868
544.48,-0.0010104242675759046
544.68,0.0008989493171993286
544.88,0.0014408540012842688
545.08,0.0021989673238324283
545.28,-0.0007019079908840866
545.48,0.0028063931917412226
545.68,0.0020415498580570353
545.88,-0.0018626885480012084
546.08,0.001648071419238182
546.28,0.004270706053880516
546.48,0.0034182137362435585
546.68,4.972033261764302e-05
546.88,4.997873042579624e-05
547.08,0.00037095738141761493
547.28,0.0016303567035483896
547.48,-0.0014249110519829182
547.68,0.0015509637911831431
547.88,0.002625253292757616
548.08,-0.0007912143079369754
548.28,-0.003333037992830447
548.48,0.002600148525314856
548.68,4.95217746487114e-05
548.88,0.004653519273353892
549.08,-0.000909302536957909
549.28,0.0036460233690960467
549.48,-0.0003692938732226515
549.68,0.003811603982654368
549.88,0.0008831116429364046
550.08,0.0008801754221384903
550.28,0.002869815158651518
550.48,-0.0011003614614093383
550.68,0.0018965324295965467
550.88,0.0035935706472439645
551.08,0.002764482541385536
551.28,0.0017115677534505194
551.48,-0.0011047488347673891
551.68,0.0010866242195137744
551.88,0.0008750837460718813
552.08,0.0016170650175937166
552.28,0.002428860445681937
552.48,0.0025742884533656108
552.68,0.00035618831990214634
552.88,0.0010645304382201207
553.08,0.0036086183582010344
553.28,-0.001276041523556206
553.48,0.0006565456211618671
553.68,0.003980273918766689
553.88,0.0009901470404080064
554.08,0.0043460064555146324
554.28,0.0013014620896143216
554.47,0.0015046806677146735
554.67,0.000882283852632001
554.87,0.003891306402370126
555.07,0.0008852341810907254
555.27,0.005567678565191259
555.47,0.002167831329720648
555.67,-0.0006722055415661867
555.87,-0.0005643641319973126
556.07,0.0010668079793278967
556.27,0.0008576307468088346
556.47,0.0012743329783922125
556.67,0.0038261431690837975
556.87,-5.426430704294931e-05
557.07,0.00045367927320799824
557.27,0.004618960428798551
557.47,-0.0016892866872077025
557.67,0.0008598069286199645
557.87,0.0013821641405725557
558.07,0.004727263013878083
558.26,0.0011611171046130506
558.46,0.004600734093874488
558.66,0.0002487773876925846
558.86,0.0016665423159442536
559.06,0.0031694762303773453
559.26,0.003475106913116529
559.46,0.0001470418522815434
559.66,0.003270845343402531
559.86,-0.0012690618889018804
560.06,-0.0026784647439587416
560.26,0.002277533934234799
560.46,0.0006533638066958389
560.66,0.002112587574700626
560.86,-0.0008494399106350483
561.05,-0.000151386971815304
561.25,-0.0006488244123849281
561.45,0.00384732573988625
561.65,4.642833219861931e-05
561.85,0.0025948436693959756
562.05,-0.0002464821942034222
562.25,0.00034217880314010607
562.45,0.00024519820187985676
562.65,0.0015250891526482728
562.85,-0.0012341833713722572
563.05,-0.00015155205349466166
563.24,-0.0006529122223369326
563.44,0.0009276898690135767
563.64,0.0013333262127661128
563.84,0.004092095394910813
564.04,0.002731152917026527
564.24,0.00225349602711241
564.44,-0.0002488838286050678
564.64,0.0006302031608244174
564.84,0.0015282527781972626
565.03,0.003203405041769893
565.23,-0.0019085103249037534
565.43,0.000832432268114596
565.63,-0.0010295611016549972
565.83,0.00577706131052796
566.03,0.0022790977916328334
566.23,0.0038540578948126378
566.43,0.002486095804392961
566.63,0.004075607125472071
566.82,-0.0015247504399948676
567.02,0.0014918534258344931
567.22,0.0028076824434889653
567.42,-0.0026080102343869504
567.62,-0.0011973824662365952
567.82,-0.001018604584799437
568.02,0.004876695817010778
568.22,0.0022576143883906415
568.41,0.0009228988628329774
568.61,-5.146011963252192e-05
568.81,-0.000825993971045267
569.01,0.0026760800770621396
569.21,0.0036846776198899765
569.41,-0.0016068461788358562
569.61,0.003829379890328909
569.8,-0.0001487068973058121
570.0,0.004935644153474426
570.2,0.0035151389500901616
570.4,0.0009193156492802107
570.6,0.002873147034079743
570.8,0.0009203876884076982
571.0,-0.0014128280872602325
571.19,0.00044136377500603136
571.39,0.004022478455875217
571.59,0.002257397257288283
571.79,0.0030233258104389615
571.99,0.0009203876884076982
572.19,0.0026395675215335453
572.38,0.004388067483416747
572.58,0.0020481024428657003
572.78,-0.00033883400346017875
572.98,-0.0006325432525408858
573.18,0.0015939680544991605
573.38,0.0018726883300691926
573.57,-0.0015766511517788327
573.77,0.002438027583694657
573.97,0.00350905123408615
574.17,0.001479725082836741
574.37,0.0015859870648017242
574.57,-0.00043327332664093725
574.76,0.0025007127660044465
574.96,-0.0011914612966642808
575.16,0.0033722793236290426
575.36,0.0029250114897600463
575.56,0.0005260553011744456
575.75,0.0021264522559217834
575.95,0.001854495584395655
576.15,0.00023329995140433698
576.35,0.00254887067260884
576.55,0.0016627428855863816
576.74,0.0008016319933881567
576.94,-0.0008089921990769058
577.14,0.0024301190624497052
577.34,0.0016483108123012825
577.54,-0.0005276823825837997
577.74,0.0013730501953431006
577.93,0.0033984498987978122
578.13,-0.00014355426165314016
578.33,0.0031376904911960928
578.53,0.001077467151442421
578.72,0.0053295661325536555
578.92,0.001063679691322759
579.12,0.0023414141893898835
579.32,-0.0015654517239558365
579.52,-0.0010020276767781161
579.71,0.0024229529366798703
579.91,0.0015701127882069101
580.11,0.0022333400533195
580.31,0.0012736973171411127
580.51,0.0007039377470941846
580.7,4.503505686965476e-05
580.9,0.0021162390093277836
581.1,0.0010716291148424198
581.3,0.0029002338058866806
581.49,0.0007950861984852548
581.69,0.001871488492697055
581.89,0.0040659720364749855
582.09,0.003622023937531182
582.29,0.0012717733886597243
582.48,-0.0012797440103658887
582.68,0.003441827213416714
582.88,0.0015585246601895523
583.08,0.0036561015189486602
583.27,0.00319904552739519
583.47,0.0037008419221443807
583.67,0.004069016718827076
583.87,0.003239024311103168
584.06,0.0028650562238958107
584.26,0.0019545786287725963
584.46,0.003230524903830955
584.66,0.00378183729864347
584.85,0.000230063738036773
585.05,0.003226593894623077
585.25,0.004545112646274209
585.45,0.003172185405628937
585.64,0.0012836495270034311
585.84,0.004091612853860187
586.04,0.0022592704645303207
586.24,0.0038839929563253806
586.43,0.0013695417056598569
586.63,0.0033195749893706983
586.83,0.001449095183080933
587.03,0.0006961974613094248
587.22,0.004884010198598115
587.42,0.0006997183945084439
587.62,0.0006997183945084439
587.82,0.0006066314017906285
588.01,0.001063876989264821
588.21,0.0019228176728939507
588.41,0.004246681786435011
588.6,0.0013656643534446654
588.8,0.002125245583745124
589.0,0.0010690325506835107
589.2,0.0007885730243734397
589.39,0.0029084891381278063
589.59,0.0017423263840467408
589.79,0.0029416560895038158
589.98,0.0019140085176910454
590.18,0.0013648915160609737
590.38,0.0007787860659795528
590.58,0.00033079835526372543
590.77,0.0018261454229805576
590.97,0.0028325637494035468
591.17,-0.0018096491733913202
591.36,-0.0002348970078531747
591.56,0.004397327549755247
591.76,0.003963172404209351
591.96,0.0016138995394887061
592.15,-0.002373341261191603
592.35,0.0008913696929564904
592.55,0.003293988746123028
592.74,0.002199230387330819
592.94,0.001169088977214065
593.14,-0.0009768339832766787
593.33,0.0028852904929200104
593.53,0.000793447839143363
593.73,0.0007853562899702201
593.92,0.002253652702942208
594.12,-0.0009789228905081233
594.32,0.0010525534074312486
594.51,0.0033655995822792703
594.71,0.0007805800953070102
594.91,0.003198155128712148
595.11,0.002263868649695365
595.3,0.0009764770011321266
595.5,-0.003966366678979957
595.7,0.0014440905939372406
595.89,0.0017323585344550462
596.09,0.0016230451695776478
596.29,-0.0016094039656796963
596.48,0.000414983058475223
596.68,0.0017242728252923828
596.88,0.000977206023295172
597.07,0.002289068695950913
597.27,0.0049900953405299505
597.47,0.003088534921794413
597.66,4.395953977382344e-05
597.86,0.00013628150093581437
598.06,0.0022850075892615765
598.25,0.004713645450950846
598.45,0.000693418996341943
598.64,0.0035862340920590854
598.84,0.0023576887924045232
599.04,0.002913065844477781
599.23,0.001971379493359767
599.43,0.0018133900074940982
599.63,0.003833371847709174
599.82,0.002254690920419655
600.02,0.00209845294940636
600.22,0.0022743890024281804
600.41,0.00023187705318355412
600.61,0.001165483534477575
600.81,0.0020603568800649378
601.0,0.0006908542144601778
601.2,0.0035020093576833534
601.39,0.0004117727928497993
601.59,0.0008737716837577063
601.79,0.002070418077298484
601.98,0.003029181416322684
602.18,0.0016889563959808466
602.38,0.004373979847664026
602.57,0.0026232366066619973
602.77,0.004026291784243689
602.96,0.0033398916372649437
603.16,0.00115694200240065
603.36,-0.0006107670662283465
603.55,0.0016259150165654566
603.75,0.002144181676759933
603.95,0.0007807239747900784
604.14,0.003221004831997213
604.34,0.0018133900074940982
604.53,0.003445797248720937
604.73,0.002525283420656273
604.93,-0.001256915793994138
605.12,0.005062411015512234
605.32,0.002561068076388713
605.51,-0.00014177039533925292
605.71,-0.002368936588804743
605.91,0.0012342533821673657
606.1,0.0029550264420362122
606.3,-0.0004141743012576849
606.49,0.002430008073610195
606.69,0.0007706386352726084
606.89,0.0003148081513454088
607.08,0.0019766425687809727
607.28,0.002807305990577287
607.47,0.0024443689332965335
607.67,0.0013027195849949276
607.87,-0.00041497126678301325
608.06,0.002178420413044909
608.26,0.0026696227044030727
608.45,-0.000507112274393598
608.65,0.0027572096426498804
608.84,0.0024979581636981984
609.04,0.0003148367041523571
609.24,0.001819911578711739
609.43,0.0029950614478458605
609.63,0.0034256107564498085
609.82,0.002630309135966086
610.02,0.0027778192293416992
610.21,-0.0008342132619439056
610.41,0.0018934942026213302
610.61,0.004845991056853594
610.8,-0.0005714229943761239
611.0,0.002411772303683096
611.19,-0.0012728383728467835
611.39,0.0006536805488021189
611.58,0.001082057538495441
611.78,0.0035712619273514387
611.98,0.0028271563605067555
612.17,0.0040691160735911915
612.37,0.0009136019990653738
612.56,0.0021960845125024264
612.76,0.0010224388292065505
612.95,0.0010146612021110332
613.15,0.00047147542670696296
613.34,-0.0002175578129714557
613.54,0.00046462879641591604
613.73,0.0030013376816865477
613.93,-0.0006391438831059856
614.13,0.0007177499407970624
614.32,0.001543581451651936
614.52,0.0028123601187085
614.71,0.0025078751810962627
614.91,0.000635066623900829
615.1,0.0009644974798760613
615.3,-0.00029977365713777245
615.49,0.001369694602075155
615.69,0.002227566552296661
615.88,-0.001784033836131794
616.08,0.0022401969692956974
616.27,0.0009413080137515422
616.47,-0.001210986607789348
616.66,0.0019628918676713094
616.86,0.00406280876215941
617.06,0.0019425846408689473
617.25,0.0006210765945625778
617.45,0.001100547746580738
617.64,0.0011069686410119942
617.84,0.002767481306489115
618.03,0.0027098936786258856
618.23,0.001103432426181258
618.42,0.0032024108699274887
618.62,0.0011781053383721797
618.81,0.0010998289318150146
619.01,0.002465813795691131
619.2,0.0009470588462394015
619.4,0.0011040654668074321
619.59,0.0019437107329472556
619.79,0.00019851618542625671
619.98,0.002252945245789928
620.18,0.0014936534997305056
620.37,0.0014384969262012904
620.57,0.00012026210670395407
620.76,0.0023416778721056346
620.96,0.004190057996661932
621.15,0.0010405283855363285
621.35,0.0018481947778956293
621.54,0.0017871134420331869
621.74,0.0032104856163046942
621.93,0.0042068217613004215
622.13,0.0013675339262798002
622.32,0.0023804432526689416
622.51,0.0017826621546110774
622.71,0.0004535363760922849
622.9,0.0022186051096956907
623.1,0.0052013965032311465
623.29,0.006256177979482029
623.49,0.009375624948377943
623.68,0.008018906427952286
623.88,0.00814059859551617
624.07,0.00661091914264615
624.27,0.009977349798299107
624.46,0.012862449990759695
624.66,0.01646352051289818
624.85,0.014707798140933365
625.05,0.020942460759604202
625.24,0.023722795788013607
625.43,0.030732299580677816
625.63,0.031191558075782045
625.82,0.0391377038381639
626.02,0.045336168431324424
626.21,0.05392319720212712
626.41,0.05732149725844527
626.6,0.06954493927322532
626.8,0.07825792629826923
626.99,0.08657297530993535
627.19,0.0916944158486828
627.38,0.10410568517957769
627.57,0.11229910918639394
627.77,0.12170541945236385
627.96,0.12995671965575964
628.16,0.13858588098681243
628.35,0.14446463064121384
628.55,0.14685283928209147
628.74,0.15108317298040103
628.93,0.15857535248692628
629.13,0.16096138894886425
629.32,0.16442585882615415
629.52,0.16324825623036543
629.71,0.16493869615579868
629.91,0.16627147641740112
630.1,0.17473181052828624
630.29,0.17685240916245762
630.49,0.16822587809281042
630.68,0.1774671422965835
630.88,0.17512671298949514
631.07,0.17489094048382536
631.27,0.1760594418477947
631.46,0.1838359711876382
631.65,0.17655044202183232
631.85,0.17907326904355816
632.04,0.1918711091308193
632.24,0.1921846193363137
632.43,0.1949224968105068
632.62,0.1945241779289468
632.82,0.2024220297437297
633.01,0.20754848379810986
633.21,0.20118789208637397
633.4,0.2017995566227704
633.59,0.2057286438854157
633.79,0.2089681895488494
633.98,0.21138621108611935
634.18,0.21212456002166438
634.37,0.21664177403440762
634.56,0.20932095419721766
634.76,0.20903258235687425
634.95,0.2061370010981464
635.14,0.20922969903308924
635.34,0.203797850375809
635.53,0.21095560730690888
635.73,0.20506031833877744
635.92,0.20077030855309344
636.11,0.18989844205067147
636.31,0.1808809619753961
636.5,0.17443245630598975
636.7,0.1680085593940985
636.89,0.159863760752409
637.08,0.1557388224858476
637.28,0.14252767542295655
637.47,0.13661467834893987
637.66,0.12425172076380252
637.86,0.11933824072790729
638.05,0.10709781409136258
638.24,0.09678614730171443
638.44,0.09091482009250085
638.63,0.08249155508136526
638.83,0.073007740605525
639.02,0.0646087583102631
639.21,0.0554908097330238
639.41,0.05431266328010439
639.6,0.04192501053787041
639.79,0.0414676206437891
639.99,0.03396938416696244
640.18,0.03593294372943352
640.37,0.031527560879887326
640.57,0.020164046367907307
640.76,0.02139194536608066
640.95,0.023344276593940425
641.15,0.017880230160302865
641.34,0.016010920549979275
641.53,0.012861638541813492
641.73,0.011595980077829844
641.92,0.009811613216795047
642.11,0.006011237754840188
642.31,0.008921538369784814
642.5,0.007205493813316443
642.69,0.00573631955332875
642.89,0.004215279089716374
643.08,0.004999447243528295
643.27,0.008333390682948718
643.47,0.0041523783688053855
643.66,0.005663513530700277
643.85,0.0026209523273308132
644.05,0.006806278476413545
644.24,0.0053686641855577675
644.43,0.0023173624808509184
644.63,0.0030568803131980063
644.82,0.003595657161806542
645.01,0.003322672859114283
645.2,0.002497503967653125
645.4,0.003497870044070877
645.59,0.005404278117168205
645.78,0.0017892280735272619
645.98,0.0019841316008774226
646.17,0.0017138735645265924
646.36,0.0019876214042417054
646.56,0.0008861986922763428
646.75,0.0008790429549197564
646.94,-0.002383311913637934
647.13,0.0017249169033458722
647.33,0.0009762949155191353
647.52,0.004580331191086662
647.71,0.0021156412845027874
647.91,0.0021891793144194985
648.1,-0.0011691140411502596
648.29,0.004002332845060873
648.49,0.00329521276862367
648.68,-0.00042102813130057864
648.87,0.001625309995171257
649.06,0.002580797340329009
649.26,0.0008779022371002923
649.45,0.001446115309287453
649.64,0.00032175300372266923
649.83,-0.001564562639197551
650.03,0.0027820175654544965
650.22,0.003465702737115564
650.41,0.00013969776780728502
650.61,0.00135682922198003
650.8,0.0028666734574328977
650.99,0.0011675566746558068
651.18,0.0028468542948986196
651.38,0.0027788697363686013
651.57,0.00032406594288581593
651.76,0.0030623200967512714
651.95,0.0025876039641130506
652.15,0.0007013605449068328
652.34,0.001632142555907691
652.53,0.0016332105651271753
652.72,0.003338634203716617
652.92,-0.0016645766943549532
653.11,-0.0012714452861022306
653.3,0.0028457907928875086
653.49,0.0021090885273619413
653.69,0.008673981568684572
653.88,0.002303071789283323
654.07,0.005190468568067533
654.26,-0.0008072311019913139
654.46,0.00023231301592003932
654.65,-0.00014675125524117415
654.84,-0.00014542508093333103
655.03,0.0014633497405880042
655.23,0.0010927606066140666
655.42,0.002135140335832594
655.61,0.0034633989542509594
655.8,0.003105371050043366
655.99,0.0038942829047176205
656.19,0.001828718069646696
656.38,0.0027957409737286378
656.57,0.0018409942797556306
656.76,0.0027799182209337753
656.96,0.0018464061595536462
657.15,0.00023568068320639998
657.34,0.0027828056373467294
657.53,0.0026124576292348993
657.72,0.00033064080929906233
657.92,-0.0006266540300068843
658.11,0.0008979614944016418
658.3,-0.000524777379329367
658.49,0.0017656429605173388
658.68,0.002504735307782246
658.88,0.002150465084977282
659.07,-0.0005276320238653041
659.26,0.0013904648604333462
659.45,0.0017550737353130101
659.64,0.0026146954994164307
659.84,0.00023933271113796292
660.03,0.0031851657877936816
660.22,0.0029866512098387825
660.41,0.0005337012515136487
660.6,0.0010248350881565927
660.8,0.0016869861022493534
660.99,0.0036240947156127652
661.18,-0.00014817361205777204
661.37,-0.00014941907621040493
661.56,0.004393154866267865
661.76,0.003667726576388323
661.95,-0.00024304714042765549
662.14,0.0027547097183305
662.33,0.004208058091745768
662.52,0.001599695921526517
662.71,-0.0022127089531664094
662.91,0.0010041958205997822
663.1,0.002936568932411079
663.29,0.003328150499222579
663.48,0.0010185547718993687
663.67,0.002080449870708183
663.86,0.0018025152371334324
664.06,0.0034540457099743534
664.25,0.0038928285463213997
664.44,0.0007335896835462971
664.63,0.0022589180526845502
664.82,0.0040390883130596526
665.01,0.002575655280093328
665.21,0.00390979501101178
665.4,0.0005354772137018835
665.59,0.003014424471248031
665.78,-0.0008377585665318417
665.97,0.0049464757550065
666.16,0.0005398627023730926
666.35,0.0037316467068764145
666.55,0.0028135089664380235
666.74,0.0032544541894202698
666.93,0.0012308175120445846
667.12,0.001618400353156945
667.31,-0.00044537442050915214
667.5,0.0011350374199307484
667.69,0.0025153108581078406
667.89,-0.0006541551829093539
668.08,0.001849439423565572
668.27,0.0041656949534300955
668.46,0.0027563640537211316
668.65,0.003167881039169265
668.84,0.0017414675440574835
669.03,0.0009448102359585557
669.22,-0.0002508092433374073
669.42,0.002423020223652998
669.61,0.002031788148509401
669.8,0.002358568144907539
669.99,0.001053287062515902
670.18,0.002445295367453888
670.37,0.001349217471879898
670.56,0.001850922018690892
670.75,0.0020583462123138405
670.94,0.0004446557423729774
671.14,-5.2186378503184285e-05
671.33,0.0017383486439484783
671.52,0.002035222109571556
671.71,0.001039898003545874
671.9,0.0010391755992573378
672.09,0.001622545408416192
672.28,-0.0017352697039287278
672.47,0.002242307793087436
672.66,0.000841695786481619
672.85,0.00014812255566094745
673.05,-0.0013728567136927542
673.24,0.00134935261700545
673.43,0.0016437573298689664
673.62,0.003566211797756267
673.81,0.0010555166973604145
674.0,0.0023786462094586677
674.19,0.0018660682650289398
674.38,0.0011583032618822378
674.57,0.0013577848202920165
674.76,0.0007586175409761259
674.95,0.0015431916044061909
675.15,0.004491828926099372
675.34,0.003921844730151784
675.53,0.00226035186517926
675.72,0.0006500167472352649
675.91,0.0001497356196144183
676.1,0.0038846200645439016
676.29,0.004300242673981005
676.48,0.00045757930607712106
676.67,0.0005573513024468165
676.86,0.0019570108385789675
677.05,0.002855496615991608
677.24,0.003232634795033075
677.43,0.003928252010497381
677.62,0.003874838548393821
677.81,0.0013648003947534853
678.0,0.002757747566252569
678.2,0.0008709451585619497
678.39,-0.00025344868673561665
678.58,-0.002013800972366522
678.77,-0.00025726480306433817
678.96,0.002664046664801102
679.15,-0.00025609239434731194
679.34,0.0034296143978197937
679.53,0.003233963529289571
679.72,0.001488124412083589
679.91,0.0005666448477975588
680.1,-0.0024123490437826006
680.29,0.0035775337006063892
680.48,0.004079092689045114
680.67,0.0026066927323669113
680.86,0.00035336012523229707
681.05,0.003183583494562368
681.24,0.003874838548393821
681.43,0.0026517705315828827
681.62,0.0022900676609233553
681.81,0.0031337803468208135
682.0,0.004226809830953275
682.19,0.0027154230048983923
682.38,0.0032550361164282817
682.57,0.00015174332301553343
682.76,-0.0003620197380098912
682.95,-0.0009713853847753178
683.14,-5.4781513065386796e-05
683.33,-0.0021241490097788232
683.52,0.001084710647565926
683.71,0.004293322280700386
683.9,0.0032945634995200724
684.09,0.0022865722535968624
684.28,0.0011896559249453616
684.47,0.001291756196014599
684.66,0.0024524626295435903
684.85,0.002112728605142499
685.04,0.0028328233608331515
685.23,0.003132813774173355
685.42,-0.0015111363528374265
685.61,-5.440388332698217e-05
685.8,0.0031532378291757365
685.99,-0.001929785191043485
686.18,0.0034069236157107364
686.37,0.0012952443573559422
686.56,0.001088657727282081
686.75,0.0008616434742489381
686.94,0.001792385186048996
687.13,0.002723525016348926
687.32,-0.002030763314891001
687.51,0.002534703605851544
687.7,0.0013917312951499785
687.89,0.0018154803621989893
688.08,0.0013970716334024387
688.27,0.0019175996059491562
688.46,0.0010958353363416458
688.65,0.0021597600013662202
688.84,-0.0009049607958464128
689.03,0.002702381920107046
689.22,0.002400138006974889
689.41,0.0011075418999727247
689.6,0.0019722684082545718
689.79,-0.0008954593676342194
689.98,0.0024153590077193323
690.17,0.0014251535607718627
690.36,-0.0013282602917291254
690.55,0.00046949509447503267
690.74,0.003435573389092106
690.93,-0.00037474515610370055
691.12,0.0032872665860275495
691.31,-0.0028794372511815134
691.49,0.0011228626169295015
691.68,0.002911175414233544
691.87,0.0004650513707791391
692.06,0.00025810543099662544
692.25,0.004280643736376878
692.44,-0.003102586420959254
692.63,0.0011231034848616418
692.82,-0.0015333038997699814
693.01,0.0018262975567771022
693.2,-0.002274934479226252
693.39,0.0005838791765499423
693.58,-0.00047424374320322423
693.77,0.0016322487727773887
693.96,0.0032487143781402333
694.15,0.0024707925810334807
694.33,-0.000586267308140491
694.52,0.00037262989047770804
694.71,0.002717083706975515
694.9,0.002308864935075991
695.09,0.004746396244039175
695.28,0.0002645432354908474
695.47,0.0025598929533518534
695.66,0.0038284084597292175
695.85,0.002046700154457239
696.04,-0.000582254092352238
696.23,0.004471845402240737
696.42,-0.0016371118116650148
696.6,0.002791006730805338
696.79,0.0007934206821889895
696.98,0.0007938422000704065
697.17,0.003463053663712826
697.36,0.001528681879514945
697.55,0.0015376153928181211
697.74,0.0015254590122472825
697.93,0.001326659347782585
698.12,0.0005849403810765483
698.31,0.0015588159508370494
698.49,-0.00047895835877442546
698.68,0.0006978962636752213
698.87,0.0016327655540754455
699.06,0.001969534541646934
699.25,0.0026059632621619005
699.44,0.00048481832184214227
699.63,0.00080418127802487
699.82,0.00048471320615363925
700.0,-0.0013645718288592598
700.19,-0.0018977785514805005
700.38,0.0023016872227245863
700.57,0.001142090406009024
700.76,0.0038382658091516662
700.95,0.003865032334027222
701.14,0.003419866496604959
701.33,0.0031033094256309483
701.51,0.003540459565535766
701.7,0.0007935892356134769
701.89,-0.00027632463860628183
702.08,0.004346850127361052
702.27,0.004395953893863368
702.46,0.00015952589994645193
702.65,-0.0014749326162465295
702.83,0.0042065872915045075
703.02,0.005572003612125625
703.21,0.00027253717831588327
703.4,0.0014784904316599919
703.59,0.0013693398218001945
703.78,0.0005877681619782441
703.97,0.00405936221690263
704.15,-0.0017095641739977502
704.34,0.004176900626476516
704.53,0.0017073632571139848
704.72,-0.0003855124348391592
704.91,0.004691238118085668
705.1,-0.0007069240779119874
705.28,0.001584937148161095
705.47,0.003439676704200782
705.66,0.004724551863831113
705.85,0.000492888409350371
706.04,0.0007268202321865455
706.23,0.0016237048804379325
706.41,0.00016351516833067441
706.6,0.0007233268693617037
706.79,0.005407639720769153
706.98,0.0007285385856146274
707.17,0.0007295241547921347
707.35,0.0031106055070384774
707.54,0.00027928248386605454
707.73,0.0025361205353500007
707.92,0.0010582997347618748
708.11,0.0028920018444118572
708.3,0.002920971815539384
708.48,0.0010469522080035225
708.67,0.0009413023067302559
708.86,0.0006025926936923525
709.05,0.0007187475653874549
709.24,0.0033862666520092385
709.42,0.0048207775712775045
709.61,0.003275136663901746
709.8,-0.000610410659033021
709.99,0.0022899814218165135
710.18,0.004254973783871207
710.36,0.0009339341709262172
710.55,0.0011520167416407595
710.74,0.002278004626458882
710.93,0.004389363284314181
711.12,0.001513200400664762
711.3,0.001401186825853134
711.49,0.0017624051646953534
711.68,0.0028933158723770305
711.87,0.0004021589056943663
712.05,0.0044272727749555115
712.24,0.0008445427372374267
712.43,-0.0024029070960235356
712.62,0.0016215216184744682
712.81,0.0010751182201301538
712.99,0.002412640311262536
713.18,-0.002910764579149045
713.37,0.0046150129229386
713.56,-0.0009595324960188058
713.74,-0.0020061613401635265
713.93,0.0008300924292133429
714.12,0.0010593650810255405
714.31,-0.0005122198403615357
714.49,0.0007418174320911338
714.68,0.0009594258600101976
714.87,0.0028010420222181185
715.06,0.0023994291858864245
715.24,0.00479333682741755
715.43,0.0010496207930955485
715.62,-0.00017197614346937352
715.81,-0.0016460459238254405
715.99,0.002895947513865258
716.18,0.0007359959284983478
716.37,0.0012132852020467929
716.56,0.0027064054083312536
716.74,-0.00017715766573724438
716.93,-6.133256897097262e-05
717.12,-0.0031889798722991238
717.31,0.00017082472422666765
717.49,-0.00029464438769500874
717.68,0.0005137287074329521
717.87,0.003150922027366858
718.06,0.001215397597011571
718.24,-0.004513960151901013
718.43,0.0030922623687343284
718.62,0.0007616365490709478
718.8,0.002192307413158375
718.99,-6.358953861247155e-05
719.18,0.00041150315492859715
719.37,0.0018736030200685976
719.55,0.003753960881402044
719.74,0.003956188980408685
719.93,0.00208177336058741
720.11,0.0043848932017505025
720.3,0.002660742358617986
720.49,0.0011462942219021915
720.68,0.0045791054924004876
720.86,5.6695500584487726e-05
721.05,0.0009944534412100708
721.24,0.002821239763007217
721.42,0.003398546203697228
721.61,0.0009077515514160229
721.8,0.0038489982002227
721.98,5.712852828625793e-05
722.17,-0.0003087839140710981
722.36,0.002490273667554815
722.55,0.001946844636355872
722.73,0.001263195533208682
722.92,0.0019324548168936858
723.11,0.0029943480195620807
723.29,-0.0038302723928911146
723.48,0.0011418718284650956
723.67,-0.0009237229078426365
723.85,0.004668455412150179
724.04,-0.0004283810993542795
724.23,0.002028857720758467
724.41,-0.0027233430459959245
724.6,0.0012893258787767972
724.79,0.0022640544431241794
724.97,0.0028583456464877
725.16,5.690775426797771e-05
725.35,0.0035842293906810084
725.53,0.0022027650599851364
725.72,0.00030364707988305426
725.91,-0.0003090858489242841
726.09,0.003977624485281648
726.28,0.0021464813306504944
726.47,0.00042767637883529803
726.65,0.003243040287471134
726.84,0.000559009702843399
727.03,0.003189296287471759
727.21,0.002483425098788756
727.4,0.0037162424493946624
727.59,0.003804398838964486
727.77,0.0021237809685263316
727.96,0.0015346418733696969
728.15,0.002645714885991368
728.33,5.816511700291177e-05
728.52,0.0031561010897262517
728.7,0.003117472949395331
728.89,0.003829328127769746
729.08,5.8029024257465885e-05
729.26,-0.002047548578591326
729.45,0.0029118921676125342
729.64,0.0024087700054067213
729.82,-0.0001915887576618549
730.01,0.0012928279801550286
730.2,0.0023021485973033304
730.38,0.0009288555667606602
730.57,0.0016663084882065898
730.75,0.0011976047904191666
730.94,0.00031688557294249747
731.13,0.005141506825714759
731.31,-0.00019448922781369356
731.5,-0.0008271110128805971
731.68,0.0027486785022396093
731.87,0.0036452631612882776
732.06,0.0006823274498852743
732.24,0.0024346724706595705
732.43,-0.0015834214906165292
732.62,0.002728766797641992
732.8,0.00321993751111245
732.99,0.00258655599909646
733.17,0.0030143594382250395
733.36,-0.00045278629732966355
733.55,0.0026532693117304767
733.73,0.0020049608913755034
733.92,0.003253665025513315
734.1,-0.0022246133632930986
734.29,0.002833172105114454
734.48,0.0020086051052474567
734.66,0.0013505206533161109
734.85,0.005134983288826498
735.03,0.006305704477815873
735.22,0.0017374441245856514
735.4,0.004165930194940802
735.59,0.0066795767601831885
735.78,0.005371024670685273
735.96,0.0009418531516256652
736.15,0.004015481795855279
736.33,0.0043466460755695185
736.52,0.001988468638738111
736.7,0.0032649255881914965
736.89,0.004715412595114002
737.08,0.005907293668807429
737.26,0.002960061674664256
737.45,0.0017068447436702089
737.63,0.001887106647559502
737.82,0.0018678640558975664
738.0,-6.944368990699226e-05
738.19,0.003984483515263667
738.38,0.0036158377195744376
738.56,0.0008289562385753614
738.75,-7.045220249400274e-05
738.93,0.003965814686763379
739.12,0.005635023032020085
739.3,-0.0007260881046738387
739.49,0.004578781269186761
739.67,0.0011229873848699556
739.86,0.0052103983844108805
740.04,0.002681771165894247
740.23,-0.00032779654046421634
740.42,0.0013864631472761124
740.6,0.004915244240501108
740.79,-0.003891781083639865
740.97,0.0007158971047351397
741.16,0.001516861708731164
741.34,0.002070983551065086
741.53,-0.0012739907266556417
741.71,0.002702658171409347
741.9,0.0011564065660322933
742.08,0.001444611242757719
742.27,-0.0014186913432685296
742.45,0.00817929058570307
742.64,0.002486209646299765
742.82,0.004007797423523863
743.01,-0.0006089135463676247
743.19,0.002522539516920179
743.38,-0.00021234573082654906
743.57,0.003383989546093743
743.75,0.0004763275099621608
743.94,0.004551952619755389
744.12,0.00128851916213467
744.31,-0.0034103406489699654
744.49,0.0024153304109343857
744.68,0.002116599484358773
744.86,0.004812612646907678
745.05,0.00047250209198465614
745.23,0.0003398051289305788
745.42,-0.0017306204545127005
745.6,-0.0009147185010510388
745.79,-0.0028814457011324276
745.97,0.0012913300405153014
746.16,0.0023031936377733873
746.34,0.0028176043085432726
746.52,0.0036042381020715973
746.71,-0.00048027094918869903
746.89,-0.0024333791911872967
747.08,-0.0003451090971837964
747.26,-0.0006289556388945313
747.45,0.001154672698095016
747.63,-0.0017265660668051633
747.82,-0.0004884477866244917
748.0,0.0017300787692338456
748.19,0.0038754792334295025
748.37,0.004608153782775098
748.56,0.0004907382686855644
748.74,0.00090933031537436
748.93,-0.0014541563185749909
749.11,0.0011964207966892475
749.3,-0.0021990852172265184
749.48,0.0020609958457332113
749.67,0.00462587878629486
749.85,6.782655249024976e-05
750.03,0.0016372325891942706
750.22,-0.0036597924587751162
750.4,-0.0022109832140433487
750.59,0.0049143010108085965
750.77,0.00423956628403801
750.96,0.0015339144749148923
751.14,0.0018049460832878293
751.33,0.00649916530378367
751.51,0.0013589586237614977
751.69,-0.0032667107930810144
751.88,-0.0010893161145400483
752.06,0.0031310700873961503
752.25,0.004577984546097207
752.43,0.002572902888145741
752.62,0.0027141725262312807
752.8,0.0003622712668262405
752.99,0.0038317048978029843
753.17,0.006080404368777665
753.35,-0.0011041737556942968
753.54,-0.0018350537950524617
753.72,0.003757110574507366
753.91,0.004395756509534339
754.09,0.0012593859009743052
754.28,0.004224548496375647
754.46,0.001701085782411451
754.64,0.0008101349425954737
754.83,0.0008047725499014595
755.01,0.008610603162592574
755.2,-0.0032671845403692596
755.38,0.004540170405120842
755.56,0.005664637566478063
755.75,-0.0005303663095749712
755.93,-0.004846743120470744
756.12,-0.0009764159241332838
756.3,0.0009762768523618741
756.48,0.006534565899937632
756.67,0.004262496546650782
756.85,0.006618164493013557
757.04,-0.0008361135787129884
757.22,0.007465758623574517
757.4,-0.0027019429259607696
757.59,0.0013198194285266001
757.77,-0.0013308598387363787
757.96,0.0011495124395841892
758.14,0.0035218751462280143
758.32,-0.0010096352018352493
758.51,-0.0007096760010574619
758.69,0.006059006428963083
758.87,0.0026997296935248236
759.06,0.004700556620038438
759.24,-0.002257258127163153
759.43,0.006659571095870869
759.61,-0.00023982804611243763
759.79,-0.0010040455012399762
759.98,0.006313299227713656
760.16,-0.000394660684441549
760.34,0.003510870096682411
760.53,0.0025726352290903923
760.71,0.007562437108303646
760.9,0.0007066366426630087
761.08,0.003800781610094453
761.26,0.004772708961661141
761.45,0.001499685880454594
761.63,0.005392472147147027
761.81,0.002250414086260845
762.0,-0.005255944627235304
762.18,0.0016450035912050293
762.36,0.002726270028149572
762.55,0.0010011993243713346
762.73,0.0025507234105606362
762.91,0.006679175728367297
763.1,0.005425573172768532
763.28,0.0006803990871814076
763.46,0.005873046642259253
763.65,-8.019705562238049e-05
763.83,-0.0017557035715009535
764.01,0.004132582466313533
764.2,0.0028228477503800045
764.38,0.004012328682725074
764.56,7.203624467908453e-05
764.75,0.002958041495644368
764.93,0.0029216455994771
765.11,0.0011117111841784876
765.3,0.006968797115169371
765.48,-0.00247604647315604
765.66,0.005766527612204663
765.85,0.0015643935220888017
766.03,0.005676338822495398
766.21,0.0010970199824540242
766.4,0.003764885280260916
766.58,0.002117387366097492
766.76,0.004329882850588131
766.95,-0.001663491068272678
767.13,0.0021485093681524
767.31,0.0005003585470832264
767.49,0.007203702995615348
767.68,-0.0002261012327039149
767.86,0.004863256516005895
768.04,0.001069537441792091
768.23,0.0015122054355240023
768.41,6.657129862309765e-05
768.59,0.0009103536918915829
768.78,0.003448365004594953
768.96,-0.00021698718652371162
769.14,-0.0023245684371665807
769.32,0.0016164686167357528
769.51,0.0020618768050391237
769.69,0.0013427747448192563
769.87,-0.0007662392112073273
770.06,0.005667425502284132
770.24,-0.0009047049141676735
770.42,0.0008978493040545012
770.6,0.00020452198611351267
770.79,0.004774757313480287
770.97,-0.002008826102504338
771.15,0.0025835789033047223
771.33,0.0011672416963516192
771.52,0.005737205246041961
771.7,-0.002015793962799388
771.88,0.002370756665282063
772.07,0.0030007757728306634
772.25,0.0035115908285043435
772.43,0.0002004808599599582
772.61,0.009119616875934418
772.8,-0.00047567441758976554
772.98,0.004109696039681301
773.16,0.005578984807682542
773.34,-0.002226256454084606
773.53,-0.0038623012419653027
773.71,0.00486576786654388
773.89,-0.00047935757289679497
774.07,0.006555949372015467
774.26,-0.000868596018623842
774.44,0.00045414222416743065
774.62,0.0011201659843405128
774.8,0.0014039369072393715
774.99,0.004650435999605958
775.17,0.0034770763881420996
775.35,0.0009987636873182069
775.53,0.0035586913262037052
775.71,0.005332548451968441
775.9,0.0007229922467281207
776.08,0.003897551435738454
776.26,0.0026289473671429714
776.44,0.00350311967587932
776.63,0.0026285924623059504
776.81,0.003132641063667274
776.99,0.005155983568345592
777.17,-0.0012917798619858246
777.35,-0.0020596639365106275
777.54,0.001264942827754955
777.72,0.0011442231307985564
777.9,-0.0006095692199983195
778.08,-0.0014240641047784182
778.27,-0.0002053297813696748
778.45,0.0016936608623650243
778.63,0.0026001599581130757
778.81,0.0007425180686719427
778.99,-0.004295783172978661
779.18,0.001959152426733889
779.36,0.004014895246663938
779.54,0.002670777021943007
779.72,-0.000347719076620363
779.9,0.005687778328811325
780.08,0.004148848090785491
780.27,0.004841823492468982
780.45,0.004576975788725951
780.63,0.002704910864866896
780.81,0.001878708191217885
780.99,0.002166391565327465
781.18,-0.0032877623964626215
781.36,0.007153280365697654
781.54,0.006256088211704047
781.72,0.00396122949757197
781.9,0.0016098897409788932
782.08,0.006150887870611995
782.27,0.005782866247767375
782.45,0.004249959668697157
782.63,0.0005049440035414161
782.81,0.004473515636180824
782.99,-0.0019453351009106968
783.17,0.005316139640553673
783.36,-0.001683900596799585
783.54,0.0015212125804437231
783.72,-0.0023956585141286443
783.9,0.004194055198323443
784.08,-0.0006844701391067252
784.26,0.0021911251533869363
784.45,0.0057265053584631895
784.63,0.0036012775842685215
784.81,0.0032773131851871434
784.99,0.0037483849105881054
785.17,0.002902240009314303
785.35,0.0036716978775054123
785.53,-0.0005470572391398482
785.72,0.003199392840578494
785.9,0.007648054898275259
786.08,0.0008619531825113672
786.26,0.0014630825866500025
786.44,0.0005494640021363678
786.62,0.0035491313519480515
786.8,0.0033063584218021025
786.99,-0.0030573565494952117
787.17,0.00453257238801569
787.35,0.004842489054236913
787.53,0.007807271916127599
787.71,0.008183454968251281
787.89,0.00614436334144364
788.07,0.002656018617072191
788.25,0.0007274455308333383
788.43,0.0010713109594694366
788.62,0.003984586450531802
788.8,0.0028601629415453897
788.98,0.004543348013794841
789.16,0.006149405100989685
789.34,0.004486950125349071
789.52,0.00547439611534378
789.7,0.0028847198935201667
789.88,0.001539167516725958
790.06,0.004648677010992603
790.25,0.006561617794882626
790.43,0.000920543368728767
790.61,-0.004297432984690426
790.79,0.0014388559537171124
790.97,0.0030282191116351143
791.15,0.006080637353896061
791.33,0.0036908172294199443
791.51,0.0004310169050225772
791.69,0.0026885568494439487
791.87,0.0037789173072235037
792.05,-9.084779533412464e-05
792.24,0.00491097272005843
792.42,0.0005930195757912884
792.6,0.005288792018925029
792.78,0.0014544192420592173
792.96,0.0051994493039882565
793.14,0.001825695329017148
793.32,0.002993969527714721
793.5,0.0042971483223158665
793.68,0.005876813649112864
793.86,0.0012996886879526998
794.04,0.0006089361538330549
794.22,-0.0013251456678879717
794.4,0.0009624858332336746
794.58,-9.276022239735898e-05
794.76,0.0038517057784620734
794.95,0.005160005517105869
795.13,0.004134826391155217
795.31,0.008921163012938268
795.49,-0.001899996689448877
795.67,-0.0015101939685234999
795.85,-0.0025960603386383564
796.03,0.006365438528428878
796.21,0.0033399003948692435
796.39,0.003291103381664812
796.57,0.0015328448624312488
796.75,0.0035476587614981115
796.93,0.004838929215125557
797.11,0.0026438840055861405
797.29,0.0027713932420790482
797.47,0.004393025660100059
797.65,-0.0006534201984772106
797.83,0.0024963022065445186
798.01,-0.001375000739071102
798.19,0.0037941492365366446
798.37,0.0021556487935058873
798.55,-0.004180921832182343
798.73,0.0017929530747476969
798.91,-0.0016009053116161102
799.09,0.004069239102054124
799.27,0.0015668673099582973
799.45,0.004341869957971373
799.63,0.006189810660310781
799.81,0.0016380682897106434
799.99,-0.0008478519848423656
800.17,0.003626283150210396
800.35,0.003688799691975352
800.53,-0.0015719882435699906
800.71,0.0008453062381968325
800.89,0.0008639257816165287
801.07,-0.00310956005308245
801.25,0.002948881708088829
801.43,0.0012680042149334182
801.61,-0.0004918391776840665
801.79,0.002449434058508064
801.97,0.012791167551574745
802.15,0.0025809555117700606
802.33,-0.0003024603189853197
802.51,0.003421388716109275
802.69,0.007251502474980214
802.87,0.004767922109688147
803.05,0.0006769853736082415
803.23,0.006502735586395193
803.41,0.00253610493198163
803.59,-0.00010490625876448194
803.77,-0.0007154176514902267
803.95,0.005095802673479309
804.13,-0.003989966655961093
804.31,0.005354784487933734
804.49,-0.0022786525449456137
804.67,0.0038923208457402785
804.85,0.0010767005816731622
805.03,0.0034730788125030914
805.21,0.005747731588559735
805.39,0.006761219591769122
805.57,0.0015249039501399806
805.75,-0.0009400734885089188
805.93,0.0009208628403321706
806.11,0.0038089148635206916
806.29,0.012377766700707803
806.47,-0.004012923550443158
806.65,0.003619875104247492
806.83,0.001971335154678317
807.0,0.005696503255517679
807.18,0.0011831024040858732
807.36,0.003656236944027289
807.54,-0.0028401088922367004
807.72,0.007775598929714392
807.9,0.0072932260443438575
808.08,0.0018018238589022806
808.26,0.0037248332184261607
808.44,-0.0011787252741859082
808.62,0.007509566872917667
808.8,0.0022163798925387036
808.98,-0.006864825266929571
809.16,0.0009404248783613841
809.34,0.0009512286767513826
809.51,-0.004316875450541246
809.69,0.005196172109930021
809.87,0.0024789398936753302
810.05,0.00834612500224359
810.23,0.009768589595183903
810.41,0.0043516254884826315
810.59,0.0022697059362439607
810.77,0.005576657580938724
810.95,0.004070818769685212
811.13,0.0016597291532984108
811.31,0.002079087444064818
811.48,0.0056483835380849185
811.66,0.007969289272074328
811.84,0.004028206071569502
812.02,0.006350263357415937
812.2,-0.004402864091881902
812.38,0.011679812828337107
812.56,0.0055283818167190775
812.74,0.010137446159102018
812.92,-0.0005727082910726664
813.1,-0.004091234615891578
813.27,0.004730527822502559
813.45,0.008650922767863455
813.63,0.0026277170173722754
813.81,0.0015072240351546064
813.99,-0.001964490040424904
814.17,0.006178410740477373
814.35,0.007806751644619559
814.53,0.010295524781960231
814.7,-0.003896025714617591
814.88,0.003348679714558983
815.06,0.002940305937687913
815.24,0.004570204093004886
815.42,0.004293165965352028
815.6,-0.00128442651651327
815.78,-0.0035604446720753666
815.95,0.002569328170551855
816.13,0.0012988155246454823
816.31,0.005284273976959661
816.49,0.009072393372869015
816.67,-0.00012594512391028687
816.85,0.0032278221896614974
817.03,0.008129072726589722
817.2,0.004731225652280708
817.38,0.011204027458331682
817.56,0.006712624603698501
817.74,0.009889189395863794
817.92,0.006444652094752772
818.1,0.015469027652211875
818.27,0.009951172018295183
818.45,0.005683832566923327
818.63,-0.0008580672756232701
818.81,0.004968175219185494
818.99,0.0016220753728564403
819.17,-0.002641127049309751
819.34,0.0028833243672102193
819.52,0.0018897881380992125
819.7,0.002897892235484423
819.88,0.011693856123293827
820.06,-0.004469949154672339
820.24,0.0021547208515676495
820.41,0.0006258683125697596
820.59,0.005666722000433609
820.77,0.00573615522419856
820.95,0.00989632889758703
821.13,0.00683045273677558
821.3,0.006293276102109641
821.48,-0.003255520504731851
821.66,0.004882083656191034
821.84,0.008302720471914153
822.02,0.007663878186150027
822.19,0.007099477276931682
822.37,0.0042966862311803085
822.55,0.0008991708061136262
822.73,0.01660476150593754
822.91,0.011096064838207662
823.08,0.001196323063049027
823.26,0.0038087465787079522
823.44,0.007415402113413035
823.62,0.0033243552409654253
823.8,0.001972615125408756
823.97,0.0009342618508453481
824.15,0.0066870926235559165
824.33,0.00622171028856341
824.51,0.0020075992998050502
824.69,0.008599937287004365
824.86,0.003348454659683245
825.04,0.008495469697808317
825.22,0.0003973624460427567
825.4,0.0065492871645331605
825.57,0.0081159825742544
825.75,0.005662117538436447
825.93,0.001220488097049925
826.11,0.006742365903430461
826.28,0.0054641168127836015
826.46,0.0018159885731013742
826.64,0.0018139524097132774
826.82,0.0001314256878028042
826.99,-0.0020945436786911843
827.17,-0.004225359479859178
827.35,-0.0035507663762915126
827.53,0.0013045253280466764
827.7,0.00013400451523611995
827.88,0.007543740591631264
828.06,0.0010145410542185573
828.24,0.005034250941395609
828.41,0.009780537516215005
828.59,0.00495290306198931
828.77,0.00811962260937897
828.95,0.0029973691933050974
829.12,-0.0013030684726774685
829.3,0.006945235355665248
829.48,-0.005211513884358495
829.66,-0.0001564210855623222
829.83,0.002525352718319703
830.01,0.004002774687072813
830.19,0.0019245437633121525
830.36,0.004576646863970064
830.54,0.007112753293164011
830.72,0.005855177121000876
830.9,-0.0016640556403041303
831.07,0.005101874678966359
831.25,0.009280185800910392
831.43,0.003515037283203557
831.6,0.008156357336897803
831.78,-0.004546677458318359
831.96,0.010026713466141665
832.14,0.003555346453962791
832.31,0.0038857562990833234
832.49,0.013353751706400697
832.67,0.004821992140859137
832.84,0.009461728086175345
833.02,0.007209777452677905
833.2,-0.0004809787067897094
833.37,0.0017300467374230504
833.55,0.0026957201579199926
833.73,-0.0027045678794066024
833.91,0.00014746589429060565
834.08,0.0017482899287695544
834.26,0.0017294998550222138
834.44,0.007107837280930824
834.61,0.008670182270232234
834.79,0.009960914596172534
834.97,0.003017782336861542
835.14,-0.0030487489080783087
835.32,0.007410201571242689
835.5,0.0107816180653803
835.67,-0.006785315564137091
835.85,0.0027870713028700454
836.03,0.002808322173581751
836.2,0.0015174840285721743
836.38,0.008257889660786291
836.56,0.019409720024789048
836.73,-0.0033377311866335546
836.91,0.005500544768956711
837.09,0.007856552003149858
837.26,-0.0005063061925416799
837.44,-0.0001760552837543958
837.62,0.0011595979259419612
837.79,0.011738995686840897
837.97,0.010025172401958419
838.14,-0.002175917212044618
838.32,0.007038482230646043
838.5,0.00372264486388242
838.67,0.008899471884852288
838.85,0.01422941585217898
839.03,0.007549618772652193
839.2,0.0028769929742732212
839.38,0.00916444062540864
839.56,-0.0036859384031461932
839.73,0.0074077930868408
839.91,0.00500479579612083
840.08,0.011996369667949815
840.26,0.009127928935960134
840.44,-0.002311504158797138
840.61,0.0029865358593550995
840.79,0.013632055020181617
840.97,-0.006259224102829546
841.14,0.00582542552068161
841.32,0.005091071073781947
841.49,0.011930695544805192
841.67,0.0026433041174202406
841.85,0.0093754180335701
842.02,0.011270025904700087
842.2,0.010931493308315615
842.37,-0.00597467880412804
842.55,0.001278784240607576
842.73,0.009962469523609515
842.9,0.011475497995165326
843.08,-0.0065880770003082225
843.25,0.006782235430080912
843.43,0.008453616528407405
843.61,0.005270943253834649
843.78,0.003563998337793422
843.96,0.007604548205242553
844.13,0.002044956781633318
844.31,0.014653073583227965
844.49,0.0024619721779353247
844.66,0.005872610369164782
844.84,0.004344384790702568
845.01,-0.0028394715028577716
845.19,0.014019460487908766
845.37,0.01770361396850296
845.54,0.011610423750998846
845.72,-0.0002047561938748495
845.89,0.003286641164378128
846.07,0.012642237425336308
846.24,0.0009572924925695025
846.42,0.006931728821977178
846.59,-0.002542882241435095
846.77,-0.006301058350106461
846.95,-0.0030025377397331844
847.12,0.006264994253568411
847.3,0.003858763114738498
847.47,0.00019436115269518223
847.65,0.0067436712729029465
847.82,0.017177640987739832
848.0,0.010553771173494118
848.17,0.01191029732857224
848.35,0.021910204274148037
848.53,-0.0014811414905326057
848.7,0.004479722752713473
848.88,0.004046716288763117
849.05,0.006907704677899434
849.23,0.0062069061280662485
849.4,-0.0026534660992293822
849.58,0.0022650748100151914
849.75,0.004345859341059653
849.93,0.009361171592508082
850.1,0.0031123984948998487
850.28,-0.00905151879494565
850.45,0.02426290923084771
850.63,-0.003523601890945174
850.8,0.020396540908019078
850.98,-0.0015000298171064395
851.16,0.0117024748811288
851.33,-0.003219529453387565
851.51,0.004095714976814817
851.68,0.000651135985531744
851.86,0.008787926985004487
852.03,0.009194470069907716
852.21,0.0011199887838095773
852.38,0.0006522907526223379
852.56,0.005117720407812846
852.73,0.005629151438299355
852.91,0.004730679537495244
853.08,0.015485389148411789
853.26,0.006479252059493821
853.43,0.012862703036507992
853.61,0.018943022768331447
853.78,-0.0039421726009859406
853.96,0.01129542952684721
854.13,0.009147985094175424
854.31,-0.0029589223327719624
854.48,0.00664283414380425
854.66,0.00021892186828926917
854.83,-0.007344047442852677
855.0,0.004494117365931776
855.18,0.007341131329613572
855.35,0.02033603458521002
855.53,0.009844436794771793
855.7,0.009283189589382231
855.88,0.008999504019544803
856.05,0.019329657082594945
856.23,0.003475842310221873
856.4,-0.004083741678795011
856.58,0.014889641583424021
856.75,-0.00026003661740120655
856.93,-0.0052265710515460775
857.1,0.01472477979328158
857.28,0.018102446519671123
857.45,-0.006322966911077244
857.62,0.022061333610811442
857.8,0.01189336978810665
857.97,0.012325146160688909
858.15,0.005583540374302077
858.32,-0.0008082475481572699
858.5,-0.0033767127747648656
858.67,0.014478820770471919
858.85,-0.003816926143482118
859.02,0.01156241613222653
859.19,0.019340273329657272
859.37,0.005988721147941527
859.54,0.00864417306468879
859.72,0.010365462501077163
859.89,0.0013065083896095706
860.07,0.010962001860708824
860.24,-0.005999973791066103
860.41,0.016710558761157984
860.59,-0.0018008822670922985
860.76,0.027322056374803116
860.94,0.006809401570070865
861.11,0.007728408770005419
861.29,0.00497837912446328
861.46,-0.0061275329844813564
861.63,0.007707826806683586
861.81,0.005088030856694559
861.98,0.0019365571826203743
862.16,0.010382043074066778
862.33,0.012568452317892297
862.5,0.00754913996246598
862.68,-0.007872565334338052
862.85,0.005884457633320081
863.03,0.007695769484475939
863.2,0.020013033743631017
863.37,0.0031893411840193476
863.55,0.015774721200341252
863.72,0.010698830525107375
863.9,0.0002693516848873368
864.07,0.013387910804410512
864.24,-0.0020193619968834494
864.42,0.0008551279451212983
864.59,0.013555652966974089
864.77,0.004352664304170994
864.94,0.024174828738039993
865.11,0.006606054203202995
865.29,-0.0008985029883152099
865.46,0.02161629366783912
865.63,-0.005124015879910852
865.81,0.00886461140478643
865.98,-0.005707661711695188
866.16,0.004362831282151485
866.33,-0.016112505707650302
866.5,-0.0003060988636860323
866.68,0.013975364805212352
866.85,0.03200008300391158
867.02,-0.005714507601006972
867.2,0.011037669944650462
867.37,-0.009576967360222174
867.54,0.016694050674827758
867.72,0.0053497802160357355
867.89,0.006154216938789771
868.06,-0.005120939263630077
868.24,0.0020917645171709175
868.41,0.016464906701736632
868.59,0.0020817288920240897
868.76,-0.00464891062674776
868.93,-0.0009469211693696381
869.11,0.00614338504525763
869.28,0.013194716548924346
869.45,0.01731592897680253
869.63,-0.006161625794626404
869.8,0.0060154945248262195
869.97,0.01341960616014396
870.15,-0.0003251068761209864
870.32,0.02220460845265789
870.49,0.012398331619295887
870.66,0.002856151525387145
870.84,0.02096985887682214
871.01,-0.011612528090021492
871.18,0.021841338694495914
871.36,0.003703099550320548
871.53,0.024287519303664212
871.7,0.017618455925130568
871.88,0.03434652018418021
872.05,0.025811449712924574
872.22,0.020549666587590366
872.4,0.018836761552539476
872.57,0.016298163192456347
872.74,0.007332332389871335
872.92,0.020698335190481962
873.09,0.013428408954160332
873.26,0.005067052448994057
873.43,-0.01721956651843544
873.61,0.018913437034872374
873.78,-0.0017739937064860265
873.95,0.011761200623633903
874.13,0.01419732524805324
874.3,0.022185556210305796
874.47,0.024916472744764138
874.64,0.01462384066956823
874.82,0.019462828978386273
874.99,0.03656086572461184
875.16,0.012619419407975958
875.34,0.027685275005647644
875.51,0.008563993630043024
875.68,0.01406290651658933
875.85,-0.0011665856918950815
876.03,0.004871180428631414
876.2,0.0010959065612381625
876.37,0.005807532176300713
876.54,0.005463532172234132
876.72,0.01446092771139058
876.89,0.018917019974941187
877.06,0.00877359502802106
877.23,-0.0027366077779916176
877.41,0.03770696858358917
877.58,0.009310556887851726
877.75,0.029236123726560526
877.92,0.00420387552548447
878.1,0.019692145111726046
878.27,0.004565168455016165
878.44,0.005289231900036783
878.61,0.005941466400821596
878.79,0.002026470961290602
878.96,-0.028187968173996634
879.13,0.02827343199436226
879.3,0.02843054941599151
879.48,0.01892121524948459
879.65,0.010798824672647141
879.82,0.02153057552378197
879.99,0.014129906702469056
880.16,0.010755714601636508
880.34,-0.02117742546721927
880.51,0.03038295276330509
880.68,0.010783859358816079
880.85,0.015196758813972172
881.03,0.006421493607877725
881.2,0.01024354644755467
881.37,-0.00048137535816615334
881.54,0.013553756511380967
881.71,0.018793666386446178
881.89,-0.004038246265664607
882.06,-0.009297169556613596
882.23,0.023061916409102344
882.4,-0.013989995402634774
882.57,-0.02167609465769264
882.75,-0.0013475678777866565
882.92,0.01989534798546468
883.09,0.010442898076135933
883.26,0.027689250190402446
883.43,-0.017843115988470465
883.61,0.0039273922178865725
883.78,0.025594406905147967
883.95,0.0004213099200797945
884.12,0.013270614314318642
884.29,0.004070405239459716
884.47,0.004848349616690343
884.64,0.0022314105957899127
884.81,0.0013320609816866397
884.98,0.027251046901868994
885.15,0.014058725660361359
885.32,0.03292080778000718
885.5,-0.0031949922323582986
885.67,0.023339909083111794
885.84,0.017417938950717613
886.01,-0.009690801519009098
886.18,0.0013912653030679642
886.35,0.002370543154582225
886.53,0.0013705286085281424
886.7,0.032536252304495625
886.87,-0.0195053095318657
887.04,0.01311104653808859
887.21,-0.007835555775872003
887.38,0.005309437953579982
887.55,0.04549440255802574
887.73,0.021576422396374837
887.9,0.0013952234916065228
888.07,0.018223441681956706
888.24,0.002445614447280494
888.41,0.013587104404834073
888.58,0.01650314446102906
888.75,0.01378170804859114
888.93,0.011523409975392192
889.1,0.010211132976241879
889.27,-0.009688923026279654
889.44,0.018362324155321786
889.61,0.010778726917935827
889.78,-0.004652193995381022
889.95,0.0024799742977918873
890.12,0.006837210539717811
890.3,-0.007054543475810453
890.47,0.028277958595766307
890.64,-0.013940420547757296
890.81,-0.007373223215700249
890.98,0.031039616901493868
891.15,-0.00807400463686263
891.32,0.01650314446102906
891.49,0.03638234300314738
891.66,0.015098234223414875
891.84,0.023792385065679517
892.01,-0.004820559552480497
892.18,0.016088589219085597
892.35,0.01340312597855968
892.52,-0.003606418763671081
892.69,0.016789697426308457
892.86,-0.024599566000624254
893.03,-0.019168210586768267
893.2,0.02788399062789191
893.37,0.016088589219085597
893.55,0.045595850920451556
893.72,0.035508195560590546
893.89,0.03688848000061594
894.06,0.0026789161113212902
894.23,-0.0064103900870427916
894.4,-0.004044576927358364
894.57,0.006249460722077774
894.74,-0.014133314937976493
894.91,0.03040630661119189
895.08,0.00821490865512022
895.25,0.023250303344759023
895.42,0.035144873684929405
895.59,0.06504250119192331
895.76,-0.007988336189491078
895.94,0.003056661698293746
896.11,0.05145088264387906
896.28,-0.010171818357322074
896.45,0.021165150927527816
896.62,0.008974752297700834
896.79,0.005251173381662763
896.96,0.024098783415836388
897.13,0.033482250505280836
897.3,0.020996593040264536
897.47,0.04240578999651676
897.64,-0.005492947299991662
897.81,-0.003155168776844692
897.98,0.019112752351877326
898.15,0.009833437026335283
898.32,-0.011585544529339938
898.49,0.013713828648097785
898.66,0.03700338538822763
898.83,-0.020700529338889464
899.0,0.03385360101778017
899.17,0.04806071963007406
899.34,0.029971935729737158
899.51,0.03315238202500286
899.68,0.028865836471593978
899.85,0.03733033220487263
900.02,0.038300617540775975
900.19,0.0005894183655564195
900.36,0.047265267385958994
900.53,0.025496144546009795
900.7,0.046240850024850344
900.87,-0.007610455587520185
901.04,0.049860092746952335
901.21,0.004934420780814619
901.38,0.0020251635232894343
901.55,-0.012287724799495267
901.72,-0.012579721432065177
901.89,0.026924135193529954
902.06,0.031988816459877056
902.23,0.015988408529156714
902.4,0.019596190847317327
902.57,0.0425295839420823
902.74,0.023787484756321586
