Wavelength [nm],#20-Miroir inconnu.csv
400.08,0.6070070099246543
400.29,0.5801090508148603
400.5,0.6152095873973722
400.71,0.6431182777694056
400.92,0.6016728182227825
401.13,0.6299465932301126
401.34,0.6035877927296841
401.54,0.6168534298776568
401.75,0.6189633859346957
401.96,0.5794292051971806
402.17,0.616442266520767
402.38,0.535572405220634
402.59,0.5743393929595481
402.8,0.5902059056278803
403.01,0.5481955474484425
403.22,0.569361049230633
403.43,0.616800789365384
403.63,0.5986376431031893
403.84,0.5575631333817025
404.05,0.5797036759729882
404.26,0.5434752944387196
404.47,0.6228579264679234
404.68,0.4754113723201697
404.89,0.6121882575591293
405.1,0.6460409582491755
405.31,0.5419873301546796
405.52,0.5718772673017062
405.72,0.526462770130039
405.93,0.5897951607370266
406.14,0.586845370382995
406.35,0.5232457367149205
406.56,0.5380764333959129
406.77,0.5228955058057349
406.98,0.5020147063121897
407.19,0.5829530352517176
407.39,0.5685083055381263
407.6,0.5144890804769066
407.81,0.5832643184646775
408.02,0.5073840426302271
408.23,0.5021076771868516
408.44,0.4609330443709365
408.65,0.5389097540325207
408.86,0.510531542588023
409.06,0.532650442721456
409.27,0.48401396553665954
409.48,0.5856245738991247
409.69,0.5956407528819226
409.9,0.5270832529898489
410.11,0.5169868591830219
410.32,0.5219581497892762
410.52,0.4613865354984989
410.73,0.47294801711606577
410.94,0.46934764410186314
411.15,0.5202583603485893
411.36,0.5113166801223339
411.57,0.4788645126662957
411.78,0.49745994213752226
411.98,0.5134974122202778
412.19,0.4906455487469718
412.4,0.507999825010042
412.61,0.5182876793368116
412.82,0.5384466231200844
413.03,0.5298740234415777
413.23,0.5620121095304939
413.44,0.5066734189082295
413.65,0.4687825819162712
413.86,0.5425913547677716
414.07,0.5018127035769432
414.28,0.5239035151374416
414.48,0.5146659651556279
414.69,0.5157184680968625
414.9,0.5138209541357464
415.11,0.5002412887397361
415.32,0.474269995926254
415.53,0.4966258546905268
415.73,0.518444240000308
415.94,0.5292185585486733
416.15,0.5271624202249836
416.36,0.4719589361694109
416.57,0.49617623308718484
416.78,0.49560132535350804
416.98,0.5068349144586274
417.19,0.48466616800546364
417.4,0.5282775518279111
417.61,0.49607250755287013
417.82,0.5123083017373098
418.02,0.5229594963507717
418.23,0.5240855450228318
418.44,0.5316514341068946
418.65,0.49973116804740225
418.86,0.5953436763003942
419.07,0.5238443280436171
419.27,0.6155895283529158
419.48,0.5773118726614005
419.69,0.4890792993175216
419.9,0.5598554983163034
420.11,0.5025531357744512
420.31,0.542009884678748
420.52,0.46582382037611847
420.73,0.5027815877544303
420.94,0.5282068723775678
421.15,0.5143380629766927
421.35,0.5068488486511701
421.56,0.4907981593093863
421.77,0.4941752151474509
421.98,0.4997612682987037
422.19,0.5776849220940814
422.39,0.521219059385166
422.6,0.605650221381095
422.81,0.49477139324017005
423.02,0.5511093090097493
423.22,0.5726943091137466
423.43,0.5373365647655999
423.64,0.5404896036752652
423.85,0.5383117113456584
424.06,0.547391115087077
424.26,0.5676996556703321
424.47,0.582177144785138
424.68,0.6022095434554442
424.89,0.5625733503684993
425.09,0.516421507494064
425.3,0.5522681857496495
425.51,0.5629206290238588
425.72,0.5898028156111669
425.93,0.5696094409953493
426.13,0.5672923571581528
426.34,0.5829943055945092
426.55,0.6118524468262011
426.76,0.5913590845875797
426.96,0.5947190706401116
427.17,0.5931082072117512
427.38,0.5804463706985789
427.59,0.5516691606917171
427.79,0.5781745727641965
428.0,0.6132263599684645
428.21,0.6133737084374656
428.42,0.5625158207098048
428.62,0.601750131605064
428.83,0.6162454601624546
429.04,0.6105943451385263
429.25,0.6188699005093541
429.45,0.6311359694909596
429.66,0.6487764514454061
429.87,0.6057374533589623
430.08,0.6091219477058273
430.28,0.6581338377073361
430.49,0.5645125593186724
430.7,0.6252442053100643
430.91,0.6302362769566452
431.11,0.6747679392266381
431.32,0.5996644757874114
431.53,0.6014726484866256
431.74,0.6317942139328763
431.94,0.6359419973535951
432.15,0.666527052400938
432.36,0.641891753736684
432.56,0.6175824054892056
432.77,0.6384143652151439
432.98,0.6291410360927888
433.19,0.6410780569153801
433.39,0.6694205025017241
433.6,0.657955246035673
433.81,0.6833327471028943
434.02,0.6071216399766555
434.22,0.6777500759782367
434.43,0.6897647601103015
434.64,0.6650395221305104
434.84,0.6672703737975287
435.05,0.638910859814265
435.26,0.6796084203465981
435.47,0.6871899949781536
435.67,0.670972666608154
435.88,0.667971696049133
436.09,0.7089411600474629
436.29,0.6672341880850241
436.5,0.6955355117303315
436.71,0.6771497292445217
436.92,0.6609508865368608
437.12,0.6649256729610286
437.33,0.640177873463791
437.54,0.6595389640963838
437.74,0.6323808821541373
437.95,0.7113716424194717
438.16,0.6565859299772293
438.36,0.7007761912566568
438.57,0.6722366459276435
438.78,0.69336883529767
438.99,0.707532567888074
439.19,0.6738419715992418
439.4,0.6995563180455701
439.61,0.6615527820985462
439.81,0.6693617408297906
440.02,0.6740823627461677
440.23,0.6593737016667958
440.43,0.6704968877974691
440.64,0.6587314806997688
440.85,0.6685535997153976
441.05,0.6912150111678714
441.26,0.6971206225680934
441.47,0.684975647386616
441.67,0.6759753064668054
441.88,0.666554290366599
442.09,0.6642227900454538
442.29,0.6739832016692969
442.5,0.7093085191248917
442.71,0.7122295065805688
442.91,0.6940118957743895
443.12,0.7456121641611339
443.33,0.6818271962458275
443.53,0.6587504835506339
443.74,0.683709380678804
443.95,0.6831496165556767
444.15,0.6575070312170499
444.36,0.6973589400959695
444.57,0.6724132871316184
444.77,0.6532841236370523
444.98,0.6336975891404951
445.19,0.652195116393013
445.39,0.670466895290674
445.6,0.6583455435535717
445.81,0.6798517031236956
446.01,0.6624202826408684
446.22,0.6820519680299636
446.43,0.6711213415795092
446.63,0.6497080467385021
446.84,0.6581496921484344
447.05,0.6414252019643814
447.25,0.6677663185520166
447.46,0.6607910031448987
447.67,0.7017772564347131
447.87,0.6268903677668348
448.08,0.6784099887044485
448.28,0.6446604781997187
448.49,0.6073213434471911
448.7,0.6461988622148739
448.9,0.6584565004011447
449.11,0.6641976568863256
449.32,0.6314610557111977
449.52,0.6466949425040959
449.73,0.6290679698280781
449.93,0.6752343689039004
450.14,0.6298952606510034
450.35,0.6683754655660695
450.55,0.5975506942279812
450.76,0.6525646497477483
450.97,0.6161087497955559
451.17,0.616051283498987
451.38,0.6387000302768789
451.58,0.612004023931805
451.79,0.6130259297259398
452.0,0.614173646725766
452.2,0.5672026195965361
452.41,0.6040297819326865
452.62,0.6318263410221251
452.82,0.5715453427982521
453.03,0.6018917494200329
453.23,0.5802269455334627
453.44,0.5796579970617742
453.65,0.5877541790324937
453.85,0.6045733710228608
454.06,0.5435006035926929
454.26,0.5855288304712656
454.47,0.5655736628540663
454.68,0.5699262409539426
454.88,0.5281746606949218
455.09,0.5775117252587761
455.29,0.5538101753466663
455.5,0.5701066187674015
455.71,0.5421317353131216
455.91,0.55484387510008
456.12,0.5664719443311839
456.32,0.5909150821832919
456.53,0.5502243707140885
456.73,0.5573747176286533
456.94,0.5433084343401456
457.15,0.5463358568348262
457.35,0.5623450596431464
457.56,0.5539875956860095
457.76,0.5123118952552377
457.97,0.5366096785030464
458.18,0.5292545123267371
458.38,0.5038267235381311
458.59,0.49339248885010495
458.79,0.5366211399833853
459.0,0.5138782221065423
459.2,0.5510041778704247
459.41,0.518146734175989
459.62,0.5115475280047461
459.82,0.5265037603989802
460.03,0.4862104307105182
460.23,0.4799473239199838
460.44,0.5249031663772191
460.64,0.4808381983246056
460.85,0.48863221683742974
461.06,0.48015263693996385
461.26,0.48103197686435256
461.47,0.49255929680225985
461.67,0.4859306464354647
461.88,0.490710678061964
462.08,0.48919975780376174
462.29,0.475094969843289
462.49,0.48463548387640915
462.7,0.47076343124346615
462.91,0.46877983056665057
463.11,0.43994044330703336
463.32,0.4615821868952562
463.52,0.4520907484080289
463.73,0.46040117217643245
463.93,0.4587225770197514
464.14,0.45831772531428
464.34,0.453212863145807
464.55,0.4491512036819771
464.75,0.42924531669172333
464.96,0.46641074856046066
465.16,0.43999371110677504
465.37,0.4513782948554808
465.58,0.44964473078296946
465.78,0.4118029517623838
465.99,0.4431341062467555
466.19,0.44051817998987497
466.4,0.4253710389938385
466.6,0.4572351740273481
466.81,0.46516069032592416
467.01,0.44304643382510955
467.22,0.4440344369584816
467.42,0.4356319127568799
467.63,0.43199249103531046
467.83,0.4383625242730729
468.04,0.4257657516263369
468.24,0.43940198619169507
468.45,0.4093856599097753
468.65,0.40769571931358944
468.86,0.41712255553311667
469.06,0.4202940954043409
469.27,0.4121982155633288
469.47,0.44916651190194107
469.68,0.4150531558809259
469.88,0.4084250397971447
470.09,0.40062727031947165
470.29,0.4146938411710363
470.5,0.4148473703523528
470.7,0.4095089120322727
470.91,0.41095111985383137
471.11,0.41755688409030073
471.32,0.3913534909638793
471.52,0.39321750626738344
471.73,0.4017040506139479
471.93,0.3863189923689214
472.14,0.39817563783361154
472.34,0.3870764180395593
472.55,0.4029381311738147
472.75,0.40219659086840526
472.96,0.3959532985843314
473.16,0.40192398994933914
473.37,0.4099024906318827
473.57,0.40374733096463644
473.78,0.3878921449384606
473.98,0.38510649242192724
474.19,0.38787978060705336
474.39,0.39956305867216657
474.6,0.4039200470478777
474.8,0.3878474916819975
475.01,0.40081399329019257
475.21,0.3946270004664165
475.42,0.384111020586154
475.62,0.37294759857224247
475.83,0.383061414170301
476.03,0.3852124386055572
476.24,0.39190369182009643
476.44,0.39672275209474483
476.64,0.3790243731608443
476.85,0.3780488783945436
477.05,0.3711876406369076
477.26,0.3885290186206915
477.46,0.38679631775006174
477.67,0.37902070670148585
477.87,0.3832858995525143
478.08,0.3674185082741725
478.28,0.3805718183368385
478.49,0.3642680676625915
478.69,0.38261598195453583
478.9,0.3621755690188553
479.1,0.38270603517983187
479.3,0.38042674450813585
479.51,0.3695016837255208
479.71,0.37071382499611616
479.92,0.37143764653763695
480.12,0.35534490282632314
480.33,0.3686662528752419
480.53,0.3747597570817174
480.74,0.3684650340303909
480.94,0.37974426889032253
481.14,0.37189694646173327
481.35,0.362855292463204
481.55,0.377311141018333
481.76,0.3714817008873145
481.96,0.36748224803429075
482.17,0.38502238658602833
482.37,0.35517391939284815
482.57,0.37303959617060417
482.78,0.3765452936886712
482.98,0.3627303103046953
483.19,0.3568397202883598
483.39,0.3679371005048328
483.6,0.36327638971327686
483.8,0.370614143760008
484.0,0.3596793607740039
484.21,0.3671177511821538
484.41,0.37475756810699484
484.62,0.35634573753130805
484.82,0.36210721570920823
485.02,0.3783560668384315
485.23,0.36725189335014635
485.43,0.35918365912708594
485.64,0.3712224490907674
485.84,0.3719930382818135
486.05,0.3594545848163352
486.25,0.37565289416263686
486.45,0.3695805280877054
486.66,0.3687797407061861
486.86,0.3747769466129497
487.07,0.35268295496661434
487.27,0.3591229516134822
487.47,0.36187223364118987
487.68,0.36330764025285955
487.88,0.3719809058816774
488.09,0.37751386720809144
488.29,0.37855816552793353
488.49,0.3757203041655181
488.7,0.3774321856600713
488.9,0.3623156169293406
489.1,0.3692480015708205
489.31,0.366919788184285
489.51,0.36775566726404235
489.72,0.3647983241960726
489.92,0.3573075860409779
490.12,0.35869719170882436
490.33,0.3760660121062802
490.53,0.36640969058989076
490.74,0.3765684660581294
490.94,0.3755186149923621
491.14,0.37429664641008326
491.35,0.36421712838743264
491.55,0.37684905047812634
491.75,0.3704015953664168
491.96,0.37775969071116083
492.16,0.3916249459288286
492.36,0.38100975354316297
492.57,0.3838840595223397
492.77,0.3814300107473133
492.98,0.3658263699575786
493.18,0.37356828767175965
493.38,0.37916612870230026
493.59,0.3801494980866155
493.79,0.3742779343018589
493.99,0.37488320685829574
494.2,0.3701967622549633
494.4,0.3975718505637089
494.6,0.3936306359231291
494.81,0.3739227220479854
495.01,0.3683499511161758
495.22,0.3952480098978901
495.42,0.3888015394498426
495.62,0.3807077880334191
495.83,0.37667840233789684
496.03,0.3781590841800629
496.23,0.3922017895700755
496.44,0.39462284970493766
496.64,0.3862455846409796
496.84,0.38500234379316295
497.05,0.40244304601442715
497.25,0.39341554667900863
497.45,0.383432595808959
497.66,0.40769384985070656
497.86,0.39769027906575216
498.06,0.408671160433338
498.27,0.39810271757709653
498.47,0.3858118894068067
498.67,0.39992165566958526
498.88,0.3903398361160458
499.08,0.40412314112270575
499.28,0.41259023795415806
499.49,0.4125041294737349
499.69,0.40584624413979353
499.89,0.40250323442846014
500.1,0.40221364883684746
500.3,0.39513255421983096
500.5,0.3966959582019462
500.7,0.41242770248525135
500.91,0.410017416377765
501.11,0.4139771901318284
501.31,0.3957795085118052
501.52,0.41243357172068107
501.72,0.41191978519436645
501.92,0.40393721026349555
502.13,0.40813849384900774
502.33,0.40626347974249194
502.53,0.41350924392680594
502.74,0.4103273868200628
502.94,0.4248883467867577
503.14,0.4043607826778428
503.34,0.40335950499884426
503.55,0.40797899086321393
503.75,0.43112359227388136
503.95,0.41985260284414233
504.16,0.42913347072308594
504.36,0.41663401443028847
504.56,0.4158155563650233
504.76,0.43246770862526596
504.97,0.41698293131256187
505.17,0.4333430297757104
505.37,0.42989400682155476
505.58,0.43146106481820984
505.78,0.42950260427711573
505.98,0.4298468719203259
506.18,0.4329188308365998
506.39,0.4428680810745061
506.59,0.43691970296511756
506.79,0.43327728650623454
507.0,0.43149255590070096
507.2,0.4314092874034874
507.4,0.4438495122209539
507.6,0.43262776585773466
507.81,0.43971555325538747
508.01,0.4360478874263871
508.21,0.4561564219623057
508.41,0.4393249495307839
508.62,0.436094601234034
508.82,0.44931307589213
509.02,0.44917087382217485
509.23,0.4531743548249023
509.43,0.4457002812258265
509.63,0.4560196992003582
509.83,0.43781447301212234
510.04,0.4603218092691405
510.24,0.456782993956811
510.44,0.4586332977982377
510.64,0.46355120983076054
510.85,0.4571654653900862
511.05,0.45668181530268503
511.25,0.46777509209799883
511.45,0.4462090431201632
511.66,0.45971174960944644
511.86,0.4553662132990457
512.06,0.4538981776749222
512.26,0.4556606087002244
512.46,0.464818278811363
512.67,0.46508223810676164
512.87,0.47322220871787485
513.07,0.4774802631108057
513.27,0.47101109731248153
513.48,0.4667662864400347
513.68,0.45671331260348835
513.88,0.4625643544819421
514.08,0.4606778684415287
514.29,0.467126966974375
514.49,0.47561477632675997
514.69,0.46448575026632616
514.89,0.46683975964238644
515.09,0.4649512141196544
515.3,0.4765317295776527
515.5,0.47882587533178844
515.7,0.4805955199785651
515.9,0.49072226152826354
516.11,0.4755187550850218
516.31,0.4840718567120887
516.51,0.4817924346798944
516.71,0.4862120455749984
516.91,0.4825636988553724
517.12,0.4764529912144468
517.32,0.47943874420072957
517.52,0.4879884786689573
517.72,0.48331082236607825
517.92,0.4965537066239599
518.13,0.4966253375199334
518.33,0.4941335870909057
518.53,0.48386149819166896
518.73,0.48840040844554533
518.93,0.4993215549917253
519.14,0.5036113126824077
519.34,0.4893452629943593
519.54,0.4867030515729961
519.74,0.5040543598696257
519.94,0.5006694637614165
520.15,0.5065237665178299
520.35,0.4962749528736582
520.55,0.5201382909973719
520.75,0.5157915264898154
520.95,0.5062774003274735
521.16,0.5065427895741804
521.36,0.5115632398068748
521.56,0.5036974888929067
521.76,0.5171739029317844
521.96,0.502903558985327
522.16,0.5090435028569563
522.37,0.5049565956619176
522.57,0.5047721313867367
522.77,0.5138943362357875
522.97,0.5143047233557482
523.17,0.5049195307725323
523.37,0.5010141811558624
523.58,0.5187578401761718
523.78,0.5171026364932846
523.98,0.5073501649899588
524.18,0.518191832037629
524.38,0.5148147053550143
524.58,0.5200682085957407
524.79,0.5071001717392136
524.99,0.5130159732542339
525.19,0.5258553721470005
525.39,0.517150746411487
525.59,0.5150155358636878
525.79,0.5212281269299768
526.0,0.5227640165616112
526.2,0.5129585584328229
526.4,0.5179643515025101
526.6,0.5180695055578716
526.8,0.5287839789063972
527.0,0.5146361683672471
527.2,0.5123806750587645
527.41,0.5020951931423239
527.61,0.5184273491303976
527.81,0.5182598607977112
528.01,0.520897548898755
528.21,0.5183418815516845
528.41,0.5153851695150178
528.61,0.5225611697969724
528.82,0.525102338767217
529.02,0.5078939359571604
529.22,0.5206212449243647
529.42,0.5066770523970651
529.62,0.5019549922021767
529.82,0.5234823710673232
530.02,0.5169123540236675
530.22,0.5125546891669903
530.43,0.510018168266986
530.63,0.5142156330321426
530.83,0.5225917270017243
531.03,0.5076600317985742
531.23,0.5241056192638772
531.43,0.5146629087629745
531.63,0.5201752267758049
531.83,0.5154245276690032
532.03,0.5226113050095681
532.24,0.5234381276354625
532.44,0.525670390578305
532.64,0.5300987783974737
532.84,0.5139440077033289
533.04,0.5062276192252405
533.24,0.5112094968787115
533.44,0.5094143379489988
533.64,0.5232524785278956
533.84,0.5206223398719463
534.04,0.5143404847199841
534.25,0.514180779036227
534.45,0.49807326927214546
534.65,0.5129955682395493
534.85,0.5069935435676199
535.05,0.5113468044679
535.25,0.5216327525640496
535.45,0.5172249044752315
535.65,0.5055840261053173
535.85,0.508216269388104
536.05,0.5141937444280437
536.25,0.5134232905568537
536.46,0.5070490391250698
536.66,0.5027673320126834
536.86,0.5134276331253028
537.06,0.5035103439523761
537.26,0.5078613825617173
537.46,0.5173998934038901
537.66,0.4908500235383197
537.86,0.5072526174012748
538.06,0.5048326211825251
538.26,0.49584216570772316
538.46,0.5015948544191658
538.66,0.5041716365901554
538.86,0.5026839339267535
539.07,0.5013057626686618
539.27,0.5007253925351781
539.47,0.4924834452394771
539.67,0.5058221766136239
539.87,0.4987482657327937
540.07,0.4950147079632376
540.27,0.5079358335460912
540.47,0.48967788303071674
540.67,0.5072885157639482
540.87,0.4801945402348982
541.07,0.5080721843966582
541.27,0.49318353897628303
541.47,0.4940636382920929
541.67,0.4901019499731609
541.87,0.48215750260071993
542.07,0.48417681171143584
542.27,0.49016333475863294
542.47,0.4877760302222801
542.67,0.4765205993985203
542.87,0.48000895825430756
543.08,0.4765298261585898
543.28,0.48171321181701804
543.48,0.4839272865347193
543.68,0.47865708566943393
543.88,0.4646983985761765
544.08,0.4890167579165576
544.28,0.48044861032494507
544.48,0.4672588589491206
544.68,0.48214411818034336
544.88,0.4879924344584563
545.08,0.4840738120418094
545.28,0.476534423076105
545.48,0.4754290913791979
545.68,0.46379916852007813
545.88,0.4748403259647622
546.08,0.4673751981536695
546.28,0.4716387690983234
546.48,0.46765457978918173
546.68,0.46810706343745123
546.88,0.4745701733804125
547.08,0.4520955632343947
547.28,0.4634052962143201
547.48,0.4622133365764173
547.68,0.4721595638333595
547.88,0.46242391569861335
548.08,0.4568844906496463
548.28,0.45620639053470446
548.48,0.46926470031788087
548.68,0.4447989094624771
548.88,0.452203655739698
549.08,0.46542828686404913
549.28,0.44364947801713855
549.48,0.4433555524519645
549.68,0.44787418210662644
549.88,0.44925558000935234
550.08,0.44235897478063824
550.28,0.4471647000334818
550.48,0.4445298652085405
550.68,0.4394972914857697
550.88,0.4417496935358853
551.08,0.44148962746165354
551.28,0.4416775531944717
551.48,0.4415806023164624
551.68,0.4392138081531532
551.88,0.4342217569972328
552.08,0.4342287660113311
552.28,0.4321916138242175
552.48,0.4225057740624715
552.68,0.4348144000478363
552.88,0.43038515815645706
553.08,0.4408776665949939
553.28,0.4165079399971057
553.48,0.4315409771690731
553.68,0.4342748662914528
553.88,0.4311832764804165
554.08,0.4174452019271577
554.28,0.4332359708055063
554.47,0.42750023656736824
554.67,0.42529640803698776
554.87,0.42997908474172325
555.07,0.4282860700977667
555.27,0.4256639722333035
555.47,0.4149107136047487
555.67,0.41971514040207153
555.87,0.4156058983211911
556.07,0.41449576190282483
556.27,0.418575881384023
556.47,0.42001566543742114
556.67,0.41471212101734195
556.87,0.4218259902405459
557.07,0.40966800385864627
557.27,0.4111415566492239
557.47,0.4179552609240233
557.67,0.4084732786245426
557.87,0.41363393281242905
558.07,0.41610123566022694
558.26,0.4095837855767337
558.46,0.40314492075826036
558.66,0.40997463339736845
558.86,0.4050673222679388
559.06,0.4026872260580287
559.26,0.39805259113588454
559.46,0.39223252314111595
559.66,0.39108360385051727
559.86,0.39316105717992805
560.06,0.39936218036836063
560.26,0.39806240085690986
560.46,0.39603035181770607
560.66,0.3842654873834033
560.86,0.3906660490224634
561.05,0.3904027783961886
561.25,0.3875261987433183
561.45,0.39866820295893346
561.65,0.3915939200858534
561.85,0.3836183171492051
562.05,0.3863231483244295
562.25,0.38863250102919583
562.45,0.3893915194258008
562.65,0.38439373894345824
562.85,0.37910477589632435
563.05,0.3819065390966856
563.24,0.382967372735177
563.44,0.3811628573129831
563.64,0.3819945776880586
563.84,0.3781619325452024
564.04,0.3840018167155714
564.24,0.3664232890957385
564.44,0.38674104150978666
564.64,0.36816300507770694
564.84,0.37472040364918763
565.03,0.37374655732434237
565.23,0.3766901600807417
565.43,0.37493067482862674
565.63,0.3641012761703563
565.83,0.36622706108715697
566.03,0.37320793929391627
566.23,0.37518742564878516
566.43,0.36898949211109594
566.63,0.3747709702518505
566.82,0.36167525464603856
567.02,0.3646383217984378
567.22,0.36008890935282833
567.42,0.35673170277884464
567.62,0.35853027576237306
567.82,0.3624516667426473
568.02,0.3673106713476829
568.22,0.3645920949242947
568.41,0.36331124755386235
568.61,0.3647006683864382
568.81,0.35877018520589404
569.01,0.3685628395252507
569.21,0.3713537449688074
569.41,0.3656716809359503
569.61,0.3621131839480826
569.8,0.36685781626195646
570.0,0.35234994127518227
570.2,0.35521000866390395
570.4,0.36102709170496566
570.6,0.35929627711262924
570.8,0.3645577682224003
571.0,0.35906856186413555
571.19,0.3678477674911257
571.39,0.3474434078129498
571.59,0.358594041093971
571.79,0.3527048727414471
571.99,0.35522874937385324
572.19,0.35632779025305905
572.38,0.3542080980516647
572.58,0.35021522403372213
572.78,0.35099921491366987
572.98,0.346120349108114
573.18,0.35307314882662855
573.38,0.3526310527220751
573.57,0.34830745898390925
573.77,0.34596613341771115
573.97,0.34112484144549793
574.17,0.3396758641735541
574.37,0.3456243001342842
574.57,0.34436557118605043
574.76,0.3286080656906898
574.96,0.3368818332426254
575.16,0.3501907401676051
575.36,0.35262600149099277
575.56,0.3440681817474374
575.75,0.33598115841439574
575.95,0.3386333604330194
576.15,0.3380203870877476
576.35,0.344661416526477
576.55,0.343038885999924
576.74,0.3392932090707298
576.94,0.3384852704391657
577.14,0.3421725010458675
577.34,0.33855190957333625
577.54,0.3324725163995239
577.74,0.3382969740676791
577.93,0.3350879871464773
578.13,0.32898076812001004
578.33,0.32748822565204444
578.53,0.33480306745336297
578.72,0.3281384212782352
578.92,0.3227298910670585
579.12,0.33262984213781477
579.32,0.3368358115393722
579.52,0.3406596265692414
579.71,0.33298271631467524
579.91,0.33777998601677234
580.11,0.33640809780010017
580.31,0.33446611335940135
580.51,0.33226370043500436
580.7,0.3313882314114365
580.9,0.3326722980011416
581.1,0.32691677618745346
581.3,0.33022231245628336
581.49,0.32835709532560214
581.69,0.3201975076416647
581.89,0.33105558151811315
582.09,0.32485812469583636
582.29,0.3265027726018242
582.48,0.3329216103201606
582.68,0.33732656351255796
582.88,0.3345300515480585
583.08,0.33333151012546974
583.27,0.313719108246447
583.47,0.3183611067922068
583.67,0.31885434536305496
583.87,0.32393521680980275
584.06,0.32537074761022655
584.26,0.327348130339587
584.46,0.33255056396813504
584.66,0.3172901325676662
584.85,0.3182498143918096
585.05,0.3226920493399843
585.25,0.32542365678007695
585.45,0.3299512598229508
585.64,0.32659780089756063
585.84,0.33069610235363384
586.04,0.30978905394585254
586.24,0.32146855293047927
586.43,0.33260595224680756
586.63,0.3246905214200281
586.83,0.3170964593358825
587.03,0.32068960084790615
587.22,0.31567741492658247
587.42,0.32287337994304555
587.62,0.31940813997871537
587.82,0.3153016448512033
588.01,0.3156485329406541
588.21,0.3189292632172176
588.41,0.3200075117320421
588.6,0.316942419069196
588.8,0.3172535444857413
589.0,0.3229561079840205
589.2,0.31598606619928227
589.39,0.3165732020740064
589.59,0.3267915509215668
589.79,0.3146684374658519
589.98,0.3123257641824466
590.18,0.312141495450192
590.38,0.3120643717114477
590.58,0.32272173345194083
590.77,0.32651635349830155
590.97,0.3080158109956707
591.17,0.31723860002686644
591.36,0.3135460727258511
591.56,0.316194740600325
591.76,0.3208585318304137
591.96,0.3081132593958892
592.15,0.3153888624515475
592.35,0.3180537740010515
592.55,0.3131801305102325
592.74,0.3235868385919937
592.94,0.31698901757747366
593.14,0.3113123515934876
593.33,0.3112977475342787
593.53,0.3169091315233289
593.73,0.31720023650729545
593.92,0.30726896581424507
594.12,0.30760820743399464
594.32,0.3093526747035671
594.51,0.31001523963673167
594.71,0.31683762641337204
594.91,0.3181778892443136
595.11,0.31661782083591095
595.3,0.3158931611388318
595.5,0.3100350945277513
595.7,0.31506793202265015
595.89,0.31591843509491874
596.09,0.31812721238901087
596.29,0.3184575482961554
596.48,0.32098755952235886
596.68,0.32293867129248605
596.88,0.32200835140207745
597.07,0.32107763553302193
597.27,0.319395307195506
597.47,0.3276245447344876
597.66,0.31395869749561495
597.86,0.3192515779831737
598.06,0.3150922349711964
598.25,0.3188867989372041
598.45,0.3185744480608473
598.64,0.31698721463116447
598.84,0.3130911494273923
599.04,0.31410934068952656
599.23,0.31698850892834435
599.43,0.3201378752616819
599.63,0.3197744997148828
599.82,0.31984893603975784
600.02,0.32772850110263674
600.22,0.319855051580789
600.41,0.3217903338658293
600.61,0.3157310694647684
600.81,0.3150855260836168
601.0,0.3241463360278976
601.2,0.3150043500882952
601.39,0.3141760154770916
601.59,0.3201697898003334
601.79,0.3175455255007432
601.98,0.32235463402340864
602.18,0.31486127040438583
602.38,0.33549634124829913
602.57,0.31091170314838107
602.77,0.32966589655495787
602.96,0.32083992804719813
603.16,0.31443761506433926
603.36,0.3274690721354604
603.55,0.324738780700988
603.75,0.312198438509963
603.95,0.3183706174614967
604.14,0.3262184436415614
604.34,0.31985847986795385
604.53,0.32217393849961445
604.73,0.319573509158575
604.93,0.3148121226704364
605.12,0.32000734034824635
605.32,0.32354267781683116
605.51,0.32044145633221643
605.71,0.32380462498401963
605.91,0.32868942065233836
606.1,0.31792149718720897
606.3,0.3235155272596761
606.49,0.314635358450131
606.69,0.3190794091574122
606.89,0.3225393828259594
607.08,0.3233583915580242
607.28,0.3191187196194719
607.47,0.32572885142561614
607.67,0.3270901233908272
607.87,0.3254208629358805
608.06,0.3225602443878376
608.26,0.32723226955727536
608.45,0.33400420404983755
608.65,0.3314012360084874
608.84,0.3245719993837694
609.04,0.32909896997828114
609.24,0.3268418570069474
609.43,0.32718720759525693
609.63,0.31837232401184984
609.82,0.32883936686375526
610.02,0.31567856545274264
610.21,0.3197619106853303
610.41,0.32951018169486923
610.61,0.3311668300344561
610.8,0.32965565704041927
611.0,0.32329401926575635
611.19,0.32340273595647073
611.39,0.327702931302486
611.58,0.32705571425940855
611.78,0.3255663438638635
611.98,0.32401554544512134
612.17,0.33172634903056514
612.37,0.331586682815024
612.56,0.33292932738902886
612.76,0.33312365161671337
612.95,0.3290859044818498
613.15,0.327586768062298
613.34,0.3326434202687752
613.54,0.33106710968813663
613.73,0.32893181780136266
613.93,0.33808573811346593
614.13,0.3297166457335633
614.32,0.32218948687264387
614.52,0.33159524138391694
614.71,0.3344663105094143
614.91,0.34013183824116205
615.1,0.33551779360237843
615.3,0.3396747226635302
615.49,0.3388200884154467
615.69,0.3345378760475299
615.88,0.3342432849830852
616.08,0.3382119033333242
616.27,0.3357387998662274
616.47,0.3392774316650061
616.66,0.3443429757200053
616.86,0.3431944259771319
617.06,0.3361457393983257
617.25,0.3438614338347099
617.45,0.33924112457465816
617.64,0.33620780624235724
617.84,0.3452380138020137
618.03,0.3365308497694624
618.23,0.3349699686648762
618.42,0.3343053704369001
618.62,0.3461131748372162
618.81,0.329793910559973
619.01,0.33643381788956495
619.2,0.33341430899302016
619.4,0.3403254531459085
619.59,0.3495905994106014
619.79,0.33686636277604803
619.98,0.34161488117977984
620.18,0.3449222616619142
620.37,0.3424709627681929
620.57,0.34205101289215667
620.76,0.34366748470069275
620.96,0.3502122204201645
621.15,0.3440391409143144
621.35,0.3458059114422694
621.54,0.3402955608389523
621.74,0.33986587525597134
621.93,0.34627890709582987
622.13,0.3498261687875538
622.32,0.35286830630034005
622.51,0.34924498926789
622.71,0.350187035300397
622.9,0.35104398650687724
623.1,0.3499006113070998
623.29,0.35217651242155923
623.49,0.3476581208269332
623.68,0.35339191160575173
623.88,0.34739058920725524
624.07,0.3397396590431233
624.27,0.3440706550445482
624.46,0.35384332449838
624.66,0.3528685128609914
624.85,0.35324919309377106
625.05,0.35867348346417255
625.24,0.35262322232018023
625.43,0.35986956454112295
625.63,0.3640106650644035
625.82,0.35325458752510885
626.02,0.3563010404227348
626.21,0.3523032086923524
626.41,0.3545503774822949
626.6,0.3607560651495441
626.8,0.357538253615693
626.99,0.3602737496841245
627.19,0.3518113556151772
627.38,0.3574031184329815
627.57,0.36560964430030646
627.77,0.3629013162198444
627.96,0.35728978783504567
628.16,0.3625878029886513
628.35,0.3686980353409576
628.55,0.37090299190502224
628.74,0.35878873107736087
628.93,0.3648179794872855
629.13,0.3655044215477595
629.32,0.3686331647017844
629.52,0.3762553014725994
629.71,0.37632560427625944
629.91,0.36878516409008794
630.1,0.3744782512921405
630.29,0.3704574186353468
630.49,0.37649619253578404
630.68,0.3809238832420624
630.88,0.37628095039414955
631.07,0.3790289030327859
631.27,0.37285724919302754
631.46,0.3752558851616715
631.65,0.37534113966712723
631.85,0.37208438727900717
632.04,0.3820033235921394
632.24,0.37734311429573875
632.43,0.37790261193759705
632.62,0.37911771606632694
632.82,0.3748076914029236
633.01,0.38469505815839916
633.21,0.3786239221902988
633.4,0.3850174736683819
633.59,0.38020561288871935
633.79,0.3739152608903092
633.98,0.39403951112673496
634.18,0.38078480039341295
634.37,0.38697942651838413
634.56,0.38699066454549025
634.76,0.3859456281030534
634.95,0.38504558679851997
635.14,0.40198944610179876
635.34,0.3936149997844308
635.53,0.3949723875149154
635.73,0.3926931066560949
635.92,0.3944930239650473
636.11,0.3878737016420327
636.31,0.40430156381430704
636.5,0.3895438793358466
636.7,0.396746058380427
636.89,0.3844006511652134
637.08,0.391148415879553
637.28,0.3881995324695907
637.47,0.40129108722679196
637.66,0.4005818039538263
637.86,0.3946993414694717
638.05,0.3909248722921811
638.24,0.4013325769457514
638.44,0.3939727080799629
638.63,0.38939271609206744
638.83,0.4028394873077623
639.02,0.40711702005162387
639.21,0.39679535611618877
639.41,0.4088667944626895
639.6,0.4063483824814425
639.79,0.4032423801158155
639.99,0.4154801499048868
640.18,0.4062272669181282
640.37,0.409434733638116
640.57,0.39882393590106785
640.76,0.40667571436927896
640.95,0.40008034734675313
641.15,0.42765419012652534
641.34,0.41785512547374515
641.53,0.4196993773081963
641.73,0.4275875420803239
641.92,0.4210967581972799
642.11,0.4261564969488039
642.31,0.41988523724122245
642.5,0.4218799286948428
642.69,0.414809527568652
642.89,0.41003973175437375
643.08,0.4144457797772829
643.27,0.41821010867260544
643.47,0.4074058836556229
643.66,0.41525616906209123
643.85,0.4069085270682986
644.05,0.4125430035408479
644.24,0.41809824009258534
644.43,0.42610048536651535
644.63,0.4193326900908128
644.82,0.4220891249802981
645.01,0.4167524453056718
645.2,0.42279043498820906
645.4,0.42837510118312716
645.59,0.4161464126909827
645.78,0.42485489998271264
645.98,0.43029927512216753
646.17,0.43391173367572977
646.36,0.4319818240363999
646.56,0.440185627156386
646.75,0.43523910602700294
646.94,0.435745111557602
647.13,0.43801501870199583
647.33,0.43890577161004146
647.52,0.4391669133870419
647.71,0.43360012246132357
647.91,0.4344059808714376
648.1,0.4388078057746782
648.29,0.44657589413308013
648.49,0.44549064451634957
648.68,0.43671117838048973
648.87,0.4452750394615362
649.06,0.44487613558293343
649.26,0.44097732891659264
649.45,0.44263064547311437
649.64,0.4444996073946509
649.83,0.4512740034382924
650.03,0.45570249084460535
650.22,0.46310491279343025
650.41,0.4656017302029648
650.61,0.4550639274657918
650.8,0.46488401156957054
650.99,0.4516672958518567
651.18,0.45129950110315187
651.38,0.4524524297049066
651.57,0.4537631779820531
651.76,0.45517841483293275
651.95,0.473553887860556
652.15,0.4585293985554742
652.34,0.4613465831362743
652.53,0.46043322953014176
652.72,0.4720678439180892
652.92,0.4721033957296247
653.11,0.469478382894683
653.3,0.46682088785582043
653.49,0.4689553445154076
653.69,0.46337153832955674
653.88,0.47117639471596856
654.07,0.4659092506057489
654.26,0.47811130392506335
654.46,0.47205497601292024
654.65,0.4932551396605799
654.84,0.4740532570598744
655.03,0.4716467056598394
655.23,0.4754927274365837
655.42,0.4698070922751805
655.61,0.4815996469307467
655.8,0.49208486431761134
655.99,0.494441708112576
656.19,0.47959474283250964
656.38,0.47882037679886463
656.57,0.48583985288370857
656.76,0.48478848972027433
656.96,0.48119909634228747
657.15,0.48442946578015966
657.34,0.47622727231042156
657.53,0.4833327118897438
657.72,0.4851631361195104
657.92,0.502902115949985
658.11,0.4890718461276647
658.3,0.4876356371982146
658.49,0.49509969607559634
658.68,0.4806249755363704
658.88,0.49155321962179765
659.07,0.496300568311526
659.26,0.49939808735907415
659.45,0.49954730376583795
659.64,0.5004031431125524
659.84,0.4966815666085231
660.03,0.4994514531784052
660.22,0.5119809807681662
660.41,0.5156792725662469
660.6,0.5138718875166919
660.8,0.500795214058287
660.99,0.508775652985886
661.18,0.5115082086437861
661.37,0.505349730289778
661.56,0.5042737775467074
661.76,0.5150967597464807
661.95,0.5192451502069358
662.14,0.5252272592013048
662.33,0.5077668878581245
662.52,0.5083752588282847
662.71,0.5073104642764719
662.91,0.5118663105238411
663.1,0.5134183971138356
663.29,0.5200565955760569
663.48,0.5303717217564489
663.67,0.5261844256595556
663.86,0.520564645357321
664.06,0.5267526541088993
664.25,0.5393250893207789
664.44,0.5348801232515435
664.63,0.5235057300355784
664.82,0.5232516465179373
665.01,0.5330563427655026
665.21,0.5423690585671116
665.4,0.5300206973736973
665.59,0.5368241253596332
665.78,0.5345991461293328
665.97,0.5327080465281071
666.16,0.5493598136994509
666.35,0.5513605626164013
666.55,0.54523315511481
666.74,0.550888206055585
666.93,0.5482839379202201
667.12,0.5413398969440544
667.31,0.5376886164208381
667.5,0.541086112288622
667.69,0.5457450183098006
667.89,0.5478169417902804
668.08,0.5513378812375361
668.27,0.555685078118688
668.46,0.56223221816746
668.65,0.5530713310929932
668.84,0.56351731266854
669.03,0.5710496938606712
669.22,0.5608219550491326
669.42,0.5632444607649164
669.61,0.5644868708498916
669.8,0.5667977223280315
669.99,0.5785332064033775
670.18,0.559629010987115
670.37,0.5605175374853685
670.56,0.5713199723316895
670.75,0.5753846242876173
670.94,0.558747680581923
671.14,0.5605218211839066
671.33,0.5788257181112164
671.52,0.5543060271684807
671.71,0.5703845907906689
671.9,0.5663164312903591
672.09,0.5553353892425842
672.28,0.5742204372965117
672.47,0.5545564218410184
672.66,0.571661550371472
672.85,0.5822791824069516
673.05,0.5902367657671371
673.24,0.5835115956049658
673.43,0.5745709053875682
673.62,0.5842746731695815
673.81,0.5770362207933526
674.0,0.5726361998237797
674.19,0.5761971818190077
674.38,0.5727760595532778
674.57,0.5937094500010696
674.76,0.5905963566634708
674.95,0.5668034047090845
675.15,0.5937567102212633
675.34,0.5869298244649038
675.53,0.5908050318971216
675.72,0.5856549722667952
675.91,0.6029706961168685
676.1,0.5862056941737963
676.29,0.5911495200241544
676.48,0.6097824050265253
676.67,0.604338472373734
676.86,0.5981696001342033
677.05,0.6131166640680413
677.24,0.6040253304961719
677.43,0.6063704163506374
677.62,0.601147053655373
677.81,0.596371853989317
678.0,0.6088931129975962
678.2,0.6138373399892528
678.39,0.6072151036670023
678.58,0.6131981303440005
678.77,0.615747387188652
678.96,0.6038835204513276
679.15,0.6124349432425669
679.34,0.6096099970034643
679.53,0.6234896126155997
679.72,0.6082049180236909
679.91,0.6200081885954994
680.1,0.6141886397205939
680.29,0.6150681254552182
680.48,0.6275501764087702
680.67,0.6185835362008548
680.86,0.6128659703214112
681.05,0.6091233373881662
681.24,0.603665064680276
681.43,0.6124206207499693
681.62,0.6137568290536158
681.81,0.6204030520231214
682.0,0.6196289103673611
682.19,0.6304035866166066
682.38,0.635102601164134
682.57,0.6287957627624854
682.76,0.616515923517518
682.95,0.6308669532051867
683.14,0.6331509394656827
683.33,0.6346411595091864
683.52,0.6242802287170717
683.71,0.6345555653619123
683.9,0.6298340065680393
684.09,0.621265744204782
684.28,0.6369188023458866
684.47,0.6391309353440069
684.66,0.6460989306511222
684.85,0.6446658521654262
685.04,0.6450621073431217
685.23,0.6409797633765897
685.42,0.6546871977680527
685.61,0.646894370974529
685.8,0.6448481171213257
685.99,0.6478664653086363
686.18,0.6482253424589823
686.37,0.6529043996092225
686.56,0.648592804237949
686.75,0.6345409635552252
686.94,0.6427791454489026
687.13,0.6518329112406195
687.32,0.6586065799125377
687.51,0.6501103041309
687.7,0.6553530742396669
687.89,0.6502301589526506
688.08,0.640444869389657
688.27,0.6563706318593396
688.46,0.6555899836659927
688.65,0.647411494811225
688.84,0.6533492518901696
689.03,0.6696186401382141
689.22,0.6734836426003556
689.41,0.6541318998319473
689.6,0.6524467458723514
689.79,0.6659132118212722
689.98,0.6702306132351775
690.17,0.6648495483081391
690.36,0.6578839284318253
690.55,0.6607329486973683
690.74,0.6607935500886962
690.93,0.6710020211790224
691.12,0.6767884674414697
691.31,0.6776309526900145
691.49,0.6926696859109093
691.68,0.6685201569450231
691.87,0.6712247687183177
692.06,0.6766401059772634
692.25,0.6866033086244832
692.44,0.6820584030051511
692.63,0.6908876607154913
692.82,0.6822321624823807
693.01,0.6757425044529398
693.2,0.6893317546263653
693.39,0.6954262030079951
693.58,0.675793567235822
693.77,0.6809612089494747
693.96,0.6830311720875185
694.15,0.6836666031770795
694.33,0.6852755360989232
694.52,0.690407502642197
694.71,0.685955620326595
694.9,0.6928857639851883
695.09,0.6901639451256242
695.28,0.6992979014828669
695.47,0.6767603638412016
695.66,0.6808891845856245
695.85,0.6723593389910937
696.04,0.6795314388797992
696.23,0.6708597555502279
696.42,0.6839376843267686
696.6,0.6877000382677781
696.79,0.6859757832880469
696.98,0.6969655506119312
697.17,0.7072459420277067
697.36,0.7032685217308038
697.55,0.6697647024200147
697.74,0.6800707103148407
697.93,0.6683144997705993
698.12,0.6913445360376731
698.31,0.6857856366521299
698.49,0.6909725669847422
698.68,0.7079527199527339
698.87,0.684765018045457
699.06,0.7049625750081984
699.25,0.7106641471474796
699.44,0.7175377469872423
699.63,0.7013068623339996
699.82,0.7004706358555968
700.0,0.7048403317754831
700.19,0.7095211000806546
700.38,0.6926613234412325
700.57,0.7227454896060357
700.76,0.712383457584263
700.95,0.7087432981217299
701.14,0.7062745501188882
701.33,0.7158419339244063
701.51,0.7131321751960745
701.7,0.7052410130890643
701.89,0.7284589614674528
702.08,0.7032373621253396
702.27,0.7022746355687409
702.46,0.6925986613085726
702.65,0.7211220468503855
702.83,0.7071774723582572
703.02,0.7082534889761244
703.21,0.7282594077890094
703.4,0.7054262770189685
703.59,0.717045496285957
703.78,0.7181062349410976
703.97,0.7313141819838627
704.15,0.7356737373797375
704.34,0.7114154166883094
704.53,0.7241066115567969
704.72,0.7098368547529832
704.91,0.7173681397193176
705.1,0.6871843428196183
705.28,0.7106392501037123
705.47,0.7118959188190692
705.66,0.723231774341926
705.85,0.7108517532036756
706.04,0.7292067397527033
706.23,0.7237578738385747
706.41,0.7116967717148344
706.6,0.7291669598438997
706.79,0.7274493397462523
706.98,0.7174209815062971
707.17,0.7148967696962397
707.35,0.7351517158429081
707.54,0.7250372478276336
707.73,0.7257482205137927
707.92,0.7216595329574151
708.11,0.7246655778265428
708.3,0.7189508316970096
708.48,0.7165745695984642
708.67,0.7199835481940785
708.86,0.7219001043146984
709.05,0.7162205624129782
709.24,0.7212859898264093
709.42,0.7162175584805994
709.61,0.718285480147507
709.8,0.7189060900873995
709.99,0.7260464362038377
710.18,0.7234963272753169
710.36,0.7065202088681313
710.55,0.7043832436374918
710.74,0.7160175627712161
710.93,0.7222120662888659
711.12,0.7251325009990355
711.3,0.7316995988006455
711.49,0.7276291122616441
711.68,0.7265851231835055
711.87,0.7241489963322274
712.05,0.7242994858585895
712.24,0.7143493788321076
712.43,0.7210772892959623
712.62,0.7179664837164647
712.81,0.719506433763857
712.99,0.7322312820299323
713.18,0.728634877251208
713.37,0.7485595261192668
713.56,0.7266121542131814
713.74,0.7356214468651311
713.93,0.7117928677595218
714.12,0.7119838612790998
714.31,0.7206347294816083
714.49,0.7293508582031855
714.68,0.7192357348040999
714.87,0.7289523493467186
715.06,0.719505160440974
715.24,0.7173965202331428
715.43,0.7130815917720573
715.62,0.7102189843048502
715.81,0.7289970204897873
715.99,0.7194010488556692
716.18,0.7204426448887149
716.37,0.7337341217394784
716.56,0.7361766973724433
716.74,0.7252438835794852
716.93,0.732180281036679
717.12,0.7423680957002318
717.31,0.7368931702270465
717.49,0.7395854944430403
717.68,0.7307970647616411
717.87,0.7242635849216189
718.06,0.730833062989828
718.24,0.7407290186825103
718.43,0.7475606256127062
718.62,0.7349487874568325
718.8,0.7448213941879732
718.99,0.7400027079626648
719.18,0.734217574724069
719.37,0.759853840668381
719.55,0.7450936559391231
719.74,0.7190463820109685
719.93,0.7423881545081301
720.11,0.7363381319637047
720.3,0.7316905190768881
720.49,0.7425709642323987
720.68,0.733618084191318
720.86,0.7327789580925037
721.05,0.72048975248455
721.24,0.7359207164608639
721.42,0.7204406989111342
721.61,0.734158599099416
721.8,0.7501367100458017
721.98,0.7320715632938304
722.17,0.7371014634073493
722.36,0.7299424887246307
722.55,0.710654414456395
722.73,0.7060126111262749
722.92,0.7050497462571612
723.11,0.7413267122868623
723.29,0.7354057444908971
723.48,0.7170404312832115
723.67,0.7327761867500268
723.85,0.7362477306430745
724.04,0.7328063503458708
724.23,0.7260567982684482
724.41,0.7057711130833088
724.6,0.7188932968784671
724.79,0.7112204069125307
724.97,0.7273326619323993
725.16,0.6918049792981753
725.35,0.728427143198998
725.53,0.7044888791464854
725.72,0.7204634706375042
725.91,0.7263328392942643
726.09,0.7401840538105131
726.28,0.7302036041617962
726.47,0.7376938891914878
726.65,0.7265534004328461
726.84,0.7255725577054968
727.03,0.7514546857342835
727.21,0.7366229731273493
727.4,0.7231528792214623
727.59,0.7238269620543664
727.77,0.7106900473510894
727.96,0.707253008752372
728.15,0.7231214382689427
728.33,0.7202977165973495
728.52,0.7073281181819681
728.7,0.7160506491396682
728.89,0.6961722037785564
729.08,0.715164312947427
729.26,0.7259822997334845
729.45,0.7188749965972141
729.64,0.7324169357045752
729.82,0.7288040849427916
730.01,0.7286242595995032
730.2,0.7266769034195986
730.38,0.7189024567491844
730.57,0.7241625409402429
730.75,0.7358528669967319
730.94,0.7398208005166111
731.13,0.7385495110518863
731.31,0.7271155966174434
731.5,0.7311702367633757
731.68,0.7497270431927957
731.87,0.7342029769111841
732.06,0.7141599768520076
732.24,0.7089079866522556
732.43,0.7166498383618976
732.62,0.7263763266108478
732.8,0.7141763194308973
732.99,0.7078768833886383
733.17,0.7222104932970348
733.36,0.7248979384607573
733.55,0.724579362870361
733.73,0.7226711617072514
733.92,0.7091386127467761
734.1,0.7096251848328208
734.29,0.6969036472045386
734.48,0.7264514285100503
734.66,0.7178038149540819
734.85,0.704369915962628
735.03,0.7064548534392522
735.22,0.7185776618966209
735.4,0.7263444897070096
735.59,0.7168852209040942
735.78,0.725449522512404
735.96,0.7101785893243644
736.15,0.7240181254322874
736.33,0.7487166766866085
736.52,0.7276514571855102
736.7,0.7232573269476473
736.89,0.7260316912560466
737.08,0.721466967802656
737.26,0.7386540840748492
737.45,0.7055421636228315
737.63,0.7180663606705022
737.82,0.7023544930186085
738.0,0.7105511419707742
738.19,0.7260532352585634
738.38,0.7093769841063171
738.56,0.7121618800856512
738.75,0.7166067343678784
738.93,0.7066430087944551
739.12,0.7015997683508943
739.3,0.7231587147342976
739.49,0.7105654075774697
739.67,0.7153830197631474
739.86,0.7192253871236255
740.04,0.7007914311497311
740.23,0.7082107204856052
740.42,0.701422232086596
740.6,0.7044653368407394
740.79,0.7018769582760676
740.97,0.7024522652895335
741.16,0.7235030800997162
741.34,0.7150112842361124
741.53,0.7170923001231668
741.71,0.7229498268211737
741.9,0.7241133111480048
742.08,0.7305638747937422
742.27,0.7160940281673484
742.45,0.7002183984021451
742.64,0.7168035332742969
742.82,0.7206761354325393
743.01,0.709309799638908
743.19,0.7215420944790526
743.38,0.7265076921616446
743.57,0.7228779679548178
743.75,0.7122458619973079
743.94,0.7242576666389324
744.12,0.7132156652218744
744.31,0.7249902100867864
744.49,0.7067797832319279
744.68,0.6961476511454292
744.86,0.6992051209595357
745.05,0.7009448572921272
745.23,0.7010644754264505
745.42,0.7072990644314516
745.6,0.7073193103375286
745.79,0.7091713988113721
745.97,0.6903662266924246
746.16,0.7028583442859522
746.34,0.7002259133449286
746.52,0.6745851501863831
746.71,0.6943165979388004
746.89,0.7063915528334911
747.08,0.6911622125665857
747.26,0.6889092490449515
747.45,0.6905869414607909
747.63,0.6855220767967466
747.82,0.7015698542573378
748.0,0.6973005880870579
748.19,0.7117855267064008
748.37,0.7042491292391365
748.56,0.7043884206110073
748.74,0.7129195164323924
748.93,0.6954618101389521
749.11,0.6922521211702469
749.3,0.6921321447983255
749.48,0.6990659175427478
749.67,0.7095222794969593
749.85,0.6934136275452432
750.03,0.6904290432431683
750.22,0.6833188856532733
750.4,0.6864798145990448
750.59,0.6877882978816148
750.77,0.6904252451088196
750.96,0.7045325565574976
751.14,0.6817412029051979
751.33,0.6815537534594778
751.51,0.6929465763584554
751.69,0.6972364659436402
751.88,0.7057066528433337
752.06,0.7013476348067564
752.25,0.7041226977300543
752.43,0.6917739680710009
752.62,0.6959799061377299
752.8,0.6770491396980229
752.99,0.6673649023329193
753.17,0.6767085545999638
753.35,0.6940663190075625
753.54,0.7015000234452753
753.72,0.6992390803170596
753.91,0.686179576284054
754.09,0.6897333043130892
754.28,0.6786098006322678
754.46,0.6804316458498361
754.64,0.6774991810766113
754.83,0.6775745710922102
755.01,0.6720339444344741
755.2,0.6715235367181358
755.38,0.6927648303211135
755.56,0.6925555698561834
755.75,0.697601457561234
755.93,0.6967877932606528
756.12,0.681296766422482
756.3,0.6795641214186675
756.48,0.6975138541984323
756.67,0.6760222586869572
756.85,0.6860761157371025
757.04,0.6806035249504017
757.22,0.685173806739073
757.4,0.7100565173491572
757.59,0.7077185618171475
757.77,0.7153767354923087
757.96,0.7028989076587857
758.14,0.7014327103104064
758.32,0.6826708216539216
758.51,0.6955247572079464
758.69,0.6793293072478925
758.87,0.6807526559570534
759.06,0.6800602843195845
759.24,0.695019222182046
759.43,0.6928249565551399
759.61,0.6931510188741851
759.79,0.6836587307426563
759.98,0.6942502459162195
760.16,0.6814656002407262
760.34,0.6662745717351072
760.53,0.7023024495375269
760.71,0.680940918705625
760.9,0.6818634286828532
761.08,0.684241813067247
761.26,0.6718600606349827
761.45,0.6915511240239653
761.63,0.6847854406065589
761.81,0.682604908845084
762.0,0.6582677777577008
762.18,0.6876900499039049
762.36,0.6645065686998156
762.55,0.6682896966627617
762.73,0.6730918455394649
762.91,0.671044101351034
763.1,0.6762399753151425
763.28,0.6719151728996442
763.46,0.6772751260137801
763.65,0.6743748584958414
763.83,0.6785183505260811
764.01,0.6673923171953201
764.2,0.6596607635157236
764.38,0.6625979978158189
764.56,0.6760667550531226
764.75,0.6799074498600217
764.93,0.6572871389840791
765.11,0.6550837101928982
765.3,0.677137393565231
765.48,0.653507606770411
765.66,0.6789313888354203
765.85,0.6823770612940238
766.03,0.6711162723305153
766.21,0.6728567044716901
766.4,0.6739325425709578
766.58,0.6658117467366813
766.76,0.6722236931739209
766.95,0.6691422666350404
767.13,0.6990559482947842
767.31,0.6654400536757688
767.49,0.6768825193527824
767.68,0.6942973013088868
767.86,0.6918258091795078
768.04,0.6781892118327814
768.23,0.6799755636744462
768.41,0.657694447902877
768.59,0.6687051369958328
768.78,0.6432029496877311
768.96,0.671845938076452
769.14,0.6557190201299027
769.32,0.6561671395095039
769.51,0.6752854107993552
769.69,0.6641370007624187
769.87,0.6551853755494413
770.06,0.6594451930115025
770.24,0.6629931825624732
770.42,0.6702033311756336
770.6,0.6583012673862441
770.79,0.656207508371894
770.97,0.6580698458739488
771.15,0.6781580164151597
771.33,0.6815695262188258
771.52,0.6574656073729234
771.7,0.6797767304810106
771.88,0.6539778875811302
772.07,0.6628150226126972
772.25,0.6750521333125048
772.43,0.6552415451241241
772.61,0.6600649074400458
772.8,0.6477710944148259
772.98,0.6725322781668941
773.16,0.6705442280565496
773.34,0.6570799557946378
773.53,0.664792574797693
773.71,0.6560589823783282
773.89,0.6874266121146999
774.07,0.6794469162711608
774.26,0.6596807299460801
774.44,0.6601020761123543
774.62,0.6629408661760767
774.8,0.671380377196515
774.99,0.6656985335330745
775.17,0.6591345561289302
775.35,0.6525619947575726
775.53,0.6524823552453098
775.71,0.643321659644917
775.9,0.6391132626058998
776.08,0.6349916678123524
776.26,0.6459852578850208
776.44,0.6548653567217388
776.63,0.6363131332016042
776.81,0.6519172483457014
776.99,0.6432338984587008
777.17,0.655255213080283
777.35,0.62159149950882
777.54,0.645006982887961
777.72,0.6462470210114349
777.9,0.6390052643734146
778.08,0.6571299294292797
778.27,0.6517346018365662
778.45,0.6422882740731152
778.63,0.6306322188303843
778.81,0.6328953566991387
778.99,0.6461597952923314
779.18,0.6409652295490638
779.36,0.6362631336764591
779.54,0.6314367181760364
779.72,0.654725343972317
779.9,0.6466853815856723
780.08,0.6525642291614445
780.27,0.6539068811694345
780.45,0.6591712160092239
780.63,0.6472862193461342
780.81,0.6372623333806564
780.99,0.6362094141575527
781.18,0.6361335190417285
781.36,0.6269875986144362
781.54,0.6339578626170518
781.72,0.6237897980949063
781.9,0.6137799292335078
782.08,0.6141477037618392
782.27,0.6254896367397813
782.45,0.6334255463400186
782.63,0.6501549105411901
782.81,0.6467723460581996
782.99,0.6349111357891486
783.17,0.646088450622401
783.36,0.6491623316953175
783.54,0.6490142950086355
783.72,0.6560605989511239
783.9,0.6474905878830751
784.08,0.6508712994983633
784.26,0.6497827120606653
784.45,0.6608833561928112
784.63,0.6546206461105926
784.81,0.6780875732783399
784.99,0.6611764187303537
785.17,0.670671776719118
785.35,0.6639797153463466
785.53,0.6446771219101164
785.72,0.6533546963500162
785.9,0.6589611480145809
786.08,0.6663238121792114
786.26,0.6559805515037855
786.44,0.6506513568344496
786.62,0.6488967695348519
786.8,0.6545247610864098
786.99,0.6479044802747285
787.17,0.6550171252782393
787.35,0.6346427470992799
787.53,0.6540211071551691
787.71,0.6408576676074345
787.89,0.6346625377866254
788.07,0.6360541041259066
788.25,0.6615944458977748
788.43,0.6592981037379165
788.62,0.6408026806784164
788.8,0.6550691780196743
788.98,0.6460745580245092
789.16,0.6373167412934589
789.34,0.6447512906517857
789.52,0.6680418860740993
789.7,0.6471542716364386
789.88,0.6385779799083982
790.06,0.6583450661144499
790.25,0.6287905107991922
790.43,0.6428013326998672
790.61,0.6347091133796885
790.79,0.6485757769974895
790.97,0.6365351487268948
791.15,0.6280087932145488
791.33,0.6398778920109791
791.51,0.6499502793453813
791.69,0.6406272757561683
791.87,0.6248195078515218
792.05,0.6412661587018282
792.24,0.6394979949705186
792.42,0.6198836698386556
792.6,0.6276992599686956
792.78,0.6241718919740143
792.96,0.6145361159481492
793.14,0.6322882779823401
793.32,0.6091146862311305
793.5,0.6030347661813639
793.68,0.631110417781135
793.86,0.6284229463573362
794.04,0.6198559881771732
794.22,0.6238650314128534
794.4,0.6129807129482504
794.58,0.6072254534050259
794.76,0.6092902962696723
794.95,0.590823465838345
795.13,0.6108497844503913
795.31,0.6212088554194269
795.49,0.6237461287648594
795.67,0.6138094531390824
795.85,0.6299453856778969
796.03,0.6073555317862024
796.21,0.6168500088782163
796.39,0.6058777119557102
796.57,0.6111442703170288
796.75,0.6202949937573528
796.93,0.6170348193801778
797.11,0.6020806703359894
797.29,0.6051927700207549
797.47,0.5926735981288798
797.65,0.6174407908715667
797.83,0.6127098776911905
798.01,0.6046002413642004
798.19,0.6072632190199482
798.37,0.6252915939160547
798.55,0.6152897706601157
798.73,0.6232823775116154
798.91,0.6213963594427419
799.09,0.6075028342874128
799.27,0.5914155631507406
799.45,0.6048668977419079
799.63,0.6007375886147397
799.81,0.6165501238463096
799.99,0.5995485306031467
800.17,0.6038716082729901
800.35,0.6087882432713309
800.53,0.5996661099622683
800.71,0.602795835081637
800.89,0.5940466269710262
801.07,0.5874307454620387
801.25,0.5982061255287041
801.43,0.6008599028027898
801.61,0.6012814404521283
801.79,0.6115071826280231
801.97,0.6147287121337236
802.15,0.5949781290725858
802.33,0.6136094333459299
802.51,0.6134316803548044
802.69,0.6202384077162452
802.87,0.6097396530903887
803.05,0.615209932112047
803.23,0.608088259129727
803.41,0.6331447774306411
803.59,0.6002357893054135
803.77,0.6137838592734828
803.95,0.6046791285105159
804.13,0.6165060709374768
804.31,0.5944145501115126
804.49,0.5843439151445433
804.67,0.6073940433756841
804.85,0.5908665209829194
805.03,0.60938053059377
805.21,0.6025009712686039
805.39,0.5976140633367509
805.57,0.5981198969496782
805.75,0.608715877535081
805.93,0.6020983523000457
806.11,0.6214020218773388
806.29,0.5869385146532701
806.47,0.5943672715741762
806.65,0.5984644038161846
806.83,0.6059920203227959
807.0,0.5925325607710307
807.18,0.5984405761343121
807.36,0.5862693510687549
807.54,0.6156164455973027
807.72,0.6013193747311057
807.9,0.6011823808809864
808.08,0.6050172569584448
808.26,0.5908726631598887
808.44,0.6028117620984225
808.62,0.591402189433603
808.8,0.5889487080507658
808.98,0.5901631752948276
809.16,0.5900700817027213
809.34,0.5825950406013173
809.51,0.5861608854927418
809.69,0.5978317075722962
809.87,0.6164211694781789
810.05,0.59865244612867
810.23,0.6164720402469368
810.41,0.6187258974373404
810.59,0.5920642160703913
810.77,0.5984649031271337
810.95,0.5958101087903525
811.13,0.6074616692064705
811.31,0.5993828276694717
811.48,0.5957397420138111
811.66,0.5892031418131056
811.84,0.5706002929176528
812.02,0.6036553126792655
812.2,0.5874170053225266
812.38,0.6068978714988386
812.56,0.5996811205314008
812.74,0.591793167548945
812.92,0.6016280231136268
813.1,0.6162887053211237
813.27,0.6268028331630698
813.45,0.6114484170978841
813.63,0.6117257648930744
813.81,0.601022130807609
813.99,0.6153377704902276
814.17,0.5871135764678028
814.35,0.5981314135128537
814.53,0.6094429357443665
814.7,0.6080114837371662
814.88,0.6003675806517398
815.06,0.6022606517183446
815.24,0.5960540724461357
815.42,0.5916300402897113
815.6,0.5876380842072364
815.78,0.5756019229865178
815.95,0.6059351392477014
816.13,0.5691365225046902
816.31,0.5898855257247796
816.49,0.5717457083210685
816.67,0.5936616188660655
816.85,0.5976969984270293
817.03,0.6019401445149071
817.2,0.5944571327181779
817.38,0.6207931717563848
817.56,0.5992641339114553
817.74,0.5880239815699473
817.92,0.5763816943506175
818.1,0.6038104739043106
818.27,0.596637886612398
818.45,0.5963163538453632
818.63,0.5654680840083725
818.81,0.584998921859709
818.99,0.6079680958782695
819.17,0.6146968298354416
819.34,0.6114085252008337
819.52,0.6079394758271803
819.7,0.6134871484976668
819.88,0.6134727727695318
820.06,0.6024451254805447
820.24,0.6065086294053977
820.41,0.5919939872913202
820.59,0.5841603917267855
820.77,0.6056129293508054
820.95,0.58254681884388
821.13,0.6003066695997052
821.3,0.6016429308183664
821.48,0.6024395373291273
821.66,0.6051245240324965
821.84,0.6116577825311672
822.02,0.5865266159108958
822.19,0.5932260742409918
822.37,0.5800151073702385
822.55,0.5813982525337515
822.73,0.5958112148248665
822.91,0.6224720096013828
823.08,0.5917025419218357
823.26,0.6146832245683562
823.44,0.6069771298318395
823.62,0.6238808946897572
823.8,0.6065976710414971
823.97,0.6363852876509947
824.15,0.6220765472072566
824.33,0.5986715575825247
824.51,0.5972023132338201
824.69,0.6045876817128708
824.86,0.5988692325596893
825.04,0.5894150856004264
825.22,0.5786597907094911
825.4,0.5883816820202188
825.57,0.5639865369156967
825.75,0.5972862428750941
825.93,0.5905522634997472
826.11,0.5586133897856576
826.28,0.6079665268587637
826.46,0.5869196331682893
826.64,0.5915874553948195
826.82,0.5863863052426811
826.99,0.573789883143877
827.17,0.6114552330538396
827.35,0.5848060229479618
827.53,0.6262550677608028
827.7,0.5717297527872428
827.88,0.6197213258488972
828.06,0.5995874550158805
828.24,0.5951558420424734
828.41,0.5897256897560019
828.59,0.5846883199389784
828.77,0.577638056666041
828.95,0.5795013308483965
829.12,0.5876818111720268
829.3,0.5907643803625998
829.48,0.5846552839702902
829.66,0.5873356381501451
829.83,0.6214008362080891
830.01,0.6030273588848237
830.19,0.6008887776312172
830.36,0.6009432085050507
830.54,0.5959855758423589
830.72,0.6093786675983606
830.9,0.5891612271787815
831.07,0.5634362496756838
831.25,0.6052957641555425
831.43,0.6077795964706336
831.6,0.5948200092879841
831.78,0.6075696157218906
831.96,0.5982672346286495
832.14,0.5812762902206232
832.31,0.6036730315960068
832.49,0.5978583328338071
832.67,0.5876540856881793
832.84,0.5854643909075373
833.02,0.5828560884222576
833.2,0.5840767755187497
833.37,0.5863993985215551
833.55,0.6190895906282802
833.73,0.5969520854602385
833.91,0.5912965854328461
834.08,0.5970565280410303
834.26,0.5956972863567364
834.44,0.6071449295644843
834.61,0.5780299375024834
834.79,0.5736628363046817
834.97,0.5845110860234156
835.14,0.5706247460814542
835.32,0.5821889453125464
835.5,0.5670760321328138
835.67,0.5756033009900354
835.85,0.569990993795068
836.03,0.5919072621661168
836.2,0.601217893859134
836.38,0.5785339184566924
836.56,0.5824026498954585
836.73,0.5479432528682023
836.91,0.5872393127382238
837.09,0.5695356025222843
837.26,0.5810524735737951
837.44,0.5884761636715311
837.62,0.5897739084458383
837.79,0.5831731670298737
837.97,0.5890732603290283
838.14,0.5750667461106229
838.32,0.5705647729591679
838.5,0.5602749784334073
838.67,0.5811020155931228
838.85,0.5704195017914822
839.03,0.555513928786804
839.2,0.5717397439170839
839.38,0.5849015249160954
839.56,0.5977554435907866
839.73,0.6055685360789852
839.91,0.5759943968182287
840.08,0.5806465746565268
840.26,0.6065180708758352
840.44,0.6070060863241735
840.61,0.5889258489434258
840.79,0.607317803416648
840.97,0.5989960579604409
841.14,0.5812512642534639
841.32,0.561297229713227
841.49,0.5597887478347165
841.67,0.5871176785757465
841.85,0.5990750708666434
842.02,0.5591718224877529
842.2,0.5856459465981518
842.37,0.5846694552835274
842.55,0.5988168926735602
842.73,0.5902042456269886
842.9,0.5660847814881028
843.08,0.55732880400375
843.25,0.5854555060260855
843.43,0.5652755231201554
843.61,0.5793071913065467
843.78,0.6139186791142659
843.96,0.5537408032614581
844.13,0.5869886431624363
844.31,0.5875026202901569
844.49,0.5719945532800066
844.66,0.591568892232616
844.84,0.6042373077619947
845.01,0.5987133517566602
845.19,0.5910006650912807
845.37,0.6122206894620011
845.54,0.5671509026141615
845.72,0.5686302367789483
845.89,0.5767169036630349
846.07,0.5713403404595013
846.24,0.5707873904931241
846.42,0.5961072712508081
846.59,0.5649415697499289
846.77,0.5857123465421538
846.95,0.5976025604058088
847.12,0.5825017151896614
847.3,0.6333222440913148
847.47,0.6085744425469917
847.65,0.5754300029307503
847.82,0.5826038376540524
848.0,0.5881450789558011
848.17,0.6063537636690036
848.35,0.6013065055545648
848.53,0.5794282884436238
848.7,0.5880163184404225
848.88,0.5795718441991176
849.05,0.5885880313720521
849.23,0.587813913158857
849.4,0.5419576585756661
849.58,0.5735821689022057
849.75,0.5837260929216685
849.93,0.5717507503772491
850.1,0.5946629184018126
850.28,0.5749370477076291
850.45,0.5888241321593665
850.63,0.5608293170810725
850.8,0.5571994465215541
850.98,0.573639842993821
851.16,0.5740096874487625
851.33,0.5787846391681216
851.51,0.585724574445414
851.68,0.600791552107595
851.86,0.5823086413843263
852.03,0.5867900781796532
852.21,0.5925621006881329
852.38,0.5561903030361025
852.56,0.5784019039396336
852.73,0.5793220014255538
852.91,0.6110182092972235
853.08,0.6007349111067102
853.26,0.5773395285913304
853.43,0.6010790694650968
853.61,0.5979351414875939
853.78,0.5927840450914049
853.96,0.6104263970684682
854.13,0.5846784347194173
854.31,0.5812317920309619
854.48,0.5887023934347729
854.66,0.6013883991463719
854.83,0.5757804645275874
855.0,0.5762694217386926
855.18,0.589555486902541
855.35,0.5910884523635236
855.53,0.5974938288476076
855.7,0.609529803789078
855.88,0.5960966513432658
856.05,0.5665287932922116
856.23,0.5464000682784623
856.4,0.5910884523635236
856.58,0.58220766049297
856.75,0.6011745871697579
856.93,0.6177656989087948
857.1,0.5828068920524291
857.28,0.6131609430675211
857.45,0.5987829695615314
857.62,0.6056780779530879
857.8,0.586008658008658
857.97,0.5477144218522686
858.15,0.5594973588050628
858.32,0.6140570413575516
858.5,0.6033041553101832
858.67,0.5426120549039428
858.85,0.5766731649849457
859.02,0.5785890779866182
859.19,0.5938004184791791
859.37,0.5907012381197406
859.54,0.5659866231469018
859.72,0.6156448972166636
859.89,0.6061267065909259
860.07,0.6214131755904283
860.24,0.5919793174070379
860.41,0.6265364698919959
860.59,0.550899247888415
860.76,0.5678144040637508
860.94,0.5959532474776539
861.11,0.5919830486007988
861.29,0.5610971719856983
861.46,0.5795843219277735
861.63,0.5877433483351439
861.81,0.5610998494653993
861.98,0.6262143618291536
862.16,0.576639731789229
862.33,0.5609035417031842
862.5,0.5864321091430265
862.68,0.6002260667524884
862.85,0.5908897033109424
863.03,0.6298139658180428
863.2,0.619724398694905
863.37,0.624592944866964
863.55,0.6014863806960542
863.72,0.6032369431555612
863.9,0.5821594603096928
864.07,0.5865285085134425
864.24,0.5742419158619753
864.42,0.5966221400779024
864.59,0.5997623346054526
864.77,0.5828651302760599
864.94,0.5791243884999193
865.11,0.5801830802980492
865.29,0.6015213241185686
865.46,0.5673421109969807
865.63,0.6245053736252575
865.81,0.5810033338695142
865.98,0.5986753226046243
866.16,0.5772191729315411
866.33,0.6210076487976247
866.5,0.550788464862141
866.68,0.5808204449413463
866.85,0.5621502163289445
867.02,0.5969945443602405
867.2,0.5942565425331828
867.37,0.6071468978567737
867.54,0.5801746811467958
867.72,0.6034029599845526
867.89,0.5650822711618595
868.06,0.5839015466489273
868.24,0.5576904318572484
868.41,0.5996334903575625
868.59,0.5718067033827555
868.76,0.6214813876987115
868.93,0.6042047756019634
869.11,0.5459002243359088
869.28,0.5978011124275172
869.45,0.5972192935318645
869.63,0.5971473696207891
869.8,0.5642981656511379
869.97,0.5916016044104782
870.15,0.5690055931652361
870.32,0.5755792090466723
870.49,0.5714662006317125
870.66,0.5688199245865704
870.84,0.6099378593414252
871.01,0.581972819106219
871.18,0.5934670807249306
871.36,0.6182666767298782
871.53,0.6234092179768529
871.7,0.5979956283054058
871.88,0.6168689858095091
872.05,0.6001264628298231
872.22,0.5638181181870069
872.4,0.5778947092855834
872.57,0.5757494447891637
872.74,0.5148520542716757
872.92,0.5580317536924136
873.09,0.569686859224687
873.26,0.596465505253682
873.43,0.597745471625215
873.61,0.5841569936625003
873.78,0.5825941692889641
873.95,0.5951362722208096
874.13,0.6040748133207787
874.3,0.6235814836639823
874.47,0.5655854708077118
874.64,0.6004419841739408
874.82,0.6145865454943946
874.99,0.5878219042084993
875.16,0.5651769498782747
875.34,0.58994325807609
875.51,0.618506175259753
875.68,0.6025797970669187
875.85,0.6054854231686664
876.03,0.5987869433952047
876.2,0.6126546393824339
876.37,0.5872430020215916
876.54,0.5678154025836694
876.72,0.5610749120402652
876.89,0.5714724606552165
877.06,0.5541010848004138
877.23,0.5975094358570938
877.41,0.6063700291861731
877.58,0.5520620453147784
877.75,0.6088086113778378
877.92,0.6181244800433378
878.1,0.6173088421374641
878.27,0.6178464770766114
878.44,0.5725277471517825
878.61,0.5904478841571384
878.79,0.5662054257506349
878.96,0.5973000517127193
879.13,0.6647717484926787
879.3,0.585144793171684
879.48,0.6267547433529264
879.65,0.6064037462838491
879.82,0.5876275991608957
879.99,0.6150334992537944
880.16,0.5880144864684782
880.34,0.60762232148985
880.51,0.6436743006621333
880.68,0.6126146582104455
880.85,0.6083823368383047
881.03,0.6192428388133995
881.2,0.587669925574002
881.37,0.633126483831355
881.54,0.6329298614371835
881.71,0.6262487917457739
881.89,0.6727512998405871
882.06,0.5955747124611295
882.23,0.634214100305169
882.4,0.6174261453071862
882.57,0.627811413668433
882.75,0.5892359448670347
882.92,0.5918444041746154
883.09,0.6294850593532542
883.26,0.6183453131588496
883.43,0.6217351436093117
883.61,0.6240572520892905
883.78,0.5692467253341831
883.95,0.5931947191535208
884.12,0.653360866366926
884.29,0.5821465411379452
884.47,0.622498127281131
884.64,0.5891541102453253
884.81,0.5635920701660679
884.98,0.6116401518049287
885.15,0.5947190706401116
885.32,0.6371132781592925
885.5,0.6152004768061803
885.67,0.5803413671841496
885.84,0.6180943044866033
886.01,0.6023824737864978
886.18,0.6047173758491311
886.35,0.5923148854237476
886.53,0.6022250146602999
886.7,0.6196215704182554
886.87,0.6351444185831907
887.04,0.6097214296467195
887.21,0.5727953204778665
887.38,0.652586125646226
887.55,0.6064499998239244
887.73,0.5967243350407041
887.9,0.5846259334181612
888.07,0.6471594256569091
888.24,0.6486787630245878
888.41,0.6348860243298057
888.58,0.6170549119972988
888.75,0.6235183283836946
888.93,0.6443895194423667
889.1,0.6031092917451532
889.27,0.6247983760355517
889.44,0.6405566540268951
889.61,0.6253105687805709
889.78,0.6312166281755196
889.95,0.5925622430230417
890.12,0.6587323606429031
890.3,0.6099284439970305
890.47,0.5800184397320685
890.64,0.6208027695512452
890.81,0.6363518185252741
890.98,0.610309411145166
891.15,0.61285668545329
891.32,0.6725232812901691
891.49,0.5831007946180101
891.66,0.6296185096920681
891.84,0.6029524342729173
892.01,0.6349010043151474
892.18,0.6175530787473056
892.35,0.5991278496623124
892.52,0.5595169384041322
892.69,0.5713376716152228
892.86,0.5535673319568709
893.03,0.5855528414030202
893.2,0.5555415542735632
893.37,0.6286707218069769
893.55,0.6049260665227516
893.72,0.5374376039933444
893.89,0.6318773745780132
894.06,0.6064917897265322
894.23,0.6359298819270375
894.4,0.5942559586389442
894.57,0.6710343042390327
894.74,0.6175848790167141
894.91,0.6236736806481795
895.08,0.5315959546419969
895.25,0.6217934314114009
895.42,0.5320899329560016
895.59,0.6167032476150797
895.76,0.5628513741999259
895.94,0.5769793775444373
896.11,0.6486855120903255
896.28,0.6624809626976126
896.45,0.5917483364635853
896.62,0.5987849300211298
896.79,0.5689813230591148
896.96,0.5856245738991247
897.13,0.6209495333003056
897.3,0.6265000022927051
897.47,0.6449369783133152
897.64,0.6458336060173733
897.81,0.6231929589917822
897.98,0.6207400692342901
898.15,0.5960399016238742
898.32,0.6133603327399879
898.49,0.6234180073020009
898.66,0.5591831385825052
898.83,0.6054961144273003
899.0,0.5871695871695872
899.17,0.5752501898611879
899.34,0.5958216398873905
899.51,0.5766910688140556
899.68,0.6557355081671788
899.85,0.6339321921147476
900.02,0.6114214657360703
900.19,0.5822238619951137
900.36,0.7135133321510226
900.53,0.6217931212544004
900.7,0.6767145497271293
900.87,0.6090691675042954
901.04,0.6295137915603224
901.21,0.6574131362973947
901.38,0.6338464737892344
901.55,0.5886372175655554
901.72,0.5326555131852007
901.89,0.5774142185054376
902.06,0.6113719807258036
902.23,0.6557353213975945
902.4,0.6167758591295454
902.57,0.5994256422614834
902.74,0.6078811654251334
