Wavelength [nm],#21-482-âˆ†28.csv
400.08,0.011440313624903503
400.29,0.037050089868746375
400.5,0.014493619521327232
400.71,0.03952266930113924
400.92,0.08089169717129684
401.13,0.08160834676137257
401.34,0.011741595161764833
401.54,0.03355566640782097
401.75,0.06538189002849892
401.96,0.01686505523585301
402.17,-0.012533633590772312
402.38,0.11261155997513989
402.59,0.03631496107922534
402.8,0.02512141759895734
403.01,0.023562914485589174
403.22,0.038923230505190635
403.43,0.042001973413459924
403.63,0.06124307799638583
403.84,0.025337608537926888
404.05,0.0633396207398022
404.26,0.08825868258964917
404.47,-0.0007199424046075779
404.68,0.036083198800492454
404.89,0.037250569464971246
405.1,0.03478638815739018
405.31,0.06032726702930186
405.52,0.0201324689306528
405.72,0.046694787235473205
405.93,0.07507953440068425
406.14,0.003122315694749378
406.35,0.013348128923391602
406.56,0.03895902116915911
406.77,0.035746706470537806
406.98,0.04465758343807027
407.19,0.06446221421331236
407.39,0.029471568687578775
407.6,0.019504777158240484
407.81,-0.0006801241804965789
408.02,0.0266098150049199
408.23,0.030931527792945335
408.44,0.005251173381662763
408.65,0.024709636801771535
408.86,0.028296609177208373
409.06,0.001731928029709599
409.27,0.030647595449938104
409.48,0.05352885629231901
409.69,0.031951891974035605
409.9,0.06726999267267426
410.11,0.027057062411624005
410.32,0.05716179164988244
410.52,0.02376309559102928
410.73,0.040378355137890835
410.94,0.03875473666756989
411.15,0.04965465669053874
411.36,0.027055833727723622
411.57,0.05098484938178063
411.78,0.02071993188851995
411.98,0.0499973108604006
412.19,0.06618350603611495
412.4,0.0027322295709167124
412.61,0.012171430534298743
412.82,0.006144188470254658
413.03,0.05974804688315543
413.23,0.04364878171418998
413.44,0.007529307379056099
413.65,0.05618652903570518
413.86,0.03350432894440208
414.07,0.028691434646870354
414.28,0.045501478290076634
414.48,0.06811433035589731
414.69,0.0058361503662462955
414.9,0.026556687186974265
415.11,-0.012830666877871018
415.32,-0.002627379310602537
415.53,0.0335629859048101
415.73,0.048659843022830634
415.94,0.02894972659607546
416.15,0.041659548134564975
416.36,0.04449712259226741
416.57,0.027904546500878792
416.78,0.04793460797809386
416.98,0.015699314865984613
417.19,0.026591650676986822
417.4,0.015305831282029862
417.61,-0.001595016043984872
417.82,0.03300699828343995
418.02,0.006681894998792916
418.23,0.06643646358423283
418.44,0.032434440007198334
418.65,0.05131947111428105
418.86,-0.000584625541375139
419.07,0.03434808769190452
419.27,-0.02321022600179756
419.48,0.06876521945714799
419.69,0.015968669463537834
419.9,0.045880306027599724
420.11,0.04430471113140344
420.31,0.05684233394282821
420.52,0.03580721781664316
420.73,0.002512755801832486
420.94,0.018786071999972273
421.15,0.029587311576318387
421.35,0.04020102213490686
421.56,-0.0022670033311727117
421.77,0.006946929738010144
421.98,0.0094550745914765
422.19,0.03352833026909581
422.39,0.03403845314551031
422.6,0.05024174604902339
422.81,0.03489544417870908
423.02,0.0513443397072702
423.22,0.01738515135407818
423.43,0.01394855365668463
423.64,0.027922336847055973
423.85,0.039867656021747785
424.06,0.01855336534671455
424.26,0.02688310245791089
424.47,0.04971355151812587
424.68,0.0196585449117672
424.89,-0.018553376311366387
425.09,0.0040264195315360025
425.3,0.05939468652344077
425.51,0.023487228135583137
425.72,0.029533490592272973
425.93,0.020490451920449976
426.13,0.031516774748227
426.34,0.030198941792272407
426.55,0.02832275452671479
426.76,0.025955059383325818
426.96,0.02496314528439423
427.17,-0.00045487317702608585
427.38,0.02910987065504468
427.59,0.015713887894339054
427.79,0.011479806881753424
428.0,0.022751936186987003
428.21,0.04417389030373453
428.42,0.03261734773233955
428.62,0.029165983470979318
428.83,0.012963214129632174
429.04,0.03691637145867665
429.25,0.013649418447819014
429.45,0.0223923455805177
429.66,0.02043366348180299
429.87,0.032754526805472584
430.08,0.00598429734207307
430.28,0.021060411912608202
430.49,0.0027737138159691496
430.7,0.025473052253385423
430.91,0.021164796078490013
431.11,0.015767543118933674
431.32,0.015875809114878948
431.53,0.03579436235090622
431.74,0.01348638449940443
431.94,0.017801847026886957
432.15,0.020967783295865454
432.36,0.023931718801573864
432.56,0.05083953042420844
432.77,0.030044582283388282
432.98,0.03088295439885156
433.19,0.005093561274211435
433.39,0.024829931007472564
433.6,0.034918887739361235
433.81,0.002610980186313082
434.02,0.021441862534447548
434.22,0.023530392639389837
434.43,0.005598639290749201
434.64,0.025025751915592913
434.84,0.020133237372898585
435.05,0.0284313601617285
435.26,0.03512558921931604
435.47,0.008563993630043024
435.67,0.013657387090511137
435.88,0.03540053076342935
436.09,0.0226172288013567
436.29,0.026504985018921536
436.5,0.025713637537060678
436.71,0.01663954228606591
436.92,0.015708965451340456
437.12,0.025995123886716487
437.33,0.0437994181948663
437.54,0.013883772502274955
437.74,0.031070800919269035
437.95,0.02288032093644823
438.16,0.01824759092136359
438.36,0.005080835928383968
438.57,0.010564374894073808
438.78,0.010039203551527369
438.99,0.0015990094055269653
439.19,0.031469757127016516
439.4,0.023894853919352168
439.61,0.03164598821757079
439.81,0.028182842164423648
440.02,0.017729418019143246
440.23,0.026409124304328156
440.43,0.004913754965211019
440.64,0.04153023668652557
440.85,0.025707960453729303
441.05,0.03933559030004431
441.26,0.003533306231488497
441.47,0.006973975165844557
441.67,0.019134551746414697
441.88,0.02452784753517495
442.09,0.004115320475721006
442.29,0.006030816026899343
442.5,0.029663648346469475
442.71,0.03423961392118342
442.91,0.017961255241737306
443.12,0.0175146490534017
443.33,0.022897297865579053
443.53,0.013500517588276379
443.74,0.0028059640845627073
443.95,0.02229024537180262
444.15,0.0015250027192552369
444.36,0.03502153850272273
444.57,0.02853595494204095
444.77,0.018922483180399907
444.98,0.022557629355800246
445.19,0.040844091473627865
445.39,0.01923117548887749
445.6,0.03692597766949492
445.81,0.010991692549409127
446.01,0.0207705992781073
446.22,0.023843761495502148
446.43,0.006227417322531465
446.63,0.03820181905176354
446.84,0.02311318002346979
447.05,0.0484463840114855
447.25,0.04128574681979376
447.46,0.006469823418938315
447.67,0.005491981240977901
447.87,0.0038508383439896975
448.08,0.01716965750797921
448.28,0.03532827004219412
448.49,0.021051498516092348
448.7,0.02145257959601016
448.9,0.01608732055062841
449.11,0.006781802058146161
449.32,0.019044944676275148
449.52,0.0027189426965874555
449.73,0.013540013073116093
449.93,0.01888550758563803
450.14,0.013242089753971127
450.35,0.02086040745602294
450.55,0.024700165058272498
450.76,0.010630683870120514
450.97,0.025019823318848014
451.17,0.008736175322856317
451.38,0.012294060582593082
451.58,0.006753851855773835
451.79,0.019703795391413256
452.0,0.02745761487076709
452.2,0.01847736944214431
452.41,0.014437763019785976
452.62,0.015560277994543636
452.82,0.011258483380581686
453.03,0.035284626761510264
453.23,0.023606789222724266
453.44,0.03094127430727959
453.65,0.009163553113186612
453.85,0.019811110374464362
454.06,0.023568393195296872
454.26,0.011388901674414717
454.47,0.02058504062417342
454.68,0.022266772505779648
454.88,0.0058512580480027205
455.09,0.03066636193690924
455.29,0.005649520149825839
455.5,0.012876397561377264
455.71,0.020866326284983104
455.91,0.027740957611695077
456.12,0.0201298964808914
456.32,0.019946293144998694
456.53,0.011147042635332484
456.73,0.03669950147488813
456.94,0.013173830941107545
457.15,0.03457735307807026
457.35,0.023449458384466437
457.56,0.0267874024887255
457.76,0.01090756256452897
457.97,0.021674838866013277
458.18,0.025797068941108572
458.38,0.020515366505981666
458.59,0.024145413625718332
458.79,0.0037106182279431008
459.0,0.026737320988989455
459.2,0.040161859634064115
459.41,0.026194747211953806
459.62,0.03428470427233163
459.82,0.05646009754505118
460.03,0.0697119430718851
460.23,0.11843052971105622
460.44,0.17543984194952014
460.64,0.2031470020796272
460.85,0.2829834135548162
461.06,0.35758699849491465
461.26,0.4548307569186201
461.47,0.4935342068948588
461.67,0.5783750877520176
461.88,0.6708643265963008
462.08,0.7162220876687565
462.29,0.7584763289288095
462.49,0.8232098065708883
462.7,0.8076804894419448
462.91,0.853309175732882
463.11,0.8691735879287523
463.32,0.8861881045469647
463.52,0.9255094711185363
463.73,0.9539366854296955
463.93,0.9223127567641453
464.14,0.9520028364202526
464.34,0.9391532606854328
464.55,0.9411632090620068
464.75,0.9484018714672628
464.96,0.9796212990486848
465.16,0.9359992812693457
465.37,0.9433993819305581
465.58,0.9322026117631195
465.78,0.9350666912533039
465.99,0.9699823498875237
466.19,0.9286670319077374
466.4,0.9494012723755667
466.6,0.934591963337128
466.81,0.973554071034566
467.01,0.9803428153114745
467.22,0.9793378249110516
467.42,0.9471607567720585
467.63,0.9357808274464874
467.83,0.9324768970948215
468.04,0.9926048390421937
468.24,0.956706292002923
468.45,0.931174103881564
468.65,0.928509046004614
468.86,0.9456457843196526
469.06,0.9420983400879485
469.27,0.9420026084363333
469.47,0.9818406542385255
469.68,0.9665354403247698
469.88,0.9776104095487979
470.09,0.966683005576402
470.29,0.9527870890189452
470.5,0.9388596911668557
470.7,0.9283955989673686
470.91,0.9545375933701735
471.11,0.9794937687754677
471.32,0.9349562068299034
471.52,0.940424991524434
471.73,0.9129751346347561
471.93,0.9446091084392142
472.14,0.9293966296433899
472.34,0.9451205243516305
472.55,0.9659175892211311
472.75,0.9496300861125245
472.96,0.9632882750416422
473.16,0.9687640793521928
473.37,0.976558626481669
473.57,0.9689759513138191
473.78,0.933245705706897
473.98,0.9506515014438026
474.19,0.938732782369146
474.39,0.983297197795197
474.6,0.9565152473924079
474.8,0.9525876379900355
475.01,0.9695041994700003
475.21,0.9672399331766728
475.42,0.9453385000695972
475.62,0.9463918931421865
475.83,0.9652839541478992
476.03,0.9306473743295497
476.24,0.9613128692824613
476.44,0.9412442492428884
476.64,0.9681618428612128
476.85,0.9427150282731817
477.05,0.9468468021591007
477.26,0.9621123848222094
477.46,0.9554993637727597
477.67,0.9719331392859428
477.87,0.9635779382018245
478.08,0.9512660179049932
478.28,0.9608603072026024
478.49,0.9747082313515825
478.69,0.9856986034296497
478.9,0.9457369754354141
479.1,0.9672128922009923
479.3,0.9552569674863344
479.51,0.9727518578085061
479.71,0.9421138121448098
479.92,0.9653767871845131
480.12,0.9479414062403327
480.33,0.9605275434988093
480.53,0.9426344300594179
480.74,0.9620438796701828
480.94,0.9514311245036244
481.14,0.9643659921779384
481.35,0.9633697293576406
481.55,0.9633970294086807
481.76,0.9748859378360207
481.96,0.9735728884452683
482.17,0.9722309518083305
482.37,0.924780594623966
482.57,0.948523693385321
482.78,0.9512760508149488
482.98,0.9617310751531721
483.19,0.936011071980374
483.39,0.9598497099454465
483.6,0.9372923717141863
483.8,0.9646343132070309
484.0,0.9471022244203772
484.21,0.9577812974356881
484.41,0.9571641563225441
484.62,0.9661761286202708
484.82,0.9456782300482294
485.02,0.9775859079619472
485.23,0.9408111306392714
485.43,0.9656147329287704
485.64,0.9407645538930022
485.84,0.9652608318656197
486.05,0.970585225647155
486.25,0.9606680416506126
486.45,0.9623400742167603
486.66,0.948684302926335
486.86,0.9369040955297472
487.07,0.9229560009043408
487.27,0.9702530629714836
487.47,0.9432857692402568
487.68,0.9561344842953109
487.88,0.9603703989688701
488.09,0.9916800152360741
488.29,0.9816240317763636
488.49,0.9617750436462843
488.7,0.9619390855862052
488.9,0.9270966889877896
489.1,0.9436417152288623
489.31,0.9474937662917433
489.51,0.934468870985079
489.72,0.9724209681532389
489.92,0.9503611550194251
490.12,0.9630968372982226
490.33,0.9609501298078148
490.53,0.9691956092662488
490.74,0.9481485316693687
490.94,0.9482154006976754
491.14,0.9543219314872374
491.35,0.939710244933291
491.55,0.9603757276662722
491.75,0.9478419279966834
491.96,0.9827249560295424
492.16,0.9631287846017472
492.36,0.9771746289888902
492.57,0.9577307944238708
492.77,0.9612976705753443
492.98,0.9481055304043718
493.18,0.9557600077142828
493.38,0.9608291195247756
493.59,0.9623041736012484
493.79,0.9664531293448549
493.99,0.9500039005485184
494.2,0.9513297112808071
494.4,0.9609341378371494
494.6,0.9713423716225754
494.81,0.9760622236554144
495.01,0.9528933459187102
495.22,0.9510492894637262
495.42,0.9434609390528811
495.62,0.948916047048294
495.83,0.9594108765567323
496.03,0.9527394560279671
496.23,0.9427493298562781
496.44,0.949126630415141
496.64,0.9570746530458467
496.84,0.9491724388150374
497.05,0.9742799621073017
497.25,0.9718594841242839
497.45,0.9437512018795305
497.66,0.9606586320934049
497.86,0.9575750993480762
498.06,0.96047350992817
498.27,0.9383096968153811
498.47,0.9558537824504516
498.67,0.9242707793626432
498.88,0.9444653904770371
499.08,0.9526526052348394
499.28,0.9727804797347599
499.49,0.9472345945036635
499.69,0.9440939447311286
499.89,0.9246751942950997
500.1,0.9303015658065974
500.3,0.894871146126853
500.5,0.8371893140574967
500.7,0.7982871894774551
500.91,0.7625607861310215
501.11,0.6940169290240561
501.31,0.6145746938854288
501.52,0.5311623076065878
501.72,0.4591031382931733
501.92,0.38401352314739723
502.13,0.326582774497493
502.33,0.2550907125920563
502.53,0.18929304863685334
502.74,0.1471567787449899
502.94,0.11586207998551239
503.14,0.07530236863031378
503.34,0.06574553017650694
503.55,0.050332827036758176
503.75,0.03292464497977477
503.95,0.026914363295619043
504.16,0.01704422528761045
504.36,0.011381760904238257
504.56,0.0184141210436037
504.76,0.013127664998329557
504.97,0.010169783631896509
505.17,0.010628792605586718
505.37,0.006734499937706273
505.58,0.005627113116101713
505.78,0.006033297342375194
505.98,0.01016684925236735
506.18,0.007357792117305086
506.39,0.00832511747608866
506.59,0.007549797427736026
506.79,0.008340433775200268
507.0,0.007214441184582106
507.2,0.004863421262240553
507.4,0.007321162606147654
507.6,6.562564028833748e-05
507.81,0.011962587987648767
508.01,0.0031121546402589416
508.21,0.004085581284018466
508.41,0.0019631390510469883
508.62,0.008775749019653228
508.82,0.0026799669868467295
509.02,0.0061547851550345775
509.23,0.004231441316259255
509.43,0.006226489207627563
509.63,0.0052502728227322385
509.83,0.010602111479877864
510.04,0.007382453813959049
510.24,0.00764418856152041
510.44,0.006568387023499476
510.64,0.005749088116814542
510.85,0.0031197332090221303
511.05,0.005708903462137844
511.25,0.002838430127969503
511.45,0.0019255243739413378
511.66,0.0028061561490266887
511.86,0.004259375036863158
512.06,0.008210745784587897
512.26,0.007693091573056456
512.46,-0.0017842173851371462
512.67,0.001242050850967583
512.87,0.002801031064743757
513.07,0.006695153636383162
513.27,0.007869275746705848
513.48,0.0009485495230079254
513.68,0.003974406439728624
513.88,0.002489776186921344
514.08,0.007500969776985326
514.29,0.004093456138529054
514.49,0.0051064752975222005
514.69,0.00353834895228661
514.89,0.005684278592155152
515.09,0.0021694028000795096
515.3,0.008831565532596465
515.5,0.001452150744995686
515.7,0.00818239811113874
515.9,0.00737996344166178
516.11,0.002883629953159248
516.31,0.007081686502510309
516.51,0.006177271988838562
516.71,0.006782590720064747
516.91,0.0029474625523214725
517.12,0.002682339625331218
517.32,0.007740133952728313
517.52,0.003462611452122566
517.72,0.003019895657721849
517.92,0.0024526799978796068
518.13,0.0033993577511584275
518.33,0.005590542424120475
518.53,0.0047093430223999625
518.73,0.007571958531877388
518.93,0.002762467194379051
519.14,0.006983747266972487
519.34,0.005828441682143688
519.54,0.002296007204024825
519.74,0.004490382520131151
519.94,0.0006386041901000022
520.15,0.0030984154251321575
520.35,0.0022480272138790496
520.55,0.006233914592224827
520.75,0.00424307429753246
520.95,0.006017707000746287
521.16,0.004897810524796233
521.36,0.00040044235393709983
521.56,0.006152527257324998
521.76,0.0024142680043763454
521.96,0.003099375214332535
522.16,0.006549584037952537
522.37,0.003819326677775652
522.57,0.0035558810631145564
522.77,0.0034216294970232956
522.97,0.006472013865359023
523.17,0.008189526441019236
523.37,0.007299339271345901
523.58,0.0020533913747965145
523.78,0.005025848869889719
523.98,0.005228412740734993
524.18,-0.001493989285065942
524.38,0.005638537030359993
524.58,0.0024477199999529855
524.79,0.00641309652548649
524.99,0.0015998307511887425
525.19,0.001696876539902642
525.39,0.0027434220441574374
525.59,0.0060037226896023635
525.79,0.004520777578448965
526.0,0.0015706591653994332
526.2,0.0014518795928534225
526.4,0.0026365672460293603
526.6,0.002735760888084937
526.8,0.0031251098131606847
527.0,0.0002635557623762874
527.2,0.0043107362274640414
527.41,0.005358180074718949
527.61,0.004140042201720512
527.81,0.003548510483646157
528.01,0.0022666542932009573
528.21,0.0053776159327268225
528.41,0.0030900458132387364
528.61,0.00359192213191484
528.82,0.003502272966231606
529.02,0.004802890016820187
529.22,0.0017807745572078243
529.42,0.0026684091781819814
529.62,0.005996910898373065
529.82,0.0035769517451718883
530.02,0.0037438736354376036
530.22,0.002798974736200724
530.43,0.0026015306315604753
530.63,0.0019707953838483862
530.83,0.009575355654676746
531.03,0.0038409071192969354
531.23,0.003713982642760451
531.43,0.0046278124443542455
531.63,0.002636851344453101
531.83,0.003993322101276357
532.03,0.0027591726612397655
532.24,0.0028560506241667952
532.44,0.007316496614654906
532.64,-0.0016828854409943366
532.84,0.005236451305724157
533.04,0.0034428587283734393
533.24,0.0028331251191056005
533.44,0.006665395020700072
533.64,0.005081227641847573
533.84,0.002847142237562086
534.04,0.0009016283292769672
534.25,0.00037508604629378484
534.45,0.0060627034640929915
534.65,0.004427152433589838
534.85,0.0023906901237747613
535.05,0.006088888699272355
535.25,0.00187349492628876
535.45,0.0020043709729610985
535.65,0.005395411650566828
535.85,0.0030484834035787657
536.05,0.005310081664754815
536.25,0.004498369164969035
536.46,0.0017662617392374374
536.66,0.004479864135703425
536.86,0.0062943542875375695
537.06,0.005841122847187698
537.26,0.0026090194681251343
537.46,0.0023170873253498866
537.66,0.003951630554977059
537.86,0.0028343385176166948
538.06,0.005498785455906539
538.26,0.004179736676208492
538.46,0.0025403210264999324
538.66,0.0020969558306645256
538.86,0.003347122503765469
539.07,0.002718243556311715
539.27,0.004035468111589201
539.47,0.0030241977852097477
539.67,0.002976467704136698
539.87,0.005050951574475418
540.07,0.001542696808883913
540.27,0.004277113951779666
540.47,0.004957210056548038
540.67,0.0030635725164838822
540.87,0.003715183481525854
541.07,-0.00016623517231155251
541.27,0.00047797709939809146
541.47,0.00273605475664337
541.67,0.002625253292757616
541.87,0.0032601847579146405
542.07,0.0006929638553288732
542.27,0.004503616205084471
542.47,0.00494981791152857
542.67,0.00387889759580273
542.87,0.004895587453441903
543.08,0.00344431950556254
543.28,0.004855198626824929
543.48,0.007333238407138454
543.68,0.00683259805620427
543.88,0.002254085128060664
544.08,0.004859868847744746
544.28,0.0011171126226818804
544.48,0.005351930123955299
544.68,0.00047447728292092145
544.88,0.003259138650167963
545.08,0.004562152028200572
545.28,0.0033834672243773655
545.48,0.005456812091401702
545.68,0.005291887319120309
545.88,0.00015633893210189128
546.08,0.0020741712607152464
546.28,0.0023712648403334466
546.48,0.00036541223612219647
546.68,0.002793068150635153
546.88,0.002701522062175834
547.08,0.003470085266380079
547.28,0.005634794791501225
547.48,0.0013135247586346203
547.68,0.008410210068272483
547.88,0.0025179740901430906
548.08,0.004043018166930724
548.28,0.00258695464520543
548.48,0.006531521115552776
548.68,0.0020462699707897176
548.88,0.003607107918510908
549.08,0.0047413358348421305
549.28,0.004915264103657708
549.48,0.003502833323482991
549.68,0.003498074273458812
549.88,0.002759583261303177
550.08,0.0022308989786601415
550.28,-0.0005775704987360672
550.48,0.004961212916371405
550.68,0.0022045573655816524
550.88,0.0044275580331847525
551.08,0.005793054120220997
551.28,0.0033741694934260364
551.48,0.0010987098934089148
551.68,0.0032658451722864953
551.88,0.0013915875282544332
552.08,0.003184877415493224
552.28,0.0031532378291757365
552.48,0.002372155367633189
552.68,0.0012796942021769237
552.88,0.003606092288316243
553.08,0.004446097981350267
553.28,0.0026960636152311697
553.48,-0.0003580162614562427
553.68,0.00294566321337432
553.88,0.0023492018843254085
554.08,0.005676273867239022
554.28,0.0016145337315924988
554.47,0.005871732985943975
554.67,0.006714723350625601
554.87,0.005449024334393109
555.07,0.007468670039953949
555.27,0.004954399304361898
555.47,0.0002495058005558898
555.67,0.0061231813877211235
555.87,0.0002522564467678352
556.07,0.00514200713086557
556.27,0.003692364391462736
556.47,0.0039310617836471546
556.67,0.005051449266046794
556.87,0.003537516016276343
557.07,0.0027874083744887025
557.27,0.0013684049367811576
557.47,0.004340676369066683
557.67,0.0023822676047750542
557.87,0.003434188872637546
558.07,0.002184149928774542
558.26,0.0004525771593082563
558.46,0.0033865857719723217
558.66,0.0054836040492412695
558.86,0.005916061442601834
559.06,0.003068765932966795
559.26,0.0032734832625172607
559.46,0.0023458388414108722
559.66,0.004882534729406125
559.86,0.0027826085689186633
560.06,0.003884227855815432
560.26,-0.0021820138620770326
560.46,0.0016630088220457118
560.66,0.005359509740943466
560.86,0.002736049176516197
561.05,0.004601807738545799
561.25,0.004419513063534392
561.45,0.002247241131095785
561.65,0.00014495563258957423
561.85,0.004163244898023952
562.05,0.005991656069334779
562.25,0.004383789163959676
562.45,0.004313275501772962
562.65,0.0035951822642875646
562.85,0.005070321521953975
563.05,0.003516364234143291
563.24,0.00434735218013327
563.44,0.004551775699880881
563.64,0.004302602745334698
563.84,0.0034013834824729227
564.04,0.003128827664143653
564.24,0.0036936613042095343
564.44,0.0027037351337936485
564.64,0.004817778805346396
564.84,0.0018245938191218181
565.03,0.0011316781520111013
565.23,0.004346088256913828
565.43,0.004173472522135456
565.63,0.0023929293387628912
565.83,0.003961914213852649
566.03,0.0012109780909718077
566.23,0.005513975657583485
566.43,0.0013148466018149485
566.63,0.0034859538437227947
566.82,0.000929967085593355
567.02,0.0008168599901976839
567.22,0.00369521516283317
567.42,0.004213096893731339
567.62,0.0055881286214975396
567.82,0.0007228020917760333
568.02,0.0041037094655723945
568.22,0.0034118521814436938
568.41,0.005405250043200644
568.61,0.0003378164316012782
568.81,0.006631292804237342
569.01,4.590369125247728e-05
569.21,0.004864679975650075
569.41,0.0032539072239537964
569.61,0.003538328871597996
569.8,0.003450349916076829
570.0,0.006374014138797533
570.2,0.00390066360858708
570.4,0.003345917913806393
570.6,0.00540788483004317
570.8,0.005584897112681254
571.0,0.0037410736304155094
571.19,0.0042911353346322175
571.39,0.002696528921678018
571.59,0.0046618280524076
571.79,0.005521051145660448
571.99,0.0031554651208721106
572.19,0.002927821981787437
572.38,0.0008174906196856639
572.58,0.0033835379777347385
572.78,0.004654218345184468
572.98,0.007602716834258685
573.18,0.001497195152304191
573.38,-0.0005317424650501243
573.57,0.0038604792401879667
573.77,0.0034909139487473684
573.97,0.004086336711791614
574.17,0.003488242877210345
574.37,0.003415465919635244
574.57,-0.0006246156376912654
574.76,0.0035398729288583105
574.96,0.0001399103274004322
575.16,0.005844121423942469
575.36,-0.0036984769291488356
575.56,0.004756632844873178
575.75,0.0037351625747126162
575.95,0.004045082092177993
576.15,0.0013661800647738504
576.35,0.001874852147143859
576.55,0.003661320807359755
576.74,-0.0003339282316406664
576.94,0.0007086785312031843
577.14,0.004815280407461063
577.34,0.002120032457164115
577.54,0.0019538324263399034
577.74,0.003934848546385926
577.93,0.0013864683037079018
578.13,-0.00014355426165314016
578.33,0.002106518269586459
578.53,0.0008896114800087477
578.72,0.002083858022786676
578.92,-0.0008835645977779765
579.12,-0.00033763447299594977
579.32,0.0033595036887766176
579.52,0.00023518722717682928
579.71,0.001852202266099159
579.91,0.002999981826604552
580.11,0.0026139491168124165
580.31,0.0035428851675991845
580.51,0.0057918113433281
580.7,0.002529870103082155
580.9,0.005789084109236826
581.1,0.0029400072517266574
581.3,0.0037568487252974308
581.49,0.0025783750733893297
581.69,0.004248420284159766
581.89,0.0010729321327528972
582.09,0.005316704422188126
582.29,0.0029710935587139945
582.48,0.004585097192151134
582.68,-0.00014427227198955165
582.88,0.0023154931782637072
583.08,-0.0003353562964084705
583.27,0.004127079187643402
583.47,0.0012630687139734559
583.67,-0.00023669993821558854
583.87,0.003145061172369298
584.06,0.004557505916302211
584.26,0.00138170265745074
584.46,0.004167690638219982
584.66,0.0025670510576606695
584.85,0.0047918224564310555
585.05,0.00285218375053241
585.25,0.003794958247364091
585.45,0.0014662621633111312
585.64,0.004332874144419316
585.84,0.005691692485415275
586.04,0.005305947995266926
586.24,0.0035093724196410348
586.43,0.002221292475622808
586.63,0.0019157997428768541
586.83,0.003135045496063256
587.03,0.003212161902613476
587.22,0.003301653840294511
587.42,0.0037903378221542943
587.62,0.0023855108095879986
587.82,0.0036064051373822896
588.01,0.0028259962295585695
588.21,0.003989230058664356
588.41,0.002752398059984342
588.6,-4.990123289991309e-05
588.8,0.0017469403029504106
589.0,0.0026533059387456787
589.2,0.001998722880036114
589.39,0.0020767323860880573
589.59,0.004855101894707844
589.79,0.002287356998159157
589.98,-0.0003299318847047779
590.18,0.003534197097391782
590.38,0.0008707191981843573
590.58,0.004333287055843222
590.77,0.005014899632847951
590.97,0.004319902145973841
591.17,0.0027309736005885314
591.36,0.00199445268830103
591.56,0.0026373302687211332
591.76,0.0006038576399739696
591.96,0.0021681479298257776
592.15,0.0039484345879793326
592.35,0.005314702928113898
592.55,0.0025510792063828795
592.74,0.0019181333539156618
592.94,0.0022002611988236986
593.14,0.002177602234670435
593.33,0.006185780520711007
593.53,0.004727331902768783
593.73,0.004400996585450937
593.92,0.0017010887299144853
594.12,0.003112018276794715
594.32,0.00077728544198827
594.51,0.004011566323290756
594.71,0.004927101111141682
594.91,0.0020848246988484608
595.11,0.003188983282379931
595.3,0.002282024403538936
595.5,0.0013186259936812186
595.7,0.0040576226058431815
595.89,-0.0004247399016317195
596.09,0.005153176767563695
596.29,-0.0017012189261678876
596.48,0.004405898167898209
596.68,0.0020043202520292564
596.88,0.00023062196427474794
597.07,0.005656553556905888
597.27,0.0035902502298666558
597.47,0.002232490347259173
597.66,0.0024694523144697727
597.86,0.002081541653657729
598.06,0.0015380052552151648
598.25,0.003312754457403343
598.45,0.005798077857231809
598.64,0.0022811734949301516
598.84,0.004208945632648716
599.04,0.002172563108380104
599.23,0.0043585684660527434
599.43,0.004141684955228065
599.63,0.00503502037382774
599.82,0.002254690920419655
600.02,0.002938909053042458
600.22,0.00394733366921498
600.41,0.00454809794999759
600.61,0.001165483534477575
600.81,0.004077507941130591
601.0,0.002540228038436378
601.2,0.006232889025105433
601.39,0.000135490806335938
601.59,0.003549178943330285
601.79,0.005479465675040147
601.98,0.006200979660155849
602.18,0.001048896192168048
602.38,-0.00014389205319739623
602.57,0.0032681915575860955
602.77,0.00573270019352254
602.96,0.0023041560499253043
603.16,0.0030123205813875533
603.36,0.0024763828321622233
603.55,0.0015328525552508188
603.75,-0.0011445493915946071
603.95,0.0035455808536644833
604.14,0.004946321485745236
604.34,0.004979871136412292
604.53,0.006940220032198708
604.73,0.004271852364993895
604.93,0.0033884257472232425
605.12,0.003054648498757627
605.32,0.0010694312027764335
605.51,0.0013419818834113663
605.71,0.0006932903050510758
605.91,0.0028834400108363857
606.1,-0.0008671612988760258
606.3,0.0038841588363379923
606.49,0.003439787213316672
606.69,0.002953951151000345
606.89,0.004486587052283276
607.08,0.0016084022376560876
607.28,0.0020936874601116475
607.47,-0.0008798930974728198
607.67,0.0003124843150683858
607.87,0.003800002966434794
608.06,0.0031576368797641974
608.26,0.0026696227044030727
608.45,0.0034369476658153244
608.65,0.003571580853358178
608.84,0.003589118100073369
609.04,0.0009497302028886058
609.24,0.0031534261250529684
609.43,0.0017423178524653045
609.63,0.0020899588766559157
609.82,0.0012915578730613424
610.02,0.00030638879372668496
610.21,0.0037182166794155315
610.41,0.001099806399813731
610.61,0.0028887777369225
610.8,0.001441623080577572
611.0,0.00495776003607711
611.19,0.0002164991240766914
611.39,0.0023160496671327754
611.58,0.0022967584152835123
611.78,0.0024241158420747443
611.98,0.0027400898413729485
612.17,0.0029308092781767975
612.37,0.0030948228487748634
612.56,0.0034031401434386544
612.76,0.0010224388292065505
612.95,0.0034913381532657075
613.15,0.002798164810574444
613.34,0.001331032935405758
613.54,0.00258768608444392
613.73,0.0050320571839898255
613.93,-0.00046935697483702717
614.13,0.0024123103105769556
614.32,0.0008750468560387133
614.52,0.0037366155988815875
614.71,-0.0003002838462901749
614.91,0.0036101259645628576
615.1,0.003066491046868411
615.3,0.002928369986086961
615.49,0.002533890145048837
615.69,0.0032373725067010163
615.88,0.0021107341008603634
616.08,0.0010554100954678891
616.27,-0.0006998561619958886
616.47,0.002289751107622503
616.66,0.0014611135327631504
616.86,0.0032246189025079697
617.06,0.003680639680469391
617.25,0.0048606644413166375
617.45,0.001835813557513982
617.64,0.0038186723293014485
617.84,0.0013618803764012543
618.03,0.005046640371261742
618.23,0.002823549516714279
618.42,0.0030401452685714617
618.62,0.0028877197965916095
618.81,0.0026510429285698583
619.01,0.0029513500265036445
619.2,0.0035889639877087296
619.4,0.002497340071916086
619.59,0.0045108983339494655
619.79,0.0018051391708265039
619.98,0.0011047898318034951
620.18,0.0028683382981192795
620.37,0.0038262181983929264
620.57,0.0024090646460280456
620.76,0.0018481947778956293
620.96,0.0007032703714730874
621.15,0.004044164982723391
621.35,0.0045623517960506595
621.54,0.0009547838443028718
621.74,0.0010957139007619706
621.93,0.0012895403317905454
622.13,0.003443175067936186
622.32,0.0033837482041412827
622.51,0.007179329122917679
622.71,0.004681175258561956
622.9,0.003224348640874494
623.1,0.001621187267345554
623.29,0.003769331578029282
623.49,-0.00012858241966699546
623.68,0.004195282303240187
623.88,0.003213038416763682
624.07,-0.0007006610919142614
624.27,0.002275149156776757
624.46,0.0020376603238511123
624.66,0.0028739260264696326
624.85,0.0028567774608217883
625.05,0.0007982844615278767
625.24,0.0009566151482363547
625.43,0.003685728863938509
625.63,0.0027954485711066913
625.82,0.004770793202224363
626.02,0.002635014765298765
626.21,0.004754481990419566
626.41,0.0012975435367941566
626.6,0.005028653255910793
626.8,-0.0002948886862844263
626.99,0.0002913451177653228
627.19,0.0030088115832272214
627.38,0.0030732093077110337
627.57,0.0016685608670228228
627.77,0.0032846375704185483
627.96,0.0028402821296041676
628.16,-4.5277927934168076e-05
628.35,-0.00013049214575450377
628.55,0.001762713544336539
628.74,0.004202637213675671
628.93,0.006831621435163485
629.13,0.0027883133623130153
629.32,0.0027185506200712905
629.52,0.003751894963084896
629.71,0.0015267415525487377
629.91,0.0021847824242414928
630.1,0.002669525589597709
630.29,0.0035215422545945814
630.49,0.001871053711372493
630.68,0.0031751459881330557
630.88,0.006382615411860384
631.07,0.005334689827342138
631.27,0.0033032514557316465
631.46,0.003196574346757856
631.65,0.0009113755383799966
631.85,0.004642618330550056
632.04,0.003257094597090752
632.24,0.0015929687260065905
632.43,0.006166825682274542
632.62,0.0023422680159422703
632.82,0.004836845464653644
633.01,0.005497547518316457
633.21,0.0004786943258199445
633.4,0.0031021305952624043
633.59,0.0035681133525328375
633.79,0.0024795379381835404
633.98,0.005868143181550427
634.18,0.00401318022230117
634.37,0.0020801420553716314
634.56,0.001640068387817569
634.76,0.000656610442224133
634.95,0.003900139027037876
635.14,0.002184838703150661
635.34,0.00456974781596458
635.53,0.003936729572901492
635.73,0.0031951821798199705
635.92,0.002377411777476329
636.11,0.0029862433828473168
636.31,0.0032764063519433724
636.5,0.0031400268562889254
636.7,0.0024478764503515753
636.89,0.0010253633544975995
637.08,0.0045689365320465795
637.28,0.0015395221680732235
637.47,0.004499340539247458
637.66,0.0021962114625903193
637.86,0.00489100769474987
638.05,0.0023478904241230063
638.24,0.001455251570378213
638.44,0.001457440601895281
638.63,0.002704353303279291
638.83,0.0033796004758757815
639.02,0.002853893008206781
639.21,0.001657285066909459
639.41,0.005074025700769203
639.6,0.0006729333381284324
639.79,0.004625183638441166
639.99,0.003609467046878339
640.18,0.0007658314930071978
640.37,4.2879499115082e-05
640.57,0.0033205552489761468
640.76,0.003222467931362515
640.95,0.00040697535458096465
641.15,0.0015301469696306464
641.34,0.0053352230077266406
641.53,0.0017701962782383624
641.73,0.0038941305719428043
641.92,0.0032383545178838583
642.11,0.0043585684660527434
642.31,0.002579505979793493
642.5,0.0035325581633472106
642.69,0.0006860330346210554
642.89,0.00240113312340141
643.08,0.002836402563622922
643.27,4.293028351356217e-05
643.47,0.003348194555913438
643.66,0.0018558792827324997
643.85,0.003154547894520828
644.05,0.0019363555705501406
644.24,0.0007647253466998484
644.43,0.0034091180571987015
644.63,0.002052265590171731
644.82,-0.001961178174921361
645.01,0.0013183857295805091
645.2,0.0005883212829393732
645.4,0.003134183135327837
645.59,0.006585616114836256
645.78,0.0032594823633941093
645.98,0.003093038121320892
646.17,0.004219099460405186
646.36,0.005135049367534145
646.56,0.0023832787466801244
646.75,0.0035705903542980495
646.94,0.00405838022774616
647.13,0.003685981145163434
647.33,0.0014424748992263126
647.52,0.0025014216872138607
647.71,0.00399861960078828
647.91,0.0053603858860506205
648.1,0.0045230581982485816
648.29,0.003910264286440524
648.49,0.0027378235689416624
648.68,0.004785140215075486
648.87,0.005067339768762262
649.06,0.004835488954140077
649.26,0.002917116092818243
649.45,0.00238082829692268
649.64,0.00236096685944062
649.83,0.0017484285423894365
650.03,0.0021212332151097583
650.22,0.0022303689081446957
650.41,0.0018488606776059051
650.61,0.005201010050249565
650.8,0.0021140490011313092
650.99,0.002197377358560464
651.18,0.006116821511208799
651.38,0.001081632563075734
651.57,0.0014443602283439193
651.76,0.004382642442664192
651.95,0.003246956761568071
652.15,0.0032359836792692108
652.34,0.00032427786008872473
652.53,0.0026614909662305087
652.72,0.002209166228501261
652.92,0.004602949098385607
653.11,0.0010780747187928846
653.3,0.0036863253890160102
653.49,0.0031415189286221955
653.69,0.00307916283064673
653.88,0.0038088873586986107
654.07,0.005095180298773287
654.26,-0.0004286393746971995
654.46,0.0004203276256020478
654.65,0.003116996661322623
654.84,0.005562081624873783
655.03,0.005246760369590229
655.23,0.0031885034319673465
655.42,0.0007098905838841545
655.61,0.006312274314587578
655.8,0.004061716626549464
655.99,0.008320564105102375
656.19,0.006055073704466596
656.38,0.0023214238794429303
656.57,-0.0011845895208551318
656.76,0.004855101894707844
656.96,-0.001188071800060099
657.15,0.003955112950053195
657.34,0.0032549281609537046
657.53,0.0033732414144147355
657.72,0.002426184011032785
657.92,0.0025407972489370225
658.11,0.00326819787347167
658.3,0.0032719203813359565
658.49,0.0008097544638789374
658.68,0.0029778406315785926
658.88,0.0013848761064292644
659.07,0.0045303577221538546
659.26,0.0036965005424644828
659.45,-0.0016655256693632445
659.64,0.0037568487252974308
659.84,0.0048880309606647845
660.03,0.0020432299395314883
660.22,0.002300542928131043
660.41,0.005606143915472392
660.6,0.006016285407594627
660.8,0.003328471858730808
660.99,0.004494545419122713
661.18,0.0017902858774510133
661.37,0.0025872352513703527
661.56,0.0031371734022466605
661.76,0.002395271565630198
661.95,0.0008141906340073118
662.14,0.0026579555425003194
662.33,0.0029496450223565093
662.52,0.0017939372258219397
662.71,0.00756772848055127
662.91,0.004456614842435091
663.1,0.004864006456222386
663.29,0.0030385045098297345
663.48,0.002283088246871648
663.67,0.002564923873101275
663.86,0.002778365745260196
664.06,0.0021881577477142074
664.25,0.004583199853269494
664.44,0.0054466473326756845
664.63,0.0008152876649918976
664.82,0.0044286681729019915
665.01,0.0020891542827662837
665.21,0.00608898997021601
665.4,0.004743954934012383
665.59,0.002124082123583934
665.78,0.0077080148160658885
665.97,0.00484846989228169
666.16,0.0016252671362040627
666.35,0.00592256071851663
666.55,0.004196980463263895
666.74,0.002753325207112286
666.93,0.0028098992234879923
667.12,0.0047625998599671975
667.31,0.00506184478400756
667.5,0.000739251402068413
667.69,0.0011327956964420165
667.89,0.002351714913765051
668.08,0.0021498157583764157
668.27,0.0038714466607934653
668.46,-5.3055586735233166e-05
668.65,0.006892286613394322
668.84,0.004133699673757196
669.03,0.004935045641905801
669.22,0.0054025666740518076
669.42,0.004997412429527442
669.61,0.0015355334434614197
669.8,0.0016551545648324335
669.99,0.0020591743980687004
670.18,0.002345370023906603
670.37,-0.00045358205529953856
670.56,0.0015503048884887107
670.75,0.004169860038967887
670.94,0.002632519395110794
671.14,0.0025138214025923534
671.33,0.003429811623421505
671.52,0.0030294089773643717
671.71,0.0032247197794601787
671.9,0.0029247563327775158
672.09,0.004380766299246419
672.28,0.0030165133720460304
672.47,0.004836737235769677
672.66,-0.0016422896555766506
672.85,0.003973957954199351
673.05,0.0015699698818379601
673.24,0.002651504915498823
673.43,0.0036396714495613514
673.62,0.0020581392699554743
673.81,0.004079566596359324
674.0,0.006736398973883015
674.19,0.0027752995793624154
674.38,0.0031777971897797666
674.57,0.001458576323640796
674.76,0.002180157969227964
674.95,0.003238872497785321
675.15,0.002976749526128947
675.34,0.004227671612334729
675.53,0.004775070204061256
675.72,0.00336209329239806
675.91,0.00544210265420115
676.1,-0.00025534248764603253
676.29,0.00227522791431857
676.48,0.004960483627827157
676.67,0.00045548170213109403
676.86,0.0019570108385789675
677.05,0.0010884314062002867
677.24,0.0033353519596255074
677.43,0.005561993473114709
677.62,0.001457547964486991
677.81,0.005518604106208807
678.0,0.00255697401029651
678.2,0.006217180068188908
678.39,0.004958292729267414
678.58,0.0009766693608843405
678.77,0.003201720856344143
678.96,0.004274276256462372
679.15,0.004301113655844612
679.34,0.0013803230435072704
679.53,0.003953279225711733
679.72,0.0036476248639215132
679.91,0.0057450560143892816
680.1,0.005994914188455322
680.29,0.004926715250642023
680.48,0.003355688481182015
680.67,0.00045757930607712106
680.86,0.0042216465117130685
681.05,0.001261570919607698
681.24,0.003673397666401585
681.43,0.002852121722717559
681.62,0.0025958010416197016
681.81,0.0028252485549132987
682.0,0.0006595568467243455
682.19,0.004048965434535949
682.38,0.005633902378680243
682.57,0.0014925755219840498
682.76,0.0035364272674299996
682.95,0.00045580673207842035
683.14,0.0016028250863554198
683.33,0.002325137351338419
683.52,0.0035708629802900177
683.71,0.0052250503010241225
683.9,0.0035039334053073804
684.09,0.006255039737748797
684.28,0.0019156109045451314
684.47,0.0028454404583107802
684.66,0.004960176141315975
684.85,0.00025504209308257195
685.04,0.005410815027428723
685.23,0.0024131283055697263
685.42,0.0029612884953474326
685.61,0.0008715724165649873
685.8,0.006568159779932219
685.99,0.0049441613601632585
686.18,0.001269403995235803
686.37,0.0027492654242233525
686.56,0.0008807244753518731
686.75,0.003506212065277089
686.94,0.004049380820777354
687.13,0.005912998938199043
687.32,0.003272637362678472
687.51,0.00398480891732798
687.7,0.005524188438559248
687.89,0.006075897320886252
688.08,0.006582464344829365
688.27,0.0046168031019180895
688.46,0.008421481384163132
688.65,4.971508701089402e-05
688.84,0.0055675508768501455
689.03,0.003232859376532521
689.22,0.007526989546125339
689.41,0.005126804226084651
689.6,0.002185818794815339
689.79,0.003829212369651372
689.98,0.0024153590077193323
690.17,0.002694662847483457
690.36,0.00450266128752393
690.55,0.005299666669814265
690.74,0.0036471806566599815
690.93,0.00429791819706706
691.12,0.0015611702839793237
691.31,0.0010952622289545836
691.49,0.005733889660136375
691.68,0.005242555384569059
691.87,0.0018171798132536315
692.06,0.0020336604046356827
692.25,0.0036460233690960467
692.44,0.004777658051814596
692.63,0.0040190206120933325
692.82,0.002371515093306045
693.01,0.005275845381745827
693.2,0.0005781412435928422
693.39,0.002398088899347449
693.58,0.0037144698584011433
693.77,0.004902818390028144
693.96,0.003355330196476083
694.15,0.005628863098400407
694.33,0.004291537725366765
694.52,-0.0001641116097958757
694.71,0.002610411023662538
694.9,0.001878732951861969
695.09,0.0031454521093110875
695.28,0.005938167735814114
695.47,-0.0018336554992920084
695.66,0.005822851056069064
695.85,0.0013109014290602727
696.04,0.005736547638575152
696.23,0.0037348071069277476
696.42,0.0017364686091299838
696.6,0.0028964422344286405
696.79,0.003342146147554859
696.98,0.004193948224059958
697.17,0.003889653383891031
697.36,-0.00037276582744323643
697.55,-0.0006937041854250224
697.74,-0.0008990463132086205
697.93,0.004517988727796062
698.12,0.0011195012816001488
698.31,0.003066872545581712
698.49,0.00512626202103689
698.68,0.005011740872940599
698.87,0.003954549820228758
699.06,0.001969534541646934
699.25,0.005374727404291282
699.44,0.0046051889991875535
699.63,0.0033874732794605482
699.82,0.006230299995749502
700.0,0.003209858453587128
700.19,0.0031907448537409804
700.38,0.006268039169942723
700.57,0.004196034658971652
700.76,0.007950165211633987
700.95,0.002666445083499362
701.14,0.001355203696848716
701.33,0.002231324566173814
701.51,0.0014688181093310585
701.7,0.002917978330467068
701.89,0.007044902557241066
702.08,0.0026283549387998623
702.27,0.0007028993916149889
702.46,0.0008101107437378326
702.65,0.0019047454711803857
702.83,0.002019712551835032
703.02,0.002973889970354562
703.21,0.0023679394721506323
703.4,0.004990546741418937
703.59,0.0019183396349822723
703.78,0.0018769164777963953
703.97,0.0004976612324302207
704.15,0.00038214719201015793
704.34,0.005588337640416312
704.53,0.0060113001168279525
704.72,0.007371107788255039
704.91,0.005662481624204852
705.1,0.004490428481678986
705.28,0.003775404596278337
705.47,0.0030024929694800976
705.66,0.0027222093952437606
705.85,0.0033590166658141285
706.04,0.001063767466007321
706.23,0.003531144419326734
706.41,0.0016083655799371329
706.6,0.0030706210679907198
706.79,0.005072947956233237
706.98,0.005231789876350929
707.17,0.0025332614758123654
707.35,0.001978291337918803
707.54,0.0037827125362061126
707.73,0.00840488289472563
707.92,0.002510899522619604
708.11,0.006298200881609266
708.3,0.002479591103638339
708.48,-0.0001689915261684329
708.67,0.004274831494895988
708.86,0.004237165587797284
709.05,0.001163020657500209
709.24,0.004164176568761685
709.42,0.0026028608731969998
709.61,0.0013859268660743776
709.8,0.004026645199698016
709.99,0.0038560695774499444
710.18,0.002817154685702855
710.36,0.0026978998576692296
710.55,0.002692260354992123
710.74,0.005727634545774047
710.93,0.002276484685230295
711.12,0.0029734690917201517
711.3,0.0020753084369067886
711.49,0.0035850459860310687
711.68,-0.0009687970531571666
711.87,0.003066826307777008
712.05,0.0005015128095570713
712.24,0.006835632140442135
712.43,0.004070689230840885
712.62,0.002069727444908374
712.81,0.0018697175579095956
712.99,0.004547598616521154
713.18,0.0034742971325872384
713.37,0.005869364493318675
713.56,0.0016280890896177495
713.74,0.006577557917462089
713.93,0.0022744612492311598
714.12,0.004303041983124999
714.31,0.00570846432097917
714.49,0.006244214215762079
714.68,0.002998053037713385
714.87,0.002572116641598793
715.06,0.0045226968956957846
715.24,0.0019718164623331136
715.43,0.001714553372998081
715.62,0.0045527143298211125
715.81,0.003565549835986342
715.99,0.002213778264729932
716.18,0.007560015988171703
716.37,0.005616289281202503
716.56,0.0027064054083312536
716.74,0.0012134257999085495
716.93,0.002026478146204332
717.12,0.003413996092218319
717.31,5.471403147602624e-05
717.49,0.003200852331190355
717.68,-0.000865031524261588
717.87,0.003724417067047351
718.06,0.005974278328972352
718.24,0.005093007976447002
718.43,0.0049613183567938845
718.62,0.004527905999062671
718.8,0.0017175565186243712
718.99,0.0019807924986838745
719.18,0.005390478115494655
719.37,0.0030846275250187693
719.55,0.00351539621686215
719.74,0.0036015988020464238
719.93,0.003392471926919773
720.11,0.004625350901738003
720.3,0.0025423357033121114
720.49,0.0007832067243456309
720.68,0.007197694477114967
720.86,0.004267742986744943
721.05,0.0026379408268532036
721.24,0.004143439179907762
721.42,5.624883798918172e-05
721.61,0.003702245253753057
721.8,0.006295041175789986
721.98,0.001996881916204228
722.17,0.0027439162321510426
722.36,0.002976863777960886
722.55,0.0036015988020464238
722.73,0.003796529618702415
722.92,0.004748209029235822
723.11,0.0018930899356367076
723.29,0.0029728856918241103
723.48,0.008013919300496174
723.67,0.0018981998216107074
723.85,-6.587913464394975e-05
724.04,0.0006641872090905923
724.23,0.002891089021172524
724.41,0.0046505115562711944
724.6,0.0012893258787767972
724.79,0.005450926013698967
724.97,0.0028583456464877
725.16,0.004646018564091386
725.35,0.003219375575005681
725.53,0.002918288355029966
725.72,0.006078687466712638
725.91,0.0023799170700244373
726.09,0.008265016336593312
726.28,0.0033750623681650838
726.47,0.004247070195211004
726.65,-0.0009223649030679491
726.84,0.005810013154492207
727.03,0.004441413739691993
727.21,0.005799552313650218
727.4,0.002374692524917167
727.59,0.006176590394555372
727.77,0.0034609278085002883
727.96,0.0011654779499805064
728.15,0.0028921577535757532
728.33,0.004008064970879705
728.52,0.003775643599925303
728.7,0.004219000603594894
728.89,0.0035859738656780814
729.08,0.002274649156962314
729.26,0.004765730587167423
729.45,0.006881883389540666
729.64,0.004388117683967422
729.82,0.00043501917916163955
730.01,0.004009054681160912
730.2,0.0008065365777115303
730.38,0.004534264126810927
730.57,0.0031506356221604396
730.75,0.006002578966639457
730.94,0.004804944706465716
731.13,0.0023466036396805013
731.31,0.00374929469053561
731.5,0.00829435126470515
731.68,0.0060771168024888736
731.87,0.003901329657520277
732.06,0.003550704645523941
732.24,0.0019345143721239272
732.43,-6.682829719225186e-05
732.62,0.0037454827229152
732.8,0.00321993751111245
732.99,-0.000951267212459823
733.17,-0.0007100491121152252
733.36,0.006476090252632604
733.55,-6.853463166830968e-05
733.73,0.006151934174257724
733.92,0.0006988877988710324
734.1,0.004120990115010644
734.29,-0.0017057083859989455
734.48,0.0074614005502298434
734.66,0.002124367595855192
734.85,-0.0007014904732847093
735.03,0.004903621710916948
735.22,-0.0008420456838779517
735.4,0.0032678577279689628
735.59,0.006424977138694064
735.78,0.0003125174852850714
735.96,0.0016982378684824787
736.15,0.005163811371033001
736.33,-0.0004582546802937824
736.52,0.002759630156853703
736.7,-0.0009650457924141725
736.89,0.004586121274328748
737.08,-6.869489512812489e-05
737.26,0.005989777433877193
737.45,0.002847171992979381
737.63,0.005408017036965812
737.82,0.003158607798227972
738.0,0.004264409447554194
738.19,0.002023050832150756
738.38,0.0030893467487525484
738.56,0.0027504390150396396
738.75,0.004193104215102561
738.93,0.0016231235413774832
739.12,0.0027832397582232453
739.3,0.0033451072668806087
739.49,0.0036489776221203495
739.67,0.002183507106292788
739.86,0.006662453269996268
740.04,0.003991791169616966
740.23,0.007579420718699749
740.42,0.00588830088965116
740.6,0.005702287284866649
740.79,0.0030934183908819827
740.97,0.005557263060886089
741.16,0.0008557021680800788
741.34,0.00461433047427498
741.53,0.00233589013188618
741.71,0.004784698551009745
741.9,0.0008833865869605516
742.08,0.0059972953860278205
742.27,0.0062617264993803275
742.45,0.005251995763176302
742.64,0.0031592050520167403
742.82,0.00536769939318044
743.01,0.002886898298862899
743.19,0.0019762758474332785
743.38,0.004510223322756023
743.57,-7.312163211461745e-05
743.75,0.004181316411284377
743.94,0.0051126894440788615
744.12,0.005505935850048282
744.31,0.005070749939860181
744.49,0.0006181296480937741
744.68,0.002800643493486578
744.86,0.0025061115446578393
745.05,0.0016975800548298336
745.23,0.0024023777455834043
745.42,0.003932776599904705
745.6,0.007211408832804079
745.79,0.0021715608832259727
745.97,0.008381139028623589
746.16,0.002443025005168233
746.34,0.003643428238722533
746.52,0.004285022306702595
746.71,0.0025139564975372093
746.89,0.007700623949784407
747.08,-0.0010274727459540446
747.26,0.005203995941512626
747.45,0.004971221437785701
747.63,0.005715067523455874
747.82,-0.001734213701134677
748.0,0.007279105568737826
748.19,0.0011950705243847725
748.37,0.004040493762120849
748.56,0.012648842442503534
748.74,-0.002182089478305213
748.93,0.0025511078564682686
749.11,0.005292193392404181
749.3,0.004739978676463477
749.48,0.007472967039947874
749.67,0.004768339659518519
749.85,0.005537442586894362
750.03,0.005062637366586599
750.22,0.00221794664861094
750.4,0.0014908900014084382
750.59,0.006625050063512077
750.77,0.007260509524147112
750.96,0.004463685852629344
751.14,0.0015154883324057901
751.33,0.0037835105980969907
751.51,-0.0009367679081379011
751.69,-0.0006566803270779129
751.88,0.006000346624239033
752.06,0.004297680888932258
752.25,0.006032641882724276
752.43,0.002572902888145741
752.62,0.007563212206006494
752.8,0.005199937353964345
752.99,0.002963205948280581
753.17,0.004760847448777517
753.35,0.00534888567080007
753.54,0.004023630730064804
753.72,0.00744471380750075
753.91,0.002904214571720907
754.09,0.007503373068607392
754.28,0.0005150586606446671
754.46,0.0036288763178880775
754.64,0.005696510986889242
754.83,0.00021640497890184309
755.01,0.007412006340059817
755.2,0.005144133283183995
755.38,0.006924148443366324
755.56,0.0013945760367028318
755.75,0.0024755834164564994
755.93,0.002901185503827073
756.12,0.008744705700708889
756.3,0.005200478641569646
756.48,0.0033035338237255665
756.67,0.006957320642600307
756.85,0.007531619054399292
757.04,0.0035495387775551705
757.22,0.0023829482627082785
757.4,0.005467650152452132
757.59,0.007240232355471372
757.77,0.0030383569409869527
757.96,0.004534403186092067
758.14,0.006342983395263543
758.32,0.0028564610255779875
758.51,0.00383473060777916
758.69,0.006673024031169129
758.87,0.008262606937254774
759.06,0.009945469991848527
759.24,-0.0007036117806631326
759.43,0.0061891652100441305
759.61,0.00038767498277470945
759.79,0.004993674236745637
759.98,0.003037409005387437
760.16,0.0053798482773875205
760.34,0.009447932959072826
760.53,0.0035097733732534766
760.71,0.008342532661590626
760.9,0.002287046833011478
761.08,0.0053539453431625935
761.26,0.0033630385777541454
761.45,0.007041631804048646
761.63,0.005079604098121278
761.81,0.008470798038341512
762.0,0.005247183806937809
762.18,0.0035301743161311565
762.36,0.011620747044014926
762.55,0.005642668121067766
762.73,0.008745098672721415
762.91,0.0036062574784937232
763.1,0.004953390346295721
763.28,0.006462970251287865
763.46,0.007094332825745422
763.65,0.008716383385570537
763.83,0.007229335423743583
764.01,0.0038317161770284316
764.2,0.008018866628002545
764.38,0.011590990007616833
764.56,0.007715576710627112
764.75,0.004021471894780508
764.93,0.008773572735913577
765.11,0.006468478411553667
765.3,0.009518107059150361
765.48,0.005014061465226776
765.66,0.00636609551353908
765.85,0.006942768777693291
766.03,0.006709172422175251
766.21,0.0050615033663249254
766.4,0.0028780290950504656
766.58,0.0043121438454975704
766.76,0.0033014497946569103
766.95,0.006128186908922183
767.13,0.0014061708094320847
767.31,0.005545424519228033
767.49,0.007640545015417805
767.68,0.004802390182631282
767.86,0.002974400089477654
768.04,0.00507785686736243
768.23,0.006133496934809977
768.41,0.003174587041972955
768.59,0.00667811988432082
768.78,0.002743789470802953
768.96,0.0023378454755108315
769.14,-0.00021500360953118037
769.32,0.003307449897836553
769.51,0.008473529509746896
769.69,0.004178258064680644
769.87,0.0025599468767401835
770.06,0.0048474701082508315
770.24,0.0025595921400832183
770.42,0.0013140840564621998
770.6,0.005765119750373171
770.79,0.004774757313480287
770.97,0.0037983176392239887
771.15,0.0032829313230892513
771.33,0.0026829211474952435
771.52,0.009887460407113165
771.7,0.003950237488377624
771.88,6.394258248959758e-05
772.07,0.002066005538489626
772.25,0.001995075540611918
772.43,0.0052424029273146645
772.61,0.008038312406558817
772.8,0.005590265403050431
772.98,0.0006030400398210242
773.16,0.0016777118855265344
773.34,0.008144852502636872
773.53,0.002636065644024493
773.71,0.007934287418637926
773.89,0.00210164823754245
774.07,0.0010105162779722586
774.26,0.0025904739662869943
774.44,0.01157474404497185
774.62,0.0029714126981635514
774.8,0.002208391308227095
774.99,-0.00020624390063993313
775.17,0.006889826126538873
775.35,0.0036723920462441583
775.53,0.006919596981471501
775.71,0.003619649144758955
775.9,0.0025730157998285976
776.08,0.004823297205779589
776.26,0.0008737255336209541
776.44,0.000194697098442
776.63,0.00465357501686272
776.81,0.003799977627421681
776.99,0.00408380895815386
777.17,0.002232940727834326
777.35,0.006561630326344858
777.54,0.0043367409442248185
777.72,0.0034404433075093644
777.9,0.002486209646299765
778.08,0.002227806469347597
778.27,0.0030181062216856325
778.45,-0.0006150328888715143
778.63,0.0016653897237720386
778.81,0.010106740023481347
778.99,0.007012933419526729
779.18,0.002771448287482614
779.36,0.005104743535273798
779.54,0.002945107711800814
779.72,0.0021273680633630276
779.9,0.0068120889681568386
780.08,0.0017556519383319083
780.27,0.0016112464903979566
780.45,0.006268433773791837
780.63,-0.00021237522955263238
780.81,0.007317681277782437
780.99,0.011688239077754877
781.18,0.006773061961830597
781.36,0.005485564711216743
781.54,0.005130670418059318
781.72,0.006465587350490493
781.9,0.0016098897409788932
782.08,0.0058679012213724195
782.27,0.007354638088996832
782.45,0.00785513722239485
782.63,0.001377738405517657
782.81,0.002564970540069683
782.99,0.012433903347724646
783.17,0.008960204193453168
783.36,0.0032821613192533733
783.54,0.004426723383352369
783.72,0.008039923818580619
783.9,0.008024078062945276
784.08,0.011255429142118079
784.26,0.005522201822070622
784.45,0.0026700236657440477
784.63,0.0045218800379941745
784.81,0.005414237781727324
784.99,0.00727141491474808
785.17,0.007301662839402421
785.35,0.002107357632376672
785.53,0.0025534914352919455
785.72,0.007731725485235632
785.9,0.007957246967165032
786.08,0.002437383719908858
786.26,0.00656081128012781
786.44,0.0011826287382769212
786.62,0.005286484269229486
786.8,0.003952408424445562
786.99,0.006336032149267035
787.17,0.0037365805220217797
787.35,0.0032532883021676646
787.53,0.010384395885176619
787.71,0.007697031944694758
787.89,0.0095878492958785
788.07,0.0024947665586432617
788.25,0.00023936059703205204
788.43,0.006865560895899428
788.62,0.005450033356195561
788.8,0.003678698352035009
788.98,0.010497233953569452
789.16,0.005328854741925112
789.34,0.012163588902069103
789.52,-0.0012692933498852838
789.7,0.009489225805800212
789.88,0.009339642770501536
790.06,-0.00042791933203191625
790.25,0.008722711999813438
790.43,0.004453832117340538
790.61,0.005802775861954131
790.79,0.004156491317680461
790.97,0.007534697954315484
791.15,0.0045378166805923464
791.33,0.011254240977160717
791.51,0.0004310169050225772
791.69,0.004773891806371405
791.87,0.00461975211705873
792.05,0.0043761444813672475
792.24,0.008360752672493657
792.42,0.0029847627768064887
792.6,0.00407382456893942
792.78,0.0031713132942565022
792.96,0.006223257760965284
793.14,0.0025231096903593196
793.32,0.00436489566105578
793.5,0.00598420838954339
793.68,0.009388375593128714
793.86,0.006692426826025068
794.04,0.008678444480482814
794.22,0.00571528425419245
794.4,0.001842075121987651
794.58,0.0007843602478906583
794.76,0.010489106622365713
794.95,0.007611212824877872
795.13,0.011533789294316633
795.31,0.0018508663338795079
795.49,0.004235558045320803
795.67,0.0025624252785196476
795.85,0.001692356244524595
796.03,0.006365438528428878
796.21,0.01003010788496174
796.39,0.007032770673224525
796.57,0.003161370486976033
796.75,0.007373860839758953
796.93,0.0050217288240133
797.11,0.009403762425039028
797.29,0.003308789653121578
797.47,-0.00027444302595067973
797.65,0.005457157682083438
797.83,0.012317534973227249
798.01,0.008121898775506993
798.19,0.0019407430025581078
798.37,0.00779318750088721
798.55,0.006768380401803752
798.73,0.00804002922656513
798.91,0.002340927336724208
799.09,0.01051293955315406
799.27,0.0015668673099582973
799.45,0.010331662706138051
799.63,0.010073326472765837
799.81,-0.00010224884865708941
799.99,0.0038325064700063176
800.17,0.01442809166932961
800.35,0.002931004521556622
800.53,0.001008432778772663
800.71,0.00197963512420834
800.89,0.00955878622250364
801.07,0.00968328504886984
801.25,0.00714217641319723
801.43,0.004403125253301294
801.61,0.0037870917052687035
801.79,0.010502116319504554
801.97,0.013768021729734676
802.15,0.0006650526218579785
802.33,0.014733731726948794
802.51,0.007142157750181573
802.69,0.012421032003450174
802.87,0.003988570443368405
803.05,0.01062340882129481
803.23,0.007704304541541661
803.41,0.011280436733801158
803.59,0.0018790352335163443
803.77,0.013678989693172619
803.95,0.009497148408686117
804.13,0.008064450933111292
804.31,0.009602811643873003
804.49,0.008592048675715402
804.67,0.018884910839031363
804.85,0.004225394984883018
805.03,0.011225831640413
805.21,0.011198454684419407
805.39,0.009589233202856214
805.57,0.01948602587417671
805.75,0.007363037863531802
805.93,0.00792327278950321
806.11,0.00772686779616261
806.29,0.009307438514285133
806.47,0.01098767886854627
806.65,0.006313354335614675
806.83,0.008631797568661694
807.0,0.008806941722914392
807.18,0.01264387217515828
807.36,0.011190027212881525
807.54,0.005976990662603983
807.72,0.005856815171735756
807.9,0.0005228473643393827
808.08,0.008608203922084707
808.26,0.0035116350230952015
808.44,0.00415122960908808
808.62,0.002216849119466929
808.8,0.0068729856715722525
808.98,0.00748579475364289
809.16,0.008301916484520826
809.34,0.0039296534634901984
809.51,0.005356193282860114
809.69,0.009018257254438293
809.87,0.004856048139162673
810.05,0.00834612500224359
810.23,0.012843842422528054
810.41,0.01552613025292166
810.59,0.004437271206858247
810.77,0.006890294757185832
810.95,0.013988237038188014
811.13,0.0036590754901075595
811.31,0.005810863843856041
811.48,0.013188070192791678
811.66,0.01714666589114324
811.84,0.00838980797184728
812.02,0.014825839113289831
812.2,0.015662647671120904
812.38,0.014573543106091975
812.56,0.0023655915726105052
812.74,0.005901547843116192
812.92,0.010751111404389904
813.1,0.013180441665274385
813.27,0.013049473956328867
813.45,0.009805264963056906
813.63,0.009957968063638717
813.81,-0.0005889819325812482
813.99,0.01392873980159563
814.17,0.000576786000639763
814.35,0.007340276210507955
814.53,0.008443446231844601
814.7,0.005532441303129463
814.88,0.008902343909323455
815.06,0.00789141815696163
815.24,0.007621509763080562
815.42,0.008941657254029189
815.6,0.014745416970642047
815.78,0.0069864551348507165
815.95,0.01336562572540935
816.13,0.009132696933651116
816.31,0.007635847797345099
816.49,0.0043559364160525894
816.67,0.01916679161222611
816.85,0.008978430907798065
817.03,0.013229290521090608
817.2,0.012020791870647793
817.38,0.012189620254286496
817.56,0.015997967842335516
817.74,0.009889189395863794
817.92,0.007418487280153652
818.1,0.00853571094553731
818.27,0.016909828346814194
818.45,0.009800582407732461
818.63,0.011056909715753198
818.81,0.0030266497074180514
818.99,0.005632631936761612
819.17,0.008145354927953275
819.34,0.012434731897849497
819.52,0.01428395954743351
819.7,0.011234443934554353
819.88,0.018123118053275003
820.06,0.011340443545908947
820.24,0.011311598253898408
820.41,0.008983533377365805
820.59,0.013988557702687145
820.77,0.013138889883633282
820.95,0.013657168367461983
821.13,0.010700949803272948
821.3,0.014265560895286297
821.48,0.01077602523659307
821.66,0.010168234606224548
821.84,0.01067709544285131
822.02,0.010524385874816786
822.19,0.009166943227422194
822.37,0.010818190775120706
822.55,0.006338921237296311
822.73,0.015558318049173443
822.91,0.007082656010440648
823.08,0.006279974244887245
823.26,0.007493469841032415
823.44,0.014968525529500943
823.62,0.009455283250983557
823.8,0.005933041255863483
823.97,0.009277752659741845
824.15,0.003954457390058133
824.33,0.00463124089985479
824.51,0.010068927253764622
824.69,0.004227720913407912
824.86,0.017310168118114408
825.04,0.016053903361968776
825.22,0.009310328411803521
825.4,0.014310620858560245
825.57,0.018769946241555643
825.75,0.007598241370767725
825.93,-0.0028739892679526032
826.11,0.012528332703993002
826.28,0.00265786432072035
826.46,0.0077091188064342024
826.64,0.014708240022505524
826.82,0.005988396415991407
826.99,0.00625160743467937
827.17,0.0178774865440242
827.35,0.007502179087892438
827.53,0.0056809296868194775
827.7,0.016912188170981588
827.88,0.016428756342825254
828.06,0.0065677077364800695
828.24,0.00791570402294384
828.41,0.016022608626427976
828.59,0.0026849894507345847
828.77,0.008404809606903587
828.95,0.009867327028321082
829.12,0.0056024699305823765
829.3,0.00842475675710198
829.48,0.014411071124919133
829.66,0.013155332522497513
829.83,0.010276201740831265
830.01,0.010836884526630487
830.19,0.007872550057928886
830.36,0.015226049750417933
830.54,0.013507226193500777
830.72,0.01607929205684055
830.9,0.006161444794385746
831.07,0.00948211297653475
831.25,0.012021187438719124
831.43,0.01669119146426821
831.6,0.007231992339075713
831.78,0.013916953061943568
831.96,0.010026713466141665
832.14,0.016882599985060646
832.31,0.013233090459554859
832.49,0.00926630708313212
832.67,0.005133667057194601
832.84,0.009772241651038613
833.02,0.011510230149355663
833.2,0.018396020891451606
833.37,0.004892130846585473
833.55,0.010969463385710063
833.73,-0.0008019026652141799
833.91,0.007032209478117087
834.08,0.005902346340717696
834.26,0.0067872351312475605
834.44,0.006791528850628476
834.61,0.012141888094819133
834.79,0.012809492527321654
834.97,0.00811580582123681
835.14,0.012948838793804918
835.32,0.005431617255437858
835.5,0.003695065019935288
835.67,0.015690522078135174
835.85,0.023185356218482733
836.03,0.009438585988916979
836.2,0.014753656062183896
836.38,0.006636866270235108
836.56,0.011442838941713537
836.73,0.01853598238425988
836.91,0.00483264721675319
837.09,0.010199670807460908
837.26,0.021351825620999448
837.44,0.012808920134376903
837.62,0.003498020271934739
837.79,0.010036271695949858
837.97,0.007393135638653556
838.14,0.014488131960087816
838.32,0.018728472398290792
838.5,0.009888530775148294
838.67,0.010916637138817988
838.85,0.007023992160183074
839.03,0.0038539673869037753
839.2,0.014424057769530275
839.38,0.007087217230493354
839.56,0.011367600261428374
839.73,0.008855248000312415
839.91,0.02056780733215648
840.08,0.008516258254311033
840.26,0.0008855934442881942
840.44,0.0033532729752688297
840.61,0.015678362135544355
840.79,0.014668155802723442
840.97,0.023378645166345347
841.14,0.010776846382549436
841.32,0.0026284252101031894
841.49,-0.00018848062816617206
841.67,0.005827486544856643
841.85,0.01716724527821131
842.02,-0.005919050066532943
842.2,-0.0019834382262874464
842.37,0.012460358428718
842.55,0.013804243973480812
842.73,0.010325120633674127
842.9,0.00782915162111577
843.08,0.0008786660646887654
843.25,-0.0012956909361069692
843.43,0.010974802392664995
843.61,0.005635179451837638
843.78,0.004692891088921299
843.96,-0.0005414530050641642
844.13,0.021107019404905492
844.31,0.013891305568990028
844.49,-0.0021034192537446052
844.66,0.008909272880446448
844.84,0.015327272900656781
845.01,0.008475001661898051
845.19,0.01786343919945688
845.37,0.009916880825169649
845.54,0.012753511156067081
845.72,0.004441955797734325
845.89,0.008330344420455623
846.07,0.016535603997002962
846.24,0.017227084549689346
846.42,0.023992030723956795
846.59,0.005636372042585937
846.77,0.005871938323483536
846.95,0.024914033887217638
847.12,0.01719850898671986
847.3,-0.0006228539019232103
847.47,-0.0026928663522269025
847.65,0.012884992349121601
847.82,0.014750919113635486
848.0,0.00433865667081506
848.17,0.007727021703375679
848.35,0.020680933479352247
848.53,0.015727880639019715
848.7,0.021164420136746208
848.88,0.026691728745517968
849.05,0.01319840756211882
849.23,0.01564300801204663
849.4,0.015229287248304501
849.58,0.01758299689799421
849.75,-0.002294601788804059
849.93,0.02269188753407231
850.1,0.010610926212029729
850.28,0.015333892909265534
850.45,0.014380939575325694
850.63,0.022091245090215223
850.8,0.004317191200701207
850.98,0.012102687056470558
851.16,0.019370300507051075
851.33,-0.00022612079772954582
851.51,-0.0010935387879607897
851.68,0.004634368835899421
851.86,0.007929363041292927
852.03,0.016829870799196733
852.21,0.0051988999003911174
852.38,0.013509914340987002
852.56,0.010471347024452418
852.73,0.0024695527365599518
852.91,0.006989574953887674
853.08,0.016410684835302378
853.26,0.008717919810599063
853.43,0.013314482119786478
853.61,0.0034969921153519315
853.78,0.0187066149024433
853.96,0.01498807031292808
854.13,0.019014221373465284
854.31,0.0038392628615306038
854.48,0.023627221914912958
854.66,0.009975149861210238
854.83,0.006370965409655646
855.0,0.014458666238818065
855.18,0.004968619693212075
855.35,0.011717290021443538
855.53,0.012248894209063266
855.7,0.025493185524878382
855.88,0.0021784583244974227
856.05,0.014202578293578093
856.23,0.005336765107028182
856.4,0.013632566591169423
856.58,0.021730685739094688
856.75,-0.0027188862649366076
856.93,0.01512616446110251
857.1,0.019221471974752404
857.28,0.019123130047197453
857.45,0.006293920838560133
857.62,0.015971419756805078
857.8,0.02709501025290501
857.97,0.000740994381849462
858.15,0.004123310624484605
858.32,0.013466355031768903
858.5,0.003346945609808301
858.67,0.026269702276707548
858.85,0.014941268941017296
859.02,0.003329724127081098
859.19,0.022953230217390114
859.37,0.013819692357385265
859.54,0.027012332907322932
859.72,0.005041984623191618
859.89,0.016109799953977454
860.07,0.006678133974886231
860.24,0.017419580694499327
860.41,0.015065344972135939
860.59,0.005854244189355172
860.76,-0.00704450908518778
860.94,0.021005638820855998
861.11,0.01840948079616252
861.29,0.020221710875858192
861.46,0.023636408825941757
861.63,0.0013162508118796155
861.81,0.022815943913783696
861.98,0.022578450633846225
862.16,0.02744442164175528
862.33,0.01952973763235401
862.5,0.009230310250502458
862.68,-0.0003077019686646134
862.85,0.013189998645624682
863.03,0.017407440134311235
863.2,0.008054681501332433
863.37,0.03699929335438594
863.55,0.020368538137562533
863.72,0.00954039824234989
863.9,0.023133403104329594
864.07,0.013983691051509298
864.24,0.016292813664967078
864.42,0.03456682229019574
864.59,0.010090391794726926
864.77,0.011343751506248202
864.94,0.010767433911860136
865.11,0.024458351200130943
865.29,0.0032155836358293624
865.46,0.012386258702441375
865.63,0.034528216665261964
865.81,0.035205045094276036
865.98,0.026637909302260464
866.16,0.02538508235185386
866.33,0.021543785597713905
866.5,0.02632241997180561
866.68,0.010402811779144282
866.85,0.019308784926489683
867.02,0.011677096883446935
867.2,0.027171798592079126
867.37,0.0243428452267126
867.54,0.00027630077554044414
867.72,0.018611783146488592
867.89,0.003803310296421444
868.06,0.050719112917682704
868.24,0.011733389980773131
868.41,0.030249981135533132
868.59,0.01287651788237479
868.76,0.005848342895473944
868.93,0.028164777651769207
869.11,-0.002656998204046465
869.28,0.02157386004001774
869.45,0.028661864370271135
869.63,0.006124409481786129
869.8,0.013637100956584741
869.97,0.02784137935913189
870.15,0.0390238831915322
870.32,0.0153187254135921
870.49,0.005394064467659688
870.66,0.018186998651197977
870.84,0.020324060630698672
871.01,0.022836621524046037
871.18,0.01140068587202222
871.36,0.01656291008601614
871.53,0.027711071867511004
871.7,0.016952885773318323
871.88,0.023458249798660045
872.05,0.033191666002978175
872.22,0.034914938144305706
872.4,0.009574263010216856
872.57,0.03228248552379084
872.74,0.012445881224952488
872.92,0.02004064434776234
873.09,0.03901104994537559
873.26,0.028126166434497942
873.43,0.009456999063138438
873.61,-0.007248871310864364
873.78,0.016465588811979407
873.95,0.011761200623633903
874.13,0.014926469238254384
874.3,0.01636089831729198
874.47,0.032867487422160425
874.64,0.04466579674671554
874.82,0.008127139139986113
874.99,0.030765743112429054
875.16,0.021286988513392408
875.34,0.029901797934966078
875.51,0.002591487567573403
875.68,0.03461912390967974
875.85,-0.013375934297893802
876.03,0.016915099576242532
876.2,0.004820381182560914
876.37,0.015135373938524632
876.54,0.022282898907556643
876.72,0.012232881579615277
876.89,0.020402384062791393
877.06,0.0263648043755176
877.23,-0.005838654515123842
877.41,0.02370432140048861
877.58,-0.007860398041748432
877.75,0.02202152844459442
877.92,-0.005784820167546935
878.1,0.028196393064226846
878.27,0.01874990620544762
878.44,0.005289231900036783
878.61,0.027413130726563848
878.79,0.016786966871476936
878.96,0.006281129696104643
879.13,0.03872210476861643
879.3,0.012760074406572019
879.48,0.02295194156316789
879.65,0.02041828504860195
879.82,0.01990385993861785
879.99,0.006042375174187424
880.16,0.03870046842644904
880.34,-0.011222812058927936
880.51,0.026956744115825604
880.68,0.055748229387960806
880.85,0.06044669888517646
881.03,0.02533042712053057
881.2,0.020100042250566573
881.37,0.024098239869013542
881.54,0.013553756511380967
881.71,0.01704307524708212
881.89,0.02984581533122283
882.06,0.014544495865983574
882.23,0.03935930797966412
882.4,0.005477258265362388
882.57,0.03175692021169074
882.75,0.028622341724189353
882.92,0.02255145815352575
883.09,0.04230536225951702
883.26,0.01496742729569743
883.43,-0.006878917252508485
883.61,0.023251552157222105
883.78,-0.00045921857867160587
883.95,0.01919693826684037
884.12,-0.001401941606658032
884.29,0.06870568972574706
884.47,0.004848349616690343
884.64,0.017581696586623913
884.81,0.025778148337529307
884.98,0.024477047986189913
885.15,0.026780548555066373
885.32,0.018999322287396918
885.5,0.01672404190943943
885.67,0.025247448323183843
885.84,0.02779068623626666
886.01,0.028966457973970284
886.18,0.0004456130921807179
886.35,0.018677947737632324
886.53,0.018138560777414797
886.7,0.03159238523357318
886.87,0.014699901225960179
887.04,0.017977362876658173
887.21,0.02707579437862493
887.38,0.045097060435436785
887.55,0.03766256175850184
887.73,0.01965606208704486
887.9,0.03363887249567621
888.07,0.04255727439527332
888.24,0.022238360192374136
888.41,0.07309463082621934
888.58,0.04423732910746425
888.75,0.04447314866948561
888.93,0.04768718765921931
889.1,0.0384908148912064
889.27,0.05030266454527171
889.44,0.028872363511260525
889.61,0.02210175918006143
889.78,0.04773764434180142
889.95,0.029575588678032953
890.12,0.05332568153573102
890.3,0.05021357970468091
890.47,0.042689090565744346
890.64,0.0437635058248793
890.81,0.003920198569229126
890.98,0.018401003208904657
891.15,0.05627114459527754
891.32,-0.015497837823319234
891.49,-0.004779857021909851
891.66,0.015098234223414875
891.84,0.03226273313452394
892.01,0.044143154154525965
892.18,0.033876818114559754
892.35,0.018776747296759246
892.52,0.039317684686506295
892.69,0.045005445623787464
892.86,0.017220824448380818
893.03,0.012544104978699845
893.2,0.07276772529484735
893.37,0.04610622548019824
893.55,0.041301569034829295
893.72,0.049724061158903834
893.89,0.011205506133965697
894.06,0.013519362675328668
894.23,0.037649050953634196
894.4,0.04753305544904703
894.57,0.018814122712948054
894.74,0.05919111828890723
894.91,0.007162622180638269
895.08,0.06209236927141635
895.25,0.030064836112121168
895.42,0.01951064710112039
895.59,0.049519579755773896
895.76,0.045063681504692664
895.94,0.06861248915485756
896.11,0.04660516556926286
896.28,0.010103176816319573
896.45,0.0029937118977170695
896.62,0.026993393165015363
896.79,0.03226324305370734
896.96,-0.006508492375705534
897.13,0.03835749766540552
897.3,0.01207338490391278
897.47,0.0244733141537549
897.64,0.05272618595742643
897.81,0.005578769259769627
897.98,0.062350855207902886
898.15,0.017959071189073448
898.32,0.07960305623953084
898.49,0.04479678677555167
898.66,0.04914710057879223
898.83,0.07197657393850664
899.0,0.02522729388401035
899.17,0.029321757418067643
899.34,0.02384802118257641
899.51,0.041919135037729524
899.68,0.054557216459117944
899.85,0.005663566816875018
900.02,0.0032115860186150954
900.19,0.015599339491480478
900.36,0.06858520545844103
900.53,0.008932339637443389
900.7,0.015387881741547333
900.87,0.04882674206150758
901.04,0.038923230505190635
901.21,0.02767877687725314
901.38,0.008907748602439163
901.55,0.048320584838181524
901.72,0.04286792954596186
901.89,0.009368642787227661
902.06,0.03910654575061325
902.23,0.009019487909674821
902.4,0.02230448866265623
902.57,0.03555093659472138
902.74,0.030595103412135245
