Wavelength [nm],#46.csv
400.08,0.041151123871149574
400.29,0.12242791620305811
400.5,0.04632879754240796
400.71,0.1279672700278518
400.92,0.08229921371467923
401.13,0.08610292255209995
401.34,0.0782723152630766
401.54,0.0735859050773195
401.75,0.0121805514608904
401.96,0.052025314608435985
402.17,0.07564055801364908
402.38,0.054558110627719134
402.59,0.07729470896200177
402.8,0.07688488215122509
403.01,0.06941769474455321
403.22,0.08540489503267785
403.43,0.11367952360410752
403.63,0.03295915351708038
403.84,0.04225431226156767
404.05,0.04199123602731907
404.26,0.04247540266230013
404.47,0.07007929161585445
404.68,0.05266162044274443
404.89,0.010130867196378889
405.1,0.07885357809423982
405.31,0.05783806773666425
405.52,0.08779928382521596
405.72,0.07037164872897125
405.93,0.08683699794643827
406.14,0.04355334978571011
406.35,0.08090956195576918
406.56,0.05935564618804087
406.77,0.10856791874229406
406.98,0.09108977865371691
407.19,0.06821939407590949
407.39,0.09242476423216826
407.6,0.06687169613610326
407.81,0.0494825041524589
408.02,0.0266098150049199
408.23,0.08436387463142955
408.44,0.06632193959672007
408.65,0.04281527473243171
408.86,0.03191337117778949
409.06,0.04882004463208179
409.27,0.038161955175132385
409.48,0.0523516533772597
409.69,0.07902655059375208
409.9,0.07322612298766357
410.11,0.05357091023689966
410.32,0.03789562136431172
410.52,0.03885355903611444
410.73,0.0768052740413161
410.94,0.06686132331471697
411.15,0.10448227265069997
411.36,0.05690752973835028
411.57,0.032333684571942786
411.78,0.05549390910668247
411.98,0.04424668925543934
412.19,0.0469412267665561
412.4,0.05580191136758633
412.61,0.017476632303717116
412.82,0.03197320956085821
413.03,0.0643912664047201
413.23,0.03665961324925106
413.44,0.040107477828512636
413.65,0.051029078374698104
413.86,0.04230064904502186
414.07,0.04435770182998535
414.28,0.059334790198916104
414.48,0.03487227317477594
414.69,0.0922388025339867
414.9,0.03198279260956638
415.11,0.058856033507822585
415.32,0.06802408368745029
415.53,0.04079834322958693
415.73,0.07220256906726003
415.94,0.07572282877050533
416.15,0.03532690197686386
416.36,0.04030632049837384
416.57,0.07666168523437704
416.78,0.03143076586287122
416.98,0.03092045948145908
417.19,0.017550706256030044
417.4,0.03963232524606135
417.61,0.04535475033307692
417.82,0.046641389847773225
418.02,0.013909781417720618
418.23,0.05324480491748829
418.44,0.040949868477982064
418.65,0.08080686161555206
418.86,0.05359067462605843
419.07,0.07642218801563663
419.27,0.053671868327619277
419.48,0.06436221813070424
419.69,0.024694070423959668
419.9,0.06765089428292234
420.11,0.04523800731193917
420.31,0.050802903850679836
420.52,0.06447499132060817
420.73,0.06047073023536516
420.94,0.06027299324284464
421.15,0.059656437133108524
421.35,0.036414832873111626
421.56,0.018352085288341573
421.77,0.0487890534850041
421.98,0.02932015057961462
422.19,0.0603747655393987
422.39,0.09656929724140481
422.6,0.03657615966123956
422.81,0.02219670002316578
423.02,0.029398572592191276
423.22,0.05879803769547719
423.43,0.023587375224067966
423.64,0.051608439750392816
423.85,0.038971173907855865
424.06,0.017600504536371558
424.26,0.0365878040653116
424.47,0.07624198676986313
424.68,0.08326463314097284
424.89,0.05645987145601907
425.09,0.06796324070084969
425.3,0.05110335662991576
425.51,0.050228371085600215
425.72,0.054090749968101114
425.93,0.045807543626605905
426.13,0.03329380818905594
426.34,0.06524143712046492
426.55,0.05623448868752729
426.76,0.05589857473682213
426.96,0.041319774720443535
427.17,0.0442774169392296
427.38,0.02910987065504468
427.59,0.053145684724632124
427.79,0.026818913326691732
428.0,0.04423936063318342
428.21,0.03508652020290573
428.42,0.013964921483532771
428.62,0.02836628494006579
428.83,0.06323673463236738
429.04,0.029962699050436043
429.25,0.0568794528807858
429.45,0.03733566451371976
429.66,0.03664398110739963
429.87,0.020181233746305094
430.08,0.018799971187783652
430.28,0.05426001297515036
430.49,0.04272669002526526
430.7,0.04732706187893243
430.91,0.05440198466665674
431.11,0.06015617083603294
431.32,0.0321827551113184
431.53,0.03991138044505265
431.74,0.053626218619929444
431.94,0.05496610146370745
432.15,0.06057264643114598
432.36,0.036924308235163565
432.56,0.021775793241388067
432.77,0.014425332400673119
432.98,0.015621268641353159
433.19,0.036577942246546515
433.39,0.04297629960522995
433.6,0.03124098715909966
433.81,0.047741705064760456
434.02,0.023624520090132793
434.22,0.026521111191795992
434.43,0.051309628743096074
434.64,0.0571759763539591
434.84,0.03332516087872344
435.05,0.0284313601617285
435.26,0.04104506413208097
435.47,0.03842652394239113
435.67,0.04840858859481847
435.88,0.05257440855399143
436.09,0.03770916865074751
436.29,0.04028410766550439
436.5,0.04021194650228299
436.71,0.04329690409156412
436.92,0.03388479421431286
437.12,0.021138974219485015
437.33,0.016723693821844632
437.54,0.020665864850952568
437.74,0.03790387002421072
437.95,0.02506139164864366
438.16,0.027547004809794516
438.36,0.028882729805695357
438.57,0.04607207158524576
438.78,0.02668885955346384
438.99,0.022951720157061387
439.19,0.02682929737334719
439.4,0.042083148566817656
439.61,0.043903633936335715
439.81,0.0197548081071438
440.02,0.02611937699795477
440.23,0.06425649078579529
440.43,0.031221388673995924
440.64,0.02567203411681223
440.85,0.025707960453729303
441.05,0.05346300808974954
441.26,0.024198850107439482
441.47,0.020294243775289968
441.67,0.04550865470841891
441.88,0.02835322852523309
442.09,0.009202853959880797
442.29,0.041052151785080336
442.5,0.045358258816252314
442.71,0.030324369112755788
442.91,0.0323453114232831
443.12,0.05003038746889587
443.33,0.02887549250814179
443.53,0.000283106739885441
443.74,0.022887908168448167
443.95,0.035222914083815816
444.15,0.013867091684406594
444.36,0.04184336567269063
444.57,0.026025711931555267
444.77,0.03625827699854729
444.98,0.02955298789651996
445.19,0.02690655515422219
445.39,0.012053226673426827
445.6,0.02682159448438798
445.81,0.030629041614312555
446.01,0.040628229710997395
446.22,0.01826572584690502
446.43,0.03061082599385176
446.63,0.04963746701047224
446.84,0.042338504893856606
447.05,0.058582774061962356
447.25,0.018373079133725934
447.46,0.03427383955460236
447.67,0.032721014349112794
447.87,0.0175374755710436
448.08,0.03639514731369153
448.28,0.01656033755274264
448.49,0.04120452443559887
448.7,0.02568609748403731
448.9,0.04708148154625408
449.11,0.02570024392370528
449.32,0.027517104315098188
449.52,0.021569987072444643
449.73,0.026231311150537992
449.93,0.03933830496382751
450.14,0.017191378131170786
450.35,0.011177939297368038
450.55,0.018302849504093006
450.76,0.0002867242303862261
450.97,0.04171074724078037
451.17,0.0431466734998339
451.38,0.011721477429307629
451.58,0.018529147032350316
451.79,0.03399382752856467
452.0,0.03454783882067644
452.2,0.02454978166719291
452.41,0.028618514631012077
452.62,0.03142006638128286
452.82,0.009523849140898497
453.03,0.02341850900949932
453.23,0.04858681574984033
453.44,0.024692947236576234
453.65,0.013057913095335796
453.85,0.041593085699476263
454.06,0.037664574081983315
454.26,0.034755061567309814
454.47,0.03101544487737711
454.68,0.034079035550740024
454.88,0.014522642662258212
455.09,0.034467670321470384
455.29,0.02183536626784278
455.5,0.012876397561377264
455.71,0.019356870467334055
455.91,0.020339311829511136
456.12,0.02765082929298982
456.32,0.046197731721471944
456.53,0.027482719243779635
456.73,0.027970232565012385
456.94,0.03696523753267413
457.15,0.04144305023889361
457.35,0.04243208230355888
457.56,0.029910009753467557
457.76,0.027671841165130173
457.97,0.04719192705417151
458.18,0.026819317557119998
458.38,0.020515366505981666
458.59,0.007208682672821153
458.79,0.0027173087745312793
459.0,0.008393102955274075
459.2,0.027013391957818416
459.41,0.011287111243346677
459.62,0.010445888408021424
459.82,0.017002077578299527
460.03,0.02523602003149713
460.23,0.018543760208462802
460.44,0.03007080065865912
460.64,0.022972781104624473
460.85,0.026381446958876533
461.06,0.025579694354494073
461.26,0.021361451500625864
461.47,0.011441166104690634
461.67,0.037893036668467175
461.88,0.020385885705145875
462.08,0.0220576559661763
462.29,0.012254787431963536
462.49,0.013351281233816967
462.7,0.03887966683890063
462.91,0.0339293612181715
463.11,0.007206926455983308
463.32,0.04529329237280798
463.52,0.017263504515629177
463.73,0.026089920513561
463.93,0.019620767425789956
464.14,0.014343962201617084
464.34,0.021451069105453406
464.55,0.021518585487722414
464.75,0.023207736007184347
464.96,0.030556083316004522
465.16,0.013842583949003829
465.37,0.011510634430103634
465.58,0.01853310322962888
465.78,0.01840582976485615
465.99,-0.005206437099844249
466.19,0.015219456715465663
466.4,0.020188979799732786
466.6,0.015629361278641056
466.81,0.02584249721356516
467.01,0.027547510408824534
467.22,0.00898086147451295
467.42,0.015915938180323132
467.63,0.016413247959130853
467.83,0.01282630283939608
468.04,0.008678673606058725
468.24,0.013495508374296389
468.45,0.01846813170998827
468.65,0.01743109122283498
468.86,0.001956473922042053
469.06,0.01601643423269516
469.27,0.02116058778130605
469.47,0.008713360785393639
469.68,0.01791761606161293
469.88,0.033049562388709576
470.09,0.018814514225038333
470.29,0.027614939794444744
470.5,0.009128255758498661
470.7,0.012251618632057454
470.91,0.02566540035789205
471.11,0.01007822491894948
471.32,0.010831589857662319
471.52,0.011496155664682811
471.73,0.022524280093956458
471.93,0.023618182657335427
472.14,0.022960346462456413
472.34,0.01093619168556648
472.55,0.011919927510791475
472.75,0.014016476058938864
472.96,0.014336460151654214
473.16,0.013618623464834265
473.37,0.002647694706746743
473.57,0.020230995777370843
473.78,0.009134083840637445
473.98,0.011908472090684736
474.19,0.009789293425657073
474.39,0.00647124816257782
474.6,0.016792801430938052
474.8,0.015562258621507433
475.01,0.0021096382127900864
475.21,0.02050153145043657
475.42,0.023940444312063873
475.62,0.0114989993036517
475.83,0.00913514930530732
476.03,0.01289834290103456
476.24,0.012115943790174562
476.44,0.012491066222581077
476.64,0.01459588029125507
476.85,0.00854841141203558
477.05,0.011902109948187006
477.26,0.003129171514159804
477.46,0.009672281925991453
477.67,0.013650323477420592
477.87,0.013651191303462602
478.08,0.012836776479467644
478.28,0.01445767328788986
478.49,0.008709999673187325
478.69,0.013688429749904314
478.9,0.015079325683314819
479.1,0.02181197091737212
479.3,0.014004857185695453
479.51,0.003191876525090545
479.71,0.010507976350342887
479.92,0.012192767257484138
480.12,0.009969386517693711
480.33,0.001910742755607491
480.53,0.010332744939802312
480.74,0.01108300947916025
480.94,0.011467428543951538
481.14,0.01684484442745676
481.35,0.0038786401680824018
481.55,0.013254050286707246
481.76,0.014106373810511715
481.96,0.009199932366043087
482.17,0.008217763431375345
482.37,0.01101937972715824
482.57,0.01816824159022563
482.78,0.011963047830092572
482.98,0.01401240688761145
483.19,0.007864959491230155
483.39,0.007801165470050316
483.6,0.004315414974612875
483.8,0.00955515533876462
484.0,0.007423761595841504
484.21,0.014033979264582531
484.41,0.004921340300228532
484.62,0.005498124935656035
484.82,0.0072696541313925335
485.02,0.012391466748101545
485.23,0.011927745349127113
485.43,0.0028272549343434598
485.64,0.015042970557427746
485.84,0.012056657333928526
486.05,0.010347657628621774
486.25,0.010018426982651995
486.45,0.004317676485976717
486.66,0.011986904893276225
486.86,0.008968726267818488
487.07,0.012436011592004415
487.27,0.010631936171812205
487.47,0.0030527867429452297
487.68,0.005042005710796053
487.88,0.010360796472617053
488.09,0.003114552831427131
488.29,0.012709343620991156
488.49,0.011664349662100754
488.7,0.006247648900777589
488.9,0.005001557655037236
489.1,0.00451419635383497
489.31,0.006270910188178187
489.51,0.0053248363921860565
489.72,0.011397781493024804
489.92,0.012274070579508304
490.12,0.009794562528383025
490.33,0.004746671208023789
490.53,0.010058897783541996
490.74,0.00753861787223213
490.94,0.003487151583556534
491.14,0.005424696910793535
491.35,0.01018609508377514
491.55,0.008207850176735275
491.75,0.004453832117340538
491.96,0.004991339936872624
492.16,0.0073524625121755265
492.36,0.005151977560221461
492.57,0.009209821295529871
492.77,0.011255575431317713
492.98,0.007704790639505382
493.18,0.003860099350970888
493.38,0.010894294276236012
493.59,0.006305237149431474
493.79,0.008179476282666756
493.99,0.008024410883185427
494.2,0.010586389791558464
494.4,0.007727101063596208
494.6,0.003984586450531802
494.81,0.011964264971801373
495.01,0.005903908202059357
495.22,0.00396650249866919
495.42,0.008724509343573293
495.62,0.008455638763889611
495.83,0.004372677891610041
496.03,0.007687169016744058
496.23,0.006504809067576335
496.44,0.003264702491006442
496.64,0.006161148883295281
496.84,0.01020845804610239
497.05,0.0038613544993606093
497.25,0.005858108590674158
497.45,0.010609983473285534
497.66,0.008659975369527293
497.86,0.002705163872110418
498.06,0.006034255614340264
498.27,0.010681550648629821
498.47,0.0037773144587912987
498.67,0.005372416148956659
498.88,0.0083105442328072
499.08,0.005400225077832578
499.28,0.009146888735456002
499.49,0.0074565706636652304
499.69,0.00857903074822111
499.89,0.007423128012120544
500.1,0.010771346272584179
500.3,0.008354765185101316
500.5,0.004593556223750823
500.7,0.009150946982982746
500.91,0.007595579074654744
501.11,0.008668219178228298
501.31,0.008714728937349925
501.52,0.0057024215697095105
501.72,0.008107681228868126
501.92,0.001269007496035368
502.13,0.007932928174074948
502.33,0.010000950970383846
502.53,0.01256657864437921
502.74,0.008885677573217916
502.94,0.011767463041920894
503.14,0.008475968244449954
503.34,0.007017721110772639
503.55,0.007166137356610824
503.75,0.003993797768556366
503.95,0.00896870018141904
504.16,0.010898007848587023
504.36,0.00035843546831133637
504.56,0.00902441064887732
504.76,0.009752990049617332
504.97,0.007283560519582458
505.17,0.009471464098618548
505.37,0.003981064790174381
505.58,0.009048611221508676
505.78,0.006743577964540139
505.98,0.004540338120002143
506.18,0.0069289432371714334
506.39,0.0040537253044135215
506.59,0.00882054032475557
506.79,0.008620920146639895
507.0,0.007634934856253185
507.2,0.006782946214338738
507.4,0.002058357478826757
507.6,0.009396489579299575
507.81,0.00490715421382772
508.01,0.006436037425565108
508.21,0.00893761422598107
508.41,0.007389464243103278
508.62,0.009982107134436612
508.82,0.010387657001853158
509.02,0.009476367825453623
509.23,0.006382710144093423
509.43,0.010246066573647676
509.63,0.0038855455251917423
509.83,0.005873321899350173
510.04,0.004265276921239368
510.24,0.008591738783873343
510.44,0.006703898087880393
510.64,0.009674653323705268
510.85,0.0055122458493204775
511.05,0.006784248706467017
511.25,0.009183883575385314
511.45,0.005251995763176302
511.66,0.0067269707382179335
511.86,0.0063581564885046
512.06,0.011233692093487244
512.26,0.010021539539642948
512.46,0.007975133863743863
512.67,0.0015043297241684845
512.87,0.009845607768368016
513.07,0.00722576519961159
513.27,0.003965298605100547
513.48,0.006915688698559918
513.68,0.00485841546152676
513.88,0.0027455152521214665
514.08,-0.0001928211549760285
514.29,0.0054801614527665455
514.49,0.0035923697431240096
514.69,0.004284017436482953
514.89,0.006559336430960145
515.09,0.002914423156376115
515.3,0.005322561086384897
515.5,0.008541232839098151
515.7,0.008807283192973959
515.9,0.005518568198709527
516.11,0.0021464813306504944
516.31,0.007821015105263465
516.51,0.005075744334638999
516.71,0.0060489572772874966
516.91,0.005115491747061532
517.12,0.003637281729819231
517.32,0.005939299350101685
517.52,0.00662467785464207
517.72,0.004916872904656854
517.92,0.00508852446581699
518.13,0.010324341248275094
518.33,0.0039063260672293175
518.53,0.001010708358493753
518.73,0.005927699054888783
518.93,0.003115554955315775
519.14,0.006028234875600798
519.34,0.008138051528392629
519.54,0.005715628500689909
519.74,0.0072916758510628964
519.94,0.006007749741052513
520.15,0.0074292077967735935
520.35,0.0036334731376737096
520.55,0.008215850708124894
520.75,0.007384263337603335
520.95,0.004182733343426793
521.16,0.005359093264151989
521.36,0.003976620805988797
521.56,0.006604327449502598
521.76,0.0030889202126691477
521.96,0.003099375214332535
522.16,0.005317432208481061
522.37,0.0050380996069875825
522.57,0.005702659412111135
522.77,0.0071272166774850685
522.97,0.0029300246099770587
523.17,0.0073097743855284
523.37,0.007738587351314332
523.58,0.006166572227991628
523.78,0.0030363426801161145
523.98,0.003025641289762307
524.18,0.004690117386007351
524.38,0.004323968609556239
524.58,0.0054976723738338895
524.79,0.007619571405519568
524.99,0.00580082803072089
525.19,0.002793671885387258
525.39,0.006405450735214641
525.59,0.003514402744247491
525.79,0.00550186748228098
526.0,0.004718224214231199
526.2,0.0038229598571769222
526.4,0.004144948801452887
526.6,0.003917226330220755
526.8,0.006308260200236036
527.0,0.004316253104069236
527.2,0.010168984998055556
527.41,0.006738300008439587
527.61,0.007368462207550249
527.81,0.005456812091401702
528.01,0.007692126931047274
528.21,0.005160212132930698
528.41,0.0041385417684204374
528.61,0.01121119768696428
528.82,0.004257277197126332
529.02,0.00448601553900767
529.22,0.006321574672944559
529.42,0.004763643612681599
529.62,0.005266486625466137
529.82,0.0032563523087964607
530.02,0.007965745131844268
530.22,0.005442387484752838
530.43,0.0032393893840877226
530.63,0.004531486094858397
530.83,0.006977804407349922
531.03,0.006579054536032138
531.23,0.0034984995634142328
531.43,0.000688906461513722
531.63,0.006300458416005455
531.83,0.002714477661432072
532.03,0.00373409851894657
532.24,0.005769152402261093
532.44,0.007102786495519203
532.64,0.0063366464774989644
532.84,0.0074592683436662515
533.04,0.0049272506826029076
533.24,0.007007162697763417
533.44,0.004744876987442564
533.64,0.002726390310822361
533.84,0.006719162826435753
534.04,0.006755512471376655
534.25,0.005129544614444587
534.45,0.004902301186243811
534.65,0.005067666811179207
534.85,0.006859026586908115
535.05,0.008353168731526129
535.25,0.0062700555953929885
535.45,0.004174634382827443
535.65,0.006678220663915194
535.85,0.0027272660746356595
536.05,0.006383449441095859
536.25,0.004074706379210963
536.46,0.0029458267968019867
536.66,0.0023702643563766677
536.86,0.005971408026337549
537.06,0.0034819927320585997
537.26,-0.00016299180860696044
537.46,0.007604968636443219
537.66,0.00795902473590992
537.86,0.0060465118070477586
538.06,0.006887604425621139
538.26,0.0019559781128525135
538.46,0.00784365482312553
538.66,0.0060816755192319135
538.86,0.006644128074396487
539.07,0.00623994478291864
539.27,0.005866285265795838
539.47,0.003980172877893863
539.67,0.007202061896653397
539.87,0.0027101453435523573
540.07,0.0038879947664116252
540.27,0.007419562933757944
540.47,0.003037101756914447
540.67,0.004139596723157942
540.87,0.003068525227619445
541.07,0.004074521858751738
541.27,0.005074709397229736
541.47,0.006280831813195585
541.67,0.00809649262609841
541.87,0.0040091305186160785
542.07,0.006475494926033143
542.27,0.005351930123955299
542.47,0.004843304297517816
542.67,0.004304317669432539
542.87,0.006686480425418558
543.08,0.004186830390443973
543.28,0.0026129195679368733
543.48,0.006594332906165461
543.68,0.003064891675537367
543.88,0.0038288103724923865
544.08,0.004111723544547905
544.28,0.005917895484155694
544.48,0.005245890884096445
544.68,0.004400843599996187
544.88,0.006788750027412781
545.08,0.002413802296956805
545.28,0.0033834672243773655
545.48,0.008743331526980697
545.68,0.0061306840832656695
545.88,0.003981864683876186
546.08,0.008039569041394148
546.28,0.004587279589471694
546.48,0.004997248994927022
546.68,0.005114362458188431
546.88,0.0019590899292858234
547.08,0.0006915568177930422
547.28,0.00321105594879293
547.48,0.005842476291579011
547.68,0.005623641268204938
547.88,0.005950908573807903
548.08,0.005304122290809254
548.28,0.0030098112622079926
548.48,0.00791281418779853
548.68,0.0033073740946682477
548.88,0.006537059712071263
549.08,0.00516779910818553
549.28,0.0040691036139499336
549.48,0.0037121374962778906
549.68,0.0016168960182854778
549.88,0.004740303302912548
550.08,0.006386971460265223
550.28,0.005272538495618623
550.48,0.006946901074609924
550.68,0.007954356170636955
550.88,0.0015086021823919953
551.08,0.006001921125657925
551.28,0.010024576453328105
551.48,0.004771141107036088
551.68,0.006482790388284321
551.88,0.00345760265698464
552.08,0.004230085680759562
552.28,0.004912440046232106
552.48,0.0032817542534290863
552.68,0.0025110353785432935
552.88,0.007062616404446969
553.08,0.007063221803691617
553.28,0.0035108544129311445
553.48,0.00725119785817958
553.68,0.009049866375189295
553.88,0.0013037750813120223
554.08,0.00618791517944071
554.28,0.006206251147272433
554.47,0.0032722970822360573
554.67,0.006714723350625601
554.87,0.003683610678100395
555.07,0.007050674112407078
555.27,0.007203089927402887
555.47,0.005297730877305254
555.67,0.005814300163662609
555.87,0.004131204195902287
556.07,0.005957046961173104
556.27,0.0023762380564448533
556.47,0.005668153694775386
556.67,0.005561993473114709
556.87,0.00025360257781299
557.07,0.002077142995838053
557.27,0.0023842035280365933
557.47,0.010881653243669407
557.67,0.0032957440104681075
557.87,0.005281011131496037
558.07,0.0060496818181319245
558.26,0.0035903969170866306
558.46,0.004499555067049307
558.66,0.00437623687083674
558.86,0.007737283925455082
559.06,0.0038744483122511945
559.26,0.006297838021506285
559.46,0.003245346700600143
559.66,0.004882534729406125
559.86,0.003086483853255204
560.06,0.004590979366560343
560.26,0.0025815940112560603
560.46,0.004187121360420394
560.66,0.0037852444482196646
560.86,0.006221941344579907
561.05,0.0012349614853733508
561.25,0.004320133897339895
561.45,0.000447145946206512
561.65,0.006943339359565463
561.85,0.004653370281970195
562.05,0.0015079941924166969
562.25,0.005073820201172773
562.45,0.0020311833579304884
562.65,0.004285213301500662
562.85,0.004183750521329974
563.05,0.00569728743219829
563.24,0.007047494957467179
563.44,0.003964086105686182
563.64,0.003906699207658886
563.84,0.003796076003866003
564.04,0.0028305716038058083
564.24,0.0021574850086392688
564.44,0.0037863620866731775
564.64,0.0022857563226121765
564.84,0.004096541799543411
565.03,0.0034007123646040637
565.23,0.004150632051232029
565.43,0.0010289640477628818
565.63,0.004641994485323218
565.83,0.004248516387011908
566.03,0.007231289131061225
566.23,0.0034634890094547913
566.43,0.006683072113630837
566.63,0.004468709313304922
566.82,0.006133968239840387
567.02,0.004288254802044131
567.22,0.004385518388989774
567.42,0.0017499193196886236
567.62,0.0017653054734783086
567.82,0.004979573967849405
568.02,0.0043935793473617885
568.22,0.0016804954918641151
568.41,0.005795019711058702
568.61,0.003549347979280129
568.81,0.004306943679473932
569.01,0.005306256462871802
569.21,0.003881344679183326
569.41,0.001990111339228487
569.61,0.0034413118653543583
569.8,0.004325796167980714
570.0,0.007428818794701145
570.2,0.0038042824439628504
570.4,0.002666469279739062
570.6,0.005992824321419345
570.8,0.003738528798906305
571.0,0.005977672489029511
571.19,0.0032053023306350885
571.39,0.004969585266016074
571.59,0.005719777602260099
571.79,0.005905316581848369
571.99,0.003738528798906305
572.19,0.006675129965088034
572.38,0.004677573715611159
572.58,0.004242032250150549
572.78,0.00590248143234563
572.98,0.003339758671680084
573.18,0.0015939680544991605
573.38,0.004758005284212372
573.57,0.004814361765094422
573.77,0.0049266680829101565
573.97,0.008319763548298343
574.17,0.0031056680592344206
574.37,0.0037043310019773787
574.57,0.004541626760667596
574.76,0.0077909826859877546
574.96,0.002897751548677338
575.16,0.002041287423460275
575.36,0.005516811305854827
575.56,0.006391174168574961
575.75,0.00392442261221742
575.95,0.004997511008605096
576.15,0.00429278702431176
576.35,0.006400405103837303
576.55,0.003090298543995934
576.74,0.005343872893503449
576.94,0.006684507031681039
577.14,0.005864751399266061
577.34,0.0023087211151092478
577.54,0.004721675867062495
577.74,0.0049785441708848546
577.93,0.006176900672969593
578.13,0.0021100787589345676
578.33,0.005949978368313275
578.53,0.005679931101567416
578.72,0.008111601655211067
578.92,0.0019909388766088235
579.12,0.005594544708001252
579.32,0.0036436357318188747
579.52,0.003851661561814362
579.71,0.004801080730766168
579.91,0.008052185762276218
580.11,0.00537336482713606
580.31,0.006663018461979034
580.51,0.004849612529210709
580.7,0.005492558042797059
580.9,0.003623047255444314
581.1,0.004714966481766683
581.3,0.0074688467094106824
581.49,0.005487951658759135
581.69,0.0038827384700885793
581.89,0.004814232012405508
582.09,0.004940108758931028
582.29,0.005614480489909526
582.48,0.005909416173364655
582.68,0.005612361112478401
582.88,0.004491777667726903
583.08,0.006792246945300691
583.27,0.005333522945966078
583.47,0.005576052082275861
583.67,0.0029457862865550767
583.87,0.004366581975909612
584.06,0.005967880659974211
584.26,0.006537586399347447
584.46,0.003605391197586566
584.66,0.005090068635086486
584.85,0.005071113806536828
585.05,0.00397541418280441
585.25,0.004545112646274209
585.45,0.006678805403726648
585.64,0.005762198183833012
585.84,0.004750469172735811
586.04,0.0018899762183804292
586.24,0.004726889163865158
586.43,0.004681905811071334
586.63,0.003600330038669467
586.83,0.0019174147144649116
587.03,0.007032700498667776
587.22,0.0023708559824688613
587.42,0.00828578426236644
587.62,0.0045395788955229855
587.82,0.00510629200517812
588.01,0.0024550237579177804
588.21,0.004646724908682213
588.41,0.006581500109014183
588.6,0.005234876956119847
588.8,0.0028818561453345503
589.0,0.0031192686999404343
589.2,0.003953580339183511
589.39,0.005126507143567136
589.59,0.0051380814865861265
589.79,0.004717610766010746
589.98,0.005653909188350751
590.18,0.004477373437100829
590.38,0.006662506527087043
590.58,0.002332042705553474
590.77,0.004077030747592835
590.97,0.008503041386327792
591.17,0.003842962851359107
591.36,0.0034806858190704996
591.56,0.0031931188837845377
591.76,0.004803001095268196
591.96,0.003923267832559837
592.15,0.0036695327122806152
592.35,0.002867752627814056
592.55,0.0052441262879409185
592.74,0.00238662840960759
592.94,0.006418693014499472
593.14,0.004775373237685705
593.33,0.0057273791279622574
593.53,0.0033223733086168473
593.73,0.004215579134400643
593.92,0.005753224532117784
594.12,0.005436416667307691
594.32,0.007016692658695782
594.51,0.003550161508282552
594.71,0.0047428112882156965
594.91,0.004775373237685705
595.11,0.003929074988527584
595.3,0.007690720784938576
595.5,0.0033232783867595955
595.7,0.006951175904739045
595.89,0.002670227419710162
596.09,0.003666805568411675
596.29,0.0017877495723833845
596.48,0.0017143507685199162
596.68,0.0071385230755386
596.88,0.005456710377417716
597.07,0.0077144609719339285
597.27,0.003496927222489103
597.47,0.006607829283772622
597.66,0.0033090459672491398
597.86,0.005879430523257658
598.06,0.0017247558387267676
598.25,0.0028457907928875086
598.45,0.00468433410576493
598.64,0.00433198300470419
598.84,0.003931257106612087
599.04,0.004301508474660926
599.23,0.003899493663611786
599.43,0.004048553157318706
599.63,0.00512745487583686
599.82,0.0021625544988590696
600.02,0.005460277363950752
600.22,0.006549692039772224
600.41,0.002389987501590572
600.61,0.0054643596345350254
600.81,0.006553102425165711
601.0,0.0040197270976173385
601.2,0.0036840680021781582
601.39,0.003911344622025375
601.59,0.005025265707232398
601.79,0.0023468273419802407
601.98,0.00433521598731281
602.18,0.0051635689309646095
602.38,0.006256426473022952
602.57,0.00686151199844893
602.77,0.005922301127886857
602.96,0.004469785005271823
603.16,0.0033833962971849337
603.36,0.00256993282908315
603.55,0.0042316639333753155
603.75,0.0024182425991228114
603.95,0.005757466356764007
604.14,0.0034934232510100585
604.34,0.006749375296690106
604.53,0.005744759606272102
604.73,0.005374948540365024
604.93,0.004689121378764109
605.12,0.005975030341309783
605.32,0.003959477645400226
605.51,0.0009710438137237115
605.71,0.006724949338403447
605.91,0.006914785103138435
606.1,0.0024089996219058924
606.3,0.0042499744225163475
606.49,0.002430008073610195
606.69,0.003954636054042224
606.89,0.004849350434973526
607.08,0.0033575438104992907
607.28,0.00039884345025575425
607.47,0.007153740143553118
607.67,0.0031931687366728713
607.87,0.004166522464975473
608.06,0.002801558164593547
608.26,0.0064741527540320525
608.45,0.005087949501251617
608.65,0.005290808964853473
608.84,0.003498188105375438
609.04,0.0020381190578650323
609.24,0.004220237762125952
609.43,0.004158323357842091
609.63,0.003781784591061514
609.82,0.0016485582098359406
610.02,0.004013534447149207
610.21,0.0044185905165477525
610.41,0.0035690573418818176
610.61,0.005290812265928843
610.8,0.005642762715263546
611.0,0.003377491788384274
611.19,0.005823416759553303
611.39,0.005640787903794089
611.58,0.0016894079768894766
611.78,0.0006592757108798302
611.98,0.004046087628380056
612.17,0.0023178748498767394
612.37,0.004229057690623798
612.56,0.0006441558441558475
612.76,0.001824615671688451
612.95,0.00464122388058752
613.15,0.0033152068958783288
613.34,0.0026215252257201027
613.54,0.004371054206387443
613.73,0.003762857495050277
613.93,0.003011274644676619
614.13,0.004699966809779811
614.32,0.0022956828717168114
614.52,0.0025602904422976575
614.71,0.0031886410059172175
614.91,0.004970153091722642
615.1,0.003570969502946575
615.3,0.003013321134592875
615.49,0.004030712986014999
615.69,0.002227566552296661
615.88,0.0014477948775425496
616.08,0.004779025984641001
616.27,0.003403054277372688
616.47,0.0032066109854684637
616.66,0.0006248163079162183
616.86,0.0033922568744382577
617.06,-0.0022784061695892734
617.25,0.0048606644413166375
617.45,0.003878218587884104
617.64,0.006776894534708125
617.84,0.0018579748223146169
618.03,0.006215013717579669
618.23,0.005526590658980455
618.42,0.0038514732753515955
618.62,-0.00199689294117819
618.81,0.00550854239627615
619.01,0.0057027220011078876
619.2,0.003011047238012314
619.4,0.005939547919831584
619.59,0.005504648373047095
619.79,0.0034920933054967632
619.98,-0.0001253766831819685
620.18,0.006022026953246467
620.37,0.002838195603003284
620.57,0.0012646633763659999
620.76,0.0035753856076306484
620.96,0.002861757948970944
621.15,0.0031263871335828995
621.35,0.002752913783947306
621.54,0.0035350055972668483
621.74,0.0028037987479310935
621.93,0.004373523557272414
622.13,0.0037752776506012075
622.32,0.002213225760756885
622.51,0.0037752776506012075
622.71,0.004515385498465106
622.9,0.00414628021112173
623.1,0.003952486304666405
623.29,0.00642196773957888
623.49,0.00491789936867545
623.68,0.004029037776078792
623.88,0.006052649367231217
624.07,0.00480356223073234
624.27,0.006250478520143132
624.46,0.0033699421290090915
624.66,0.004207873951517834
624.85,0.0030225260018023697
625.05,0.0029054158734605467
625.24,0.005459815714346141
625.43,0.0028378739825360225
625.63,0.003881182169814867
625.82,0.00551789995517957
626.02,0.0025512870130124403
626.21,0.006438342100409551
626.41,0.003981325751004988
626.6,0.004774985027795532
626.8,0.0007079132071354077
626.99,0.002305702242874351
627.19,0.0035862992389092577
627.38,0.004084376705928215
627.57,0.004067984068372468
627.77,0.006016768082474965
627.96,0.001906850345366711
628.16,0.004064849081273884
628.35,0.005844512928087163
628.55,0.003657065334384378
628.74,0.00522205099574664
628.93,0.006396326739088434
629.13,0.006051384411329816
629.32,0.0020274937473957226
629.52,0.0016805136479254089
629.71,0.004148323711959165
629.91,0.0057015385422339365
630.1,0.0031075660298693192
630.29,0.005087785027858404
630.49,0.0031781895760773483
630.68,0.004045735380283158
630.88,0.0037404844477011753
631.07,0.0023352556325864507
631.27,0.00622259065718798
631.46,0.00416068563508861
631.65,0.0035224617596404375
631.85,0.002298353736597234
632.04,0.004685988646588695
632.24,0.004352666834391128
632.43,0.005379249863936995
632.62,0.0020864802032807732
632.82,0.003703302924658945
633.01,0.0025935053156887636
633.21,0.007040677687651484
633.4,0.0031021305952624043
633.59,0.005419561735084316
633.79,0.004221323274418596
633.98,0.007810324235631405
634.18,0.0027775740657315843
634.37,0.0038526462435503677
634.56,0.0017288588477617334
634.76,0.006017611828471985
634.95,0.006180346491846558
635.14,0.0035240680713908845
635.34,0.006700529661524413
635.53,0.002034981352247881
635.73,0.004095963688784529
635.92,0.0031857123981103505
636.11,0.00254015221657566
636.31,0.0051629494314034165
636.5,0.005707200217550591
636.7,0.0037844804568942037
636.89,0.0014722918784084364
637.08,0.0032374343069690604
637.28,0.0030375212964063587
637.47,0.003162140763845713
637.66,0.00345266523480868
637.86,0.006566275358563422
638.05,0.0012835389558699369
638.24,0.0028688700427613265
638.44,0.0021653130409900827
638.63,0.0049231297709679996
638.83,0.006716700456182803
639.02,0.005120958547929847
639.21,0.007130360074631084
639.41,0.0013901130351620095
639.6,0.0032849644271950636
639.79,0.004355604831084961
639.99,0.003243684912901422
640.18,0.003839563667913355
640.37,0.0024087804121210887
640.57,0.008054941941864905
640.76,0.0053119578363551015
640.95,0.0035016906011612094
641.15,0.004874482167722691
641.34,0.005882694676560109
641.53,0.007952311638263845
641.73,0.005544526894632884
641.92,0.006159802828511053
642.11,0.0037158637426354035
642.31,0.005478720786646668
642.5,0.00573631955332875
642.69,0.0013287967733656711
642.89,0.0053944739678211
643.08,0.005990842721818258
643.27,0.004780336226047937
643.47,0.005492684723625297
643.66,0.004212986198141124
643.85,0.0028877501109258207
644.05,0.0023872743581300855
644.24,0.003292378042543412
644.43,0.0025903013749378643
644.63,0.0026915658684611788
644.82,0.006510718322057245
645.01,0.0009539698878470957
645.2,0.001406542433530981
645.4,0.004316165588742716
645.59,0.00467730088783402
645.78,0.0025243552184606856
645.98,0.0053108511622078315
646.17,0.006631539211991978
646.36,0.00383904961794314
646.56,0.0035996562908831966
646.75,0.0030137184785646097
646.94,0.005552105941690298
647.13,0.005460277363950752
647.33,0.006570454720005263
647.52,0.003918859985308953
647.71,0.004751810927302478
647.91,0.000603576028603938
648.1,0.005736144085333581
648.29,0.0058437040174678595
648.49,0.004131296568146681
648.68,0.002553925209485744
648.87,0.005997618085949019
649.06,0.003802088631143337
649.26,0.003658648403988407
649.45,0.0026612421932132478
649.64,0.0033805737872995957
649.83,0.006102645523903763
650.03,0.0077850990752075175
650.22,0.003465702737115564
650.41,0.005172233002214333
650.61,0.002575715826065492
650.8,0.0018318148300182136
650.99,0.003882538477677175
651.18,0.0042482688161744105
651.38,0.003910361185230513
651.57,0.006018895227297841
651.76,0.002213541445807251
651.95,0.000138579287851547
652.15,0.0046441076428038654
652.34,0.004714966481766683
652.53,0.008176813117602934
652.72,0.0053152031603434895
652.92,0.004792874122408048
653.11,0.003615556324079609
653.3,0.005647572779982514
653.49,0.004737093185115315
653.69,0.005829158481546687
653.88,0.005785270293556176
654.07,0.0035705679900653446
654.26,0.0017482630572439582
654.46,0.0007963568449660647
654.65,0.005420818720073538
654.84,0.005181581177819976
655.03,-0.0008066966368133302
655.23,0.005855812482416975
655.42,0.0035603900877810334
655.61,0.0077367119947558865
655.8,0.0015752181276336092
655.99,0.004471623930854762
656.19,0.0036131793376817647
656.38,0.003839238581157194
656.57,0.005906622511826343
656.76,0.007024612099108007
656.96,0.0036481274480743074
657.15,0.009009726030639865
657.34,0.002121834104296964
657.53,0.004609515065331969
657.72,0.003950215430475493
657.92,0.00695603236504065
658.11,0.00412148296993688
658.3,0.002987168049286057
658.49,0.006831851992700867
658.68,0.006289577898153021
658.88,0.004447232020621336
659.07,0.00596186425404607
659.26,0.0036004157223798517
659.45,0.005555739740508848
659.64,0.004708643080198265
659.84,0.004210095799275456
660.03,0.0028996818257281333
660.22,0.0065152080871928725
660.41,0.00131407704596884
660.6,0.007288615881176871
660.8,0.003328471858730808
660.99,0.002753644012102817
661.18,0.0073148954225510515
661.37,0.0039555624151607315
661.56,0.003910085072413556
661.76,0.005723230824536063
661.95,0.0017753158834936456
662.14,0.0058508433448962735
662.33,0.005756874177147933
662.52,0.006455728528912089
662.71,0.00521666178975375
662.91,0.005319719597893918
663.1,0.0009127595324092071
663.29,0.001976469215389305
663.48,0.0047148833910491085
663.67,0.00421213548123779
663.86,0.0057059172696404875
664.06,0.001701277762229536
664.25,0.0031038327669521493
664.44,0.006526723043934503
664.63,0.007071019344993393
664.82,0.00579219768235018
665.01,0.0043270588704706885
665.21,0.00430601227632164
665.4,0.0061141569824855685
665.59,0.003805839891393895
665.78,0.004368287287234591
665.97,0.006122546107704217
666.16,0.005670865480483133
666.35,0.0004452756894160909
666.55,0.0039005222853726366
666.74,0.00696280865849935
666.93,0.004586366148861826
667.12,0.006531212082547965
667.31,0.003685039982878382
667.5,0.007368667201262532
667.69,0.005675345513344011
667.89,0.0060589546996634835
668.08,0.006755586225476023
668.27,0.00661776405873535
668.46,0.006067465772830419
668.65,0.0016579868874564043
668.84,0.0019408202215324595
669.03,0.004635777986459757
669.22,0.00312137990036844
669.42,0.004403321920479493
669.61,0.0034213013226437492
669.8,0.007985876785508383
669.99,0.006384489940945734
670.18,0.004343876894852303
670.37,0.007859326875583418
670.56,0.002652567699230042
670.75,0.00809124285989683
670.94,0.005118728091403768
671.14,0.00537590700458353
671.33,0.0032308159787776194
671.52,0.00859685543700414
671.71,0.0058067818782679935
671.9,0.004115649427632365
672.09,0.003297179520705972
672.28,0.00588738231378078
672.47,0.0046371657401787355
672.66,0.0052135101645041735
672.85,0.00659163480583089
673.05,0.004817226814837369
673.24,0.003853491652569629
673.43,0.00254191868373054
673.62,0.0038678263033164254
673.81,0.0007531117074605236
674.0,0.009067289987412318
674.19,0.003583505192103283
674.38,0.005197291117677296
674.57,0.004482321424104183
674.76,0.006444779253983477
674.95,0.005433283065687725
675.15,0.003077754819460309
675.34,0.005654863729188466
675.53,0.006384489940945734
675.72,0.0036634351307494816
675.91,0.0047296686303144745
676.1,0.005096316421282419
676.29,0.006021505219694074
676.48,0.00536983856616807
676.67,0.004326526514128548
676.86,0.004168183624233677
677.05,0.0032712766653542713
677.24,0.0037462206179952385
677.43,0.0018860751822257196
677.62,0.007903656188238538
677.81,0.005417291820563556
678.0,0.0022558136763624202
678.2,0.008787485313201868
678.39,0.005559647508036995
678.58,0.003967139694135203
678.77,0.0056433577923971886
678.96,0.0048781123533353475
679.15,0.0028833162180071244
679.34,0.005273976616701065
679.53,0.0035422416848990687
679.72,0.008275125832145637
679.91,0.00502007845106644
680.1,0.004559527782951287
680.29,0.005653197623738133
680.48,0.005215870729972841
680.67,0.005165161096997614
680.86,0.006461180735465094
681.05,0.00530791318267016
681.24,0.006090688250308415
681.43,0.005456687207468347
681.62,0.0024938899147209197
681.81,0.006013410404624281
682.0,0.005144103455469284
682.19,0.002818003191793589
682.38,0.002634462308884292
682.57,0.002420843967423792
682.76,0.00476751579546365
682.95,0.00514515225888356
683.14,0.006057642822298838
683.33,0.0038772139889374567
683.52,0.002534966174988313
683.71,0.005846202314573281
683.9,0.005492947510286807
684.09,0.0056445062786485
684.28,0.0023304423214592857
684.47,0.005952808982903143
684.66,0.005273640330287523
684.85,0.008511426591126692
685.04,0.003967139694135203
685.23,0.006834053326992018
685.42,0.008681831905816438
685.61,0.0011802311831956437
685.8,0.006154229846507191
685.99,0.0020279416111664583
686.18,0.007580176208066559
686.37,0.0027492654242233525
686.56,0.0027521237427237427
686.75,0.0032010695355430717
686.94,0.0035364272674299996
687.13,0.002723525016348926
687.32,0.004832461091375376
687.51,0.002327545704212053
687.7,0.0032513370096841497
687.89,0.0034780821021745062
688.08,0.0023304423214592857
688.27,0.005343511735448186
688.46,0.002560964545905943
688.65,0.00532482737289921
688.84,0.002278241666135501
689.03,0.0036572413416729012
689.22,0.005818039033075189
689.41,0.004492183858803821
689.6,0.00400099708058186
689.79,0.006978993527841766
689.98,0.006929803024708427
690.17,0.0036467948125171526
690.36,0.006622996407252313
690.55,0.004144625640928796
690.74,0.004916824262067232
690.93,0.0061032654017012175
691.12,0.00803403141666017
691.31,0.005592948482792798
691.49,0.0032675263579559546
691.68,0.003758949948901004
691.87,0.007329703463341946
692.06,0.00036254984121068763
692.25,0.007665285695207974
692.44,0.006248637020065714
692.63,0.005413351080760443
692.82,0.005009906304843901
693.01,0.00475318662038693
693.2,0.007657995815032817
693.39,0.0051727625930377535
693.58,0.006227698019363764
693.77,0.003847795932850481
693.96,0.0032487143781402333
694.15,0.006997360322592742
694.33,0.005033812404378738
694.52,0.00359307889211921
694.71,0.006343954939616743
694.9,0.004674590842753112
695.09,0.0060271515518216445
695.28,0.006901613405680329
695.47,0.0015138099884366481
695.66,0.007922264315374166
695.85,0.0071972912322360045
696.04,0.006579054536032138
696.23,0.0057353396227772906
696.42,0.00447750270102592
696.6,0.0043725392851548745
696.79,0.004616508880237793
696.98,0.006106507862554082
697.17,0.003889653383891031
697.36,0.008395020821308379
697.55,0.007381547621550163
697.74,0.005847403288059979
697.93,0.00898584985981493
698.12,0.006358198106731433
698.31,0.005867549078678943
698.49,0.006289609647035465
698.68,0.005011740872940599
698.87,0.005537584547151472
699.06,0.004955095763103545
699.25,0.008462964332050977
699.44,0.006882235952457386
699.63,0.003710384779640008
699.82,0.008181631358253758
700.0,0.002665283419962558
700.19,0.0022163467548687817
700.38,0.004124065144419406
700.57,0.0004876737803741752
700.76,0.004379305204215129
700.95,0.006262206835082943
701.14,0.007005859780392118
701.33,0.0059372602188666355
701.51,0.004848864695770318
701.7,0.005467245244291377
701.89,0.005515093889452068
702.08,0.004669067975216275
702.27,0.002875284392937565
702.46,0.005581066264874624
702.65,0.007573882908154566
702.83,0.003550524869603665
703.02,0.006654550962863568
703.21,0.005014763422257683
703.4,0.003234518586539464
703.59,0.0053221384767111555
703.78,0.0032734938199327256
703.97,0.0036141495938435786
704.15,0.002583948629913219
704.34,0.005914053874402418
704.53,0.0006037897033411725
704.72,0.003001180902004787
704.91,0.0028566670509716555
705.1,0.0027579776284819947
705.28,0.004542068203119372
705.47,0.0037675645052412947
705.66,0.0029446918917534664
705.85,0.006225144922277886
706.04,0.0036470295919666007
706.23,0.009702272339261091
706.41,0.006054059154110851
706.6,0.0054179152666197355
706.79,0.005296075799257181
706.98,0.0036556519245932234
707.17,0.0033223965537587164
707.35,0.005714928096013729
707.54,0.004234768026830636
707.73,0.0038904503105905304
707.92,0.007203914221852266
708.11,0.005276341170450043
708.3,0.007445124112525095
708.48,0.004805323749989566
708.67,0.006386066647400951
708.86,0.004347304160345919
709.05,0.004384000575317678
709.24,0.0029417466995792694
709.42,0.00537525674579763
709.61,0.0037196566163317153
709.8,0.00667639140468718
709.99,0.00564588461245958
710.18,0.006245800227488925
710.36,0.006005335520312379
710.55,0.006212817185509525
710.74,0.005505077776785972
710.93,0.007058262567367511
711.12,0.003984424339373883
711.3,0.0033111980571718215
711.49,0.005863347012700713
711.68,0.00471078077851077
711.87,0.007237610067558534
712.05,0.007343551606394353
712.24,0.008192105212865843
712.43,0.0027313244735585915
712.62,0.0026299847279507567
712.81,0.008226512260145131
712.99,0.0029744714442253304
713.18,0.006780846947593528
713.37,0.006667588219924177
713.56,0.00016552036730143563
713.74,0.0017706751331917443
713.93,0.002052250661536111
714.12,0.006875613319272844
714.31,0.004238120791935003
714.49,0.006014947683109123
714.68,0.007528335654831579
714.87,0.00245765395128913
715.06,0.006981217401790833
715.24,0.005019058456624305
715.43,0.006258259335665386
715.62,0.007252537457415676
715.81,0.0015262297560599924
715.99,0.007102657883533101
716.18,0.0033518702847064675
716.37,0.00399412988361882
716.56,0.005589090096132354
716.74,0.004805766419493517
716.93,0.009681784101847116
717.12,0.0032981544086302934
717.31,0.002144706500987572
717.49,0.006346799378187183
717.68,0.006603253064083838
717.87,0.003724417067047351
718.06,0.007831402517054609
718.24,0.00497584982854032
718.43,0.008699430332912997
718.62,0.0037040345568769813
718.8,0.006939816358498409
718.99,0.008113938610572911
719.18,0.005271931092624035
719.37,0.006717701039869284
719.55,0.006736019188150721
719.74,0.003010615171442655
719.93,0.005298942568857755
720.11,0.007390614451594269
720.3,0.005976128707182476
720.49,0.004172023368206862
720.68,0.0038649448602056297
720.86,0.0023426927073573064
721.05,0.0034596845196747696
721.24,0.0070282379076907694
721.42,0.0028017073883922195
721.61,0.009534232110804258
721.8,0.0031151853075525146
721.98,0.003087993196908087
722.17,0.007750344471955353
722.36,0.0035851014159684743
722.55,0.004310779158770946
722.73,0.0052441490961274055
722.92,0.006860024688492424
723.11,0.007766466383238698
723.29,0.00455219024720443
723.48,0.005361550100764881
723.67,0.007051276110177683
723.85,0.007160210436778667
724.04,0.005277253400302273
724.23,0.006709541923006206
724.41,0.006463754491254912
724.6,0.006337672277367618
724.79,0.0066766458485354235
724.97,0.0062682096330409914
725.16,0.009355895447857514
725.35,0.004313937022031663
725.53,0.004468588827627097
725.72,0.002761111074278622
725.91,0.004457782961939358
726.09,0.009734979257043027
726.28,0.004235069094425296
726.47,0.009791351541562836
726.65,0.005693278634847065
726.84,0.008935610447140307
727.03,0.008949036567684835
727.21,0.0054169222503969725
727.4,0.005057792373872157
727.59,0.008798486324418982
727.77,0.0038256042194022765
727.96,0.004118789337094029
728.15,0.004740479260458646
728.33,0.0009222057100384604
728.52,0.0031561010897262517
728.7,0.009237071028281793
728.89,0.004924422307182238
729.08,0.003752395912098879
729.26,0.011455131949912377
729.45,0.005393136681317617
729.64,0.004264408454057378
729.82,0.005447882673749595
730.01,0.0046263789313895215
730.2,0.006913618991044714
730.38,0.009258592584807827
730.57,0.0038927991891373644
730.75,0.004358772011616726
730.94,0.006215477577001585
731.13,0.007936410011749018
731.31,0.005530358395596586
731.5,0.007154168480006932
731.68,0.0060771168024888736
731.87,0.004669529146216277
732.06,0.003924840801476811
732.24,0.006060818685042984
732.43,0.006884223839335686
732.62,0.0050163776295067105
732.8,0.006885964373785594
732.99,0.002333854341128154
733.17,0.004940777653918279
733.36,0.007887528068365658
733.55,0.007448828640575957
733.73,0.005115190853537169
733.92,0.0038923593321738862
734.1,0.005009374601973168
734.29,0.005354772377955232
734.48,0.004345517438811336
734.66,0.0072833472127823975
734.85,0.007545700712307215
735.03,0.004393773432044611
735.22,0.007154372722359218
735.4,0.0023697852609971238
735.59,0.0036243813023137017
735.78,0.011441233293165516
735.96,0.008505700320193798
736.15,0.005036219196013254
736.33,0.007073751909978419
736.52,0.0095715569002081
736.7,0.004162192244683608
736.89,0.009499191464168404
737.08,0.009414939130247863
737.26,0.006780138066715351
737.45,0.0034806871314844766
737.63,0.005147208859972751
737.82,0.005481946534422701
738.0,0.00846693370206201
738.19,0.00856115977586046
738.38,0.00769614274344408
738.56,0.007105799975025337
738.75,0.008323424494649232
738.93,0.009692393042151123
739.12,0.009394191892934101
739.3,0.002425805086207024
739.49,0.005110097638938997
739.67,0.006160456061628408
739.86,0.005738418342805567
740.04,0.004253795170361509
740.23,0.0058942760569107066
740.42,0.0046966379578460005
740.6,0.00662050416995978
740.79,0.006256527586891876
740.97,0.005295567603796849
741.16,0.006409442309549194
741.34,0.005417492660551789
741.53,0.005410973826199584
741.71,0.008948779310210542
741.9,0.009620025917256293
742.08,0.004341773879384147
742.27,0.0045100522545656755
742.45,0.011505761974938035
742.64,0.0042359977011639
742.82,0.00536769939318044
743.01,0.007861707463229414
743.19,0.0023859735995484534
743.38,0.0011766451672859722
743.57,0.005319971805890425
743.75,0.004592981844764623
743.94,0.006654715710968411
744.12,0.003465250355896534
744.31,0.003680407220379829
744.49,0.00794517891198242
744.68,0.011282789206671353
744.86,0.0041342299697753725
745.05,0.004692215075118045
745.23,0.00611500845555849
745.42,0.0028277235161159424
745.6,0.010433838637608694
745.79,0.009329986877733705
745.97,0.009199193911866852
746.16,0.009854087477095074
746.34,0.011351118253728962
746.52,0.005101963352259793
746.71,0.007005297667626071
746.89,0.005479472576420746
747.08,0.0063420546607646355
747.26,0.00645391413731416
747.45,0.003471863004335789
747.63,0.007644379935745772
747.82,0.008785587354729112
748.0,0.007695282578700625
748.19,0.007120184512799439
748.37,0.006311133844737843
748.56,0.006004297138207666
748.74,0.0020334829676214774
748.93,0.004208458549589618
749.11,0.006845762308020191
749.3,0.005731273518419191
749.48,0.007900227923701663
749.67,0.00590802664530779
749.85,0.013310054846310733
750.03,0.006347164158108722
750.22,0.013686705882534952
750.4,0.006901320085530281
750.59,0.005484550695043089
750.77,0.007404363964152307
750.96,0.011202160021372582
751.14,0.005712625720195358
751.33,0.00778552805910894
751.51,0.001071992807274073
751.69,0.008188422918821487
751.88,0.007157842581590719
752.06,0.0051726389900843385
752.25,0.007050902018363223
752.43,0.003898289551958924
752.62,0.007563212206006494
752.8,0.01150356286144733
752.99,0.006437201746370196
753.17,0.0079864310310001
753.35,0.0062288483198674836
753.54,0.007831775671391027
753.72,0.007739722066140221
753.91,0.007080531997598516
754.09,0.0036380476791202433
754.28,0.008675936299252824
754.46,0.0051117921144085594
754.64,0.006584942994942654
754.83,0.005658805010648295
755.01,0.012805692041457229
755.2,0.007609519541811673
755.38,0.011841103147247631
755.56,0.005959124568531527
755.75,0.006533615546598984
755.93,0.00841413471726975
756.12,0.012782710067951022
756.3,0.0015797342508201272
756.48,0.00407282717520463
756.67,0.008903582489674962
756.85,0.0037255583819587306
757.04,0.0015835566868142718
757.22,0.008389905961913833
757.4,0.002847214636734786
757.59,0.015497650385157501
757.77,0.00943613865415326
757.96,0.006688424570233445
758.14,0.01543322108660025
758.32,0.009660790385825284
758.51,0.006968804131114761
758.69,0.010664138445508429
758.87,0.007953558201492
759.06,0.013339237467725643
759.24,0.010327277279487013
759.43,0.006659571095870869
759.61,0.005407699213871886
759.79,0.010991393974731251
759.98,0.0028814142328957124
760.16,0.01037401819032077
760.34,0.011479033411995862
760.53,0.004134532136028867
760.71,0.007718456218961042
760.9,0.007660441480196273
761.08,0.01016875291567383
761.26,0.008531829985413129
761.45,0.007674997052459394
761.63,0.010398360931558995
761.81,0.003805510074281012
762.0,0.005247183806937809
762.18,0.009814076732551582
762.36,0.010528442849084092
762.55,0.006416246253850505
762.73,0.009054817435829454
762.91,0.006218237990886261
763.1,0.008101275856114462
763.28,0.0025064741916360784
763.46,0.011368834467947009
763.65,0.005379749425118051
763.83,-0.0006896819957939747
764.01,0.009698608818087914
764.2,0.01199229282853743
764.38,0.0005261444732748655
764.56,0.013830409083385533
764.75,0.00873094937666913
764.93,0.007423128012120544
765.11,0.00483168842541125
765.3,0.006219000072822021
765.48,0.008309708958115215
765.66,0.010413178847546388
765.85,0.0029089873359899243
766.03,0.004200862251524179
766.21,0.008291823160590104
766.4,0.005095169558076591
766.58,0.01265221846721787
766.76,0.005799072930489875
766.95,0.0077153805709433585
767.13,0.005711734450009913
767.31,0.0015093717415121876
767.49,0.010407211140833369
767.68,0.005541874214298222
767.86,0.0073332995353120566
768.04,0.0020716172981846757
768.23,0.006711158372220724
768.41,0.0034571339277320334
768.59,0.0040052526244145886
768.78,0.010071375022239756
768.96,0.0063120296164534545
769.14,0.0018945612181042201
769.32,0.009507714595206154
769.51,0.002631801489902037
769.69,0.007155515550535101
769.87,0.004915995355703004
770.06,0.009630543240111752
770.24,0.004361026608293682
770.42,0.00922254435220847
770.6,0.0054870898621601875
770.79,0.003251100017787633
770.97,0.007669746800376206
771.15,0.006779693422011897
771.33,0.004060811557625811
771.52,0.0032470521493992385
771.7,0.006586390920293047
771.88,0.012683572564824849
772.07,0.006873395315100676
772.25,0.002408670619128034
772.43,0.005378671091297224
772.61,0.010065758286638067
772.8,0.007342648017902044
772.98,0.005593281270391419
773.16,0.00786593789998089
773.34,0.006124506601976843
773.53,0.002636065644024493
773.71,0.00886818467362307
773.89,0.006041078158739192
774.07,0.007502730631974063
774.26,0.008178202403450652
774.44,0.003855738075237018
774.62,0.007467297574590931
774.8,0.008509950782630928
774.99,0.0027617271495103336
775.17,0.006889826126538873
775.35,0.005410250479546027
775.53,0.005844107171785806
775.71,0.0015114653820395877
775.9,0.001648004023278359
776.08,0.006674788745861859
776.26,0.0054643057136016145
776.44,0.006282194640926668
776.63,0.004113579668980915
776.81,0.00767052969719724
776.99,0.0014033724326745266
777.17,0.0064354922003121975
777.35,0.007755347993509463
777.54,0.005271636023150428
777.72,0.006412022359723351
777.9,0.003832200457733715
778.08,0.008179002960515918
778.27,0.005838612724359026
778.45,0.0035949380692657028
778.63,0.0011312353041485884
778.81,0.007935326236858876
778.99,0.002652946299524651
779.18,0.005208335869728787
779.36,0.007420671148569751
779.54,0.00911754823360147
779.72,0.0050149697266769835
779.9,0.009622865566520623
780.08,0.005838163021929197
780.27,0.007089181406953173
780.45,0.00894657558347949
780.63,0.002010318937624151
780.81,0.009827976548504539
780.99,0.006647260982940365
781.18,0.006493594618544674
781.36,0.008404067106558338
781.54,0.0024578031581530854
781.72,0.0047960154485448105
781.9,0.008205944728633376
782.08,0.0031795280535964554
782.27,0.004353982755740596
782.45,0.009874036652465558
782.63,0.011414874028244428
782.81,0.008877850473360382
782.99,0.007257377506215923
783.17,0.005899189969017592
783.36,0.0038664038976125446
783.54,0.009656642828587933
783.72,0.004561396374344198
783.9,0.012737952357864455
784.08,0.011859981004458576
784.26,0.0012826496982913857
784.45,0.004809560850647447
784.63,0.014341639544401137
784.81,0.0023614883580984946
784.99,0.009569043178330672
785.17,0.01484353054812491
785.35,0.0044538680000697824
785.53,0.009064643651598713
785.72,0.009763460808702624
785.9,0.007493458863830373
786.08,0.014883284965349035
786.26,0.011504063346530534
786.44,0.010680099780385224
786.62,0.008445307755195731
786.8,0.006052070933036807
786.99,0.008997492280583004
787.17,0.01058211056956941
787.35,0.006908450031926935
787.53,0.011189747125504437
787.71,0.004292070779799103
787.89,0.0046685836466858425
788.07,0.010718621538518656
788.25,0.012604178919997969
788.43,0.012328710835961992
788.62,0.008869409469410998
788.8,0.007280254158189336
788.98,0.009835691071372273
789.16,0.009103386393622145
789.34,0.009060266843395047
789.52,0.010869347687527032
789.7,0.008993887862379209
789.88,0.0069019942536966685
790.06,0.013109670916033468
790.25,0.011382520252035974
790.43,0.006809357949748385
790.61,0.011021217099387151
790.79,0.00925205762511174
790.97,0.008054676282317066
791.15,0.009337703219759458
791.33,0.010222865011559704
791.51,0.012640025597510523
791.69,0.009292117546380894
791.87,0.010841929709839408
792.05,0.009014944153326364
792.24,0.009050708662980703
792.42,0.012039219180649747
792.6,0.00858656081174311
792.78,0.010897336529144283
792.96,0.01390182118829299
793.14,0.01228691074914972
793.32,0.011219526327761076
793.5,0.007165150436602656
793.68,0.013426671828746942
793.86,0.01260704284842702
794.04,0.009380140856713228
794.22,0.012755714176272871
794.4,0.009054707289770257
794.58,0.008152172198310005
794.76,0.01138605268235269
794.95,0.003934401863219868
795.13,0.010652960377273608
795.31,0.016698489359902903
795.49,0.012175687702081564
795.67,0.012478367793059483
795.85,0.012770765751028887
796.03,0.009416149661717069
796.21,0.01364643625798471
796.39,0.017901423282040838
796.57,0.013294418817476911
796.75,0.011564463115949398
796.93,0.012150913570635288
797.11,0.016346340261233886
797.29,0.008503621626532698
797.47,0.011932782768335868
797.65,0.009530876269123871
797.83,0.009723247072594076
798.01,0.015061940728467909
798.19,0.004906192976923766
798.37,0.009484449113101607
798.55,0.007696287370785624
798.73,0.013340578688713255
798.91,0.004593403135775819
799.09,0.009565336545639362
799.27,0.007115773197453898
799.45,0.009172347980686436
799.63,0.008963750526350107
799.81,0.014593762542003764
799.99,0.007389578895691316
800.17,0.014055615513497913
800.35,0.016002971211279707
800.53,0.012436011592004415
800.71,0.010865211397965152
800.89,0.01265029215704128
801.07,0.01137645572412823
801.25,0.01457574429952576
801.43,0.009497696940649093
801.61,0.013706431479386489
801.79,0.010502116319504554
801.97,0.03252362195040533
802.15,0.014842734007207386
802.33,0.01275528540511536
802.51,0.009296287190960272
802.69,0.007649158592554827
802.87,0.010807897523666156
803.05,0.016864301964941285
803.23,0.014913718272420471
803.41,0.02165162096386618
803.59,0.014973049082569797
803.77,0.01327351342994268
803.95,0.011497760106507392
804.13,0.01644124959670397
804.31,0.013243977777535235
804.49,0.016300364086729576
804.67,0.009689455643146164
804.85,0.012490717793308891
805.03,0.011822197242559918
805.21,0.011400333317599395
805.39,0.0069632205639896284
805.57,0.013158812469118316
805.75,0.017534349269781684
805.93,0.014925682738674248
806.11,0.016181397808705696
806.29,0.011149635426138735
806.47,0.014480969842831481
806.65,0.017087271261083406
806.83,0.017165515036577896
807.0,0.019589795076556327
807.18,0.016103727200387687
807.36,0.01600328210687173
807.54,0.016473537751700032
807.72,0.014597941180305097
807.9,0.012159435720597075
808.08,0.012649492084599272
808.26,0.020141094258910044
808.44,0.02227307621221964
808.62,0.012378867206092345
808.8,0.014069558239169555
808.98,0.012128642407357509
809.16,0.0226042430336306
809.34,0.00946101378171943
809.51,0.020076080485862183
809.69,0.0022234392197569195
809.87,0.015228884119471075
810.05,0.009430848120814753
810.23,0.016797738914827675
810.41,0.02021942225398605
810.59,0.01657563672229825
810.77,0.012144843462174267
810.95,0.01883675263612272
811.13,0.016321602289898835
811.31,0.02095748570183218
811.48,0.01629264705061211
811.66,0.009280343074798457
811.84,0.012533329777111168
812.02,0.02709311981258099
812.2,0.013408095787637441
812.38,0.016131705563344596
812.56,0.015694493315639487
812.74,0.017717474724550337
812.92,0.019130737979032204
813.1,0.01201343651114155
813.27,0.007503509867111328
813.45,0.019040002524604523
813.63,0.013164952896380285
813.81,0.015714842260919844
813.99,0.018074799760383595
814.17,0.015514451973540056
814.35,0.009439415664010171
814.53,0.027427251370529808
814.7,0.008596693083897256
814.88,0.017001437526688312
815.06,0.017557875346972222
815.24,0.01959201662260821
815.42,0.017773790702515797
815.6,0.028219778162743618
815.78,0.021201841831142394
815.95,0.02318044168437071
816.13,0.022663946640115392
816.31,0.019864031663349376
816.49,0.01378885032968544
816.67,0.01964315548225417
816.85,0.00921803960438709
817.03,0.020029580913758453
817.2,0.03534740376942246
817.38,0.021799150014845944
817.56,0.027726822459561214
817.74,0.025283311080972527
817.92,0.02689519098817124
818.1,0.0206690151822178
818.27,0.025308206674337138
818.45,0.015128141025250163
818.63,0.021512909932675402
818.81,0.020985760691266897
818.99,0.02342947668909081
819.17,0.030470864136706983
819.34,0.02098072810947411
819.52,0.016813382284032348
819.7,0.013508048943391606
819.88,0.017094436144478014
820.06,0.025875804577088515
820.24,0.02402948353491335
820.41,0.022153187418862606
820.59,0.01928427133139394
820.77,0.022073224817433807
820.95,0.020928124675886894
821.13,0.016635711971902244
821.3,0.026866914278049398
821.48,0.019091015305526357
821.66,0.023119304433806658
821.84,0.014106748178649426
822.02,0.024826924318150576
822.19,0.031133768951383884
822.37,0.027774102589365735
822.55,0.026802744287935932
822.73,0.023929865703286236
822.91,0.023136291321508705
823.08,0.02741726073779352
823.26,0.02328514096528011
823.44,0.022521648945588852
823.62,0.021983701358411913
823.8,0.020718632142894464
823.97,0.028387038060762853
824.15,0.027728383921488846
824.33,0.02716289057322692
824.51,0.02457931757089185
824.69,0.017344370034197268
824.86,0.023485541378574344
825.04,0.035219931581804226
825.22,0.02362509193257081
825.4,0.028227495068539846
825.57,0.03102200445895207
825.75,0.03995916828259052
825.93,0.029335899336733952
826.11,0.018038777275957325
826.28,0.039981022465161595
826.46,0.02707226100167064
826.64,0.03096625483863488
826.82,0.0252327288086111
826.99,0.03240288092324044
827.17,0.02282154420726127
827.35,0.034426020603212315
827.53,0.03018879409594717
827.7,0.04051539568669132
827.88,0.0353834566120391
828.06,0.028780374465526115
828.24,0.02059409758175606
828.41,0.031344055896950725
828.59,0.030183441987198127
828.77,0.020097476505412923
828.95,0.024179739184604386
829.12,0.036389661978449186
829.3,0.0365356633843999
829.48,0.03760139886315633
829.66,0.029721070345860863
829.83,0.03472118711952158
830.01,0.03728191825361453
830.19,0.033448977124780836
830.36,0.027946169864786218
830.54,0.028912092726130257
830.72,0.031114755197781254
830.9,0.039269331248842916
831.07,0.041311844605531715
831.25,0.022985193989954054
831.43,0.028948079074560908
831.6,0.034654820607797704
831.78,0.03081586913133584
831.96,0.03318578910246087
832.14,0.034858895445611236
832.31,0.038782470498177055
832.49,0.035991906542965114
832.67,0.03443110919272834
832.84,0.03306075901578371
833.02,0.030862267284405567
833.2,0.02846375401051364
833.37,0.045050599032948245
833.55,0.033881367708821025
833.73,0.037251401618634265
833.91,0.03957827005620591
834.08,0.03370257002067834
834.26,0.042191382064824985
834.44,0.03051466112330455
834.61,0.03139407494025556
834.79,0.031800012068315786
834.97,0.03041965856537861
835.14,0.04878343524602335
835.32,0.029834157150364117
835.5,0.0420268746748424
835.67,0.04048004888946488
835.85,0.04424165032492164
836.03,0.04855714249939482
836.2,0.023577770751258376
836.38,0.03970574343747924
836.56,0.032687855163248236
836.73,0.0372395925390818
836.91,0.03422013951370813
837.09,0.03697817142815862
837.26,0.04254758980382721
837.44,0.0517638463887708
837.62,0.04057871747267736
837.79,0.037620400348384694
837.97,0.045886673301987174
838.14,0.032818586049433496
838.32,0.03935786681178152
838.5,0.04591028530938577
838.67,0.036131202813389246
838.85,0.0337869944447393
839.03,0.04484210093793168
839.2,0.044650197968879625
839.38,0.054170947515239834
839.56,0.04602574741940238
839.73,0.04504162083710276
839.91,0.041318489380204014
840.08,0.034965104997965776
840.26,0.0485477943309129
840.44,0.057522704319774645
840.61,0.04352986979718189
840.79,0.045405812351464285
840.97,0.04837443852589044
841.14,0.03376558609836434
841.32,0.044493404892642065
841.49,0.04900111677977643
841.67,0.03731551277172773
841.85,0.04125107494346595
842.02,0.03383068811694344
842.2,0.03353262349387097
842.37,0.05872868716997865
842.55,0.028540078953331677
842.73,0.04042516276903691
842.9,0.03007186450281806
843.08,0.04639024284181326
843.25,0.04607033184744925
843.43,0.03510615280770194
843.61,0.0431515078461456
843.78,0.04834341079919923
843.96,0.049042902188107154
844.13,0.04727063477018102
844.31,0.0519797062808869
844.49,0.050018132924601263
844.66,0.04648797145755706
844.84,0.05888010506082004
845.01,0.05260144700444576
845.19,0.05399683908800915
845.37,0.061309319571169495
845.54,0.04285481282286396
845.72,0.05400688370823219
845.89,0.05527558241933077
846.07,0.04067447674133622
846.24,0.054027804678889
846.42,0.05097111280150596
846.59,0.05315394454975574
846.77,0.05943312368727952
846.95,0.05283060551416846
847.12,0.05283366811699124
847.3,0.05152687138286757
847.47,0.07031274341508867
847.65,0.05751192550297716
847.82,0.05964527378456589
848.0,0.048673140123259004
848.17,0.07465943170652066
848.35,0.05673954346002882
848.53,0.05224458613343561
848.7,0.07250195054915462
848.88,0.06642731664133308
849.05,0.05974960890534228
849.23,0.05853438021195745
849.4,0.04530482696915694
849.58,0.06891873578743742
849.75,0.05290423135318805
849.93,0.06726646896367772
850.1,0.04727039505133136
850.28,0.05821858245805073
850.45,0.05476811990658959
850.63,0.07249465366604697
850.8,0.05420440439520024
850.98,0.07246474318296849
851.16,0.03853986457185677
851.33,0.07118805713011177
851.51,0.0672316357815847
851.68,0.06482544301923321
851.86,0.04484761262088999
852.03,0.06488798127178054
852.21,0.06728899134168789
852.38,0.0569598147430469
852.56,0.06980737535887434
852.73,0.06836975422998179
852.91,0.07114220477943269
853.08,0.07516696095285487
853.26,0.06244594583712486
853.43,0.05894416953091357
853.61,0.06294080705257613
853.78,0.07139971235940112
853.96,0.05791501945111819
854.13,0.06881522354511886
854.31,0.07725966295999832
854.48,0.07044904766229372
854.66,0.08059165723854296
854.83,0.08109413888194238
855.0,0.0695009362033328
855.18,0.0775674757670979
855.35,0.06773912968592566
855.53,0.07284122104920836
855.7,0.08127464212643867
855.88,0.08305657156577351
856.05,0.0650072681120178
856.23,0.09140444445931994
856.4,0.0720485019678089
856.58,0.07401580892886335
856.75,0.06071943464147674
856.93,0.07767359554875426
857.1,0.07518030801083378
857.28,0.0660745723134086
857.45,0.08906070447618133
857.62,0.07737805111803592
857.8,0.07117976760082025
857.97,0.08585932701766974
858.15,0.07713479811535817
858.32,0.09382708066690884
858.5,0.08713407317141238
858.67,0.06999422119566467
858.85,0.07729959314083967
859.02,0.07742395217338999
859.19,0.08592190740359107
859.37,0.08012191526400891
859.54,0.08159200786829295
859.72,0.0801030227013778
859.89,0.09488445863579226
860.07,0.06397486694776341
860.24,0.09080085141593768
860.41,0.08745475168910591
860.59,0.09159166050156684
860.76,0.0960551872947849
860.94,0.07014646007357377
861.11,0.07608726973741085
861.29,0.07173365955298582
861.46,0.08635328621219046
861.63,0.08600463274303223
861.81,0.09695085306161098
861.98,0.0822725749387426
862.16,0.09302793926130797
862.33,0.08218130546250943
862.5,0.09777194542042361
862.68,0.08406962018692374
862.85,0.0941129144742295
863.03,0.09852845379764136
863.2,0.09056731197319266
863.37,0.07488975699358988
863.55,0.10592837859330882
863.72,0.09931890015605502
863.9,0.10258598178689143
864.07,0.10394650836342598
864.24,0.0878247498440707
864.42,0.08978425268299009
864.59,0.09903209521573746
864.77,0.09523679793117469
864.94,0.09004594244927146
865.11,0.07974288383577878
865.29,0.10548002257885158
865.46,0.09199531027899692
865.63,0.10542160212481336
865.81,0.12035202841611453
865.98,0.08533913077203183
866.16,0.08436417563074107
866.33,0.10353732311745854
866.5,0.10620797647828054
866.68,0.10805259449167157
866.85,0.10353285398574409
867.02,0.11182875029392288
867.2,0.11680584663334947
867.37,0.09588281359188411
867.54,0.08529679132542117
867.72,0.10513056416896675
867.89,0.09431321602760204
868.06,0.09995442774421656
868.24,0.11176525416564609
868.41,0.11655653411234601
868.59,0.10463222430035575
868.76,0.11020339261638382
868.93,0.09629854085017926
869.11,0.0871069109388553
869.28,0.08280606247493098
869.45,0.10682275263638819
869.63,0.09535982359467716
869.8,0.09175856688210958
869.97,0.10585006166274841
870.15,0.09497322844397658
870.32,0.12236290720270573
870.49,0.10345380459056648
870.66,0.10186787254624877
870.84,0.12106858702595971
871.01,0.13612132506261426
871.18,0.12951057092625587
871.36,0.09642910183402033
871.53,0.1037139387849098
871.7,0.13475880264408518
871.88,0.12145268326834155
872.05,0.10431011388894924
872.22,0.12502436881824738
872.4,0.12006263847935097
872.57,0.12752240608132553
872.74,0.10385056665202809
872.92,0.11145967148578988
873.09,0.1039516001538451
873.26,0.12511008702058782
873.43,0.12107736557551334
873.61,0.15385586955498817
873.78,0.10275284457241203
873.95,0.11886800691442502
874.13,0.11044433195460425
874.3,0.0957218621096052
874.47,0.13189376113155057
874.64,0.13178746937044275
874.82,0.1363621304368879
874.99,0.12421209523387648
875.16,0.1426329559892227
875.34,0.12151807901346129
875.51,0.13846600048875726
875.68,0.14196825918470746
875.85,0.10413904603484388
876.03,0.1373542910523537
876.2,0.10985056550386249
876.37,0.11929627361669172
876.54,0.102723348511273
876.72,0.11769373181697966
876.89,0.11100959342165374
877.06,0.14644392905190703
877.23,0.13452896034010933
877.41,0.14039304792632662
877.58,0.09143251524680901
877.75,0.13505018786206344
877.92,0.14942414367801798
878.1,0.144936524048556
878.27,0.11303669242890375
878.44,0.14669018743109155
878.61,0.11170929437577418
878.79,0.16275187087220847
878.96,0.16853810259682528
879.13,0.17716701902748416
879.3,0.13894863632452897
879.48,0.10679104888778054
879.65,0.1294388359760898
879.82,0.14353424441109094
879.99,0.14029539854366252
880.16,0.14888264064999557
880.34,0.1331190823612964
880.51,0.11860782543590188
880.68,0.1811296458153836
880.85,0.17316018597163077
881.03,0.13104855539581695
881.2,0.14659173838921935
881.37,0.16793450675399102
881.54,0.16423648642260874
881.71,0.15621507082652464
881.89,0.1707321767077548
882.06,0.15494541446572246
882.23,0.1715492618297763
882.4,0.14090163160795133
882.57,0.1736307872786742
882.75,0.1573166594267922
882.92,0.16686677728484395
883.09,0.15245845272206307
883.26,0.16762930203215762
883.43,0.1256051508070321
883.61,0.1576423008262374
883.78,0.15499408014145186
883.95,0.17744866290382236
884.12,0.17191762520987894
884.29,0.16429308227589032
884.47,0.18562389429896564
884.64,0.14309285851167838
884.81,0.14891399575955164
884.98,0.15855366224401216
885.15,0.1385508497014033
885.32,0.1665670685090657
885.5,0.1860358321147201
885.67,0.18261943562912775
885.84,0.15414960771477323
886.01,0.19648124911021428
886.18,0.18295648979341925
886.35,0.2316334664104042
886.53,0.17836642372455394
886.7,0.15146350324072347
886.87,0.21233000782673192
887.04,0.16591337956917349
887.21,0.15477783836481107
887.38,0.17804594531383633
887.55,0.17863569614993188
887.73,0.17136452652411333
887.9,0.16071678327642144
888.07,0.18294477081825378
888.24,0.15386011939724684
888.41,0.1558000065305175
888.58,0.1882417493870316
888.75,0.1784924393807248
888.93,0.19234229839452777
889.1,0.2081689063809935
889.27,0.2038404564656828
889.44,0.1875739577859355
889.61,0.15077258034057966
889.78,0.1761441108545035
889.95,0.16906782567260734
890.12,0.22554433545277996
890.3,0.21229317361173194
890.47,0.18577104369624062
890.64,0.189053749013125
890.81,0.1992963954485073
890.98,0.1921819414820063
891.15,0.18067176644408187
891.32,0.17970815411120536
891.49,0.17992232257770593
891.66,0.21750389371563683
891.84,0.1974345204769903
892.01,0.20487186654056894
892.18,0.24066497902444686
892.35,0.20577876917010415
892.52,0.16502398764774004
892.69,0.2414304619216221
892.86,0.17822932767705035
893.03,0.18422802028140653
893.2,0.19537695170214026
893.37,0.1939708781738272
893.55,0.2001899988028531
893.72,0.1656380421913045
893.89,0.20061743840051122
894.06,0.18805055235584744
894.23,0.18374088177272105
894.4,0.17590405158587824
894.57,0.194719390585132
894.74,0.20809612114965573
894.91,0.22188999263432407
895.08,0.17644453057947343
895.25,0.20497117714108293
895.42,0.21493847939873306
895.59,0.23340649523015936
895.76,0.1575339590163622
895.94,0.2281728993793242
896.11,0.20651382903159743
896.28,0.1985413672536949
896.45,0.19439953634505694
896.62,0.2047773163891854
896.79,0.18728903421500664
896.96,0.20774243816508792
897.13,0.198021842159489
897.3,0.2491757725269737
897.47,0.20738456774992586
897.64,0.24557706487262387
897.81,0.23765197994695011
897.98,0.2105957792857048
898.15,0.20020543741048652
898.32,0.22915236150047893
898.49,0.23727202748786227
898.66,0.23737468603254344
898.83,0.23854488118031314
899.0,0.20761207328371512
899.17,0.20421873806346086
899.34,0.2577815568841171
899.51,0.19471111611667985
899.68,0.2600882563593097
899.85,0.24126430130357723
900.02,0.2033490250709401
900.19,0.1994708732840502
900.36,0.21915726809534541
900.53,0.24496655958451466
900.7,0.2367243933391559
900.87,0.26769294757846895
901.04,0.28226841538438846
901.21,0.2693375604019124
901.38,0.24704519234101976
901.55,0.24046182177464623
901.72,0.20260997164932545
901.89,0.2639232826786109
902.06,0.27114452062861333
902.23,0.2501441413437483
902.4,0.2525098029664629
902.57,0.20582993187032775
902.74,0.27839242248375234
