Wavelength [nm],#34-Bleu.csv
400.08,0.8109312075238887
400.29,0.8600363502716201
400.5,0.8255985899714708
400.71,0.9348302942013698
400.92,0.90006632541985
401.13,0.8681591101386636
401.34,0.805952066371174
401.54,0.8413086967030594
401.75,0.8576504724812637
401.96,0.7565828197282717
402.17,0.8236516167911572
402.38,0.8438085767557489
402.59,0.8638414828410976
402.8,0.8734670866500122
403.01,0.819278218979377
403.22,0.8441497130548958
403.43,0.8249413678036107
403.63,0.8222153318443658
403.84,0.795698270414492
404.05,0.8452242108344973
404.26,0.8234073488516537
404.47,0.8965241964316324
404.68,0.7797438267529381
404.89,0.8711814142241863
405.1,0.8450540740930126
405.31,0.7958856580037159
405.52,0.8763779343272404
405.72,0.7233545657075491
405.93,0.8510721284204492
406.14,0.8269046352980743
406.35,0.8202610932534861
406.56,0.8260287866036555
406.77,0.7903251301830466
406.98,0.7678390239217667
407.19,0.8409460524833878
407.39,0.9147508810333684
407.6,0.7252718699283959
407.81,0.8700916548300384
408.02,0.8081639781396558
408.23,0.7364813803647483
408.44,0.7968222585537517
408.65,0.767040791958839
408.86,0.8468904086420663
409.06,0.7998755044399182
409.27,0.812141006870143
409.48,0.8140019394206298
409.69,0.8744675770140894
409.9,0.8141687341723336
410.11,0.7682920255269389
410.32,0.8085424327871409
410.52,0.789894316649199
410.73,0.8394938885817824
410.94,0.7650289356298504
411.15,0.7841162621568651
411.36,0.7910381279256133
411.57,0.7838659136742321
411.78,0.8059387722986414
411.98,0.7929776222213948
412.19,0.7917306243765396
412.4,0.7855100360717936
412.61,0.7655100817917079
412.82,0.8281808597016372
413.03,0.7817686824864608
413.23,0.8392491253064046
413.44,0.8452536903650815
413.65,0.7462534274784519
413.86,0.7548025771952237
414.07,0.765005992253275
414.28,0.7694448015193421
414.48,0.7883589026135273
414.69,0.7365252458588657
414.9,0.8241941843080154
415.11,0.725542347094773
415.32,0.7038872506699256
415.53,0.7477961161077793
415.73,0.7613623678223749
415.94,0.7264790329364862
416.15,0.7762465024278941
416.36,0.7590288796011201
416.57,0.7105044887698542
416.78,0.7204661741734165
416.98,0.7869039753833575
417.19,0.7157125254299146
417.4,0.7726001651188361
417.61,0.7214313861627667
417.82,0.7860449323750778
418.02,0.7470239753375304
418.23,0.7625501439985983
418.44,0.7754055740830791
418.65,0.7539328102997385
418.86,0.7855100360717936
419.07,0.7383196199377637
419.27,0.8066641451422017
419.48,0.7787491833462018
419.69,0.7207871692665013
419.9,0.7425391301979237
420.11,0.6686798559098127
420.31,0.6839364918442349
420.52,0.7114110800600855
420.73,0.7356302920575702
420.94,0.6681046300570211
421.15,0.6938416306945004
421.35,0.6933186697945857
421.56,0.6763699568850149
421.77,0.6903682842722447
421.98,0.6370108842167489
422.19,0.7222426504726355
422.39,0.7452101427137433
422.6,0.7286404988711496
422.81,0.6752749708796785
423.02,0.7316631202747168
423.22,0.668696909268808
423.43,0.6963771206274249
423.64,0.6617624505403499
423.85,0.662922725176636
424.06,0.6931788190695555
424.26,0.6488662509322289
424.47,0.711976988695424
424.68,0.7536526106678385
424.89,0.6710262387068878
425.09,0.6767138197213576
425.3,0.6701893220131163
425.51,0.683716826487729
425.72,0.6853032687393875
425.93,0.6132595991094112
426.13,0.6668062298445735
426.34,0.7021387897103637
426.55,0.6589534982225722
426.76,0.6345129743617361
426.96,0.6874066374443911
427.17,0.6567656969925766
427.38,0.7041609024156645
427.59,0.6580094925959588
427.79,0.6429396888650472
428.0,0.6570607058387052
428.21,0.6579844343869888
428.42,0.5972771605371264
428.62,0.6081477198523723
428.83,0.6623295206232952
429.04,0.5836488645565939
429.25,0.6206343917106997
429.45,0.5933844269228702
429.66,0.6472326116715398
429.87,0.6344764089227738
430.08,0.6363552546279623
430.28,0.6446745399792785
430.49,0.5812928093265768
430.7,0.6325288751852467
430.91,0.609463034089041
431.11,0.6372083311583233
431.32,0.6053719068861652
431.53,0.6220577389573577
431.74,0.6094085372118143
431.94,0.619256005565635
432.15,0.6134565357996621
432.36,0.6573204536890717
432.56,0.6084043832209466
432.77,0.5978043155200845
432.98,0.5841190631081686
433.19,0.6111678949916618
433.39,0.6031468084925232
433.6,0.5733635326896567
433.81,0.6148844810372491
434.02,0.5583756212330183
434.22,0.5850378008536458
434.43,0.6185755142418925
434.64,0.5708318877297165
434.84,0.5851872942057297
435.05,0.5735776107145113
435.26,0.5434604973530046
435.47,0.6028283468457702
435.67,0.5844643564804103
435.88,0.5677907422708541
436.09,0.5551471063441469
436.29,0.5356435668101579
436.5,0.523005635044186
436.71,0.5594130479369045
436.92,0.5253312411516052
437.12,0.5358908389460209
437.33,0.5539630669075903
437.54,0.5130457693649473
437.74,0.5462842114318721
437.95,0.5906857296779914
438.16,0.5244014039916755
438.36,0.5470839622203033
438.57,0.5568366316813347
438.78,0.5206286542775791
438.99,0.5205345858519089
439.19,0.5154034171525319
439.4,0.5756064582258053
439.61,0.522632797285877
439.81,0.5254368515439347
440.02,0.49337555397176575
440.23,0.5105943989465457
440.43,0.4902895968922925
440.64,0.49634348638590425
440.85,0.5081763092551062
441.05,0.5243769344132573
441.26,0.5305046750682386
441.47,0.5018219540067416
441.67,0.4951243147273479
441.88,0.5065258522825002
442.09,0.4969701267537007
442.29,0.4842312370158799
442.5,0.5175613216462405
442.71,0.4844927668903614
442.91,0.518134117918216
443.12,0.5071634157808433
443.33,0.5529638895061418
443.53,0.45267903259617526
443.74,0.486655304355678
443.95,0.4917461196178815
444.15,0.5013796058078852
444.36,0.476579806231554
444.57,0.4521394629614998
444.77,0.48185238476870595
444.98,0.4626292757356221
445.19,0.44503264473639237
445.39,0.518424888563401
445.6,0.48720255335582285
445.81,0.45967536512326324
446.01,0.4595001216547728
446.22,0.49673722814879223
446.43,0.44512877340629675
446.63,0.4240044686060937
446.84,0.457485363813772
447.05,0.4367968278203799
447.25,0.4350218520566961
447.46,0.4297087357062687
447.67,0.44828792440421916
447.87,0.43944294487457486
448.08,0.4372174802327848
448.28,0.4013029535864979
448.49,0.43999015853977336
448.7,0.40791228394591716
448.9,0.4506133031363608
449.11,0.4419059649660059
449.32,0.4281292243794448
449.52,0.41683382075977277
449.73,0.4329297268133761
449.93,0.4291810186268936
450.14,0.381090092887425
450.35,0.41360552214146246
450.55,0.3753893722555663
450.76,0.38727250839926897
450.97,0.40545777891875445
451.17,0.4144178380409078
451.38,0.38676344283127956
451.58,0.3853295917827077
451.79,0.4043914605235292
452.0,0.38196881236623476
452.2,0.37012524101995875
452.41,0.37931941024710375
452.62,0.39789446231772146
452.82,0.370327770995002
453.03,0.3782154297946265
453.23,0.3749562927671611
453.44,0.3763033523970651
453.65,0.3540925801035428
453.85,0.35547693525477597
454.06,0.3678405033124465
454.26,0.3680010086112184
454.47,0.3215022033290999
454.68,0.3589162692871504
454.88,0.3297529774628402
455.09,0.3564927948992927
455.29,0.34609181683211554
455.5,0.36331580013287124
455.71,0.31873227430106227
455.91,0.3497125491366965
456.12,0.3263393038306128
456.32,0.36012118469846455
456.53,0.32697012373197737
456.73,0.34273739972700257
456.94,0.32504813908707825
457.15,0.3187115894259905
457.35,0.2865697177074423
457.56,0.30261771087427386
457.76,0.30453644229627125
457.97,0.2901146066054379
458.18,0.3268492863564743
458.38,0.32771736519274197
458.59,0.3140623964076642
458.79,0.31113989405890186
459.0,0.31158226212362555
459.2,0.31871458225675076
459.41,0.30559269875262285
459.62,0.28580853696311476
459.82,0.27249275686301644
460.03,0.281899159243736
460.23,0.2586385639669901
460.44,0.26641583136664837
460.64,0.2639790199861358
460.85,0.2609496132031076
461.06,0.25803176726751836
461.26,0.2732608993999481
461.47,0.26150560485631474
461.67,0.25995534543944626
461.88,0.27525974978934753
462.08,0.2689686942167796
462.29,0.2658065297716397
462.49,0.25626194488442666
462.7,0.22547254184683999
462.91,0.24708204761278624
463.11,0.2237924581458415
463.32,0.23877351464296795
463.52,0.23714518615368474
463.73,0.24368424457899962
463.93,0.23241625976747896
464.14,0.22947410610369892
464.34,0.2131599737951857
464.55,0.21977298973530807
464.75,0.21094554213014322
464.96,0.23974968695909749
465.16,0.22964988552249052
465.37,0.20233557534993638
465.58,0.2099610229572917
465.78,0.19345995451472126
465.99,0.1972202803253158
466.19,0.18487624569165795
466.4,0.1959116927900129
466.6,0.1931654607921507
466.81,0.19438595494849534
467.01,0.18904477284984814
467.22,0.1830788182425039
467.42,0.16918721818194074
467.63,0.16293630257835226
467.83,0.16123645609973625
468.04,0.1787673756356048
468.24,0.17815961144010212
468.45,0.1723940274625497
468.65,0.1500519913881887
468.86,0.1535761281882743
469.06,0.15663475116196324
469.27,0.16099478952683377
469.47,0.16324583255950972
469.68,0.16782518440269495
469.88,0.15479296046712096
470.09,0.14142105370387906
470.29,0.15485540910508902
470.5,0.14004826489034022
470.7,0.1430359127555851
470.91,0.13752254472768088
471.11,0.12683144463281879
471.32,0.1283503272760976
471.52,0.1297005375606471
471.73,0.1341025896158228
471.93,0.12501167907368907
472.14,0.11175410481487438
472.34,0.12624475287933148
472.55,0.11881476131724394
472.75,0.11445468758306654
472.96,0.10565301971193915
473.16,0.1116136686344254
473.37,0.11172821947871334
473.57,0.1135986089662583
473.78,0.10375104009955724
473.98,0.09770756617134604
474.19,0.10858958131685405
474.39,0.10121645377258127
474.6,0.10658599188038138
474.8,0.09551801704067825
475.01,0.09980914731815925
475.21,0.08189224490927655
475.42,0.09050840957384161
475.62,0.09299415164810551
475.83,0.07697719310788591
476.03,0.09554790056093208
476.24,0.07995464483712617
476.44,0.08413185004046272
476.64,0.08827095466200235
476.85,0.07773675388728372
477.05,0.0788450525119612
477.26,0.07639528828180776
477.46,0.07252628789666983
477.67,0.07404419340677568
477.87,0.06779209397642623
478.08,0.07453447794950091
478.28,0.06623875754780092
478.49,0.060521292729654376
478.69,0.0670156711986684
478.9,0.07121348902598983
479.1,0.06568536696496527
479.3,0.059689848278596115
479.51,0.05460793613860501
479.71,0.050304730500786134
479.92,0.05866687841921154
480.12,0.05308399280323311
480.33,0.055593283597226796
480.53,0.05702565070539241
480.74,0.049496432463553564
480.94,0.04689151663534476
481.14,0.05076155066773227
481.35,0.050054981341480856
481.55,0.05204881552421343
481.76,0.054111074602691135
481.96,0.046674443013326544
482.17,0.042181445450417195
482.37,0.042961866941638435
482.57,0.04085983797547186
482.78,0.04098557408379697
482.98,0.039797885661409904
483.19,0.04098382958445511
483.39,0.031323557623223044
483.6,0.037076131034188595
483.8,0.0438927698412405
484.0,0.03733973205472931
484.21,0.03713477878090417
484.41,0.036696285375524385
484.62,0.04032270256922332
484.82,0.042578804600043416
485.02,0.033813784802169636
485.23,0.03388490656359095
485.43,0.033500476128565264
485.64,0.03919723013503851
485.84,0.03135619518636204
486.05,0.022152271020224056
486.25,0.030639065340583256
486.45,0.03313904825886431
486.66,0.022026932581601984
486.86,0.02876714790511188
487.07,0.02220474831944446
487.27,0.026070219946105526
487.47,0.027332408408064057
487.68,0.024497004307854828
487.88,0.028707833987029047
488.09,0.023347243052792323
488.29,0.03294147025105545
488.49,0.028939089552722272
488.7,0.03089662204494944
488.9,0.025730691870557293
489.1,0.026844837489568778
489.31,0.02783912740167085
489.51,0.0203533086462746
489.72,0.02324262209387733
489.92,0.027078638380732392
490.12,0.01756364941296775
490.33,0.022543735941630307
490.53,0.0189851700984358
490.74,0.020371422743358257
490.94,0.012856075799437625
491.14,0.019559042639270992
491.35,0.01018609508377514
491.55,0.020230599474575773
491.75,0.017745727885927678
491.96,0.018201667678987336
492.16,0.01953011163453425
492.36,0.021214275679150584
492.57,0.014113049142360867
492.77,0.0179283908493618
492.98,0.0173210182323055
493.18,0.015043443125799017
493.38,0.013352717737024159
493.59,0.015811141197812306
493.79,0.013851652480396603
493.99,0.014811960808717703
494.2,0.016245725689139026
494.4,0.017493566604308845
494.6,0.016522298865655073
494.81,0.009554421715635034
495.01,0.010922142829275798
495.22,0.01612313590999544
495.42,0.012568524818731516
495.62,0.009744823696424779
495.83,0.016947347507367483
496.03,0.01212775704096192
496.23,0.01168089705317311
496.44,0.017936646070338826
496.64,0.011468282688536047
496.84,0.0162254279060045
497.05,0.013013269823142819
497.25,0.011329875566507844
497.45,0.014019001541192773
497.66,0.015060753481314597
497.86,0.012304958910136991
498.06,0.010426087844543588
498.27,0.014774027764071372
498.47,0.01597154937632391
498.67,0.012339504447593479
498.88,0.01410811335883079
499.08,0.011337679726839854
499.28,0.014152777519867972
499.49,0.011302445699841356
499.69,0.00994629840425329
499.89,0.007873276253384888
500.1,0.0115355834896171
500.3,0.010162138031057996
500.5,0.010623581629028721
500.7,0.01659422412403606
500.91,0.011727523132039081
501.11,0.009261209625856096
501.31,0.01080133152265696
501.52,0.005257744656279147
501.72,0.012424139398790519
501.92,0.016099421214033342
502.13,0.008515469026585766
502.33,0.00766398065694716
502.53,0.007714687205317941
502.74,0.014322479638420427
502.94,0.014432759066081132
503.14,0.004851976900314172
503.34,0.007301430333312418
503.55,0.009194102643597612
503.75,0.0044299411938511155
503.95,0.014280616463222241
504.16,0.007385883597716494
504.36,0.010221410858351213
504.56,0.006568640237948882
504.76,0.011366965025088396
504.97,0.008438049764508078
505.17,0.008024803464908338
505.37,0.01325579370817654
505.58,0.0051994258529258425
505.78,0.005465072844643238
505.98,0.011176735865868797
506.18,0.011217432038507962
506.39,0.00206040895763179
506.59,0.010232476876999509
506.79,0.00497459731792475
507.0,0.003149669025095007
507.2,0.009936451492785757
507.4,0.006609972724077262
507.6,0.01078915583885349
507.81,0.00808901650398231
508.01,0.00574356184529299
508.21,0.009908020814373591
508.41,0.006982489853699056
508.62,0.0055587940468975385
508.82,0.00598326270756377
509.02,0.007815576490244102
509.23,0.006651618747572694
509.43,0.005556559646624211
509.63,0.0037490727954376927
509.83,0.009115920468854875
510.04,0.009415395265732754
510.24,0.009674653323705268
510.44,0.006026342765975809
510.64,0.006832002656646467
510.85,0.00883518007195707
511.05,0.009607029972831098
511.25,0.009844868309491129
511.45,0.004586701485329309
511.66,0.0067269707382179335
511.86,0.010424545551059894
512.06,0.0041363398899844275
512.26,0.006658225810129126
512.46,0.005073705114076536
512.67,0.00819244099079147
512.87,0.008019236030391357
513.07,0.008817599889296873
513.27,0.005526889461742668
513.48,0.009074015634397872
513.68,0.00713158151757911
513.88,0.005047166838922571
514.08,0.008888374699142292
514.29,0.0058583538111949525
514.49,0.0034661942802574936
514.69,0.006148188646973811
514.89,0.004184179439918021
515.09,0.00577033452217977
515.3,0.004194666800102606
515.5,0.005882827053809726
515.7,0.0010587081782172303
515.9,0.004649917085331808
516.11,0.005709366339442803
516.31,0.009176450876977587
516.51,0.0032398649109730603
516.71,0.0062935017582132465
516.91,0.004272369282440398
517.12,0.009605669882869313
517.32,0.0036582421867746235
517.52,0.005773352284732972
517.72,0.005509678294324042
517.92,0.0035309800074903542
518.13,0.0024441876136250943
518.33,0.005831144760819212
518.53,0.00805004529947654
518.73,0.00510556931639448
518.93,0.005940257042809567
519.14,0.005789356777757876
519.34,0.005712961189831241
519.54,0.0070127262339077
519.74,0.0006386041901000022
519.94,0.005657588074686045
520.15,0.006258723372005638
520.35,0.0067507264662116945
520.55,0.0021534578830188045
520.75,-0.0005268794299825737
520.95,0.007049879682988504
521.16,0.004551848470279417
521.36,0.004784144972581115
521.56,0.007733827929946597
521.76,0.009385674156735302
521.96,0.00682252150427448
522.16,0.007221666854027887
522.37,0.007032455309334378
522.57,0.0028779510581682685
522.77,0.006116601991904585
522.97,0.006582701029589709
523.17,0.00412067318437412
523.37,0.005542346951472176
523.58,0.00927924963040955
523.78,0.004473208261619273
523.98,0.008862985634839926
524.18,0.004910978338545683
524.38,0.0028998528203521717
524.58,0.0024477199999529855
524.79,0.006851814663680337
524.99,0.004031987070917881
525.19,0.002025915143548027
525.39,0.00414360948485578
525.59,0.004596715763967001
525.79,0.004302757599819628
526.0,0.0030901733269044235
526.2,0.0057629346188961495
526.4,0.003713982642760451
526.6,0.0012320775980938963
526.8,0.002137235555102817
527.0,0.0028231540834455183
527.2,0.007293117419765176
527.41,0.0025979402072776737
527.61,0.005000954203275109
527.81,0.0038665607516054144
528.01,0.006363439754431849
528.21,0.0042905969337461965
528.41,0.00665493206085652
528.61,0.0029480396906430566
528.82,0.00296298422987823
529.02,0.005119764494632705
529.22,0.006645917538354326
529.42,0.006230307716831331
529.62,0.009544685938206711
529.82,0.00582114779979988
530.02,0.004271607572488437
530.22,0.005125177954926584
530.43,0.008767498572657201
530.63,0.004851572433734648
530.83,0.00015923238311701124
531.03,0.0048940407411181665
531.23,0.0029597918650486874
531.43,0.00398907093362335
531.63,0.004468654880229278
531.83,0.0017553443315488587
532.03,0.005467300043758666
532.24,0.00727964962053221
532.44,0.005606815661569274
532.64,0.006986878795214637
532.84,0.0047072091538331836
533.04,0.005987530649909671
533.24,0.004973657210724994
533.44,0.00773234948362091
533.64,0.002833428371323507
533.84,0.00263202998262466
534.04,0.0026045764433423307
534.25,0.007182606268873343
534.45,0.004480336721571381
534.65,0.005601428792503682
534.85,0.009093194818474792
535.05,0.003932431525697333
535.25,0.0032675263579559546
535.45,0.006778950474667058
535.65,0.002509091370533004
535.85,0.0035838456184839433
536.05,0.005739428775291233
536.25,0.007887671451033616
536.46,0.003053059983853309
536.66,-0.0001612553788154404
536.86,0.004249027966604108
537.06,0.003803692293212568
537.26,0.006767036383223277
537.46,0.007281220801070158
537.66,0.0027915953973385995
537.86,0.0028343385176166948
538.06,0.003362140887114846
538.26,0.0011088319934788075
538.46,0.00676134180340602
538.66,0.0032816022245629383
538.86,0.004197962651025087
539.07,0.005706353687978197
539.27,0.004143163238307239
539.47,0.0065294397917181725
539.67,0.006010227637225611
539.87,0.003667747892566337
540.07,0.007725755060547882
540.27,0.008936607269885388
540.47,0.0013303388239068105
540.67,0.005646030612501625
540.87,0.004361841735432263
541.07,0.0016822999437929589
541.27,0.0051816101483421004
541.47,0.005314074434135891
541.67,0.004234441331975497
541.87,0.005186045285432624
542.07,0.005190488021432194
542.27,0.003337184566637084
542.47,0.007186603805754421
542.67,0.004197962651025087
542.87,0.005211627389673077
543.08,0.002701808620681107
543.28,0.00432132266042301
543.48,0.004799848118088191
543.68,0.007263193071137631
543.88,0.005718480665810453
544.08,0.003256700340894372
544.28,0.005917895484155694
544.48,0.003337184566637084
544.68,0.0012173033429081338
544.88,0.006147002504277359
545.08,0.0029508897297677466
545.28,0.00456607583932147
545.48,0.006729013163238732
545.68,0.005396736914638479
545.88,0.006744744393490953
546.08,0.004524245349208367
546.28,0.003954132518289338
546.48,0.0028918686500157375
546.68,0.005008849080572373
546.88,0.0034439541950658445
547.08,0.002294553999670179
547.28,0.004054095546256685
547.48,0.005210529566051887
547.68,0.0077671557297953565
547.88,0.005843629371193378
548.08,0.005409214301132465
548.28,0.003749810341962477
548.48,0.003662681657811591
548.68,0.006355042394041363
548.88,0.006955624254008456
549.08,0.003888409288155332
549.28,0.0034344832466691034
549.48,0.006537743829009035
549.68,0.007364940686870666
549.88,0.003697819070486563
550.08,0.0023348007907002684
550.28,0.006212734583997055
550.48,0.010918277391086964
550.68,0.009289130893239078
550.88,0.005053048572640343
551.08,0.005270886606628677
551.28,0.008361974713352587
551.48,0.0070795264413160254
551.68,0.0039922521565440685
551.88,0.004800512490659274
552.08,0.0033939190685464914
552.28,0.004291545146094564
552.48,0.004292419682091195
552.68,0.005999835378248008
552.88,0.005232691872377761
553.08,0.008005386379734504
553.28,0.004121947511206125
553.48,0.006743916916870526
553.68,0.005014884624159058
553.88,0.005067311572160213
554.08,0.00270875425646923
554.28,0.00651932278925061
554.47,0.0048319586244608085
554.67,0.0049441613601632585
554.87,0.00679904654214636
555.07,0.0052741914203328745
555.27,0.004647759673947217
555.47,0.007518949911074975
555.67,0.006946864651877161
555.87,0.0014771873149155568
556.07,0.004836367194500244
556.27,0.003591123904153668
556.47,0.004748516800648675
556.67,0.005970428838769042
556.87,0.00528209503046
557.07,0.002077142995838053
557.27,0.0040094812740452904
557.47,0.0018878100410906619
557.67,0.006746654876419644
557.87,0.0055888148413057856
558.07,0.005032436584090508
558.26,0.005614796760814614
558.46,0.007130209764503999
558.66,0.004980255331784665
558.86,0.004803092147524848
559.06,0.00709717782938879
559.26,0.00448322516611287
559.46,0.0052442530543540785
559.66,0.0053861876625322476
559.86,0.0023774415231366092
560.06,0.005297730877305254
560.26,0.004912721268419063
560.46,0.005701588883445203
560.66,0.0030965033826530017
560.86,0.0043295998819167505
561.05,0.005394006856939315
561.25,0.003425721401589427
561.45,0.0036473151637874414
561.65,0.0030022473439272664
561.85,0.00435929505160245
562.05,0.0026776451168301096
562.25,0.007341065037730092
562.45,0.007389138826082383
562.65,0.0021165443274023562
562.85,0.005858384633619754
563.05,0.0019302382719214735
563.24,0.004647368044281482
563.44,0.004453827434181764
563.64,0.0022241091725366882
563.84,0.005966884871527943
564.04,0.005017782712950003
564.24,0.005613881673672366
564.44,0.0031958382941934343
564.64,0.003356996603768962
564.84,0.0034050793707194483
565.03,0.004091287994523661
565.23,0.003955175845550229
565.43,0.007612778665980459
565.63,0.004837565367632812
565.83,0.006254731599126726
566.03,0.007231289131061225
566.23,0.0068809667563359475
566.43,0.0030717204056819668
566.63,0.005353189235928837
566.82,0.004759326425510983
567.02,0.002841840297108111
567.22,0.006456428067459585
567.42,0.0044025720917346255
567.62,0.006448263829801867
567.82,0.003915380998831062
568.02,0.0036205929959234042
568.22,0.0026423603194083256
568.41,0.0030666320360522963
568.61,0.0036466671170885794
568.81,0.0016920509141150947
569.01,0.003747633419429039
569.21,0.004668012916356726
569.41,0.007045294878129726
569.61,0.00421744791530346
569.8,0.004228524362213616
570.0,0.003880839497570814
570.2,0.00409342593783554
570.4,0.004704815181941055
570.6,0.00618780415187807
570.8,0.004030060637923402
571.0,0.003546586773144727
571.19,0.004192423243359751
571.39,0.0034542143697907034
571.59,0.0037000557343598735
571.79,0.00254299401520406
571.99,0.006945379028094375
572.19,0.004465179103141528
572.38,0.004484569560814884
572.58,0.007962174097285727
572.78,0.0041741171578147905
572.98,0.006149435642470526
573.18,0.00169074095669413
573.38,0.004854182516017145
573.57,0.004051255745169258
573.77,0.006075271390240388
573.97,0.002835551510096443
574.17,0.006166266603041818
574.37,0.001874852147143859
574.57,0.0052113248493437445
574.76,0.007413106263131804
574.96,0.002897751548677338
575.16,0.005368767173882194
575.36,0.003308981832885199
575.56,0.003410539990059945
575.75,0.005154612855998645
575.95,0.004807025225319676
576.15,0.003348720263170499
576.35,0.0044746378882230715
576.55,0.002899957789541327
576.74,0.00591165300601786
576.94,0.005071981880758443
577.14,0.0019530867934474336
577.34,0.003440853062780046
577.54,0.0037672470943995325
577.74,0.0027962715014780036
577.93,0.005697857436043423
578.13,0.005678331041531772
578.33,0.005949978368313275
578.53,0.0026742403586286437
578.72,0.0021765925402085894
578.92,0.0031036498989521007
579.12,0.006072946254855866
579.32,0.0046854532229738165
579.52,0.007468135896451894
579.71,0.00289857849549713
579.91,0.003667254044523451
580.11,0.004707298966023457
580.31,0.004582929599059134
580.51,0.0032478745452111427
580.7,0.0018608760521787895
580.9,0.0033405207092974645
581.1,0.005555736643364589
581.3,0.004899001951178431
581.49,0.0010766581261016876
581.69,0.004156999830641969
581.89,0.006591349455240498
582.09,0.0032454282742740833
582.29,0.006841767279393166
582.48,0.0047742856180387795
582.68,0.003630569291595991
582.88,0.004302535538208364
583.08,0.004416379198064304
583.27,0.004498292651742688
583.47,0.004919728526229843
583.67,0.000605722885988411
583.87,0.007373402415393464
584.06,0.0036172560871875438
584.26,0.0038641651998454507
584.46,0.0027619420366364416
584.66,0.002940831439501531
584.85,0.004512531106325283
585.05,0.005192247151099076
585.25,0.003607419647636562
585.45,0.003835599999863639
585.64,0.001760090873474663
585.84,0.003997490522592241
586.04,0.0023515940260677936
586.24,0.005288819968891676
586.43,0.0038301550411083828
586.63,0.007156560663120539
586.83,0.0024793981521256856
587.03,0.0036780812435957076
587.22,0.005628648484858634
587.42,0.007068267518142317
587.62,0.0007933735286795303
587.82,0.003981376854331247
588.01,0.004031656762391134
588.21,0.0014531784943097674
588.41,0.004713645450950846
588.6,0.0043855376043131
588.8,0.000612024460566271
589.0,0.005076312296958406
589.2,0.004698287942668233
589.39,0.0020767323860880573
589.59,0.002213959037177211
589.79,0.0035959551808484743
589.98,0.0042514464368533615
590.18,0.004760326339013543
590.38,0.0039964456931477115
590.58,0.0028085294556224618
590.77,0.0038894569705418118
590.97,0.005435405943401562
591.17,0.004769620560334587
591.36,0.0023660109709933977
591.56,0.0049531161648186505
591.76,0.003683229507189736
591.96,0.0025376468567171583
592.15,0.004041401879878905
592.35,0.005502929874290809
592.55,0.0052441262879409185
592.74,0.0025740264318843617
592.94,0.006418693014499472
593.14,0.001713714555560565
593.33,0.004993936899564258
593.53,0.004071684558831213
593.73,0.0014343173686462462
593.92,0.00483228457707158
594.12,0.003948801697379387
594.32,0.004722792946670961
594.51,0.009456143140387563
594.71,0.00280776814749285
594.91,0.004311485558575835
595.11,0.0034665176721853006
595.3,0.0007899702293597252
595.5,0.00733258317291635
595.7,0.004617665179823026
595.89,0.0019199323115060693
596.09,0.004688685767828688
596.29,0.004634013347517317
596.48,0.003941838271453676
596.68,0.0012575271140642607
596.88,0.005830002406927928
597.07,0.0023826099420885508
597.27,0.005456710377417716
597.47,0.001091097581212186
597.66,0.002376164130827621
597.86,0.005323641908194254
598.06,0.0050862663419356195
598.25,0.0043400745193381786
598.45,0.005055582022920556
598.64,0.003213359635736533
598.84,0.00319075437051441
599.04,0.004023819948624297
599.23,0.0050012731894700825
599.43,0.005259266530140368
599.63,0.003371199337663572
599.82,0.0023468273419802407
600.02,0.0040595171912239224
600.22,0.0027390958543134026
600.41,0.00473575972811994
600.61,0.002754198614933589
600.81,0.0064614137405718175
601.0,0.0015230724352494679
601.2,0.0035020093576833534
601.39,0.006489976496154748
601.59,0.0052097765527201615
601.79,0.006308693469085417
601.98,0.007693590598430279
602.18,0.00397488569531227
602.38,0.0025856555535730464
602.57,0.0017018723910561422
602.77,0.0066807048653441245
602.96,0.002398313830592544
603.16,0.003568934155083624
603.36,0.005095782745948162
603.55,0.0024634771683971967
603.75,0.006163741871415482
603.95,0.006126113940613928
604.14,0.002494555714629624
604.34,0.006097452711324596
604.53,0.0018825028455861448
604.73,0.0057426472654887335
604.93,0.004503307717115414
605.12,0.00460610135261346
605.32,0.0028407499901910156
605.51,0.00468042451060026
605.71,0.005054643759936636
605.91,0.003982897763282399
606.1,0.003319044322123092
606.3,0.004981605594873059
606.49,0.0009612384158553193
606.69,0.0028629797961783558
606.89,0.002854151830177154
607.08,0.0024369429826870785
607.28,0.004858959265666
607.47,0.004660543620476102
607.67,0.004543489559299974
607.87,0.0048079315874216605
608.06,0.00769764049818999
608.26,0.005296560119623083
608.45,0.005913450418969764
608.65,0.003209638093043379
608.84,0.002134238184906475
609.04,0.0048497902665541335
609.24,0.0023533173972482306
609.43,0.0025476530209242332
609.63,0.00574074068142589
609.82,0.004415310819839077
610.02,0.003572207583646525
610.21,0.0034555764904909483
610.41,0.0012761814671043087
610.61,0.005201848024113793
610.8,0.005030096518538508
611.0,0.006011272201205668
611.19,0.0033703902940322855
611.39,0.0023160496671327754
611.58,0.003077637550361558
611.78,0.005424344065106099
611.98,0.002478890283971527
612.17,0.0042442401959626366
612.37,0.005450541366461112
612.56,0.0024547392905601892
612.76,0.00538984608271912
612.95,0.0043758656358209485
613.15,0.003229033214994348
613.34,0.00829969130310322
613.54,0.0013987740031482377
613.73,0.006132030247737434
613.93,0.001652979378524952
614.13,0.002327582292087961
614.32,0.004217719834104827
614.52,0.004912940755465518
614.71,0.005996800033303655
614.91,0.008965232777754508
615.1,0.0015530556786339193
615.3,0.003777881471146101
615.49,0.0034486152145281586
615.69,0.0030690715143002903
615.88,0.003105142935837085
616.08,0.0014785482646921064
616.27,0.002008064727987372
616.47,0.0029565582915104744
616.66,0.002464670202579469
616.86,0.0038951707902291216
617.06,0.0030185234749073174
617.25,0.001868014196549066
617.45,0.004286699593958128
617.64,-0.00012562394457412126
617.84,0.006074777612578198
618.03,0.0012911546152398305
618.23,0.0018406254649811242
618.42,0.00514959808619981
618.62,0.005492846590068836
618.81,0.003140899980176651
619.01,0.0023039683854202933
619.2,0.004331999808746978
619.4,0.004710187974147477
619.59,0.0054218358697889595
619.79,0.0003591784839662814
619.98,0.004877300477758917
620.18,0.005051661213207333
620.37,-0.0003728778320130543
620.57,0.002490807593861049
620.76,0.0018481947778956293
620.96,0.0038579829847391854
621.15,0.005963155030926236
621.35,0.004480104613682325
621.54,3.922128679952531e-05
621.74,0.005731944200221019
621.93,0.003790067271370439
622.13,0.0018656878002773329
622.32,0.0022968345067129136
622.51,0.0016166108632785666
622.71,0.001282485176576534
622.9,0.0037272204064638954
623.1,0.0062005246620829395
623.29,0.004349595738368257
623.49,0.0036562789215898385
623.68,0.003945915512498094
623.88,0.0037976642006834686
624.07,0.004967867404542687
624.27,0.005173826817564738
624.46,0.005618167675213182
624.66,0.0021235803186300194
624.85,0.0021109090264091715
625.05,0.006445396645507432
625.24,0.004042141462052319
625.43,0.006144508020005718
625.63,0.0012086071576101276
625.82,0.0051858525094217005
626.02,0.005732941599892784
626.21,0.007280272155404543
626.41,0.0029749074206759265
626.6,0.0035066438872192306
626.8,0.006557590918751106
626.99,0.0023896337897538937
627.19,0.004246285131117299
627.38,0.003578793006819624
627.57,0.004667839868709878
627.77,0.0050775982189555716
627.96,0.002670567259742812
628.16,0.0032942002670473744
628.35,0.004052011405934663
628.55,0.0009877514484078775
628.74,0.005561855589770296
628.93,0.0046551479547882295
629.13,0.0034752756884218155
629.32,0.0024594042928179523
629.52,0.004701278065866328
629.71,0.003973551567998469
629.91,0.00398604775296933
630.1,0.0047721197029014385
630.29,0.0016072455317165761
630.49,0.005618176523526411
630.68,0.0033492638665630764
630.88,0.001450637612096528
631.07,0.0034820981188165663
631.27,0.003389114373421539
631.46,0.0039853926735739275
631.65,0.004218751418643221
631.85,0.0037743721846416035
632.04,0.0016495887914055657
632.24,0.0034040206096339434
632.43,0.006341842530793998
632.62,0.002598055828603767
632.82,0.004313671984656091
633.01,0.0018014938058812113
633.21,0.003978418785463432
633.4,0.003189585448267469
633.59,0.005595890152470171
633.79,0.003611698406736327
633.98,0.004279085955484172
634.18,0.0033953771440163776
634.37,0.00544790001291123
634.56,0.003238296666812525
634.76,0.005841841291217957
634.95,0.00451404103679406
635.14,0.003613350029273566
635.34,0.0009296621631331981
635.53,0.006472393867106307
635.73,0.003285260330716426
635.92,0.005161558359660181
636.11,0.003253898082610311
636.31,0.0012101925030109431
636.5,0.0036711661724120287
636.7,0.004764656728358798
636.89,0.0047795629553486286
637.08,0.005545371497103427
637.28,0.006385989936209838
637.47,0.002983847460458814
637.66,0.0041706388189334575
637.86,0.00612541544703354
638.05,0.005895728651633237
638.24,0.0028688700427613265
638.44,0.007031936059766845
638.63,0.006343146710288773
638.83,0.004642286954910871
639.02,0.002400479900262168
639.21,0.004528406382435558
639.41,0.003726252774327547
639.6,0.0033750344647490854
639.79,0.0031874299992080755
639.99,0.003975249180855256
640.18,0.006551680292830552
640.37,0.00395571562447117
640.57,0.002410096269574462
640.76,0.0016780623494114725
640.95,0.004411900967802458
641.15,0.0018088415694716502
641.34,0.006977638014227046
641.53,0.004224859730013186
641.73,0.004994394787069524
641.92,0.004607783413490356
642.11,0.0029813440587298724
642.31,0.0030325082933643018
642.5,0.005001732423334904
642.69,0.0035325581633472106
642.89,0.0025825477200329063
643.08,0.004999447243528295
643.27,0.004142608503014463
643.47,0.003348194555913438
643.66,0.004212986198141124
643.85,0.00493319978515421
644.05,0.005273154598641732
644.24,0.0022090983157533133
644.43,0.004045975476734908
644.63,0.003970166425040075
644.82,0.005690857370736734
645.01,0.00323156889868093
645.2,0.005133994341781639
645.4,0.006407365314015196
645.59,0.006040383192835617
645.78,0.0023405734322273298
645.98,0.0009676339571375755
646.17,0.0013427289873593933
646.36,0.004579620903423714
646.56,0.004348196318085087
646.75,0.0035705903542980495
646.94,0.0019111495139514623
647.13,0.00536689335243563
647.33,0.002374834866640667
647.52,0.0016509587083568052
647.71,0.0031512793584598086
647.91,0.005080573541494933
648.1,0.00405648670321589
648.29,0.008237486541596943
648.49,0.007104038966450721
648.68,0.005064042090774204
648.87,0.005253395432199613
649.06,0.005587052825410432
649.26,0.004956329948536194
649.45,0.002100414400632112
649.64,0.002917116092818243
649.83,0.007238528214733587
650.03,0.004197984030478936
650.22,0.0036557540954187747
650.41,0.0036529770823933373
650.61,0.0033257998901180847
650.8,0.0033370637426213905
650.99,0.0036016782911577234
651.18,0.004808834624684727
651.38,0.00560759835852338
651.57,0.0010709287998578849
651.76,0.005420038571595772
651.95,0.006166947721726017
652.15,0.004174732988292314
652.34,0.0036873585064803524
652.53,0.006587652497715963
652.72,0.0024915332223051003
652.92,0.006787086874643681
653.11,0.0024877867217299537
653.3,0.003219361724500176
653.49,0.0033292335470331506
653.69,0.003363645139360519
653.88,0.005314702928113898
654.07,0.007191522223246708
654.26,0.00364122169371453
654.46,0.0028645175514681576
654.65,0.005708796477417403
654.84,0.00289857849549713
655.03,0.0037333961179893387
655.23,0.00404585276961187
655.42,0.0036554067379109293
655.61,0.0036533239782734006
655.8,0.0023402945888384877
655.99,0.008128117096389996
656.19,0.005303721591609725
656.38,0.004123828837728619
656.57,0.004488380105290048
656.76,0.002119632506551117
656.96,0.006018813354022546
657.15,0.005671773996290177
657.34,0.004765720236496026
657.53,0.0063212785819866
657.72,0.005950506668494046
657.92,0.0076279159696651146
658.11,0.00412148296993688
658.3,0.0003294796168203308
658.49,0.003868597653121822
658.68,0.0031670827610971314
658.88,0.004830026509895345
659.07,0.0026216823462975685
659.26,0.0006217862997563009
659.45,0.0051756731399892645
659.64,0.004423104773728015
659.84,0.005372270361657162
660.03,0.0030900044671051657
660.22,0.004946960586146611
660.41,0.004728221146710302
660.6,0.004548211784230499
660.8,0.0035215878300815674
660.99,0.00913694917117577
661.18,0.006733357575698416
661.37,0.007180905015523767
661.56,0.005745750289059932
661.76,0.003961370040409429
661.95,0.004658691631952647
662.14,0.0012066429050476134
662.33,0.005756874177147933
662.52,0.004998918746696417
662.71,0.003147723101851934
662.91,0.00560742118304686
663.1,0.003418428313363906
663.29,0.0073831943507224
663.48,0.0027694472757071402
663.67,0.004987293885066737
663.86,0.005217992015577105
664.06,0.005304189654816105
664.25,0.0051749466877964315
664.44,0.004268382920393338
664.63,0.0023551600785307273
664.82,0.007253122156758952
665.01,0.0031594564768857815
665.21,0.0032164147967195245
665.4,0.0030801381608663715
665.59,0.0023219359786204002
665.78,0.006627514733208704
665.97,0.006122546107704217
666.16,0.004980153568045243
666.35,0.004627929711638321
666.55,0.004789896819046411
666.74,0.003655357375266657
666.93,0.0059680626463748075
667.12,0.004959112329142839
667.31,0.002701607982071826
667.5,0.004004486049432681
667.69,0.004984087932511099
667.89,0.0038546499621022533
668.08,0.005353829996358752
668.27,0.005833101945037669
668.46,0.0036593917952963914
668.65,0.007093605833622703
668.84,0.005030786722394588
669.03,0.004635777986459757
669.22,0.0036172900685604767
669.42,0.005987563277940689
669.61,0.004513061673749308
669.8,0.00487075950231863
669.99,0.0032662392007320584
670.18,0.003944175520663163
670.37,0.002551083823332856
670.56,0.0023519505690278606
670.75,0.003466022096749871
670.94,0.00670990165703127
671.14,0.0006386618702533066
671.33,0.004524287668962875
671.52,0.003128827664143653
671.71,0.005707471797544616
671.9,0.0048103370662976935
672.09,0.00487330574403753
672.28,0.009352224140012374
672.47,0.004437594244587794
672.66,0.004021197152316205
672.85,0.004779396985470594
673.05,0.00552756426893099
673.24,0.0074594518637820465
673.43,0.006234359805161452
673.62,0.0027619064495958442
673.81,0.003676359943159469
674.0,0.007952516024420042
674.19,0.0051999164175850175
674.38,0.00449046824291316
674.57,0.003978363907360285
674.76,0.0037032369994977896
674.95,0.007128963959066856
675.15,0.003582781286117117
675.34,0.005247094552944541
675.53,0.0021597631316239803
675.72,0.0058732752786599075
675.91,0.0071722995693545046
676.1,0.0036826706717541487
676.29,0.005312750053812222
676.48,0.004039435016560105
676.67,0.005752700918548663
676.86,0.0022585344002591552
677.05,0.005765956961530254
677.24,0.006827735555768219
677.43,0.008012605667040703
677.62,0.007198613101265712
677.81,0.006531726962661325
678.0,0.004062775679966955
678.2,0.007039677746593055
678.39,0.006862582862037753
678.58,0.006132652694075483
678.77,0.0056433577923971886
678.96,0.008903686332488522
679.15,0.006731623549280304
679.34,0.008450378215885476
679.53,0.006419504470587718
679.72,0.009714792800037586
679.91,0.006159328907716619
680.1,0.00937832500142912
680.29,0.006483463192990831
680.48,0.0015988496906573465
680.67,0.004755806158656701
680.86,0.004527037542224708
681.05,0.006724132974742022
681.24,0.008810140157203598
681.43,0.003853877678390939
681.62,0.009729579924534448
681.81,0.0034423121387283278
682.0,0.006367161621490632
682.19,0.010203776648247747
682.38,0.007702481737160209
682.57,0.006959045256240309
682.76,0.008358190668895128
682.95,0.010751978432237531
683.14,0.011030462620561258
683.33,0.010602879418533289
683.52,0.008957526367858884
683.71,0.00781318369081228
683.9,0.0076913315210535415
684.09,0.008391906844599839
684.28,0.007515835032886212
684.47,0.011960388130448378
684.66,0.013632685369528804
684.85,0.014910124577110885
685.04,0.00932936236065399
685.23,0.013311222544424678
685.42,0.015338464237998554
685.61,0.015481420703749393
685.8,0.016088548248707868
685.99,0.014109423428438916
686.18,0.014196308366679448
686.37,0.013654423425728928
686.56,0.018970917393279944
686.75,0.017135911726729867
686.94,0.013487726202368669
687.13,0.0158929657259236
687.32,0.015647238943673907
687.51,0.017242914622255395
687.7,0.017818248440201825
687.89,0.020727575154420495
688.08,0.02556100166865192
688.27,0.023615043092776348
688.46,0.023909990170985704
688.65,0.023471213636355015
688.84,0.026364473628465314
689.03,0.02530072156383228
689.22,0.025898207561414453
689.41,0.028925067999115796
689.6,0.03176254733348159
689.79,0.02955242516153959
689.98,0.035521281798972695
690.17,0.030729659595697827
690.36,0.035883621059504
690.55,0.034280696121849655
690.74,0.04290032879050082
690.93,0.03743134924682336
691.12,0.03975105096679632
691.31,0.04136524380401767
691.49,0.044445070185663856
691.68,0.042226719459437005
691.87,0.05132588278385812
692.06,0.04725809002732462
692.25,0.04976177005816973
692.44,0.049852656436081014
692.63,0.05871967745980305
692.82,0.057883266184062525
693.01,0.05984142006761475
693.2,0.06493084921384575
693.39,0.06472152878839121
693.58,0.06392722788146393
693.77,0.06303455578051738
693.96,0.0714828381130841
694.15,0.07436953135975384
694.33,0.07820088790698757
694.52,0.07455030522828697
694.71,0.08528174059121992
694.9,0.08199081482547356
695.09,0.08831568007684532
695.28,0.08376316795722949
695.47,0.09325528601150014
695.66,0.0912689707097867
695.85,0.09286528568916852
696.04,0.09462102532028711
696.23,0.10102386208824235
696.42,0.10199506173963134
696.6,0.10569605826714853
696.79,0.10858326848828721
696.98,0.11820375334095963
697.17,0.11768512874142725
697.36,0.12110861545044058
697.55,0.1210725927987008
697.74,0.13234333331184622
697.93,0.1327030521583374
698.12,0.13775326745543243
698.31,0.13976143102636582
698.49,0.14060338101232547
698.68,0.1487706124767093
698.87,0.14991035164250294
699.06,0.1546596655818565
699.25,0.15840219172121134
699.44,0.15814321213395338
699.63,0.16139883403394287
699.82,0.17350276068153095
700.0,0.178127359253799
700.19,0.1812890640364928
700.38,0.17875074952329356
700.57,0.18797803702475838
700.76,0.20034377409620147
700.95,0.1911715308483356
701.14,0.2003234977154635
701.33,0.21390564919939323
701.51,0.21517498938097454
701.7,0.2198181049150187
701.89,0.2196883073799118
702.08,0.22517348185747385
702.27,0.22261202727671614
702.46,0.23924945599327885
702.65,0.23880927721242834
702.83,0.24268527765246076
703.02,0.2392939766364475
703.21,0.26032299027633365
703.4,0.25621232464886345
703.59,0.2584110523536491
703.78,0.2676563275889719
703.97,0.2794233695789258
704.15,0.28023110994948924
704.34,0.2835328573085607
704.53,0.2884157725272906
704.72,0.2885759029184588
704.91,0.29422971888672667
705.1,0.30214714069658705
705.28,0.31208369791878016
705.47,0.31351224055484594
705.66,0.3268792068098851
705.85,0.33472753739389316
706.04,0.3426159468156668
706.23,0.34866549863238283
706.41,0.34770561032936115
706.6,0.34633445363892923
706.79,0.35549522542533746
706.98,0.36132638569132397
707.17,0.37241214586752347
707.35,0.37484934722902763
707.54,0.3727730067584735
707.73,0.3805069886420611
707.92,0.3933719809015685
708.11,0.4051641081374258
708.3,0.40932226229842655
708.48,0.38970678578514856
708.67,0.407520745623344
708.86,0.4110890525824524
709.05,0.4228892533455322
709.24,0.42367988167454507
709.42,0.4164661167350192
709.61,0.43479288048529424
709.8,0.4347208096023117
709.99,0.4441505681898202
710.18,0.44831987217971225
710.36,0.44953245788075863
710.55,0.44221177716489907
710.74,0.45584869982415616
710.93,0.4648856937478074
711.12,0.47374162941580766
711.3,0.47710633702604865
711.49,0.4837369873566586
711.68,0.48917876981978575
711.87,0.5091219224946021
712.05,0.5044569277962768
712.24,0.4986701603167381
712.43,0.49539432769389574
712.62,0.4962166510882897
712.81,0.5085970666789709
712.99,0.5282865807644379
713.18,0.5312680589830739
713.37,0.5389687819048505
713.56,0.5350156515897442
713.74,0.5424305387735039
713.93,0.5333577658403976
714.12,0.5275416815700652
714.31,0.5355976515188193
714.49,0.5556814597185712
714.68,0.5491236225313118
714.87,0.5667587171779265
715.06,0.5512082567055584
715.24,0.5569084418671401
715.43,0.5700102649963624
715.62,0.5760152763373371
715.81,0.5783139256952292
715.99,0.5817165554051893
716.18,0.5895351934106476
716.37,0.6008329196660153
716.56,0.6035732017335926
716.74,0.5997437258049523
716.93,0.6205983972589766
717.12,0.6184174942610446
717.31,0.6105647365143486
717.49,0.6201560232144571
717.68,0.6211856263419251
717.87,0.6200021867077052
718.06,0.6198698927519132
718.24,0.6419646999971764
718.43,0.6333145783425659
718.62,0.642557490011723
718.8,0.650702029346607
718.99,0.6540184046293184
719.18,0.6670014127564272
719.37,0.6721756665099886
719.55,0.677699138206603
719.74,0.663612117460335
719.93,0.6820960204568415
720.11,0.6852408707163606
720.3,0.6813676905718914
720.49,0.7066253019742992
720.68,0.6898162320833667
720.86,0.7040235195441509
721.05,0.6926678588847341
721.24,0.7126019267446179
721.42,0.706355302869936
721.61,0.724074121825765
721.8,0.7245755609511235
721.98,0.7321927978805752
722.17,0.7322171431733938
722.36,0.7304290788350367
722.55,0.7085268733862214
722.73,0.7274856333747456
722.92,0.70997731612876
723.11,0.7330060956527595
723.29,0.74160147774662
723.48,0.724876976646054
723.67,0.7387881090866882
723.85,0.7636570359139878
724.04,0.7586638003123994
724.23,0.7503224505801009
724.41,0.7426403860946443
724.6,0.7797197144614884
724.79,0.7748352663405429
724.97,0.7730004831808809
725.16,0.760883173593412
725.35,0.7630882556881541
725.53,0.7612537272200418
725.72,0.7864463788870252
725.91,0.7732681629704601
726.09,0.7879578487251289
726.28,0.7811897172186516
726.47,0.7903029588557596
726.65,0.7896470378777763
726.84,0.8004618688373453
727.03,0.812307593912187
727.21,0.8131489857779984
727.4,0.7899864572772503
727.59,0.8218359289564109
727.77,0.8102467075273322
727.96,0.7967137328536859
728.15,0.8170161708185937
728.33,0.8163296567947291
728.52,0.8173588679933197
728.7,0.8049072132450996
728.89,0.7986243481191473
729.08,0.8078929218322465
729.26,0.809228183358755
729.45,0.8192413371765848
729.64,0.8291575534942295
729.82,0.8071300770457284
730.01,0.8162843031319658
730.2,0.820401923314018
730.38,0.8186106520995401
730.57,0.8253441739047637
730.75,0.8399184919185556
730.94,0.823298700400143
731.13,0.8553002395957718
731.31,0.8302900726749042
731.5,0.8424014017594907
731.68,0.8497082090579755
731.87,0.84059860609558
732.06,0.8553340196982238
732.24,0.8383238946483533
732.43,0.8511211015121835
732.62,0.8505427589848384
732.8,0.8630928588870684
732.99,0.8452202344944126
733.17,0.8839011955342208
733.36,0.8928590385329909
733.55,0.8764819448543313
733.73,0.9038420570031686
733.92,0.8708560111932326
734.1,0.884636928764438
734.29,0.8705158259896261
734.48,0.8793893578955086
734.66,0.8890819382360651
734.85,0.8677911813017418
735.03,0.8708809233755808
735.22,0.8649637085269304
735.4,0.871575637223027
735.59,0.8628981038281068
735.78,0.8658230969072597
735.96,0.8661199051163441
736.15,0.8976710756341629
736.33,0.901174879048325
736.52,0.8928085489819327
736.7,0.8784844585207826
736.89,0.878336867141076
737.08,0.8986680200028319
737.26,0.9002828334902525
737.45,0.867341929997033
737.63,0.8758553077513035
737.82,0.8689895101534638
738.0,0.8951995514032113
738.19,0.8864984287371995
738.38,0.8910163690398689
738.56,0.8807399690074504
738.75,0.919258900341765
738.93,0.8978326361595595
739.12,0.8933173802575092
739.3,0.8799654009806205
739.49,0.8946665296966193
739.67,0.8922246833104047
739.86,0.9079925222497259
740.04,0.8955914057032993
740.23,0.8882619462721421
740.42,0.8955308829784143
740.6,0.8903386691517347
740.79,0.8877096235416488
740.97,0.8747787237827984
741.16,0.9092889110226711
741.34,0.9012110510879525
741.53,0.915635747342967
741.71,0.9292106270935865
741.9,0.9165923963935828
742.08,0.9252256119499275
742.27,0.9160543804215747
742.45,0.8939520921111893
742.64,0.9217979338556875
742.82,0.9215336563508155
743.01,0.9190585103527394
743.19,0.9292588548014464
743.38,0.9422179786385191
743.57,0.9340383187197845
743.75,0.9335846433985203
743.94,0.9552812382602031
744.12,0.9259911394120967
744.31,0.9548138616168885
744.49,0.9593556135172969
744.68,0.9233870709776859
744.86,0.9099107804768298
745.05,0.9172391776211258
745.23,0.9339976762671096
745.42,0.924580127031417
745.6,0.9397545732145224
745.79,0.9327669401692313
745.97,0.9271931153913495
746.16,0.9324614495482894
746.34,0.9152154098349293
746.52,0.8951592324868264
746.71,0.9290912500116274
746.89,0.9150409599688399
747.08,0.8994195981712654
747.26,0.9115335676971581
747.45,0.9120830736749824
747.63,0.9122162852408097
747.82,0.9129348044192326
748.0,0.9209263681070683
748.19,0.948084715530081
748.37,0.9323065425369809
748.56,0.9426024384352314
748.74,0.9332534362728274
748.93,0.9263860067138601
749.11,0.9454838544156564
749.3,0.9246615920113658
749.48,0.9299292150643785
749.67,0.9321886243455383
749.85,0.9283192424964934
750.03,0.9407690423909243
750.22,0.9382120596272344
750.4,0.944614281507279
750.59,0.922018355680933
750.77,0.9440406228379791
750.96,0.9642567891918837
751.14,0.9289381221584594
751.33,0.929107119262074
751.51,0.9324195502172115
751.69,0.9401143009744845
751.88,0.9359036613616504
752.06,0.9498357355339474
752.25,0.9547601568308982
752.43,0.9500771023297034
752.62,0.9466605635224726
752.8,0.9394558759397564
752.99,0.9282040868394813
753.17,0.9359281806622151
753.35,0.9501354498861799
753.54,0.9600144781160747
753.72,0.9679916039376174
753.91,0.9715115489877635
754.09,0.9589680843269826
754.28,0.9682467670061428
754.46,0.9535847355689089
754.64,0.9489151595369287
754.83,0.9301313509437955
755.01,0.9481606874254582
755.2,0.92806873033651
755.38,0.9532144309994324
755.56,0.948317531139617
755.75,0.9546101591369248
755.93,0.9657303157002212
756.12,0.9738277494715788
756.3,0.9634908273932756
756.48,0.9832294049377565
756.67,0.9558348273163828
756.85,0.9789905450881281
757.04,0.9735348564707956
757.22,0.9665766712633947
757.4,0.9744122179053483
757.59,0.9912751809497656
757.77,0.9839275239888748
757.96,0.9724592980170496
758.14,0.9854242740466498
758.32,0.9720094633135282
758.51,0.9890307426683254
758.69,0.9539486798345466
758.87,0.9599781887187206
759.06,0.9581949551835137
759.24,0.9715682718590496
759.43,0.9664443801443593
759.61,0.9797630273183895
759.79,0.9763166964192362
759.98,0.9923562561479055
760.16,0.9742488113864379
760.34,0.9798452339671483
760.53,0.9893791010328183
760.71,0.9921990444671301
760.9,0.9821413648490623
761.08,0.9558901499808647
761.26,0.978385054113426
761.45,0.9778322163056238
761.63,0.9707468374160926
761.81,0.962833205886318
762.0,0.9473321385764653
762.18,0.9764353659384234
762.36,0.9694154825419367
762.55,0.9800416841742053
762.73,0.9693378424523041
762.91,0.971268214363682
763.1,0.9922876805009441
763.28,0.9545002953140045
763.46,0.9543544288922045
763.65,0.9434288878523283
763.83,0.9524858954827746
764.01,0.9404284747215499
764.2,0.9452889777003274
764.38,0.9677149027559611
764.56,0.9796681823605783
764.75,0.9793390665310693
764.93,0.9911470845884679
765.11,0.9901792600831455
765.3,0.9613104726148767
765.48,0.9841209711706285
765.66,0.9656747376486047
765.85,0.9831178776699081
766.03,0.9560307981850577
766.21,0.9722486163129037
766.4,0.9881752508638607
766.58,0.9581533097927718
766.76,0.9820758810251987
766.95,0.9611859004469367
767.13,1.0007423385587204
767.31,0.9685764462306409
767.49,0.9839824592739099
767.68,0.9980773415176659
767.86,0.9875044882552747
768.04,0.9717986097558087
768.23,0.9815148340028561
768.41,0.947587552691691
768.59,0.9447138508872027
768.78,0.9472977500723584
768.96,0.9758710248585627
769.14,0.9519019219299129
769.32,0.9556117413711039
769.51,0.9749233138660318
769.69,0.9722122634653584
769.87,0.949691435419794
770.06,0.9275706068603918
770.24,0.9616155886389001
770.42,0.9528267280604609
770.6,0.9911030435771846
770.79,0.9573375957206057
770.97,0.9617005043700299
771.15,0.9734246080481879
771.33,0.9819496356272895
771.52,0.9763435455818942
771.7,0.9968088668982077
771.88,0.9666190432725326
772.07,0.9590036482939002
772.25,0.9754600253413771
772.43,0.9837840884860755
772.61,0.9635059741585735
772.8,0.9687267102580328
772.98,0.9677657390782074
773.16,0.9638123304806908
773.34,0.9691560525832569
773.53,0.9899816843840991
773.71,0.9574409679513912
773.89,0.989675976758243
774.07,0.9783592854866606
774.26,0.9773830039448138
774.44,0.962713276247891
774.62,0.9632395295397996
774.8,0.9793523370413151
774.99,0.9890724702244468
775.17,0.9737900820091128
775.35,0.9756699819337739
775.53,0.970155157781222
775.71,0.946636598506166
775.9,0.9464814614995933
776.08,0.939694275551606
776.26,0.9756969284589259
776.44,0.9450801852145405
776.63,0.9555853826367215
776.81,0.9734400047625746
776.99,0.9691749799569876
777.17,0.9994577352938738
777.35,0.9550366345367999
777.54,0.9801000904628692
777.72,0.9654216255742373
777.9,0.9619084600364192
778.08,0.9720023255983672
778.27,0.9652137531336948
778.45,0.9505667926205823
778.63,0.9604725729478647
778.81,0.9651216660523766
778.99,0.9566726279949793
779.18,0.9427331418172149
779.36,0.9397858820543052
779.54,0.9290855166717569
779.72,0.9466481216492469
779.9,0.9773732483831715
780.08,0.9691700025066273
780.27,0.9651659523254951
780.45,0.9945027615485359
780.63,0.9784676502554749
780.81,0.9874485236463895
780.99,0.9964993207674899
781.18,0.993013316417852
781.36,0.9755401704009466
781.54,0.9630018900339296
781.72,0.9332171239221727
781.9,0.9410565298975557
782.08,0.9326491774809811
782.27,0.9488459709854413
782.45,0.9584683545814026
782.63,0.9780346742169312
782.81,0.9781251369753415
782.99,0.9480909492004264
783.17,0.9733254474727757
783.36,0.9585187769364988
783.54,0.9687657588687321
783.72,0.9665191733492244
783.9,0.977019862812269
784.08,0.9836770997168066
784.26,0.9762282255916664
784.45,1.0114618063476968
784.63,0.9966244576696726
784.81,1.0093108857420678
784.99,0.9986214230418504
785.17,1.0133553907341961
785.35,1.0168948746473905
785.53,1.0122471672640057
785.72,0.994686230692471
785.9,0.9904150458644171
786.08,1.0004726291612192
786.26,0.9956746544418976
786.44,1.0004748735521054
786.62,0.9966832353397355
786.8,1.0114673875469213
786.99,0.9823091179506644
787.17,0.9882193203832901
787.35,0.9863328735322044
787.53,0.9991946487596722
787.71,0.9951357697644347
787.89,1.007378898473789
788.07,0.9753284350603738
788.25,0.9884486565667029
788.43,0.9961923500417745
788.62,0.9881135973207272
788.8,0.9947613733728664
788.98,0.9966922855890141
789.16,1.0006564402872518
789.34,0.9905267010840476
789.52,0.9989884465802157
789.7,0.9866258755276329
789.88,0.9583974653131969
790.06,0.9913697862168583
790.25,0.9867009587388873
790.43,0.9887271263734767
790.61,0.9818196240760398
790.79,0.990658128436376
790.97,1.034665221866772
791.15,1.015599631252293
791.33,1.0067039437764065
791.51,1.012732251922166
791.69,1.0079937840015551
791.87,0.9937778224072193
792.05,0.9881452897272156
792.24,0.9603275305469948
792.42,0.9653197235852796
792.6,0.9588646734790587
792.78,0.953815549995893
792.96,0.9389127620670373
793.14,0.9605960885841673
793.32,0.9261413545662505
793.5,0.9048498122083677
793.68,0.9645332243654399
793.86,0.9469424150931589
794.04,0.950881253663871
794.22,0.9769425920051866
794.4,0.9583074677130615
794.58,0.9621083956835577
794.76,0.9438511766448152
794.95,0.9402955934321248
795.13,0.9460932702769669
795.31,0.9695977242800473
795.49,0.964991246513373
795.67,0.9440457529536681
795.85,0.9560437300225797
796.03,0.9601613016711777
796.21,0.968357126736049
796.39,0.9574162627293918
796.57,0.9518680204301209
796.75,0.9719411847594205
796.93,0.9775156481068076
797.11,0.963642816068348
797.29,0.9516343230061723
797.47,0.9504530247173075
797.65,0.9605589973163813
797.83,1.00277959417925
798.01,0.9508718082803557
798.19,0.9479192848252032
798.37,0.9845907275331577
798.55,0.947480465555626
798.73,0.9553239402476087
798.91,0.9504455324208646
799.09,0.949966561203224
799.27,0.944510941125044
799.45,0.9756543907655161
799.63,0.9367541710543034
799.81,0.9845305143256201
799.99,0.9376576253814155
800.17,0.9450597670148246
800.35,0.9621102414790635
800.53,0.9146617904753822
800.71,0.9326964860966506
800.89,0.9613561758182795
801.07,0.929263091789205
801.25,0.9498710678434769
801.43,0.9639461080587695
801.61,0.9677135215195382
801.79,0.9699497466845741
801.97,0.9665915871069304
802.15,0.9492285734173298
802.33,0.9594418504024146
802.51,0.962204819811792
802.69,0.9687839947703929
802.87,0.9436918421083985
803.05,0.9438319617071818
803.23,0.9541401182119098
803.41,0.983121406056953
803.59,0.9704392717650157
803.77,0.9833754732075725
803.95,0.9863958404548153
804.13,0.9869240215982944
804.31,0.9874582055396078
804.49,0.964620808754576
804.67,0.9546224276203057
804.85,0.9399780129388121
805.03,0.9546762142368344
805.21,0.9460984049409432
805.39,0.9517217676392989
805.57,0.9589751646962343
805.75,0.9792422216198982
805.93,0.9703427343329226
806.11,0.9581397660354574
806.29,0.9449387811901534
806.47,0.9578750206042078
806.65,0.9709933005852764
806.83,0.9754395448484363
807.0,0.9661999019876224
807.18,1.0077846738067662
807.36,0.9824211560393401
807.54,0.9603230520032169
807.72,1.005329954883274
807.9,0.9716490392774813
808.08,0.9810697554492739
808.26,0.9695126580676728
808.44,0.9673806761143632
808.62,0.9536357924797715
808.8,0.9360775024878122
808.98,0.9290910540159949
809.16,0.9320639488917286
809.34,0.9525579480398031
809.51,0.9264005639849896
809.69,0.9488265266763058
809.87,0.9483519208480478
810.05,0.9637702478397232
810.23,0.9461830755214774
810.41,0.9856966339015181
810.59,0.9542643727900385
810.77,0.9721946797694362
810.95,0.9625341976523227
811.13,0.9557922309972199
811.31,0.9479746466617341
811.48,0.95941874535849
811.66,0.9427506506143796
811.84,0.9485330975767222
812.02,0.9504847942683157
812.2,0.9704653703263667
812.38,0.9663882098506934
812.56,0.9566245909379396
812.74,0.9516215823911093
812.92,0.9653491117318845
813.1,0.9775935010406496
813.27,0.975967488946724
813.45,0.9778366298522857
813.63,0.968388292362976
813.81,0.9857923817742348
813.99,0.9797303735348144
814.17,0.9782937041331292
814.35,0.970612047650969
814.53,0.9777750573986125
814.7,0.9670003654378853
814.88,0.9340502376871719
815.06,0.9738298354124103
815.24,0.9539956991280898
815.42,0.9367805184739906
815.6,0.9391330580632653
815.78,0.916083362405762
815.95,0.971291663320038
816.13,0.9226107472928534
816.31,0.9212222770170878
816.49,0.9363278310829782
816.67,0.9344999678711419
816.85,0.9278777823267039
817.03,0.9667271505787323
817.2,0.9528608051212262
817.38,0.9793025512849489
817.56,0.9577272531504157
817.74,0.9662795429754761
817.92,0.9673765212890706
818.1,0.9316573067484936
818.27,0.9277739463833027
818.45,0.9203287824925762
818.63,0.905166509660473
818.81,0.940540781202122
818.99,0.9343271362660528
819.17,0.9302641397749042
819.34,0.9366590869020763
819.52,0.9779940221915902
819.7,0.9426546292215493
819.88,0.9778833389608648
820.06,0.9686342209327178
820.24,0.9585396939838913
820.41,0.9744204796501696
820.59,0.9356949059371318
820.77,0.9563493921805746
820.95,0.9215238163952759
821.13,0.972132421121219
821.3,0.9513947798093423
821.48,0.9615431709311836
821.66,0.9563892546622235
821.84,0.9488190284042435
822.02,0.9440900769942406
822.19,0.9304814574147565
822.37,0.931393772197747
822.55,0.9171085648581686
822.73,0.9623280355564924
822.91,0.9708358958515597
823.08,0.9745817440908089
823.26,0.9592048495956934
823.44,0.9281151012813702
823.62,0.9629478698524991
823.8,0.9527389148432402
823.97,0.9615122843331548
824.15,0.9778656546086679
824.33,0.9085480101492543
824.51,0.9484075010946588
824.69,0.9565510997873853
824.86,0.9318023996453555
825.04,0.9622078316791977
825.22,0.9513838220049413
825.4,0.9395151236258579
825.57,0.9379406616379703
825.75,0.9576818648076163
825.93,0.9396747001556294
826.11,0.9517836099953122
826.28,0.9643605933507967
826.46,0.9980356232555557
826.64,0.9862647805863735
826.82,0.9687628227829941
826.99,0.9396295069466196
827.17,0.9732439232342465
827.35,0.9608895775882722
827.53,0.9973741573847363
827.7,0.937437281283661
827.88,0.9982229968497612
828.06,0.9900627543580584
828.24,0.9847282986677943
828.41,0.9557380412184898
828.59,0.9274267644398488
828.77,0.947810779452995
828.95,0.9355941452967251
829.12,0.9099402699908196
829.3,0.9795826046601731
829.48,0.942618804442567
829.66,0.9585856554415916
829.83,0.9612457548874422
830.01,0.9500812846501874
830.19,0.9771001757657256
830.36,0.9467529855677607
830.54,0.9436123753333939
830.72,0.9873702109616098
830.9,0.9647852480438955
831.07,0.9398447273800608
831.25,0.9695444262465697
831.43,0.9767119135404438
831.6,0.962409156755235
831.78,0.9721480827745201
831.96,0.9524466980267579
832.14,0.9401823271743748
832.31,0.9476549287013594
832.49,0.9783051016149591
832.67,0.9395350662309198
832.84,0.9639804264758609
833.02,0.9468586916767677
833.2,0.9471444011249243
833.37,0.9652170747992134
833.55,0.946538889912741
833.73,0.9492622609548688
833.91,0.9392890793062574
834.08,0.9575008074777613
834.26,0.9336172244995423
834.44,0.933575229636507
834.61,0.9349844181940999
834.79,0.921505852563891
834.97,0.9212992624599567
835.14,0.9340899386682411
835.32,0.9633961901576106
835.5,0.9310671658306713
835.67,0.983804175816598
835.85,0.9615064623366664
836.03,0.9738104579294259
836.2,0.9796366584098282
836.38,0.9364558830903936
836.56,0.9512028533661625
836.73,0.9159922594741049
836.91,0.9789612271055891
837.09,0.9675310679974041
837.26,0.9691999051718284
837.44,0.9833525956177804
837.62,0.9696005095020939
837.79,0.9550480866404766
837.97,0.9430822049935323
838.14,0.9850023557450808
838.32,0.9566782717316694
838.5,0.9315262143538369
838.67,0.9499070628598517
838.85,0.9725507668876346
839.03,0.9294466553629848
839.2,0.9290195134644493
839.38,0.9442611722364398
839.56,0.9943986832876002
839.73,1.0582600602672325
839.91,0.9605737041087097
840.08,0.9592826964604263
840.26,0.9781398928264353
840.44,0.9780489886054944
840.61,0.9665076806600561
840.79,0.9461227593078251
840.97,0.975004206640455
841.14,0.9540225205683702
841.32,0.9553205679018283
841.49,0.9476023853698002
841.67,0.9402081299736942
841.85,0.9663534732617766
842.02,0.9330342248620713
842.2,0.9350665942288012
842.37,0.9674675813538011
842.55,0.9723703094127796
842.73,0.949591495701019
842.9,0.9285316110686287
843.08,0.9011545441871828
843.25,0.957040118870728
843.43,0.9376906922119196
843.61,0.9500996408735903
843.78,0.9567257778734314
843.96,0.9050813772016435
844.13,0.9719675549657762
844.31,0.9501041950674151
844.49,0.9684227092642138
844.66,0.9183896950093052
844.84,0.9234985035099741
845.01,0.9177814950027744
845.19,0.9419559214556235
845.37,0.9595089876546667
845.54,0.9367491635862243
845.72,0.9713452760517435
845.89,0.9227925424646599
846.07,0.9338127682816668
846.24,0.9802438239306401
846.42,0.969053405852223
846.59,0.9777991669433714
846.77,1.0
846.95,0.9948154938407091
847.12,0.9696291257412459
847.3,0.9755548162727543
847.47,0.9715401860229109
847.65,0.979938351151019
847.82,0.9433764896042319
848.0,0.9792829516577365
848.17,0.9669521225609472
848.35,0.9504194112765697
848.53,0.9764949941645139
848.7,0.9995721872465633
848.88,0.9700914929816445
849.05,0.9438030542343068
849.23,0.9631134199080766
849.4,0.9207468885734293
849.58,0.9172004211460594
849.75,0.9340104175219793
849.93,0.9333464202921788
850.1,0.9333464202921788
850.28,0.9045605438473114
850.45,0.9694947893242581
850.63,0.9396811667862998
850.8,0.913006595173229
850.98,0.9315613307298157
851.16,0.9518630946817102
851.33,0.9238818941846961
851.51,0.9385938304501553
851.68,0.9557418572181369
851.86,0.9429054977431813
852.03,0.9851783397607919
852.21,0.9990935753074264
852.38,0.9711811885088378
852.56,0.9727857313654155
852.73,0.975625952872296
852.91,0.9887055229180378
853.08,1.0
853.26,0.9297058326152954
853.43,0.9462382890898602
853.61,0.9882984616265307
853.78,0.9426847010117301
853.96,0.9783057353817749
854.13,0.9722805742629476
854.31,0.9406291826364243
854.48,0.95639143680391
854.66,0.940998049757097
854.83,0.9938518907902549
855.0,0.9791218975996668
855.18,0.9653613301085382
855.35,0.9942541702908223
855.53,0.983649689582818
855.7,0.957091187229569
855.88,0.967843641723348
856.05,0.9529240947553907
856.23,0.9316110872173682
856.4,0.9736649471662691
856.58,0.9872952037108973
856.75,1.0
856.93,1.019359919146178
857.1,1.0104922817567652
857.28,1.0086758099839739
857.45,0.9732521979707688
857.62,0.9685354450876338
857.8,0.9792244246981089
857.97,0.9385536296948517
858.15,0.9245547962594306
858.32,1.0026434449222086
858.5,0.9736225709528283
858.67,0.9390804455511159
858.85,0.9345998063270156
859.02,0.9506038479691274
859.19,0.9643865678209191
859.37,0.9671099209203363
859.54,0.9622140711808669
859.72,0.9685914805204753
859.89,1.0095164017199507
860.07,0.9742967926850644
860.24,0.9765804455144346
860.41,1.019194160871924
860.59,0.956620950080131
860.76,0.950532973959104
860.94,0.9983619726249094
861.11,0.9983978391960764
861.29,0.9453342585467217
861.46,0.9463186049490583
861.63,0.9494000233744686
861.81,0.99301627667448
861.98,0.9894001087682894
862.16,0.9616096482227009
862.33,0.9625161559990523
862.5,1.0224156038404864
862.68,1.0250222403633813
862.85,0.9949423177607122
863.03,1.0365615836229094
863.2,1.015545857914988
863.37,1.0093268833573426
863.55,1.0166525863974272
863.72,1.0144804035344686
863.9,0.9771359485805577
864.07,1.0399172765556186
864.24,0.9731039919966571
864.42,0.9430388612790122
864.59,0.9104807530502816
864.77,0.9563057049870175
864.94,0.9341288862887686
865.11,0.9257114092708483
865.29,0.9617977670615147
865.46,0.9209678256087818
865.63,0.9627509330636256
865.81,0.9681464522824776
865.98,0.9341108738604607
866.16,0.9597073521164038
866.33,0.9568774728599861
866.5,0.9189566818050254
866.68,0.9303352159916726
866.85,0.9053921416046731
867.02,0.9262356085659369
867.2,0.9581707775807405
867.37,0.9679303590087163
867.54,0.9237747326104517
867.72,0.9861064731204779
867.89,0.9171305408565165
868.06,0.9333521957835944
868.24,0.925880004248558
868.41,0.9148921491478651
868.59,0.9364306870568236
868.76,0.9580109859111132
868.93,0.9293886454125568
869.11,0.8838349411091859
869.28,1.0019336484979446
869.45,0.9476826312412281
869.63,0.9586154601215577
869.8,0.9415676840231847
869.97,0.984267156510195
870.15,0.9120796003175874
870.32,0.9079795630233936
870.49,0.8917522349292587
870.66,0.940592967387483
870.84,0.9580231140019746
871.01,0.9781380396679956
871.18,0.9373560830651578
871.36,0.9871401894643044
871.53,0.9787739741041499
871.7,0.9846918865083184
871.88,0.9639326043479645
872.05,0.949009414723266
872.22,0.9275206753274817
872.4,0.9550107213658615
872.57,0.9553771001583579
872.74,0.8664085366835049
872.92,0.8776695032541502
873.09,0.8648711783540938
873.26,0.8996250332395713
873.43,0.9606871665113648
873.61,0.9001701392070572
873.78,0.9733421486268582
873.95,0.9307375985986217
874.13,0.9409393367937073
874.3,0.9417534210698618
874.47,0.9472341753227337
874.64,0.9451734301592062
874.82,0.9567826824910994
874.99,0.9405999932251264
875.16,0.9292148523057656
875.34,0.9623191102015867
875.51,0.9552062045314779
875.68,0.9832504895315559
875.85,1.019840191484748
876.03,0.9337584446881388
876.2,0.9642450436353016
876.37,0.9580247120699924
876.54,0.9144406126942289
876.72,0.9160769290364635
876.89,0.8923111036308603
877.06,0.9502857127135967
877.23,0.9961224415785848
877.41,0.9712167807902933
877.58,0.9074261560317208
877.75,0.9791578358520979
877.92,0.9454463542919054
878.1,0.9110919532238553
878.27,1.0325414571921663
878.44,0.9803836824696802
878.61,0.9109323553895136
878.79,0.9794993112358523
878.96,1.0210177426037204
879.13,1.0087072273118785
879.3,0.9447409565457313
879.48,0.9419575410829605
879.65,0.9302589122743277
879.82,0.9154107895714658
879.99,0.9223596973284963
880.16,0.9393199631232643
880.34,0.9444200751370401
880.51,1.012848282428048
880.68,0.9792472138327024
880.85,0.953927333745683
881.03,0.9742150906645644
881.2,0.9564671435366974
881.37,0.9936275071633238
881.54,0.939551695558868
881.71,0.9824940886063595
881.89,1.0
882.06,0.939071299475585
882.23,1.0108649277137078
882.4,0.8933533059927112
882.57,0.9926299289835333
882.75,0.9594524752443854
882.92,0.977865748599491
883.09,0.9918067949242735
883.26,0.9927303869173114
883.43,0.9735031863880919
883.61,0.985946065498665
883.78,0.9609195617742706
883.95,1.0178815508064387
884.12,1.022008833881465
884.29,0.958123618501842
884.47,0.9494891860446584
884.64,0.9683964700188712
884.81,0.9176076315043821
884.98,0.9602393488752665
885.15,0.9945477901879836
885.32,0.9582355435221692
885.5,0.9882296616434831
885.67,0.960895445578523
885.84,0.9735966432731479
886.01,0.9567406858054754
886.18,0.9356956496596672
886.35,0.9894481499756734
886.53,0.9850950825165452
886.7,0.9556382476666452
886.87,0.9306394337410753
887.04,1.0029197898031417
887.21,0.9219088220228359
887.38,0.9767096844008644
887.55,0.9530089552028567
887.73,0.9222254074721358
887.9,0.9516345264938955
888.07,0.9457168347164475
888.24,0.9604145085098127
888.41,0.9919311828581172
888.58,1.0330676816938267
888.75,1.0122765762483579
888.93,1.0120545925612756
889.1,0.9502667662874762
889.27,0.9633949635156636
889.44,1.0262750983898468
889.61,0.9752952023371805
889.78,1.0020545034642032
889.95,0.9217237806793036
890.12,1.0031696684770008
890.3,0.9578593055841668
890.47,0.9948531671535793
890.64,0.968056755043719
890.81,1.0451736871397175
890.98,1.0073725246540104
891.15,0.984986131845834
891.32,0.9679990177156517
891.49,0.9556714768960922
891.66,0.9040138109624515
891.84,0.9682361947418334
892.01,0.9584872862049293
892.18,1.033352929179014
892.35,0.9591604779816832
892.52,0.9110857857103468
892.69,0.9272901873372656
892.86,0.9550430802673195
893.03,0.9617265156968489
893.2,0.9222745082596625
893.37,0.983323535410493
893.55,0.9495421878439384
893.72,0.9803164937869508
893.89,0.9625456631111351
894.06,0.9230328293955476
894.23,1.0324648512931305
894.4,0.9346683323232199
894.57,1.0171336299875504
894.74,0.9684140903022654
894.91,0.9103457886250075
895.08,0.9725114996855632
895.25,0.9284474059426975
895.42,0.9396965546053081
895.59,1.053733189586671
895.76,0.9225440541664918
895.94,1.02968565771618
896.11,0.9491199707165299
896.28,0.9642205967523971
896.45,0.9418513951046056
896.62,1.0228236117652652
896.79,0.9248359800430064
896.96,0.9117097813705521
897.13,0.9488099048186908
897.3,1.029319112448013
897.47,0.9617440515354414
897.64,1.0157676819238841
897.81,0.9812844184929693
897.98,0.9851755075922198
898.15,0.9129396339706626
898.32,0.972035495764213
898.49,0.9390295821346096
898.66,0.9477820246805723
898.83,0.9386327289109134
899.0,0.9765857377797676
899.17,0.9862580943778619
899.34,0.9534582494415783
899.51,0.8797702443968916
899.68,0.9858697410068619
899.85,0.893599668296328
900.02,0.9038300617540777
900.19,0.8786698042321138
900.36,0.9946700154818795
900.53,1.0538323659528408
900.7,0.9745127653311845
900.87,1.048178095554048
901.04,1.0177724011428628
901.21,1.0568608902410963
901.38,0.9848583128258706
901.55,0.9484184598828282
901.72,1.0224430968244396
901.89,0.8708417344393474
902.06,0.95871717011373
902.23,0.9763056698937616
902.4,0.9769794685696194
902.57,1.015353024164194
902.74,1.0394841882037191
