Wavelength [nm],#18-810.csv
400.08,0.06275898586841944
400.29,-0.01193718753618659
400.5,0.054633626591385535
400.71,0.030212711329906345
400.92,0.0048858038286475735
401.13,0.0007059825282797787
401.34,0.00619736848665552
401.54,0.06786729955310543
401.75,0.02799716562963888
401.96,0.02362664357673435
402.17,-0.009594493870624932
402.38,0.03935363579863274
402.59,0.03367110637711074
402.8,0.004991181384186545
403.01,0.07076636475216981
403.22,0.055328523867833185
403.43,0.008920027171622566
403.63,0.07067105282282098
403.84,0.060472300887026986
404.05,0.08468800545228536
404.26,0.03201065296462035
404.47,0.07416386280934265
404.68,0.05029327449385129
404.89,0.04403049503211934
405.1,0.03052182138930796
405.31,0.03792447339556336
405.52,0.018831184028834276
405.72,-0.00688968877612765
405.93,0.0385007589250051
406.14,0.056188047939135344
406.35,0.02991980117661629
406.56,0.03895902116915911
406.77,0.07466838889164891
406.98,0.0643912664047201
407.19,0.06070503435071522
407.39,0.06881731590294721
407.6,0.008847220388221359
407.81,0.06363093778483096
408.02,0.045556582596065015
408.23,0.022430927159550116
408.44,0.026391053994567214
408.65,0.07057725289277733
408.86,0.060847467182438365
409.06,0.028807595076073608
409.27,0.024385629012276207
409.48,0.018212768840539864
409.69,0.03557301956016764
409.9,0.023194628341753377
410.11,0.03973759832806019
410.32,0.028262536221526354
410.52,0.07599931520863175
410.73,0.01647318960751801
410.94,0.05786721558762991
411.15,0.003964976723737724
411.36,0.004943466312444613
411.57,0.02684804786316695
411.78,-0.016297527730814346
411.98,0.02009407851460207
412.19,0.007324769446876126
412.4,0.032583925581543376
412.61,0.036575358673623264
412.82,0.034219211394823736
413.03,0.040014363916505605
413.23,0.04481364312501314
413.44,0.07501266045293035
413.65,0.043808647449288196
413.86,0.011513528692852637
414.07,0.022424927773624356
414.28,0.045501478290076634
414.48,0.030439998883959752
414.69,0.042103930288507695
414.9,0.061283761891563815
415.11,0.009699438957632684
415.32,0.02230843115929846
415.53,0.021159516205192692
415.73,0.012275630045076124
415.94,0.018781660905982007
416.15,0.022661609661461638
416.36,0.05183102625658114
416.57,0.03399918884256607
416.78,0.015958413879849993
416.98,0.03092045948145908
417.19,0.016546156875923736
417.4,0.03328628334240096
417.61,0.03074815634910214
417.82,0.040348593741157866
418.02,0.011844671012312704
418.23,0.039038403276378794
418.44,0.013274725947934935
418.65,0.020815274044000697
418.86,0.029267070469251522
419.07,0.05692443420707785
419.27,-0.0017284643509310894
419.48,0.06105996713587143
419.69,0.009182246494320855
419.9,0.026949359718623524
420.11,0.001373086826759451
420.31,0.002487463113492807
420.52,0.03198484801611449
420.73,0.037084179148150216
420.94,0.032293441706953974
421.15,-0.004126556472203886
421.35,0.017483886564135426
421.56,0.020145049516125425
421.77,0.04321010365207157
421.98,0.027514234580692975
422.19,0.010812115809608747
422.39,0.016305825715331273
422.6,0.02779113984052138
422.81,0.03489544417870908
423.02,0.022415828510120712
423.22,0.003267121919510341
423.43,0.01394855365668463
423.64,0.047818663285858924
423.85,0.03179931699672046
424.06,0.05571493695009138
424.26,0.011884927246473432
424.47,0.028869780963189446
424.68,-0.014668550323042186
424.89,0.053748549247559355
425.09,0.03824612663623911
425.3,0.03636321459698241
425.51,0.01979879462523595
425.72,0.04590499684282507
425.93,0.015252432946762543
426.13,0.02618567442574017
426.34,0.03282712894188684
426.55,0.03093947960429096
426.76,0.024193676127237797
426.96,0.031324056731746736
427.17,0.006427017610090173
427.38,0.03628172756618008
427.59,0.025071837101912322
427.79,0.046418882673001795
428.0,0.022751936186987003
428.21,0.019390153665110533
428.42,0.023291134607936158
428.62,0.033164476125546946
428.83,0.06156095061560954
429.04,0.009970890876744314
429.25,0.004826962441091099
429.45,0.031830231222540056
429.66,0.04590701975059771
429.87,0.02646788027588884
430.08,0.0436303392638479
430.28,0.011190260245365938
430.49,0.01396054715457206
430.7,0.02304482896165798
430.91,0.01701014750496917
431.11,0.028571954960404614
431.32,0.02565997671274262
431.53,0.029207133400271933
431.74,0.017345983934070296
431.94,0.0360047471592072
432.15,0.010670518880692518
432.36,0.03936041875396163
432.56,0.008008759838999471
432.77,0.02770169480098101
432.98,0.03088295439885156
433.19,0.01690020413883709
433.39,0.024829931007472564
433.6,0.03124098715909966
433.81,0.0071240526741578195
434.02,0.038175570461367776
434.22,0.01829663517267906
434.43,0.040818581983541054
434.64,0.03175486865850677
434.84,0.0369895840747859
435.05,0.01157116684566305
435.26,0.023286639393786175
435.47,0.013043373176895239
435.67,0.02918451967754207
435.88,0.010355292318859633
436.09,0.03555317724369168
436.29,0.0037694326520598324
436.5,-0.0076324730829506375
436.71,0.01812050683081581
436.92,0.029690372192088463
437.12,0.01767029588574825
437.33,0.04237438006997042
437.54,0.01591840020687824
437.74,0.031754107829763206
437.95,0.021426273794984612
438.16,0.018911834770537227
438.36,-0.004439921622540587
438.57,0.023538340992771252
438.78,0.030157537887200603
438.99,0.006128372292216085
439.19,0.0016382301391422802
439.4,0.005032918729387959
439.61,0.018026381863387536
439.81,0.0022504296804856517
440.02,0.03063704721731482
440.23,0.014010849077640644
440.43,0.004913754965211019
440.64,0.019963081191715425
440.85,0.014347902379458656
441.05,0.0016624761941636944
441.26,0.02549044659968642
441.47,0.05559295559032031
441.67,0.018506596913986022
441.88,0.026440538030204023
442.09,0.01810603755716043
442.29,0.026406865922568287
442.5,0.017380909717943774
442.71,0.02967182831135118
442.91,0.024499462596985395
443.12,0.03026591902026216
443.33,0.02887549250814179
443.53,0.018306848805873084
443.74,0.0015508425793198661
443.95,0.015177277580195363
444.15,0.011398673891376322
444.36,0.021377884162786933
444.57,0.01661230064223396
444.77,0.028553479746037343
444.98,0.035912404751719695
445.19,0.02437245764160298
445.39,0.018578634687472884
445.6,0.02682159448438798
445.81,0.011586763733194078
446.01,0.020150048327079482
446.22,0.021984416279303105
446.43,0.0127693074538613
446.63,0.023756790051289403
446.84,-0.003922433075511675
447.05,0.0091678725658877
447.25,0.008725640108013168
447.46,0.007705557469412272
447.67,0.020403118419242246
447.87,0.0050409807115596025
448.08,0.006683026704863397
448.28,0.007801969057665285
448.49,0.019219405250682664
448.7,0.02387173267488282
448.9,0.019733692432466723
449.11,0.013876217757730831
449.32,0.021465561715938872
449.52,0.019137594249753392
449.73,0.024500679594525916
449.93,0.017026162369438987
450.14,0.012677905700085462
450.35,0.0238861787556026
450.55,0.027026461623428675
450.76,0.010630683870120514
450.97,0.006602252094646795
451.17,0.008736175322856317
451.38,0.012866643735878536
451.58,-0.007965267114946765
451.79,-0.00658986374094534
452.0,0.01623142695007728
452.2,0.027309969042215002
452.41,0.012801522449259887
452.62,0.027455119284598057
452.82,-0.007822493255933404
453.03,0.0168921442458933
453.23,0.023606789222724266
453.44,-0.008820807051741765
453.65,0.012501575955028769
453.85,0.021486646937926818
454.06,0.011098694718612714
454.26,0.02251564448055524
454.47,0.0059824746696882525
454.68,0.02763598298076164
454.88,0.0058512580480027205
455.09,0.03066636193690924
455.29,0.014821499616702106
455.5,0.017085879874548363
455.71,0.010803287500656109
455.91,-0.0008082475481572699
456.12,0.00884849726274377
456.32,0.010648908649164417
456.53,0.019314880939556058
456.73,0.026429773345622548
456.94,0.020414693816801725
457.15,0.0277116559172469
457.35,0.010267080662874462
457.56,0.028348706121096526
457.76,0.011923579449413892
457.97,0.021164497102250112
458.18,0.011485588316948571
458.38,0.010621582329274409
458.59,0.025141691917065227
458.79,0.00321396350123719
459.0,0.010431349403464673
459.2,0.01386492428157272
459.41,-0.0016969587938272719
459.62,0.014824446423915135
459.82,0.020947879574974692
460.03,0.016433493596420348
460.23,0.0038814821163389974
460.44,0.028626737334577716
460.64,0.01136361738200832
460.85,0.03143085953947642
461.06,0.0016300868422430854
461.26,0.020901780975262137
461.47,0.01485335142878687
461.67,0.0012087345587239334
461.88,0.014885010940738646
462.08,0.018176932378740494
462.29,0.017066015939357772
462.49,0.012413402223582953
462.7,0.009292049829969068
462.91,0.021111716379297114
463.11,0.020333322315974716
463.32,0.010274247618027896
463.52,0.010981170754541877
463.73,0.012490275259471086
463.93,0.0014655964521934754
464.14,0.011344139477882875
464.34,0.010198589917143033
464.55,0.008727978762071726
464.75,0.021223192602079076
464.96,0.02764484032295949
465.16,0.007598611389915607
465.37,0.019192146882385037
465.58,-0.0022049214075345897
465.78,0.008912655971479515
465.99,-0.002512545423083563
466.19,0.018689709217251414
466.4,0.005676166450089115
466.6,0.025785888710764034
466.81,0.003738437182754646
467.01,0.012515545647010884
467.22,0.014337721682758825
467.42,0.012168474121603875
467.63,0.006817279646537009
467.83,0.005089280631511048
468.04,0.008308915558168409
468.24,0.014975635143427226
468.45,0.006262554073221283
468.65,0.0011988456296797042
468.86,0.0030292544946804887
469.06,0.02359879445927334
469.27,0.014755967854029972
469.47,0.015122541642384628
469.68,0.02235679234506183
469.88,0.01660720690110804
470.09,0.01248428528455471
470.29,0.012546989481342133
470.5,0.013447951491275159
470.7,0.010616814955513358
470.91,0.0008082571646056433
471.11,0.0077630052645668015
471.32,0.005489829065915261
471.52,0.011180943979626906
471.73,0.013200187376251749
471.93,0.012039295720899982
472.14,0.013402684973133645
472.34,0.011861126668404167
472.55,0.009441206726873737
472.75,0.014016476058938864
472.96,0.009708931795558694
473.16,0.012087450884059403
473.37,0.018587828699211776
473.57,0.0033893693477297505
473.78,-0.00421677501798314
473.98,0.013310418072394888
474.19,0.006753530389894037
474.39,0.01683850470349005
474.6,0.0035214808299196985
474.8,0.0074264095192058425
475.01,-0.0015611525917469055
475.21,0.004534440057554424
475.42,0.00824555819343335
475.62,0.014206479447985714
475.83,0.009400157288911143
476.03,0.0011657558515222922
476.24,0.010481276295067293
476.44,0.014552671512304289
476.64,0.005123370729301848
476.85,0.008300424521443294
477.05,0.0041297083771120995
477.26,0.010154689560372621
477.46,0.006906705663281604
477.67,0.0046288325336165115
477.87,0.013651191303462602
478.08,0.0017936081229636338
478.28,0.007164562828747457
478.49,0.011165511192451167
478.69,0.005446946980549866
478.9,0.009465909349047319
479.1,0.007895140988296873
479.3,0.008353105710285061
479.51,0.00295493615820799
479.71,0.011186330114270896
479.92,0.006151132806459576
480.12,0.004006728201608475
480.33,-0.0026003951302428704
480.53,0.0032176354898076306
480.74,0.01062570682458414
480.94,0.007011568406669374
481.14,0.0067556976344634095
481.35,0.01386871397963495
481.55,0.004267692237341409
481.76,0.007661172016216143
481.96,0.007683622686673236
482.17,0.009713019872465237
482.37,0.010607218601810107
482.57,0.0055617991539777265
482.78,-0.003501509954728021
482.98,0.0031661340700613063
483.19,0.007864959491230155
483.39,0.013073425780244204
483.6,0.004717386950803988
483.8,0.00749901075777804
484.0,0.011584260798733186
484.21,0.004873317387420502
484.41,0.007736841762596519
484.62,0.012503068712523019
484.82,-0.0008786113613730547
485.02,0.012391466748101545
485.23,0.0014264943335139705
485.43,0.005367075797559278
485.64,0.0006654350945641958
485.84,0.0074247682493444826
486.05,0.00415507355433861
486.25,0.007727244942881855
486.45,0.004509818964462634
486.66,0.011429125577258127
486.86,0.00508305473152726
487.07,0.01040853793159233
487.27,0.004983783571460989
487.47,0.007500961704493717
487.68,0.0006371003680657639
487.88,-0.0015647779117507424
488.09,0.0038709150826931197
488.29,0.0025004723856376144
488.49,0.00798887308962809
488.7,0.002079072560219115
488.9,0.0007854625603551901
489.1,0.00823596987645727
489.31,0.008569162842074946
489.51,0.007421832520663528
489.72,0.008922740173443678
489.92,0.004088015442360869
490.12,0.0027317562696696366
490.33,0.009411921186736177
490.53,0.007258498625928253
490.74,-0.00026511481966889287
490.94,0.007405065346561354
491.14,0.0038733662820582045
491.35,0.0012796539943749508
491.55,0.002789146267849416
491.75,0.006472854259404407
491.96,0.0077011507557679494
492.16,-0.0012733722828285712
492.36,0.008533514006311802
492.57,0.005997361671744046
492.77,0.004749580398724731
492.98,0.0043888500902639635
493.18,0.005998091543217442
493.38,0.0002411259461540476
493.59,0.008435870815447867
493.79,0.0021831757307809187
493.99,0.0035545609322251473
494.2,0.0015314523554295662
494.4,0.0038205148473111545
494.6,0.0034961041486438822
494.81,0.009233109281479523
495.01,0.005256394056612075
495.22,0.00445276783512224
495.42,0.0027983188193710326
495.62,0.007649898181055132
495.83,0.006282754288940286
496.03,0.006894206869562297
496.23,0.0027403814416877698
496.44,0.0069326883858395385
496.64,0.008034254932203786
496.84,0.003874805561994902
497.05,-0.0005568115190170087
497.25,0.003982074198959752
497.45,0.006116277838316901
497.66,0.0005419153253092488
497.86,0.0005374682183624824
498.06,0.004465744103553362
498.27,0.002799742870742393
498.47,0.0025424552266360974
498.67,0.011279295358670484
498.88,0.0019027046724653393
499.08,0.007683861481296914
499.28,0.007582548490327263
499.49,0.008841085676688636
499.69,0.005236820922364669
499.89,0.0030716950132318815
500.1,0.0014476522247825144
500.3,0.005493091512336572
500.5,0.006251813210202245
500.7,0.002898594184497962
500.91,0.007152870782792136
501.11,0.0005146005233460717
501.31,0.006180997226619951
501.52,0.0021450062622666104
501.72,0.0008143553555509807
501.92,0.0062124787353680265
502.13,0.00866110423971347
502.33,0.000945191005816687
502.53,0.0074206331787081675
502.74,0.0015386477553766837
502.94,0.010138671027156305
503.14,-0.0003665706352413547
503.34,0.0029039373839458396
503.55,0.007021282693254624
503.75,0.006174514895030115
503.95,0.0006419124964302388
504.16,0.004020097857298902
504.36,0.0034043543387648274
504.56,-0.00036529974584906163
504.76,0.005204515118744335
504.97,0.0043973374072684085
505.17,0.006144144641085063
505.37,0.0032564765934554626
505.58,0.006054800379277583
505.78,0.006317409591241173
505.98,0.004973146668645621
506.18,0.009216137264550915
506.39,0.0034842063481901695
506.59,0.00656144184116527
506.79,0.0046941109464851225
507.0,0.0062332892840162545
507.2,0.003629440935891719
507.4,0.0037652131957956964
507.6,0.004382891044905477
507.81,0.005460521568637214
508.01,0.004497105800803178
508.21,0.004224210796645969
508.41,-0.000614365415179749
508.62,0.005156674675303077
508.82,0.00391870288211562
509.02,0.006016385877100451
509.23,0.006517164445833059
509.43,0.007298376505232926
509.63,0.002793763687159345
509.83,0.0051977805307033605
510.04,0.006569277233249567
510.24,0.003718623354629684
510.44,0.007381453409784976
510.64,0.003718623354629684
510.85,0.0004613858309128559
511.05,0.005036812684432111
511.25,0.004689187383465781
511.45,0.0049858780520375045
511.66,0.003590319066864938
511.86,0.00648933032923219
512.06,0.005713529268540608
512.26,0.005105927165738131
512.46,0.002436042614378966
512.67,0.00635648887838516
512.87,0.004366492554438037
513.07,0.0028482198029770606
513.27,-0.0015002693931468766
513.48,0.0060269658426266425
513.68,0.003848119436614605
513.88,0.004152080110722141
514.08,0.0035910104509066045
514.29,0.00421952025800519
514.49,-0.0017069996972696579
514.69,0.0037869051136853907
514.89,0.0014339976608166145
515.09,0.0052736542846487
515.3,0.001061627115985134
515.5,0.004743510288686116
515.7,0.007182581980202387
515.9,0.007504056457858597
516.11,0.0011636165006388228
516.31,0.008067457972847851
516.51,0.00495335237306127
516.71,0.007516224162841999
516.91,0.002465678286823682
517.12,-0.0012567965556818364
517.32,0.0034181309064244066
517.52,0.005043644653382318
517.72,0.00017442978731934295
517.92,0.003171546670953438
518.13,0.004832112957458427
518.33,0.0025830132153862647
518.53,0.003754856657520941
518.73,0.005223016421893666
518.93,0.0033509467959402573
519.14,0.005072722484229109
519.34,0.0017866244512080426
519.54,0.006069382427931125
519.74,0.00040516307918902345
519.94,0.00484054418649762
520.15,0.0015767856729338155
520.35,0.006635272639228806
520.55,0.0036690560892953267
520.75,0.0009855449226441441
520.95,0.0013155870038650827
521.16,0.007088903536736072
521.36,0.0030537360441690036
521.56,0.0062654773053693975
521.76,0.00027786934478247154
521.96,0.003099375214332535
522.16,0.0017329905227458575
522.37,0.0049273020679683165
522.57,0.001070137711644834
522.77,0.0034216294970232956
522.97,0.00381552192382255
523.17,0.005330332260674019
523.37,0.003455918571622129
523.58,0.0033873959758327675
523.78,0.0003836677604179756
523.98,0.005889244176026799
524.18,0.00524226976735318
524.38,0.004543063346356865
524.58,0.0012495244244997733
524.79,0.00224527421264495
524.99,0.006464143390647019
525.19,0.005974378387292644
525.39,0.006728570913837335
525.59,0.005462566179742608
525.79,0.0010324579203795786
526.0,0.0027645631494390686
526.2,0.0031763016032705133
526.4,0.005330105737857087
526.6,0.0012320775980938963
526.8,0.0004907784583397044
527.0,0.007515751005405774
527.2,0.005695413209603854
527.41,0.001430146417206365
527.61,0.0030639021997772666
527.81,0.006304946139293055
528.01,0.0011594149793547706
528.21,5.122283772175321e-05
528.41,0.0012027530939116746
528.61,0.00466505953403448
528.82,0.0010215447790060757
529.02,-0.00047835128005510315
529.22,0.002861917441907047
529.42,0.0015160302392071914
529.62,0.00046655568922061586
529.82,0.00336321878758827
530.02,0.008704572643715434
530.22,0.0029047112461428083
530.43,0.0015384327106817291
530.63,0.0006904500283433808
530.83,0.0051378722738267555
531.03,0.0009974463403796096
531.23,0.002205601087336924
531.43,0.005905295465816036
531.63,0.004360901731065974
531.83,0.005165596171133617
532.03,0.004600699281352618
532.24,0.006416508352948714
532.44,0.004538265065890754
532.64,0.0031938569418732115
532.84,0.005236451305724157
533.04,0.004609166692410878
533.24,0.001976912282457843
533.44,0.002504272615308805
533.64,0.003261580613328091
533.84,-5.6873204093164145e-05
534.04,0.0010080625864060523
534.25,0.002103980071075895
534.45,0.0019485499335368064
534.65,0.004106895244795153
534.85,0.007710138294171611
535.05,0.002854202938909822
535.25,0.0014445621780834693
535.45,0.004283147553320761
535.65,0.003364297379431915
535.85,0.004333352719351191
536.05,0.002948672556804519
536.25,0.0024859709326181907
536.46,0.0003722303075702429
536.66,0.004163424168804411
536.86,0.005433164257670849
537.06,0.0001577639334675976
537.26,0.0025024036497892847
537.46,0.0041516583924639
537.66,0.0031079686221490888
537.86,0.0006928896579959855
538.06,0.005391953227466955
538.26,-0.000267780450503465
538.46,0.0029732462343877364
538.66,0.003389297351280976
538.86,0.005048802798284705
539.07,0.008054154505716147
539.27,0.0017738704505104134
539.47,0.003767733968408504
539.67,0.004168301963564485
539.87,0.00451895015835654
540.07,0.004634225934715897
540.27,0.005469077358736944
540.47,0.002290392973723606
540.67,0.0047852112471623775
540.87,0.00511627636498974
541.07,0.002769673541501495
541.27,0.0012262823571846384
541.47,0.006710501759444339
541.67,0.005950908573807903
541.87,0.002083269991098095
542.07,0.004012565025547991
542.27,0.00164055672889543
542.47,0.0029260592453242288
542.67,0.004623382724654896
542.87,0.0036314277085172045
543.08,0.00599007111087031
543.28,0.004961973820105312
543.48,0.003955384688404769
543.68,0.005217866750204169
543.88,0.003198920274719697
544.08,0.002829188739067606
544.28,0.003997582339566168
544.48,0.002382831407907404
544.68,0.0055681416942618064
544.88,0.0034730544912131033
545.08,5.0617592588661315e-05
545.28,0.0033834672243773655
545.48,0.001958259143849869
545.68,0.004453090554974948
545.88,0.0030254832459326118
546.08,0.006441694635855156
546.28,0.002793362887788351
546.48,0.00320767570175243
546.68,0.004481282192492082
546.88,0.002489398595635831
547.08,0.006676079630134352
547.28,0.00321105594879293
547.48,0.003946636114997638
547.68,0.0040160054220121245
547.88,0.001123344456154261
548.08,0.004358294197900356
548.28,0.0021640980282028673
548.48,0.0035564283445619176
548.68,0.003832834146284302
548.88,0.0009910795314034488
549.08,0.0039950251064911815
549.28,0.0034344832466691034
549.48,0.0019330520275212442
549.68,0.00464768320717585
549.88,0.002342589568332783
550.08,0.004308935219462682
550.28,0.0017206866061889895
550.48,0.0042296435949151084
550.68,0.004258056938815689
550.88,0.0011958569126642
551.08,0.0017201475142008943
551.28,0.0033741694934260364
551.48,0.005295774137554256
551.68,0.0027469830406739427
551.88,0.0021146928233100057
552.08,0.0039165232011796605
552.28,-0.00015820163822448965
552.48,0.005505218196485724
552.68,0.0013823059668741213
552.88,0.0006578805422047413
553.08,0.0027711387350518022
553.28,0.0026960636152311697
553.48,0.0026856693863980866
553.68,0.006980644964404557
553.88,0.00527639693276289
554.08,0.0031180673062305804
554.28,0.0037016780114470143
554.47,0.0026484324653461575
554.67,0.0028611472537369725
554.87,0.0040990021266398575
555.07,0.002348219927504775
555.27,0.004852186094223671
555.47,0.002672653837395585
555.67,0.003652131595253011
555.87,-0.0014830622831081039
556.07,0.005243887109654012
556.27,0.001667554645281378
556.47,0.002909243012395254
556.67,0.0017839663408121367
556.87,0.004153249785988222
557.07,0.0034976737531393514
557.27,0.004822120147049639
557.47,0.0060781233513830316
557.67,0.003092749253647429
557.87,0.0018951703235888034
558.07,0.0037100177798366665
558.26,0.006120896721746609
558.46,0.0055113453353011115
558.66,0.003470209179414852
558.86,0.003487764798797502
559.06,0.004680130691535593
559.26,0.004382413340813236
559.46,0.0017461669352846917
559.66,0.0014576947841484882
559.86,0.004808443797828936
560.06,0.005095801874235279
560.26,0.00430460111437654
560.46,0.0029755473420005466
560.66,0.00437559393299109
560.86,0.004429196801004284
561.05,0.0035125339507547123
561.25,0.002133792241060973
561.45,0.0012471882506017444
561.65,0.001425810537671988
561.85,0.0023987935158174783
562.05,0.003262470579036816
562.25,0.0018208167400253145
562.45,0.0035195043213060145
562.65,0.0019193926024843283
562.85,0.0038882268544553067
563.05,0.0023267697624769277
563.24,0.002547256995243997
563.44,0.004551775699880881
563.64,0.003510795669983075
563.84,0.0036974028735177328
564.04,0.002731152917026527
564.24,0.0044617494519946675
564.44,0.006148457256592151
564.64,0.0012145160414553913
564.84,4.654757357448444e-05
565.03,0.003992634333106575
565.23,0.0006324203489596389
565.43,0.0012254958274111678
565.63,0.0018062166918341104
565.83,0.0016690968285785705
566.03,0.00383272644713978
566.23,0.0011200756973077128
566.43,0.0016076589024594517
566.63,0.005549740329845262
566.82,0.0025009863019698174
567.02,-0.00043669924741353305
567.22,0.008132878759554193
567.42,0.0029815081067099815
567.62,0.0018608760521787895
567.82,0.0004325676456801216
568.02,0.0041037094655723945
568.22,0.006105073698567482
568.41,0.003651286537839383
568.61,0.003452028841471679
568.81,0.004210095799275456
569.01,0.0051114285824414565
569.21,0.0008330052601364044
569.41,0.0018928962711726937
569.61,0.004508498934034372
569.8,0.0015049138007348609
570.0,0.005223318150539048
570.2,0.00043094168211481456
570.4,0.004704815181941055
570.6,0.003068126864538468
570.8,0.003738528798906305
571.0,0.0020879353436138565
571.19,0.005376968338629347
571.39,0.0009917366634244762
571.59,0.0013918021710453293
571.79,0.00244692765615708
571.99,0.003252642400544476
572.19,0.001198295220264085
572.38,0.00390555709642606
572.58,0.0003311138980340793
572.78,0.0006213683712791764
572.98,0.0046961544506823666
573.18,0.004303609315958308
573.38,0.0011994477074357838
573.57,0.0022388789478469916
573.77,0.00329948006419233
573.97,0.003797693972938882
574.17,0.0022448747187885903
574.37,0.0026451590333895513
574.57,0.0014801497838623447
574.76,0.004956909514568125
574.96,0.002136967763497502
575.16,0.0035624210236531524
575.36,0.001869093046165877
575.56,0.0011991017285810622
575.75,0.004397572705979429
575.95,0.004521296550391544
576.15,0.0031599069109422466
576.35,0.0017785637863631473
576.55,0.0035661504301324515
576.74,0.003072752443445803
576.94,0.002890330205980814
577.14,0.0024301190624497052
577.34,0.002120032457164115
577.54,0.0013811751627421257
577.74,0.0043143742280219
577.93,0.004452345020035384
578.13,0.004363711779522275
578.33,0.008199808670007021
578.53,0.002392456851478134
578.72,0.0021765925402085894
578.92,0.0005073241801511202
579.12,0.0026284551175026513
579.32,0.0003287618963258766
579.52,0.0029951281667686307
579.71,0.006227957407217947
579.91,0.00433452626244235
580.11,0.0010915128628407507
580.31,0.003070137698753753
580.51,0.0031536546637994036
580.7,0.005205846306695617
580.9,0.002398765555474633
581.1,0.0032202639722592927
581.3,0.004613463644708181
581.49,0.0005135142708688219
581.69,0.0013229657715902756
581.89,0.0014470621207181584
582.09,0.004563513095673929
582.29,0.005142447109338895
582.48,0.00013916918379145547
582.68,0.0004219539625482798
582.88,0.0041132934086898255
583.08,0.0017554073211595502
583.27,0.0013429782068987656
583.47,0.005201010050249565
583.67,0.001635350782237744
583.87,0.002957134894901557
584.06,-0.00014374322927112343
584.26,0.00453252049972095
584.46,0.005854588960120231
584.66,0.004062172585024116
584.85,0.006653764790469538
585.05,0.0017289533182604107
585.25,0.004451343346410444
585.45,0.00393037351332574
585.64,0.003665856259359591
585.84,0.0017385545721615298
586.04,0.0024439175876052664
586.24,0.0031347518829566894
586.43,0.005722934529914941
586.63,0.003600330038669467
586.83,0.0029477176835096645
587.03,0.0019075877478632272
587.22,0.00404629212655503
587.42,0.00519516483472059
587.62,0.003322062151298862
587.82,0.0023877470572981774
588.01,0.0031042255832891617
588.21,0.00445886923724854
588.41,0.0034995399232096765
588.6,0.004668650721582015
588.8,0.0031655851059305853
589.0,0.006008237819347917
589.2,-0.00014231147998246358
589.39,0.0010601408002616978
589.59,0.004477795772203468
589.79,0.0029416560895038158
589.98,0.005092924087751795
590.18,0.005514867410780781
590.38,0.0005949198015699437
590.58,0.0032850162056914495
590.77,-0.00014337923605518485
590.97,0.0011593080532619662
591.17,0.003472299767768915
591.36,0.0030162379657050404
591.56,0.0018962787819699278
591.76,0.002750086517124352
591.96,0.004385141491174064
592.15,0.005064042090774204
592.35,0.002491298735460234
592.55,0.004779807825603325
592.74,0.00238662840960759
592.94,0.005012549075940881
593.14,0.0033837102003560957
593.33,0.0041688143926165095
593.53,0.0024793981521256856
593.73,0.0032884918791491777
593.92,0.0030824986624837917
594.12,0.0038558257617588676
594.32,0.002704161200089119
594.51,0.007149119065346544
594.71,0.004282086730900733
594.91,0.00347648773617807
595.11,0.0034665176721853006
595.3,0.0013494905446769293
595.5,0.002138711063576918
595.7,0.002844197028886852
595.89,0.0019199323115060693
596.09,0.0039455001682526785
596.29,0.0009614149279896622
596.48,0.0035705903542980495
596.68,0.0035912556702048714
596.88,0.0013504980528053839
597.07,0.0035986461418778476
597.27,0.0024703741413360197
597.47,0.001186213645049435
597.66,0.00433521598731281
597.86,0.001155227295218722
598.06,0.005833268675982032
598.25,0.002098648929662174
598.45,0.000414983058475223
598.64,0.001628643196365685
598.84,0.0012469346882580076
599.04,0.0028205030024655714
599.23,0.003164973979706255
599.43,0.0008820720284005119
599.63,0.005404758381864222
599.82,0.005755874939721904
600.02,0.0007910767881946523
600.22,0.0055273369656247354
600.41,0.004266605282814066
600.61,0.0015392988475260488
600.81,0.008295187432449684
601.0,0.0018004785088458978
601.2,0.0009531883347560794
601.39,0.0018852767209237263
601.59,0.003456923520586403
601.79,-0.0005094017263979097
601.98,0.003122469599964836
602.18,0.0051635689309646095
602.38,0.001832676903429476
602.57,0.0030839187144649245
602.77,0.002888686178057788
602.96,0.0004210004365805047
603.16,0.002455707007691482
603.36,-0.0005172170693074201
603.55,0.0024634771683971967
603.75,0.0016874134728218026
603.95,0.0021631524142272807
604.14,0.0031301986923262643
604.34,0.004793607540593575
604.53,0.0033538387544188903
604.73,0.004823400452679459
604.93,0.004967841871237152
605.12,0.00424105362229444
605.32,0.001535567725780271
605.51,0.003289406749271554
605.71,0.0006004955506918086
605.91,0.000684524505944359
606.1,0.0023179951518841726
606.3,0.001780719215812448
606.49,0.0051839511819005875
606.69,0.0003157818611626633
606.89,0.0022193159104692177
607.08,0.006855826956185696
607.28,0.003788531469967541
607.47,-0.00023350881371211223
607.67,0.0013027195849949276
607.87,0.0010511067273797023
608.06,0.0036027352737275104
608.26,0.0017637822163961727
608.45,0.0017859458303790313
608.65,0.00031409601052498657
608.84,0.004498418047052678
609.04,0.00249161441410521
609.24,0.0021755154577360668
609.43,0.0059479570655286
609.63,0.0018228285006971368
609.82,0.0037013101462898806
610.02,-0.0003114688151770686
610.21,0.0019672820865849787
610.41,0.0035690573418818176
610.61,0.0020880995605870524
610.8,0.0016166705653561542
611.0,0.002411772303683096
611.19,0.0033703902940322855
611.39,0.0015286116637129908
611.58,0.0005614714484434105
611.78,0.003835987947030676
611.98,0.0021306242074362984
612.17,0.004419364318334082
612.37,0.004141808856635418
612.56,0.0007303741035084352
612.76,0.001824615671688451
612.95,0.00181073593641075
613.15,0.002711991129690463
613.34,0.0036539190579715783
613.54,0.0006344733794581564
613.73,0.0022398178683228184
613.93,0.0013982990161215145
614.13,0.0015650301256870088
614.32,0.0019614155739102004
614.52,0.0025602904422976575
614.71,0.0006357691628386377
614.91,0.0025901056191930194
615.1,0.0007122582518369793
615.3,0.003268174580110617
615.49,0.0017854787245657555
615.69,0.004667930942107186
615.88,0.00020478383382164817
616.08,0.0017324311662266368
616.27,0.0009413080137515422
616.47,0.005540436129076364
616.66,0.0027991890925182414
616.86,0.0002071354077627871
617.06,0.0015287620123926513
617.25,0.0014523683292202367
617.45,0.0028161679720916403
617.64,0.0018465241923636636
617.84,0.002932846121793569
618.03,0.00028969174696732097
618.23,-0.00037095365141847465
618.42,0.004338270079419676
618.62,0.002236438098222303
618.81,0.0012631146156839455
619.01,3.8132641628563886e-05
619.2,0.002680809095328648
619.4,0.000776236147958337
619.59,0.0024405857524960706
619.79,0.0036527556040367878
619.98,0.0020889230437918663
620.18,0.0007658791947011546
620.37,0.0030028660355682244
620.57,0.005188324872350157
620.76,0.003822127154735651
620.96,-0.0001269171583337805
621.15,0.005295680231551333
621.35,0.00012100394816061008
621.54,0.0023697441604444073
621.74,0.0038611846057024553
621.93,0.001372891229776542
622.13,0.00336014942226993
622.32,0.0021296170148008566
622.51,0.0019487134459435882
622.71,0.0030232776575934575
622.9,0.004816775898574265
623.1,0.003952486304666405
623.29,0.001282485176576534
623.49,0.0006283898485843714
623.68,0.0033640596674332085
623.88,0.004465807953734653
624.07,0.0016817639283357602
624.27,0.002440787880250356
624.46,0.0031201392905419708
624.66,0.0023736955545765573
624.85,0.0030225260018023697
625.05,0.0026525601040286264
625.24,0.0026244672097584976
625.43,0.004364012769060498
625.63,0.0016261970032671181
625.82,0.0036916390035112855
626.02,0.003221109031303039
626.21,0.0030706218804295816
626.41,0.00222009367292913
626.6,0.0013927419862587284
626.8,0.00012294543597383785
626.99,0.004907580196140179
627.19,0.003668797475435263
627.38,0.002567625608602443
627.57,0.0009830113809229243
627.77,0.003967670198432653
627.96,0.003519141609049591
628.16,0.0022666685147453612
628.35,0.002942367606506925
628.55,0.0029682101380033455
628.74,0.0020788585010278206
628.93,0.004568089015573219
629.13,0.005106811212930216
629.32,0.003668753820000196
629.52,0.001162668319135537
629.71,0.0027501465602736037
629.91,0.0008123897928298073
630.1,4.128294796804728e-05
630.29,0.002303353430944942
630.49,0.003265331967057672
630.68,0.0019563208391229128
630.88,0.0017148507085124488
631.07,0.004452503299472818
631.27,0.0008132268427247735
631.46,0.003897746192816586
631.65,0.0029132083080130014
631.85,0.0016905814344613176
632.04,0.005400435671337667
632.24,-0.0006492859870558461
632.43,0.0005662865296519812
632.62,0.0011485915568552854
632.82,0.002656955964663838
633.01,0.0018014938058812113
633.21,0.0051158292348475656
633.4,0.0027523111832421436
633.59,0.001892993387367214
633.79,0.000999020402383743
633.98,0.001983781073388471
634.18,0.003571892309240604
634.37,0.002877768940052063
634.56,0.004037410806310003
634.76,0.0042599064559317055
634.95,0.005040242759442217
635.14,0.0016491469558545715
635.34,0.0019062705090147883
635.53,0.003665051255665262
635.73,0.0031051040289235146
635.92,0.0035449571183921377
636.11,0.0016479698840323467
636.31,0.005432455585611994
636.5,0.0029629804175812244
636.7,0.0031607319205076436
636.89,0.0010253633544975995
637.08,0.002616066601932885
637.28,0.0027731685090534525
637.47,0.0039644606290867605
637.66,0.002555198254652708
637.86,0.004538319765525964
638.05,0.002968762113937297
638.24,0.0020737096520458253
638.44,0.0024307652056506333
638.63,0.0015505895400811627
638.83,0.002477681562279289
639.02,0.004939593304752001
639.21,0.006322857204639369
639.41,0.0020190737341681158
639.6,0.00022258315035832352
639.79,0.0013902379501667126
639.99,0.0009575465755456916
640.18,0.004924410317880234
640.37,0.0022267880341975497
640.57,0.0014085913922326095
640.76,0.0037675522544040594
640.95,0.004138837857810084
641.15,0.0030165181687826664
641.34,0.0053352230077266406
641.53,0.0037702924241289596
641.73,0.003252309779785551
641.92,0.004881669192611656
642.11,0.0020631944538479587
642.31,0.00239830505436517
642.5,0.00031873946962413213
642.69,0.002430677468356441
642.89,0.0036710352998218843
643.08,0.0022956413936465786
643.27,0.0015916976108805692
643.47,0.0009356431172375968
643.66,0.0023998270324421824
643.85,0.0027988175163941513
644.05,0.00545352211367371
644.24,0.002479918247450838
644.43,0.002499321743575549
644.63,0.0006823364224086281
644.82,0.0008627873240715078
645.01,0.001045073848280449
645.2,0.003406638579421578
645.4,0.0020431224090987172
645.59,0.0026781135071650116
645.78,0.00022708289054373658
645.98,0.002723402614506402
646.17,0.0003220814001495963
646.36,0.0018024785828715621
646.56,0.003973926304484142
646.75,0.002271222644253356
646.94,0.0034048752278956
647.13,0.0014447648688005062
647.33,0.001722182889450619
647.52,0.0010839833891187684
647.71,0.0035278750217169075
647.91,0.004614219633902121
648.1,0.004149801002222428
648.29,-0.0005090265273362443
648.49,0.0019946379693656525
648.68,0.00348359812848147
648.87,0.00022989251939111975
649.06,0.004365761534596104
649.26,0.00236096685944062
649.45,0.002567770894449725
649.64,-4.9013151862412775e-05
649.83,0.004398821487659027
650.03,-4.9915364594383024e-05
650.22,0.00394083113287359
650.41,0.0015640001926394685
650.61,0.003888362938157529
650.8,0.0014555026018674192
650.99,0.002946337855945669
651.18,0.0027534266601469
651.38,0.00117592351714756
651.57,0.002658012370923531
651.76,0.003156628835745051
651.95,0.0030585702480094936
652.15,0.0024849842320507284
652.34,0.0020992370901287503
652.53,0.006681132534179903
652.72,0.0017385545721615298
652.92,0.0017540737380489888
653.11,-0.0008955220853190121
653.3,-4.9383927110663696e-05
653.49,0.005487951658759135
653.69,0.006018813354022546
653.88,0.0023971852623717784
654.07,0.0018553791427689094
654.26,0.0031679820345968867
654.46,0.0008903641498070689
654.65,0.003884937347572928
654.84,0.002042452489626063
655.03,-0.0017525492940638863
655.23,0.004903202107256394
655.42,0.0034653734376511374
655.61,0.0008994111299480032
655.8,0.003583543838296415
655.99,0.0050489649569919045
656.19,0.002486151168396458
656.38,-0.0005244786862713145
656.57,0.001368246810910199
656.76,-0.0012761225959882685
656.96,0.00307916283064673
657.15,0.002143081845691936
657.34,0.003443777170396495
657.53,0.0018516738440550633
657.72,0.0042359713216210005
657.92,0.0035006309698291153
658.11,0.0028889600528204658
658.3,0.004695682041585453
658.49,0.0035818311041303018
658.68,0.004964882991523249
658.88,0.003968738909028825
659.07,0.0026216823462975685
659.26,0.0007178711198409316
659.45,0.0009949405342738423
659.64,0.004803822515688348
659.84,0.0016920509141150947
660.03,0.0049932308808754875
660.22,0.005731084336669742
660.41,0.0017042649431964357
660.6,0.0007312203634837672
660.8,0.002169776030626252
660.99,0.003914244950116081
661.18,0.0021779777753527705
661.37,0.006496741433628578
661.56,0.004682996742580451
661.76,-0.0012263311572967722
661.95,0.004562579107004014
662.14,0.0023676930150097783
662.33,0.003530451054382321
662.52,0.0044161948338101486
662.71,0.00023240040526301025
662.91,0.002538604274748808
663.1,0.004864006456222386
663.29,0.006610805045674815
663.48,-0.0001487068973058121
663.67,0.0019835550702295645
663.86,0.004730066761513723
664.06,0.0022855337448111418
664.25,0.0017230901530559612
664.44,0.004366571621416866
664.63,0.0023551600785307273
664.82,0.003357323558335559
665.01,0.0012134524875776034
665.21,0.00390979501101178
665.4,0.00141632138772036
665.59,-0.0006458718469265891
665.78,0.0015196961597020147
665.97,0.0033783819514095433
666.16,0.004190768525259083
666.35,0.0020386676978817026
666.55,0.0023194120032859265
666.74,0.0010494866672651412
666.93,0.0026125140095575664
667.12,0.005057368563730659
667.31,0.0027999511821524816
667.5,0.002322395473517755
667.69,0.0030090662729884924
667.89,0.004756410991104574
668.08,-0.0013545748144167635
668.27,0.003282950075520204
668.46,0.009177894660478537
668.65,0.0026645829885983117
668.84,0.0025388782539573877
669.03,0.0034387073646755836
669.22,0.005600930741328622
669.42,0.004700367175003468
669.61,-0.0003502344357209096
669.8,0.003463932342168419
669.99,0.001053287062515902
670.18,0.0019456686497174632
670.37,0.0022506172354696164
670.56,0.0025523619891626484
670.75,0.0025610875996124227
670.94,0.005118728091403768
671.14,0.00537590700458353
671.33,0.0012408595323387646
671.52,0.0007427791814408953
671.71,0.005210921393927728
671.9,0.0034209617889670364
672.09,0.004577782077162864
672.28,0.002026558564551289
672.47,0.004238022748996852
672.66,0.004319275405363196
672.85,0.001456960981476717
673.05,0.007963006968680547
673.24,0.0023510082312311214
673.43,0.0012445745059304894
673.62,0.0017565247643953157
673.81,0.0015595250138602326
674.0,0.0030880478222719337
674.19,0.004290685103251542
674.38,0.0017641514402514963
674.57,0.003172031880570049
674.76,0.002789389581335894
674.95,0.0023411590836434288
675.15,0.003077754819460309
675.34,0.002494652613298046
675.53,0.002763295532955659
675.72,0.001453594982839056
675.91,0.005136773786821146
676.1,0.00014855629793347327
676.29,0.0035914875080991526
676.48,0.004653467424071473
676.67,0.0009648297037097064
676.86,0.0012534558613251964
677.05,0.003687056714716935
677.24,0.0020000288199238823
677.43,0.0036219254862566315
677.62,0.0041769998713821746
677.81,0.0016687372516892406
678.0,0.0026573607882745395
678.2,0.00035688410955935754
678.39,0.0024526478177274956
678.58,0.00242034469417786
678.77,0.0012687582819688153
678.96,0.005884505848123642
679.15,0.006123996075921381
679.34,0.000663071069497887
679.53,0.0035422416848990687
679.72,0.001385291057234164
679.91,4.880373113838649e-05
680.1,0.003534251779019833
680.29,-0.0009889269302834473
680.48,0.005215870729972841
680.67,0.004653467424071473
680.86,0.004527037542224708
681.05,0.0034870591642920524
681.24,0.0019611501694675806
681.43,0.0019505413626115168
681.62,0.003309178929911176
681.81,0.0034423121387283278
682.0,0.004838338913963948
682.19,0.0024076824442128024
682.38,0.004703041667364258
682.57,0.0029365486593347597
682.76,0.004972697216802591
682.95,0.0018829988489321584
683.14,0.0028460300359210247
683.33,0.00304943978221797
683.52,0.0024313764944581422
683.71,0.0007734608705884935
683.9,0.0027711387350518022
684.09,0.001167260911912983
684.28,0.0038860601348873636
684.47,0.002741861507491035
684.66,0.0025569506925341066
684.85,0.0009774757366614326
685.04,0.0035546610274799113
685.23,0.0012821939977640234
685.42,0.0016091600528729403
685.61,0.002003321227544061
685.8,0.00408458017938205
685.99,0.00473585994952063
686.18,0.005239083290403537
686.37,0.0025415481289565796
686.56,0.004727489636060716
686.75,0.00014964423820289742
686.94,0.002715701582074233
687.13,0.002826411271892478
687.32,0.005872343577173312
687.51,0.003777651015688489
687.7,0.0022182227238318323
687.89,0.0009841794922112307
688.08,0.003782352280658825
688.27,0.007004560040659837
688.46,0.007688916779380983
688.65,0.0036367914414149488
688.84,0.003233202404730075
689.03,0.005248673710949326
689.22,0.0036818508917625015
689.41,0.0001556113490514788
689.6,0.0006909660888899685
689.79,0.000994409327280017
689.98,0.004242633966976823
690.17,0.0025888704069241576
690.36,0.002488342923781965
690.55,0.0030945883419420065
690.74,0.004493609726931482
690.93,0.001855389626091435
691.12,0.0024242184350034366
691.31,0.004128585516426868
691.49,0.005090490537828439
691.68,0.0017454854290657863
691.87,0.003585347776489506
692.06,0.0036003265578466157
692.25,0.004703723981230764
692.44,0.004882727978118247
692.63,0.003911764422195862
692.82,0.003849014171767244
693.01,0.002139892813592441
693.2,0.004382242207351635
693.39,0.0037854257461926014
693.58,0.004028623378521471
693.77,0.00026071957844642663
693.96,0.005274414926521379
694.15,0.0005759502706133249
694.33,0.0017465959687542835
694.52,0.00327103399195506
694.71,0.003997155906731243
694.9,0.0026314639224865074
695.09,0.004853125853021047
695.28,0.004225375433829732
695.47,0.0008861602094875251
695.66,0.0009942005596673303
695.85,0.003202955294366758
696.04,0.001945266600018718
696.23,0.0031030599966594707
696.42,0.0015256198328302962
696.6,0.002369264716312128
696.79,0.00196158652048168
696.98,0.005362734669806367
697.17,0.004529552964158338
697.36,4.9778107436359414e-05
697.55,0.0016438687060677944
697.74,0.004266204162762651
697.93,0.000369260533778542
698.12,0.006678934647045593
698.31,0.006190704063267086
698.49,0.00015559489177025175
698.68,0.003717587490160986
698.87,0.0021604437963830166
699.06,0.0011165170498021878
699.25,0.005374727404291282
699.44,0.006448512723263132
699.63,0.002203464445469196
699.82,0.0034117102499100225
700.0,0.00680405367550929
700.19,0.004923008140624889
700.38,0.004445661248247903
700.57,0.005395798472635542
700.76,0.004920344599278592
700.95,0.00037823305976435526
701.14,0.0037458658860401554
701.33,0.007572231830348763
701.51,0.0044127296523588004
701.7,0.0016433448735549132
701.89,0.005515093889452068
702.08,0.005850533417352092
702.27,0.0036356191434004665
702.46,0.0016775572021263403
702.65,0.0011415923546646306
702.83,0.0031131499216697695
703.02,0.0036234183807973275
703.21,0.008213009028637037
703.4,0.0020272492300598267
703.59,0.0026869393734371815
703.78,0.005207216293659953
703.97,0.005617606397609309
704.15,0.004895840139711434
704.34,0.0029826077685274582
704.53,0.0024798647447549535
704.72,0.0033289254184735557
704.91,0.0035041627217177775
705.1,0.0032993685201060546
705.28,0.003446834479060751
705.47,0.007265034383006767
705.66,0.0042795868708117015
705.85,0.0028078381549557136
706.04,0.002523872145897349
706.23,0.004092156048411675
706.41,5.237282897633145e-05
706.6,0.002288189668447714
706.79,0.002618541682969852
706.98,0.0018543514082987027
707.17,0.0030969293886311876
707.35,0.00254444842247864
707.54,0.0028786015549570653
707.73,-0.0005111214589411906
707.92,0.003404807084378206
708.11,0.0049357212667303025
708.3,0.0023692459256630777
708.48,0.0042526220526386774
708.67,0.003608125657262841
708.86,0.0034661955799568443
709.05,0.0052725467595431865
709.24,0.002052706794719331
709.42,0.004488090066565429
709.61,0.0039419165925467
709.8,0.005572330485941695
709.99,-0.0014015120878908588
710.18,0.003038357623882601
710.36,0.0026978998576692296
710.55,0.002142173350223779
710.74,0.004948685854315784
710.93,0.003054913642787516
711.12,0.0048830512261772
711.3,0.0010641260203263067
711.49,0.004724196499365891
711.68,-0.0008552054965238079
711.87,0.0012131446367629963
712.05,0.005548918479355066
712.24,0.001974936964257183
712.43,0.0007222773376351503
712.62,0.006775888622464386
712.81,0.00436702976235927
712.99,0.0047723310697062715
713.18,0.0017640127455150194
713.37,0.00210630978217845
713.56,0.002753141952937991
713.74,0.0034874189847168675
713.93,0.006274251827742037
714.12,0.0025134271405873668
714.31,0.0033332940048309005
714.49,0.003951548889232518
714.68,0.00311131010314134
714.87,0.003487818164076095
715.06,0.002734681982172113
715.24,0.002084677276936491
715.43,0.0034877069194048337
715.62,0.0034277880266567113
715.81,0.0084372589158104
715.99,-0.0013107628558025853
716.18,0.00028106125785345743
716.37,0.004573472525612993
716.56,0.003513557120915562
716.74,0.0009816618889675838
716.93,0.0028384045354391727
717.12,0.005383304713214749
717.31,0.003073592042992703
717.49,0.006463315935483362
717.68,0.0037308359147202124
717.87,0.0003981458369004907
718.06,0.001331467858766712
718.24,5.520761645962866e-05
718.43,0.0007559423836598835
718.62,0.0024093794334423264
718.8,-0.00018144705951164233
718.99,0.0017402769648843042
719.18,-0.00018123195942450497
719.37,0.0026002177230387002
719.55,0.0048275018718315675
719.74,0.003956188980408685
719.93,0.006847949965432366
720.11,0.00402420665176925
720.3,0.0024239290480062366
720.49,0.004050994202354675
720.68,0.005531319668660298
720.86,0.0054708994113622155
721.05,0.001816197134031637
721.24,0.002220240028052424
721.42,0.005666533701856259
721.61,0.0007862518252274562
721.8,0.000179933736871771
721.98,0.0038154007173773256
722.17,0.006651372419315383
722.36,0.005653109385194276
722.55,0.004074385706529438
722.73,0.007053673442908644
722.92,0.00263639336997922
723.11,0.0034837960568622466
723.29,0.006131494802584751
723.48,0.005602674573467726
723.67,0.0023889689919504194
723.85,0.0027996391436788124
724.04,0.0041846850918574015
724.23,0.004615551622000638
724.41,-6.392007468647163e-05
724.6,0.006091411477436359
724.79,0.0038574902284115734
724.97,0.005902867063053138
725.16,0.0041629542683205
725.35,-0.0006723984588644774
725.53,0.005780381535209284
725.72,0.0038669698717566274
725.91,-0.0018980421192121648
726.09,0.0038551275752441725
726.28,0.004603643405679673
726.47,0.004739895203775612
726.65,0.004958207130634286
726.84,0.007935419313492917
727.03,0.002813661051805689
727.21,0.000315188073687031
727.4,0.004326037869611705
727.59,0.0026807291547372245
727.77,0.0018806633612583395
727.96,0.0022729697201480776
728.15,5.8064776355318715e-05
728.33,0.0015393775622067095
728.52,0.003651735097885493
728.7,0.0033622568725507895
728.89,0.0048027451761364056
729.08,0.008678218429220763
729.26,0.004641852784153628
729.45,0.00427657665015033
729.64,0.0009242592464861955
729.82,0.005949169023208391
730.01,0.0057375625818010196
730.2,-0.00019053810201633654
730.38,0.0040369663943902005
730.57,0.004882350611773264
730.75,0.005876132277791555
730.94,-0.0017347986023824025
731.13,0.0043792605022508705
731.31,0.0008232614607925783
731.5,0.0004397587478952011
731.68,0.0054370325139793995
731.87,0.0007004984546202782
732.06,0.00542138542528829
732.24,0.0035600281923647676
732.43,0.004356568516961891
732.62,0.001457871891050482
732.8,0.006001061337967939
732.99,0.0009439952223024716
733.17,0.005197633416010711
733.36,0.0019851517480274305
733.55,0.007189609217395121
733.73,0.0010978104857450174
733.92,0.005297486806827142
734.1,0.004501726323708869
734.29,0.0018245319959781432
734.48,-6.865030236488107e-05
734.66,0.0085730921170142
734.85,0.0013285873570148413
735.03,0.0038839251531722747
735.22,0.0041879594426260745
735.4,0.008014812196248684
735.59,0.0004418860336996535
735.78,0.004359323233605233
735.96,0.006362610289099495
736.15,0.0055465878960922425
736.33,0.0033077486148423182
736.52,0.005330168550572343
736.7,-0.0021186743507611732
736.89,0.004198247311972986
737.08,0.004997904104730279
737.26,0.002169701041826098
737.45,0.002213656854474285
737.63,0.005538421125462342
737.82,0.004449351540558377
738.0,0.004001751681647455
738.19,0.004638294409634638
738.38,0.0032209694914580207
738.56,0.005440514902089629
738.75,0.009122841322948588
738.93,-0.00019896957170043567
739.12,0.0036906253453404215
739.3,-6.944368990699226e-05
739.49,0.007368192210385998
739.67,0.003774286688427036
739.86,0.003098318550832135
740.04,0.0037297871688724217
740.23,0.006283155594246639
740.42,0.003504975026040841
740.6,0.0017670720630389445
740.79,0.001511863792877036
740.97,-6.918926653258183e-05
741.16,0.00482265941198659
741.34,0.0031418664661008308
741.53,-0.003814277256740627
741.71,0.006589133546663423
741.9,0.00033734662881706773
742.08,0.0031001327494013923
742.27,0.005588005635990077
742.45,0.005385054618745701
742.64,0.004370596782307295
742.82,0.006591611165871357
743.01,0.0047692585232177965
743.19,0.004844160112239504
743.38,0.00562141604124604
743.57,0.0014480072862970612
743.75,-0.0013075560351189061
743.94,0.0025893737346232354
744.12,0.0023768847590156022
744.31,0.0022900645008994774
744.49,0.0032448076860915913
744.68,0.002800643493486578
744.86,0.0015563757966726116
745.05,0.001969819602128762
745.23,0.005564989091117737
745.42,0.004761566412746276
745.6,0.003288450809563677
745.79,0.00539987064545495
745.97,-0.0012991770897550342
746.16,0.0010447113312197726
746.34,0.00391870288211562
746.52,0.004829649670407394
746.71,-0.00048027094918869903
746.89,0.0033971431638923134
747.08,0.0026572909574052953
747.26,0.004926236342445618
747.45,0.0045623055013902705
747.63,0.0026832908755717476
747.82,0.002972013087014912
748.0,0.007556556908713026
748.19,0.0016182929521286772
748.37,0.004040493762120849
748.56,0.0028940844425798143
748.74,0.007654246228857064
748.93,0.002689220414228381
749.11,0.0026087561745219835
749.3,0.009554839337391229
749.48,0.010606213520808995
749.67,-0.00021779090330954496
749.85,0.003810195418135169
750.03,0.004063560973180503
750.22,0.0068054503421805445
750.4,0.0014908900014084382
750.59,0.0003523035369326469
750.77,0.0007870597239133225
750.96,0.0021198687504577823
751.14,0.0046995235921082215
751.33,-0.0016477988132763686
751.51,-0.0017976653576001755
751.69,0.006303400915597024
751.88,0.008170651544273445
752.06,0.004151854538740244
752.25,0.007341833485688637
752.43,0.009052571022343525
752.62,0.0024202913335176317
752.8,0.006519300832274737
752.99,0.006871451221131398
753.17,0.0021217336087772216
753.35,-7.75506651156476e-05
753.54,0.005195367635088257
753.72,0.004789639479745513
753.91,0.0037991397344089664
754.09,0.004232713123656728
754.28,-0.00037521889993076817
754.46,0.0014045026231073545
754.64,0.0036235029680979462
754.83,0.005658805010648295
755.01,-0.0008283468148528938
755.2,0.004854087840992504
755.38,0.004093174522949814
755.56,0.001541819537729564
755.75,0.005331235656186396
755.93,0.004093174522949814
756.12,0.0059031470719088696
756.3,0.0012780055515910008
756.48,0.011458043349403637
756.67,0.004112784096875809
756.85,0.005247982650934955
757.04,-0.0028020956694538874
757.22,0.003615144713827367
757.4,0.006238366480604292
757.59,0.005370628273278286
757.77,0.001165835463962668
757.96,0.0033035338237255665
758.14,0.003835331618343073
758.32,0.0065679134038946945
758.51,0.004461545312446281
758.69,0.002374900815726808
758.87,0.005944741419033962
759.06,0.005780391725999339
759.24,-0.0011697056846131388
759.43,0.005561957362275146
759.61,0.0011720537688836433
759.79,0.0043785234943881386
759.98,0.00022950310053639246
760.16,-0.000394660684441549
760.34,0.007573071002528484
760.53,0.010382119763782763
760.71,0.004598074005813121
760.9,0.002129005813976631
761.08,0.00022850502403772897
761.26,0.007122159601506133
761.45,0.0011830032562492195
761.63,0.008834020686430254
761.81,0.006138154056311263
762.0,0.006008280070283686
762.18,0.00682922308475188
762.36,0.003506487310243024
762.55,0.003476649349276098
762.73,0.003170160936776714
762.91,7.240149113911362e-05
763.1,0.0035368418668772867
763.28,0.006006451475174197
763.46,0.0072469935986811925
763.65,0.0079580574854677
763.83,0.004031270696622646
764.01,7.088756096466116e-05
764.2,0.008477338881910417
764.38,0.004618621588716415
764.56,0.006033997808118545
764.75,0.0017426924680602072
764.93,0.001721250289438848
765.11,0.0030460993496195243
765.3,0.005919081255883081
765.48,0.002916831242479587
765.66,0.0030684720561997914
765.85,0.0063451715270705705
766.03,0.004200862251524179
766.21,-0.0013991362222054323
766.4,0.0028780290950504656
766.58,-0.0012479059023159623
766.76,0.006680586978430921
766.95,0.0036752512494349116
767.13,0.0033362510621049043
767.31,0.004824700808921632
767.49,0.00851422905502272
767.68,0.0025839380876304593
767.86,0.008059782776284457
768.04,0.007797787906142302
768.23,0.004111681903872363
768.41,0.004163501142129728
768.59,0.0016137398129195386
768.78,0.0014755535099773526
768.96,0.0017701048839475998
769.14,0.00569177790784794
769.32,0.005703006712729354
769.51,0.006193830770295244
769.69,0.002618742238756881
769.87,-0.0010434213852029532
770.06,0.00361753701720088
770.24,0.004222454726123646
770.42,0.004227727323316089
770.6,0.003123835812349833
770.79,0.0035281286170044794
770.97,0.00435137894796002
771.15,0.007618916325753331
771.33,0.007781115664978343
771.52,0.005875547084744334
771.7,0.003534002735969925
771.88,0.0011495021508625225
772.07,0.003668468797359976
772.25,-0.0024166052968933203
772.43,0.0015631624997855546
772.61,0.005605377350463717
772.8,0.007477446680582937
772.98,0.0018168825013111201
773.16,0.0032920317153841924
773.34,0.0022185045273674557
773.53,0.007103692878142477
773.71,0.004332112292266654
773.89,0.001558278593239451
774.07,0.003986114523556419
774.26,0.0031226385793502
774.44,0.004902382952489199
774.62,0.0038970360550750704
774.8,0.007035117714153435
774.99,0.006404237074694752
775.17,0.002521506461391003
775.35,0.0048755248077608365
775.53,0.00248320151651801
775.71,0.005332548451968441
775.9,0.0038944611949003668
776.08,0.0011203141256150482
776.26,0.0022238961747917366
776.44,0.006943879156414132
776.63,0.00465357501686272
776.81,0.0008636967469022913
776.99,0.0036817434793319594
777.17,0.006977756906438375
777.35,0.004704736177422138
777.54,0.005805861782536492
777.72,0.005871735259320808
777.9,0.00531279035031106
778.08,0.005744422577765242
778.27,0.0010034587197760654
778.45,0.0021010774067008837
778.63,0.0030007757728306634
778.81,0.0019639383236470824
778.99,0.003197944689524911
779.18,0.009134432530014289
779.36,0.0052409745713500305
779.54,0.0047282571958765585
779.72,0.004327445521126042
779.9,0.00034730279192013495
780.08,0.0078090304415968535
780.27,0.0023135458386742665
780.45,0.004858885452903599
780.63,0.0017324821667270532
780.81,0.004389003461939986
780.99,0.0037066904276318994
781.18,0.0038386548573284083
781.36,-0.0006293926885465973
781.54,0.0011917081403027652
781.72,0.005213408424031231
781.9,0.005960479200921211
782.08,0.005160434598273481
782.27,0.00406820605733524
782.45,0.0020868531364785408
782.63,0.004141587345109087
782.81,0.0006564254439585417
782.99,0.006107038430325095
783.17,0.0057534273869016125
783.36,0.0035742826084329588
783.54,0.0007948348797165617
783.72,0.0032569485827555395
783.9,0.0021317351942963026
784.08,0.001129185447914764
784.26,0.0021911251533869363
784.45,0.0020587273272002194
784.63,0.001913506419104825
784.81,0.00907753709008192
784.99,0.008343641437753289
785.17,0.003373606741109459
785.35,0.004923170073608404
785.53,0.0025534914352919455
785.72,0.00726286348751248
785.9,0.0031647698993735583
786.08,0.004485443418525596
786.26,0.004707091755226789
786.44,0.006406237811436487
786.62,0.0049706019206328615
786.8,0.007021145937001997
786.99,0.004770467366139994
787.17,0.0034181837756242154
787.35,0.00309436822696074
787.53,0.005230147947078581
787.71,0.005589198842616496
787.89,0.008440020644400213
788.07,-0.002826551369511406
788.25,0.00479481997917739
788.43,-0.0004186390241839898
788.62,0.0049615510543076415
788.8,0.0005682637921744546
788.98,0.0022279479261047147
789.16,0.007134065531867172
789.34,0.004486950125349071
789.52,0.005305803878713053
789.7,0.010149676397028216
789.88,0.003326776429049528
790.06,0.0034641378642868816
790.25,0.011548758267799882
790.43,0.008828380091812254
790.61,0.005466102233732646
790.79,0.006024865630405263
790.97,8.167525295948777e-05
791.15,0.00899485418124752
791.33,0.008675801063158182
791.51,0.004268133922661646
791.69,0.002862334762521237
791.87,0.004451585155091684
792.05,0.0043761444813672475
792.24,0.009050708662980703
792.42,-0.001286207225006369
792.6,0.011537196047422446
792.78,0.006261722588211615
792.96,0.009977222103214384
793.14,0.004615352774385834
793.32,0.006078553327732104
793.5,0.0004169101676925636
793.68,0.011846468953939808
793.86,0.007040345415578124
794.04,0.005520810787445952
794.22,0.004483209017828376
794.4,0.0030735001262432175
794.58,0.00745047582207959
794.76,0.010489106622365713
794.95,0.002358625736795009
795.13,0.008891302543187556
795.31,0.006446559175267702
795.49,0.0085665378580994
795.67,0.008228678143970982
795.85,0.0075889290463736535
796.03,0.006006531336277326
796.21,0.0033399003948692435
796.39,0.006141897508567451
796.57,0.0022566340288955973
796.75,0.008284861334582963
796.93,0.0050217288240133
797.11,0.0031919822558120503
797.29,0.007787093078475992
797.47,0.0025978453962343905
797.65,0.018604158576623016
797.83,0.004349364992711072
798.01,0.009765592922260894
798.19,0.005647555470515181
798.37,0.011363628682228715
798.55,0.005098147857636381
798.73,0.006146975847226514
798.91,0.009661473683641942
799.09,0.009565336545639362
799.27,0.0036014661353733508
799.45,0.0055011846834229884
799.63,0.005080234713895051
799.81,0.009952916839689812
799.99,0.006640721542915527
800.17,0.010144615877265095
800.35,0.0019837605585332103
800.53,0.008934011633110814
800.71,0.0031139640102198483
800.89,0.013616387761584293
801.07,0.01043580534898468
801.25,0.01133547111830563
801.43,0.012828763043914962
801.61,0.019152343512235468
801.79,0.013251812701308234
801.97,0.02763935105960568
802.15,0.010819337938392013
802.33,0.018690624370615666
802.51,0.018304464852398467
802.69,0.025941340000986995
802.87,0.01938076585318333
803.05,0.02037480435824243
803.23,0.02372522394349457
803.41,0.028972456890970905
803.59,0.02568633314088626
803.77,0.03537196977597437
803.95,0.040906752064480155
804.13,0.05199156587634118
804.31,0.05936541547059017
804.49,0.057609028725241436
804.67,0.06766080361720503
804.85,0.07507101905710478
805.03,0.09113882232809976
805.21,0.09517996608729436
805.39,0.125133789312986
805.57,0.13439638545636623
805.75,0.1651221535523055
805.93,0.1908097444031468
806.11,0.2157907893243571
806.29,0.24469926614002316
806.47,0.282436936340944
806.65,0.31067650748010633
806.83,0.35684909814973015
807.0,0.37791230652065755
807.18,0.4340974624359153
807.36,0.45484656526763095
807.54,0.48210036662400085
807.72,0.5096441507387931
807.9,0.5102054173684263
808.08,0.5292962787555403
808.26,0.5245680244119603
808.44,0.5330959522251987
808.62,0.5505424083769633
808.8,0.5440759614528062
808.98,0.5494327390599676
809.16,0.5524213103455059
809.34,0.562171556349394
809.51,0.5398983828547352
809.69,0.5659809980347272
809.87,0.5580739670889441
810.05,0.5825985439738168
810.23,0.5786903626538515
810.41,0.576262779332472
810.59,0.551964258564027
810.77,0.571973220072817
810.95,0.5592258547332087
811.13,0.5670304432843299
811.31,0.5616260311539369
811.48,0.5768905253770442
811.66,0.5614525029887782
811.84,0.5629674895921667
812.02,0.5755520878045258
812.2,0.5659987624294337
812.38,0.5710601349820283
812.56,0.5773156752337759
812.74,0.5454212280897318
812.92,0.5640329417246911
813.1,0.5700753012174634
813.27,0.5651039826705246
813.45,0.562273439582643
813.63,0.5416302392631516
813.81,0.5325460691949044
813.99,0.5220514214174985
814.17,0.5350651465934784
814.35,0.535390467624843
814.53,0.5071155958504779
814.7,0.4774272155413695
814.88,0.461525975782628
815.06,0.4428819917074383
815.24,0.43433487193212494
815.42,0.40197159571168317
815.6,0.37553305371777546
815.78,0.3513656618740459
815.95,0.3453517755372773
816.13,0.3049210677100456
816.31,0.2632519220732422
816.49,0.2529132180402782
816.67,0.21852507121896889
816.85,0.1913206490120451
817.03,0.18906537067435922
817.2,0.1599989861034996
817.38,0.14475185131020912
817.56,0.11569323208875397
817.74,0.1090957513665645
817.92,0.08605567850127467
818.1,0.0927259852408713
818.27,0.06682019097895055
818.45,0.06428697735961805
818.63,0.05895998047700145
818.81,0.052050168879545985
818.99,0.05150337263642701
819.17,0.04928449549239831
819.34,0.039832190340999
819.52,0.036289937355843384
819.7,0.018560504518585503
819.88,0.029695789527241116
820.06,0.023580747572165425
820.24,0.024792556651774246
820.41,0.012275946887740006
820.59,0.021806039726016222
820.77,0.014159956733210485
820.95,0.023435350989136867
821.13,0.016635711971902244
821.3,0.017094436144478014
821.48,0.008957121159013913
821.66,0.01677592329376644
821.84,0.016217303708371343
822.02,0.0162454012521503
822.19,0.00632417754549774
822.37,0.014470233319727327
822.55,0.011778671668478995
822.73,0.01006448990116192
822.91,0.007350216598958449
823.08,0.014039231311903473
823.26,0.01538930540315626
823.44,0.017833503376982564
823.62,0.01558621126100169
823.8,0.015966120786348792
823.97,0.006317159146907603
824.15,0.013791944230650152
824.33,0.011523274917592146
824.51,0.01571185682153632
824.69,0.008326673763654585
824.86,0.004959421597194533
825.04,0.006605861281768203
825.22,0.005529070123298954
825.4,0.012972459876831438
825.57,0.008915029849301993
825.75,0.008704597846385598
825.93,0.012685024719057005
826.11,0.004538188074644731
826.28,0.018372878276274558
826.46,0.006025367311196252
826.64,0.01302637642083697
826.82,0.0015259425278477097
826.99,0.010146477954252294
827.17,0.0047902750825143045
827.35,0.008068996804004436
827.53,0.01005733404559228
827.7,0.009234036328521798
827.88,0.016428756342825254
828.06,0.011536330557450895
828.24,0.00791570402294384
828.41,0.01261784256631181
828.59,0.003251967853548266
828.77,0.015534484545019036
828.95,0.010153575271446749
829.12,0.007616585298199831
829.3,0.011087895279688098
829.48,0.019168061430198557
829.66,0.01226788228196019
829.83,0.00759321554073111
830.01,0.012916830999539344
830.19,0.012928355408353109
830.36,0.010197165054039772
830.54,0.005659463997632927
830.72,0.011568653114558342
830.9,0.014588906800974842
831.07,0.003057763473434444
831.25,0.00653918416310166
831.43,0.005353570424747461
831.6,0.010005087332541983
831.78,0.006719266587943156
831.96,0.013114590217650893
832.14,0.008514324512045713
832.31,0.004820489715130477
832.49,0.010209563534655639
832.67,0.006380366722536463
832.84,0.0072881331321324695
833.02,0.006902602260058066
833.2,0.002035954572975799
833.37,0.008370423366664138
833.55,0.012242346959216227
833.73,0.010931199488972424
833.91,0.006406323697769225
834.08,0.011015031155423101
834.26,0.01437383804558558
834.44,0.017862323911210645
834.61,0.003620428343560384
834.79,0.017557122412570188
834.97,-0.003673373486380998
835.14,0.02094763264474653
835.32,0.009059021834413383
835.5,-0.0004924435978276738
835.67,0.0163515761264373
835.85,0.02055331945517787
836.03,0.004134374936648796
836.2,0.011699154823658114
836.38,0.0189566440384241
836.56,0.012106745698636496
836.73,0.004904537695152377
836.91,0.0098418788582796
837.09,0.013546983385048122
837.26,0.014065781683152406
837.44,0.01247597204673251
837.62,0.01585825267218228
837.79,0.006971368512345987
837.97,0.007064131043240448
838.14,-0.0011760742617166716
838.32,-0.00362003821632417
838.5,0.01702797761977194
838.67,0.01495096764674939
838.85,0.005308415090660239
839.03,0.00015831600115535745
839.2,0.001178895210264831
839.38,0.01054925622201883
839.56,0.015218505501203263
839.73,0.01464506765419887
839.91,0.00811739810332796
840.08,0.00921228053703879
840.26,0.009844653761322913
840.44,0.011496390105488658
840.61,0.0068645938881907054
840.79,0.007760817252444602
840.97,0.01587990715848182
841.14,0.012545210976073659
841.32,0.01634888073631341
841.49,0.015138712767062319
841.67,0.010426861162264779
841.85,0.005833678376915005
842.02,0.004824122415487701
842.2,0.017388959075617143
842.37,0.001977690198276134
842.55,0.007541514107044194
842.73,0.019754049495354035
842.9,0.008558420895925681
843.08,-0.0037436034517379416
843.25,0.02257090969126632
843.43,0.00449175302743119
843.61,0.014376848203909396
843.78,0.00017732008440978931
843.96,0.010792113896232138
844.13,-0.001318936622473536
844.31,-0.00020140269441181382
844.49,0.0058860157516952725
844.66,0.013464266647368946
844.84,0.008131587587238504
845.01,0.024315264092556202
845.19,0.016710245585992444
845.37,0.02042897056866962
845.54,0.008943219805839628
845.72,0.002118599801929738
845.89,-0.009128628389043398
846.07,0.004466167624836333
846.24,0.01567758054424936
846.42,0.003757719165794924
846.59,0.009920743334216001
846.77,0.021696833999150532
846.95,0.01693787056523169
847.12,0.024082573818704104
847.3,0.006710701216250494
847.47,0.015042959749437333
847.65,-0.0014447568287219263
847.82,0.015559826405003602
848.0,0.009725089239803577
848.17,0.0027070909531398055
848.35,0.008388225531394325
848.53,0.004395109968338918
848.7,0.01816973086268905
848.88,0.0010558655869275708
849.05,0.010682126408431067
849.23,0.010924957070056439
849.4,0.020919254222519827
849.58,0.01095903058967896
849.75,0.013476493394622258
849.93,0.001862643875378202
850.1,0.013527020324246904
850.28,0.023322217433058855
850.45,-0.004523698026542514
850.63,0.007631250826656934
850.8,0.00019428101933765139
850.98,-0.007451218449296376
851.16,0.021500252069807265
851.33,0.01773433113621857
851.51,0.0006362124669644124
851.68,0.024107951659919174
851.86,0.0032072613508793498
852.03,0.02446527152848575
852.21,0.008371386324398981
852.38,0.02060377563111923
852.56,0.013594295884158836
852.73,0.01601069002972882
852.91,0.00744135403716616
853.08,0.025663641704208283
853.26,0.003792850758167531
853.43,0.012410923953229507
853.61,0.020347207373147765
853.78,0.021017715668099346
853.96,-0.011321995287898115
854.13,0.01666511749744389
854.31,0.011090660402120008
854.48,0.021332034378276646
854.66,0.021589706995639963
854.83,0.012519074619400756
855.0,0.023948712784424054
855.18,-0.009740952452477207
855.35,0.010759651736580595
855.53,0.019462266451937684
855.7,0.010713483348396597
855.88,0.0148461146152997
856.05,0.0020840284286291703
856.23,0.023945993075091265
856.4,0.015547843160895306
856.58,0.02466256180581069
856.75,0.008100052184219157
856.93,0.02257228720963248
857.1,0.016723309651713057
857.28,0.03647475001514505
857.45,0.01891080858819751
857.62,0.008866520260464321
857.8,0.02760173160173162
857.97,-0.0032882758020946934
858.15,0.015805148623024377
858.32,0.016638488938419165
858.5,0.01627705788783362
858.67,0.008092093287927619
858.85,0.014434290695490284
859.02,0.026484170391552625
859.19,0.0012754888909930636
859.37,0.01747414558845901
859.54,0.013892218734012831
859.72,0.02420650498357958
859.89,-0.0008082475481572699
860.07,0.018458770660898363
860.24,0.007010889812025803
860.41,0.021097795531883436
860.59,-0.0038422493221449572
860.76,-0.0013167481751892973
860.94,0.021005638820855998
861.11,0.01413705198569968
861.29,0.024952400040084196
861.46,0.011943431686132678
861.63,0.021556241462092188
861.81,0.0034764023969591834
861.98,0.010304892365549772
862.16,0.02104602967887209
862.33,0.017923287175170537
862.5,0.01539460130663621
862.68,0.014240112196091998
862.85,0.027239115976979682
863.03,0.016836165390203276
863.2,0.009848434337677221
863.37,0.004938131813521068
863.55,0.0014190432715247608
863.72,0.01359491123200109
863.9,0.026563010817245932
864.07,-0.0032939361143554946
864.24,0.0088534923023403
864.42,-0.00030734427367437204
864.59,0.016443370610513392
864.77,0.0008571207031323904
864.94,0.008435713072524508
865.11,0.02215482900697895
865.29,0.007917396920566016
865.46,0.006040609663730425
865.63,-0.01233351270630591
865.81,0.035205045094276036
865.98,0.0014802429580727343
866.16,0.009034442630974235
866.33,0.02093642606053061
866.5,0.027480181660305247
866.68,0.024693023883416567
866.85,0.011809381517104017
867.02,0.008678544386127295
867.2,0.02239131602987804
867.37,0.020642502035410622
867.54,0.012003264989317097
867.72,0.01671721129928104
867.89,0.0014524036540531171
868.06,0.014693272800706716
868.24,0.003296967700121194
868.41,0.010471396078346849
868.59,0.006279702388271584
868.76,-0.0021789686215191234
868.93,0.021970799179186474
869.11,0.009076846128358995
869.28,0.01770656304412848
869.45,0.009121642303741871
869.63,0.03910271469741977
869.8,0.03523165251323388
869.97,0.012764071014735418
870.15,0.00828248470117815
870.32,0.026586534022972483
870.49,0.020676101889411394
870.66,0.037989342855370305
870.84,0.013866078169463988
871.01,-0.001675273393655859
871.18,0.023798961098709732
871.36,0.0003189388830322345
871.53,0.027711071867511004
871.7,0.0016447722816367541
871.88,0.008486878018569816
872.05,0.005012658350046243
872.22,0.017284832142882334
872.4,0.042654614947083364
872.57,0.020294243775289968
872.74,-0.002255571675905825
872.92,0.03845598794391177
873.09,0.004900861957088579
873.26,0.024735120260159137
873.43,0.049471847435499254
873.61,0.03543700020060084
873.78,-0.0017739937064860265
873.95,0.02818424425488854
874.13,0.01930133317946125
874.3,0.004711582531264351
874.47,0.023470833712510266
874.64,0.021383280786926376
874.82,0.006001697295286083
874.99,0.03800964637765754
875.16,0.008285634855267733
875.34,0.010691932547539662
875.51,0.032454017879921505
875.68,0.03614180667953829
875.85,0.007990425762603958
876.03,0.029711763670579344
876.2,0.03238149338034927
876.37,0.029904456728712503
876.54,0.037639712013720676
876.72,0.04045479924876912
876.89,0.0033206970525140613
877.06,0.02712963956453919
877.23,0.025181812856198405
877.41,0.039262818270600346
877.58,0.027228075075260587
877.75,0.04767342278047391
877.92,0.031864878983109905
878.1,0.03901998136740968
878.27,0.0162467171906656
878.44,0.03226166850422642
878.61,0.015484428323373708
878.79,0.026627297478267826
878.96,0.026458162595676123
879.13,0.019566204682483785
879.3,0.021832454675183303
879.48,0.02537037735137787
879.65,0.034847475612534165
879.82,0.02234393331636403
879.99,0.03677499498165763
880.16,0.027522566896524023
880.34,-0.007904607589497492
880.51,0.011538805202167912
880.68,-0.008239527961206689
880.85,0.016019484997084978
881.03,0.01845445129774772
881.2,0.025028290152072526
881.37,0.022277527629963195
881.54,0.026694692259453156
881.71,0.013541892968354006
881.89,0.008445355375293923
882.06,0.033971038062173865
882.23,0.028494380265956267
882.4,0.019019695599621283
882.57,0.057552168769324105
882.75,-0.00046609994831677383
882.92,0.02786367848964789
883.09,0.02591895210806389
883.26,0.010423919119017069
883.43,0.043373660287317255
883.61,0.03379200303322331
883.78,-0.013486031320581392
883.95,0.04154887677488867
884.12,0.02519206600011219
884.29,0.04594678673761772
884.47,0.0385222255869181
884.64,0.024805360582310504
884.81,0.02034568448067538
884.98,0.03557304364890623
885.15,0.04041107308510746
885.32,0.03848940197705129
885.5,0.04479177183651804
885.67,-0.00431940989793289
885.84,0.015531984898799606
886.01,0.05841960806385934
886.18,0.025978222786136367
886.35,0.04649646143812955
886.53,0.020001675462846646
886.7,0.04858199251017716
886.87,0.023251203915416647
887.04,0.01311104653808859
887.21,0.04085659049224214
887.38,0.03151104300260763
887.55,0.00046131796076336116
887.73,0.021576422396374837
887.9,0.03743224296674323
888.07,0.026646691467335535
888.24,0.04005183136295841
888.41,0.016612910833040104
888.58,0.03677043324111631
888.75,0.05265753283505747
888.93,0.02257345315656159
889.1,0.0384908148912064
889.27,-0.0025712770432142393
889.44,-0.0016067506209618164
889.61,0.05195338968930166
889.78,0.024110854503464244
889.95,0.03459329504474426
890.12,-0.009011131845286692
890.3,0.04048880407025785
890.47,0.006661260640799243
890.64,0.06334162370130957
890.81,0.017472304711144377
890.98,0.04578466620951461
891.15,0.012301959286648423
891.32,0.03783713265059459
891.49,0.07226733789678702
891.66,0.03387814077423959
891.84,0.01638083050544064
892.01,0.006888154594847136
892.18,0.018312117831019867
892.35,-0.0016430137123991057
892.52,0.01887763542451707
892.69,0.028727129356011114
892.86,0.011993275642255182
893.03,0.012544104978699845
893.2,0.05196794581503873
893.37,-0.020599632877829857
893.55,0.05311084422029052
893.72,0.0005152956262809065
893.89,0.06471170168948703
894.06,0.013519362675328668
894.23,0.03069229710510625
894.4,0.04638688584068247
894.57,0.05422362468721885
894.74,0.0569349818819262
894.91,0.05143630681026421
895.08,0.012613068705430108
895.25,0.02552181426721307
895.42,0.004993150987583447
895.59,0.03399665831962447
895.76,0.034453277965855914
895.94,0.06366487953549425
896.11,-0.004274863714207228
896.28,0.029185525215041124
896.45,0.011473716778295418
896.62,0.05462197582823098
896.79,0.02521661618273919
896.96,0.09943976997963189
897.13,0.05298323914577958
897.3,0.022271337059743358
897.47,0.0495787803336215
897.64,0.036958504033542366
897.81,0.04924845944284122
897.98,0.04752636280012269
898.15,0.04465758343807027
898.32,0.027321591798711596
898.49,0.0077363367005104985
898.66,0.009072840449929063
898.83,0.029395202162405723
899.0,0.006742350025932164
899.17,0.008084266911127038
899.34,0.05569237682781231
899.51,0.021880842437211445
899.68,0.08024859644664191
899.85,0.01453026112551435
900.02,0.0512965551415763
900.19,0.03561256765937922
900.36,0.04326777899736861
900.53,0.058623754363142606
900.7,0.031485082585009774
900.87,0.026802469808228455
901.04,0.0006442126590246862
901.21,0.039050954925472406
901.38,0.019919884729078727
901.55,-0.007129570787778093
901.72,-0.02842190742578719
901.89,0.06328908374944185
902.06,0.043377183325054976
902.23,0.03132003389201688
902.4,0.02501278647799513
902.57,0.053695419697859764
902.74,0.030595103412135245
