Wavelength [nm],#12-Oriel-56470-577-âˆ†10.csv
400.08,0.02494522737319717
400.29,0.05944427382528715
400.5,0.029719139444452796
400.71,0.04728096761049999
400.92,-0.007781845061793971
401.13,0.01418970990046191
401.34,0.0034252551491008626
401.54,0.00782194154885762
401.75,0.039500157752365046
401.96,0.03985445559484957
402.17,0.028614322491291005
402.38,0.013091361093847164
402.59,0.05085616194085569
402.8,0.039500157752365046
403.01,0.023562914485589174
403.22,0.05806273942827361
403.43,0.021325757012311576
403.63,0.03161229997044679
403.84,0.029241463243382455
404.05,0.027314221537486912
404.26,0.03201065296462035
404.47,0.057825578035389874
404.68,0.015952258234900776
404.89,0.041318524805260104
405.1,0.004934420780814619
405.31,0.026723076578694112
405.52,0.027940178341563933
405.72,0.010556419692765651
405.93,0.046339067955507775
406.14,0.04355334978571011
406.35,0.03756826529348922
406.56,0.02216180056537412
406.77,0.06964623632118296
406.98,0.04117516879689677
407.19,0.06320982092577998
407.39,0.05439054192397878
407.6,0.014768085260454205
407.81,0.007037203255342727
408.02,0.007663047413774789
408.23,0.03214589931200179
408.44,-0.005318766924789463
408.65,0.05247161496211714
408.86,0.0391468951789517
409.06,0.008795145520065427
409.27,0.020628449149679064
409.48,0.012326754265243342
409.69,-0.016329809174391547
409.9,0.07560857511365929
410.11,0.043195926305270055
410.32,0.047528706507097084
410.52,0.021441485830246944
410.73,0.028994942980570444
410.94,0.0016540422933357499
411.15,0.02795205870630826
411.36,-0.020485756215126247
411.57,0.036722193938963456
411.78,0.0252068966908635
411.98,0.0499973108604006
412.19,0.020907554813623545
412.4,0.043640109289182875
412.61,0.048246802566343686
412.82,0.015128195806116762
413.03,0.06903448592628476
413.23,0.023846137730196355
413.44,0.0575600691407215
413.65,0.019052884276454237
413.86,0.015911688743162525
414.07,0.00780307840271703
414.28,0.018987630464800984
414.48,0.0171431760115112
414.69,0.02610343914633355
414.9,0.038494119116676925
415.11,0.01174763039722393
415.32,0.04516625742337437
415.53,0.01392415888041587
415.73,0.026187240889511673
415.94,0.03098333973409415
416.15,0.03004969684544627
416.36,-0.009983304628348925
416.57,0.043141152355096996
416.78,0.014926923747648577
416.98,0.05223006194312333
417.19,0.037641693858156224
417.4,0.0618434719088727
417.61,0.013011577939989907
417.82,0.053982985305491143
418.02,0.03662599587720768
418.23,0.05628903384058319
418.44,0.0334988685660463
418.65,0.024882500320038078
418.86,0.011577176537028316
419.07,0.028190902278675434
419.27,-0.01755713083051691
419.48,0.007123200886935562
419.69,0.05183976230082759
419.9,0.00423222414785209
420.11,-0.007026578798062198
420.31,0.023625468436012133
420.52,0.03198484801611449
420.73,0.014714434629944626
420.94,0.0023842659272087807
421.15,0.029587311576318387
421.35,0.021270075825930667
421.56,0.024627460085585053
421.77,0.009736404654476408
421.98,0.011260990590398149
422.19,0.012877226215016661
422.39,0.017239121895867012
422.6,0.039504499601478955
422.81,-0.003200788287920822
423.02,0.0343862469365274
423.22,0.024914767052514365
423.43,0.01684020012689963
423.64,-0.0005009866369482384
423.85,-0.0031634854450646372
424.06,0.009977618053627593
424.26,0.012767172847146223
424.47,0.03455444565999029
424.68,0.03278361073684138
424.89,0.03115419751039506
425.09,0.0031259009235175
425.3,0.03267817908874908
425.51,0.04192939568731906
425.72,0.020438209341966253
425.93,-0.008318652434830907
426.13,0.028851224586983585
426.34,0.0363313784747061
426.55,0.040534138222070255
426.76,0.026835751011369827
426.96,0.024054443649058156
427.17,0.015029381093985496
427.38,0.026420424313368905
427.59,0.014012442583871187
427.79,0.04301019235190439
428.0,0.016735457342052003
428.21,0.021868527328972934
428.42,0.014812759040296716
428.62,0.013971711383622321
428.83,0.04145154241451546
429.04,0.028224280948375893
429.25,0.024236365655892513
429.45,-0.007494292285886425
429.66,0.028152862351134723
429.87,0.004015571241661183
430.08,-0.025253907656846472
430.28,0.04977358039913115
430.49,0.011563368582014294
430.7,0.026282460017294573
430.91,0.016179217790265002
431.11,0.04137636680187556
431.32,0.035444144310606295
431.53,0.030030537019101217
431.74,0.014258304386337604
431.94,0.021594117887787007
432.15,0.01383890793151496
432.36,0.020683571443176438
432.56,0.007243924649977883
432.77,0.0042728199769082615
432.98,0.004175004323229359
433.19,0.0027322327012863036
433.39,0.012995342791543834
433.6,0.015058224605948701
433.81,-0.016945667261014114
434.02,0.030900045275750285
434.22,0.012315198067866748
434.43,0.0003531159109716912
434.64,0.019044314810780602
434.84,0.03039362232187347
435.05,0.007356118516646688
435.26,0.0040483459273001465
435.47,0.022748695528408372
435.67,0.012178612558412953
435.88,0.016079918249046997
436.09,0.028366539220172248
436.29,0.0017025642550724045
436.5,-0.002558064945122829
436.71,0.007013272745191555
436.92,0.0059219807328168535
437.12,0.028076330886958545
437.33,0.030974075070803405
437.54,0.01591840020687824
437.74,0.0030552175890081255
437.95,0.04541805162913432
438.16,0.004298470088717199
438.36,0.005080835928383968
438.57,-0.0037752718465917895
438.78,0.003101846884053839
438.99,0.03071634224852845
439.19,0.024840528907488908
439.4,0.02524213500434961
439.61,0.012578539321714235
439.81,0.021699739043439147
440.02,0.029346284297497662
440.23,0.031629450715565
440.43,0.014121426763285736
440.64,0.0028362224164250154
440.85,0.0163526185102123
441.05,0.021171767427566157
441.26,0.022907253615192545
441.47,0.02096025720576224
441.67,0.015994777584271338
441.88,0.026440538030204023
442.09,0.004751262161240981
442.29,0.02131285344865105
442.5,0.016016160981440916
442.71,0.008137981864999193
442.91,0.00619248200229075
443.12,0.027715665026890067
443.33,0.011605152429627213
443.53,0.01590368319707473
443.74,0.0009232818266984456
443.95,-0.000988558309821127
444.15,0.0027592116157703723
444.36,0.026339213013672678
444.57,0.00594376784766981
444.77,0.0035128886753800106
444.98,0.03082487126755991
445.19,0.027540079532376995
445.39,0.018578634687472884
445.6,0.027453118433457165
445.81,0.028248756879172745
446.01,0.013944538816801329
446.22,0.015166817153239944
446.43,0.000280244475867979
446.63,0.008108008634109085
446.84,0.01890764020807267
447.05,0.03260827455761542
447.25,0.021387903829261173
447.46,0.01882716392367789
447.67,0.029479462788620545
447.87,0.0163473332034737
448.08,0.007848207905209598
448.28,0.02656990154711676
448.49,0.0265477783123214
448.7,0.014799908629110355
448.9,0.017302777844574516
449.11,0.0209706334573155
449.32,0.025701641535350393
449.52,0.003935139107933081
449.73,0.006040609663730425
449.93,-0.0021870715312844622
450.14,0.016063010023399455
450.35,0.018439790416359216
450.55,0.031097480612451985
450.76,0.01123915208422253
450.97,0.019839881412041422
451.17,0.019602648431375554
451.38,-0.005456017169255969
451.58,0.01735161751469267
451.79,0.005985364539747901
452.0,0.03336613482902488
452.2,0.016821257017131056
452.41,0.006801973690664229
452.62,0.005931120759737675
452.82,0.017040597512858986
453.03,0.0020594970558796204
453.23,0.015461128398664679
453.44,0.015604471497371352
453.65,0.00805087883257256
453.85,0.02260367131356845
454.06,-0.0008288429547373525
454.26,0.00971989025349364
454.47,0.0033748736063873297
454.68,0.006159141080833678
454.88,0.023194027276513703
455.09,0.005686335409793176
455.29,0.015361027820636005
455.5,-0.000804419956428809
455.71,0.008287527804574358
455.91,0.022982756751719687
456.12,0.007774078289586853
456.32,0.021040103085685078
456.53,0.013325132849792103
456.73,0.010511694745260891
456.94,0.017311466870075648
457.15,0.00447391168061402
457.35,-0.00502447749417223
457.56,0.013256104341509917
457.76,0.008875528794759127
457.97,0.02320586415730277
458.18,0.01710795570501143
458.38,0.011610960746945136
458.59,0.02464355277139178
458.79,0.01811360530241451
459.0,0.027756444213084756
459.2,0.013377943997267324
459.41,-0.006024982139551922
459.62,0.011905407746652661
459.82,0.014042726080793154
460.03,-0.004414595328761512
460.23,0.007088855448991079
460.44,0.012742040769682307
460.64,-0.0021030125362264188
460.85,0.014905509275694973
461.06,0.019944492586905605
461.26,0.023200133602080772
461.47,0.002179520225000852
461.67,0.02762143207773907
461.88,0.02267791685698222
462.08,0.030304193589477394
462.29,0.016103770237878925
462.49,0.019916434305455068
462.7,0.006428732054911175
462.91,0.005445706020672868
463.11,0.015082763971978152
463.32,0.031723412530330695
463.52,0.02085340952196478
463.73,0.018193352301508793
463.93,0.0027322362875606718
464.14,0.0002019407897272426
464.34,0.010198589917143033
464.55,0.010433392992158485
464.75,0.000980849870005284
464.96,0.017663435775376525
465.16,-0.005669830298146866
465.37,0.017170696237047825
465.58,0.0017831602534583854
465.78,-0.004757514290982836
465.99,0.01288112130126321
466.19,0.0102068697684418
466.4,0.00685288104600617
466.6,0.016848144570495816
466.81,0.012027459694308589
467.01,0.004421410775265071
467.22,0.007067697114425136
467.42,-0.002446635707401227
467.63,-0.0009333101444041739
467.83,0.010364523045978116
468.04,0.0027625448398136457
468.24,0.012755444989730969
468.45,0.007618729366195393
468.65,0.013632055020181617
468.86,0.012326686124213598
469.06,0.014293170544836482
469.27,0.006572286835843871
469.47,0.012986148023387632
469.68,0.00152681132272469
469.88,0.022554441864708598
470.09,0.0018228470690033435
470.29,0.012212146141050963
470.5,0.008795971471362008
470.7,0.007020246867116348
470.91,0.0027706632061808858
471.11,0.0024710746259778245
471.32,0.002976059281563704
471.52,0.008344038814123763
471.73,-0.006691210421518295
471.93,0.011100467050378189
472.14,0.008161386737053418
472.34,0.00723645175421573
472.55,0.008821526530894302
472.75,0.005571221035889091
472.96,0.009091928014745959
473.16,0.008412636690199737
473.37,0.0007723848252802688
473.57,0.014912587431168392
473.78,-0.0021851225829756598
473.98,0.006861466556528187
474.19,0.0015099396917578843
474.39,0.008199124252729858
474.6,0.006909903111030768
474.8,0.004059851269977597
475.01,0.0026743752596419313
475.21,0.011141512358057382
475.42,0.009598565617453222
475.62,0.005813291000550272
475.83,0.0038349896332308675
476.03,0.004815894044703887
476.24,0.002307938819530955
476.44,0.013264168206227282
476.64,0.00538649599491166
476.85,0.0045806211625589845
477.05,0.008893438372287042
477.26,0.014420182659858977
477.46,0.004141129400571755
477.67,0.011144353770808347
477.87,0.006760530963267231
478.08,0.007315192301215639
478.28,0.004247318645090496
478.49,0.012147715800156703
478.69,0.005689343532589703
478.9,0.0031508159729963805
479.1,0.007895140988296873
479.3,0.006940167841432464
479.51,0.005561280193916097
479.71,0.005533382081537481
479.92,0.012192767257484138
480.12,0.002630730128665728
480.33,0.0007829582841449008
480.53,0.002550593978870629
480.74,0.006509982933399141
480.94,0.005229224351756507
481.14,0.006111709541293622
481.35,0.002102627046028615
481.55,0.005144410095816125
481.76,0.009883655393559444
481.96,0.004001156322489312
482.17,0.006081682801246926
482.37,0.009782896351113844
482.57,0.004091047536415471
482.78,0.004972220338324358
482.98,0.0011196675007122225
483.19,0.006229459733540034
483.39,0.005570593800352902
483.6,0.0006976671888928571
483.8,0.0066765529253834085
484.0,0.0076218806055030125
484.21,0.006068186327919897
484.41,-0.0007096626245074421
484.62,0.0062986899387265476
484.82,0.008821704701443122
485.02,0.011002983170523058
485.23,0.012882404532364672
485.43,0.006343929975719208
485.64,0.0029658407686223636
485.84,0.006459791356722807
486.05,0.0020263727788037726
486.25,0.011164018002537066
486.45,-0.0010623129116289667
486.66,0.0013890978889323682
486.86,0.00489802275360863
487.07,0.009671274782351571
487.27,-0.001982271302305509
487.47,-0.00046868510161398956
487.68,0.0030230907620446704
487.88,-9.701491059778284e-05
488.09,0.0051945490224086
488.29,0.0021292407043520313
488.49,0.005967360974768125
488.7,0.005341436652830095
488.9,0.004298875139256895
489.1,0.0007924228312126689
489.31,0.007154853516600017
489.51,0.0032278402637085845
489.72,0.0007904615519628381
489.92,0.011403213650024535
490.12,0.0037911772084766445
490.33,0.007338476751752894
490.53,0.006383373889173958
490.74,0.00042855030850008695
490.94,-0.00043076217944828686
491.14,0.0038733662820582045
491.35,0.006589263105363525
491.55,0.0016038047877806345
491.75,0.0051268394980284945
491.96,-0.001613823934184732
492.16,0.0014327719665844791
492.36,-0.0014420185096547056
492.57,0.0031230556925672557
492.77,0.007585526951393467
492.98,0.006875805502195028
493.18,0.004353482164566247
493.38,0.002043969817398688
493.59,0.0022078647147845644
493.79,0.0031555487932488926
493.99,0.0017335109522042928
494.2,0.006705702318931793
494.4,0.00447161255002533
494.6,0.0017050023750548435
494.81,0.006180641157002161
495.01,0.004770758447526613
495.22,-0.00089615086586131
495.42,0.005040661179879996
495.62,0.007811046297622028
495.83,0.0016667363287255284
496.03,0.001660656698162673
496.23,-0.00023979042880734394
496.44,0.006135300147832343
496.64,0.004288042834386775
496.84,0.006566607867740584
497.05,0.0021256464207122594
497.25,0.010079185972031572
497.45,0.009990162006393308
497.66,0.0038203626508588437
497.86,-0.0002367088008332089
498.06,0.0036814883481599107
498.27,-0.0006864413387078159
498.47,0.0026968126306554977
498.67,0.0011315797932646818
498.88,0.0034283807582610208
499.08,-0.0016029265594580547
499.28,0.0044538680000697824
499.49,0.002226180614465698
499.69,0.0017426924680602072
499.89,0.002021349116948411
500.1,0.0009891098945627606
500.3,-0.00083271344851181
500.5,0.00655331448046614
500.7,-0.001716237642955093
500.91,0.008480995658379958
501.11,0.008519971566321349
501.31,0.001858749014198232
501.52,0.0017003293488362479
501.72,0.004833126755133898
501.92,0.005313665782762088
502.13,0.005311494337776261
502.33,0.0012373122949962728
502.53,0.0009514445932931411
502.74,0.0024202913335176317
502.94,0.0018466389519911214
503.14,6.830832605493914e-05
503.34,0.00276208277267595
503.55,0.008324974663460417
503.75,0.0025399863509071997
503.95,0.004948871643838239
504.16,0.0025567127527695147
504.36,0.00021339171257545584
504.56,0.001079271084108843
504.76,0.004764340125434045
504.97,0.0019440477618014656
505.17,0.0025274930568095363
505.37,0.00354631187214303
505.58,0.003916364063398232
505.78,0.003192174853715412
505.98,-0.0005090949475050917
506.18,0.005642396596770475
506.39,0.0040537253044135215
506.59,0.0033139877710042123
506.79,0.004273381389325683
507.0,-0.0007749385771683982
507.2,0.0018470249089434035
507.4,0.009596970228772907
507.6,0.004104357792994694
507.81,0.002970368471994492
508.01,0.0013117181315514346
508.21,0.0013129910314684061
508.41,0.004404985387472318
508.62,0.006497072580617948
508.82,0.0048821641339914235
509.02,0.0033867995963520396
509.23,0.004096987014519619
509.43,0.005824531471025552
509.63,0.003339654606175544
509.83,0.0035764812459510094
510.04,-0.00020719427266278234
510.24,0.002364980179839779
510.44,0.004264698929023892
510.64,0.0008759726875708829
510.85,-0.0002032010136144627
511.05,0.00261728588469147
511.25,0.0033672179152541538
511.45,0.002723877507357729
511.66,0.003198237607945813
511.86,0.005308765762683879
512.06,0.0034791776489193514
512.26,0.0029068374195175546
512.46,0.0009853282395453026
512.67,0.0041271184561774985
512.87,0.0020183003198966172
513.07,0.004572707383469451
513.27,-0.000329076250665286
513.48,0.0023451140109030724
513.68,0.0032166844210445075
513.88,0.0017225589913209755
514.08,0.0015729669277692003
514.29,0.0032110073021961055
514.49,0.00939644103498374
514.69,0.0037869051136853907
514.89,0.0008089563473844768
515.09,0.005397824344031467
515.3,-0.0015701262186735426
515.5,0.0029712397651604997
515.7,-0.00031603900182025386
515.9,0.0016716846966082035
516.11,0.004726501509431132
516.31,0.004247593525289874
516.51,0.002138337256773497
516.71,0.005682140555898871
516.91,0.0035496928841937114
517.12,0.0022048685730872114
517.32,0.004858798588525708
517.52,0.003827465267797893
517.72,0.0025456513459880983
517.92,0.00041589109083708356
518.13,-0.0006601153333582387
518.33,-0.0015072265084922624
518.53,0.00435141063557033
518.73,0.0012298148349213383
518.93,0.0009970283896954305
519.14,0.003281136750407193
519.34,0.0032878708512698537
519.54,0.004182694815977975
519.74,0.004957264741953109
519.94,0.005190705852864088
520.15,0.0032154638676089534
520.35,0.002709842521810603
520.55,0.002969549224860009
520.75,0.0027306499449057417
520.95,0.002806503100437172
521.16,0.004551848470279417
521.36,0.002130851282349211
521.56,0.0026510757679486
521.76,0.0024142680043763454
521.96,0.005919940585500675
522.16,0.004981390800443386
522.37,-0.0013881576561298695
522.57,0.003442892728956842
522.77,0.002523305332062866
522.97,0.00027353266844058543
523.17,0.00313095212194693
523.37,0.003126482511645806
523.58,0.002164558424882869
523.78,0.0048047926265815406
523.98,0.0018141169917273298
524.18,0.0043588259571998526
524.38,0.00552898966195968
524.58,-0.0016915010788853839
524.79,0.004000146765420335
524.99,0.0018209358711641188
525.19,0.0009291197980634109
525.39,0.005543796925554122
525.59,0.0013497767048084718
525.79,-0.0011477418659137876
526.0,0.004501150762587629
526.2,0.0018829850954576951
526.4,0.004144948801452887
526.6,0.0021987311416595654
526.8,0.004552039297022049
527.0,-0.0017627929084701869
527.2,0.0037781681574102673
527.41,0.001430146417206365
527.61,0.000481166195113477
527.81,0.004078594263578253
528.01,0.0018237585676624828
528.21,0.0004860304373140038
528.41,0.0061306840832656695
528.61,0.0030553534308550207
528.82,0.0047965659334797085
529.02,0.002901643149945083
529.22,0.003726831749666425
529.42,0.004658881890956618
529.62,0.0014056726115295223
529.82,0.0035769517451718883
530.02,0.002688405761335938
530.22,0.001635873126837794
530.43,0.005578204810020964
530.63,-0.003150586038171635
530.83,0.0029732462343877364
531.03,0.0021558933243829644
531.23,0.0006972195319133971
531.43,0.0013276479722446177
531.63,0.0003740352120237053
531.83,-0.0010154852881137577
532.03,0.0031924730424427897
532.24,0.002424479990375048
532.44,0.0013326132788551944
532.64,0.003518973100731048
532.84,0.003437027989294844
533.04,0.0014283267904905896
533.24,0.0022979920962007522
533.44,0.0018640999375563023
533.64,-0.0029466268957383792
533.84,0.0011262441980626784
534.04,0.0042010903002786095
534.25,0.0031845388365647135
534.45,0.004902301186243811
534.65,0.00058406616805362
534.85,0.0015395784165112651
535.05,0.004687191536448591
535.25,0.0032675263579559546
535.45,0.0016788314614811465
535.65,0.0011193816060722744
535.85,0.0017636140878063403
536.05,0.0017679680028293708
536.25,0.005451610432924699
536.46,0.004661557789623149
536.66,0.0018428644115449787
536.86,0.004571974227804128
537.06,-0.000271168814737693
537.26,0.001756092921438336
537.46,0.0014537597643550571
537.66,0.0026861376557351033
537.86,0.004654570048294298
538.06,0.00069133517612523
538.26,0.0020618713777742267
538.46,0.006328416595518216
538.66,0.002420041210818638
538.86,0.0017517972276536863
539.07,0.005599635468990108
539.27,0.002958516844408826
539.47,0.003449075604180466
539.67,0.0007011477543200137
539.87,0.003667747892566337
540.07,0.0035681814085669374
540.27,0.005143996429566778
540.47,0.003037101756914447
540.67,0.0016647410478076048
540.87,0.004469618111083332
541.07,0.002552198821959788
541.27,0.002509091370533004
541.47,0.00209154983727024
541.67,-5.6726772605518196e-05
541.87,0.0011203397273391032
542.07,0.003477145481964262
542.27,0.0029130276072016708
542.47,0.008784308015915744
542.67,0.001645442209246234
542.87,0.0038421209993379874
543.08,0.005141487242434387
543.28,-0.000483561037194251
543.48,0.004694290189377763
543.68,0.003064891675537367
543.88,-0.0032049623859693073
544.08,-0.0023009504828535895
544.28,0.0007970604319169595
544.48,0.0035492630463547906
544.68,0.0027029554628825586
544.88,0.004435675775916235
545.08,0.0023063848103946167
545.28,0.003921016594806504
545.48,-0.00334257865547109
545.68,0.0019367002625388654
545.88,0.0028129540375007064
546.08,0.003672045666254238
546.28,-0.00016132344439598
546.48,0.0027865996327701733
546.68,0.0004717738430818753
546.88,0.002489398595635831
547.08,0.004859349490673597
547.28,0.004159475495939654
547.48,0.0015241736671436617
547.68,-0.0008069021165663169
547.88,0.004556278939819073
548.08,0.0024666380120825612
548.28,0.006498378352479134
548.48,-0.0011187174384237164
548.68,0.003097190074021826
548.88,0.0031885433765737148
549.08,-0.002615155630331506
549.28,0.005338344348511595
549.48,0.005386570878637088
549.68,0.006006311947023258
549.88,0.00025762110348081396
550.08,0.0012957826702989983
550.28,0.000258159357600317
550.48,0.00485670301330622
550.68,0.003333982130860372
550.88,0.002968080107788374
551.08,0.003182216552259393
551.28,0.00015287862222347225
551.48,0.00214797595444525
551.68,0.0039922521565440685
551.88,0.003664204169857661
552.08,0.0034984398950731253
552.28,0.0035671677626007646
552.48,0.003382820796295297
552.68,0.0012796942021769237
552.88,0.004216067132339313
553.08,0.000782124630072376
553.28,0.0012701797192562142
553.48,0.002482757009874465
553.68,0.006980644964404557
553.88,0.00015380559799729726
554.08,-0.0002587653543005621
554.28,0.0007796760196506927
554.47,0.004935936060609125
554.67,0.0025486951377730297
554.87,-0.0024434131878566696
555.07,0.0029752138188250824
555.27,0.003932267202979629
555.47,0.0029755473420005466
555.67,0.004063973227331029
555.87,0.002395885466026348
556.07,0.0003536481278088039
556.27,0.005210971701098755
556.47,0.0025005155038944934
556.67,0.002805054754947967
556.87,0.003845382901132282
557.07,0.004816738027776271
557.27,0.005533179160928444
557.47,0.004034068078069681
557.67,0.0031942466320577685
557.87,0.0010743604307628073
558.07,0.0020824254053704
558.26,0.0026794169874090378
558.46,0.0047019131206996675
558.66,0.005382934305749949
558.86,0.004499555067049307
559.06,0.002565214445914046
559.26,0.006499461672105553
559.46,0.0038450186067263237
559.66,0.0026664618236511835
559.86,0.0005541898171173643
560.06,0.003884227855815432
560.26,0.004507307832390715
560.46,0.005701588883445203
560.66,0.003490069705833952
560.86,0.00193927382381592
561.05,0.002720334832361195
561.25,0.0028294464044224484
561.45,0.0037473204518368454
561.65,-0.0005447354701471101
561.85,0.005829671203441178
562.05,0.0021902905649911876
562.25,0.0035951822642875646
562.45,0.003916389911539488
562.65,0.0047780926137957315
562.85,0.0038882268544553067
563.05,0.0031198327435878366
563.24,0.004047336315985058
563.44,0.002201017323102089
563.64,0.004797482167429461
563.84,4.649705063174262e-05
564.04,0.0014387099888958665
564.24,0.0027335511194781182
564.44,0.0027037351337936485
564.64,0.004623007845136072
564.84,0.0034050793707194483
565.03,0.003992634333106575
565.23,0.005030184976800125
565.43,0.00397694074248717
565.63,0.00610877610264517
565.83,0.0024333692903365962
566.03,0.005483456893615911
566.23,0.005513975657583485
566.43,0.0052190106104083225
566.63,0.00653249579942739
566.82,0.007214043951099205
567.02,0.006795373277266565
567.22,0.011387165397149611
567.42,0.005634160878755983
567.62,0.010271086977821097
567.82,0.010590773259037031
568.02,0.011350456510307241
568.22,0.011780076181078323
568.41,0.014467394820900491
568.61,0.012891985208891333
568.81,0.014282275339916902
569.01,0.020502831136438738
569.21,0.025514721201451804
569.41,0.024835652332339853
569.61,0.03128519265727835
569.8,0.029811009278960496
570.0,0.036771566495292535
570.2,0.04958533564047191
570.4,0.05809006500151707
570.6,0.06819139023775266
570.8,0.07487229751907803
571.0,0.09048221197318461
571.19,0.10349678706346087
571.39,0.12023248406015832
571.59,0.13892524365187026
571.79,0.15922722562082886
571.99,0.18429391443016188
572.19,0.19990170315528033
572.38,0.24245869242462165
572.58,0.2608364314499872
572.78,0.28042434037032726
572.98,0.3073661839937631
573.18,0.33400888709421955
573.38,0.36446085223406216
573.57,0.35670162520308607
573.77,0.3795627801571204
573.97,0.3976988182606333
574.17,0.4076785380687747
574.37,0.41812943580216
574.57,0.43180900733605043
574.76,0.4225103567703935
574.96,0.43911215437616585
575.16,0.4479235739799975
575.36,0.46282548996791156
575.56,0.4542554968628635
575.75,0.46893633476152047
575.95,0.46244911956854284
576.15,0.47764786106054014
576.35,0.47792450784698187
576.55,0.4738981546874663
576.74,0.4711128251928257
576.94,0.4646416498936982
577.14,0.4840418978471431
577.34,0.46704888563397184
577.54,0.47124645994471864
577.74,0.4798600533178975
577.93,0.4642380438217725
578.13,0.45950368056238144
578.33,0.4626655296121437
578.53,0.4604785116424904
578.72,0.45054798427516135
578.92,0.4520825474144645
579.12,0.4552919987513375
579.32,0.4326830207256269
579.52,0.4353541519104084
579.71,0.42240032137232003
579.91,0.41117992998785124
580.11,0.39492674131213606
580.31,0.38854842379531873
580.51,0.36684239691311266
580.7,0.34897321789232494
580.9,0.32297221991676645
581.1,0.3000121310163204
581.3,0.27873023785614826
581.49,0.25589925261897345
581.69,0.22768000868165458
581.89,0.21273697282409937
582.09,0.19634485460935142
582.29,0.17507446411476593
582.48,0.15726015688348138
582.68,0.13169206933623553
582.88,0.11822629750836869
583.08,0.1047730328413293
583.27,0.09061981632277678
583.47,0.07889676934341674
583.67,0.06696992092605905
583.87,0.0589591655802883
584.06,0.05420269689355662
584.26,0.043392607221053536
584.46,0.039779988545003
584.66,0.03396460313229305
584.85,0.02750751893170054
585.05,0.027095240580403065
585.25,0.022548818220117027
585.45,0.0217477940442006
585.64,0.013575836265961217
585.84,0.014162702299530441
586.04,0.011491626618277611
586.24,0.013530471775947276
586.43,0.011306634021894288
586.63,0.009215431024644843
586.83,0.01025350237309973
587.03,0.009082745598989595
587.22,0.007397164414727368
587.42,0.009690611274932735
587.62,0.006506336713115799
587.82,0.007356122306871866
588.01,0.0052373172952237
588.21,0.005961714608717926
588.41,0.005554180047079347
588.6,0.0043855376043131
588.8,0.004395077268513403
589.0,0.002560113386506728
589.2,0.004512111041797053
589.39,0.0024464020536612793
589.59,0.005043754955960033
589.79,0.004717610766010746
589.98,0.004064451403320376
590.18,0.004948961606955352
590.38,0.0006868529337747482
590.58,0.002522637405581069
590.77,0.005671407852526531
590.97,0.004319902145973841
591.17,0.0018043158916130513
591.36,0.003852244101762867
591.56,0.0025446988328772326
591.76,0.002750086517124352
591.96,0.004754640418065444
592.15,0.0035765654203810423
592.35,0.004750022089583166
592.55,0.005336989980408437
592.74,0.006134588855143018
592.94,0.00023165968484167087
593.14,0.0055175935242614965
593.33,0.004902256621014509
593.53,0.005101987527875966
593.73,0.003937452957825204
593.92,0.003727156631016135
594.12,0.0035768979548973104
594.32,0.0024288932346461407
594.51,0.0031810376562759887
594.71,0.002439188501640879
594.91,0.0038475978794659652
595.11,0.0015237769435477117
595.3,0.0019090108599941335
595.5,0.0035055195134030847
595.7,0.003497580031863337
595.89,0.002201292977082604
596.09,0.001437248769683645
596.29,0.0002268952440841312
596.48,0.0028280945199867964
596.68,0.005831635084099858
596.88,0.0008838830159176189
597.07,0.003785728634153124
597.27,0.005736679399550375
597.47,0.002232490347259173
597.66,0.0036821987018177474
597.86,0.0031931188837845377
598.06,-4.9374704633459686e-05
598.25,0.0036863253890160102
598.45,0.003941838271453676
598.64,0.003306578249817171
598.84,0.003375880054538829
599.04,0.0037461314225876678
599.23,0.0043585684660527434
599.43,0.0035828941677719123
599.63,0.002077116309535886
599.82,0.0038210100869496087
600.02,0.00536689335243563
600.22,0.0020885062616740916
600.41,0.006049392174976386
600.61,0.0053709058062729065
600.81,0.0016936021416893642
601.0,0.0014306037440506578
601.2,0.004048185291167769
601.39,0.0018852767209237263
601.59,0.0009660271065015884
601.79,0.0026232366066619973
601.98,0.003495622334533444
602.18,0.005712191962804152
602.38,0.005032836166539651
602.57,0.0005962353323291162
602.77,0.001371878703143253
602.96,0.0013625782432529043
603.16,0.003476165226134279
603.36,0.0005118328968227698
603.55,0.003952476549431402
603.75,0.003514486288574325
603.95,0.005112333085026646
604.14,0.0016773004575910866
604.34,-0.0010736957276960195
604.53,0.002526212305700471
604.73,0.001697961289127926
604.93,0.0025522642698041138
605.12,0.005244934880671744
605.32,0.0006032946797725961
605.51,0.0028257341621619855
605.71,0.0028275696553142224
605.91,0.0011426319027968647
606.1,0.001498954921688693
606.3,0.0010490880434557372
606.49,0.0012366327266843584
606.69,0.0005886959256286304
606.89,0.0021286250647966553
607.08,0.003909904307186618
607.28,0.00503736389828241
607.47,4.3513022185333894e-05
607.67,0.004363446782949694
607.87,0.0033418535932589455
608.06,0.004670971419239461
608.26,0.0027602067532037627
608.45,-0.002616725730784417
608.65,0.002485752572413781
608.84,0.002770748147791991
609.04,0.0061195772640266315
609.24,0.003509030004077296
609.43,0.005142621897069671
609.63,0.0008433504555149485
609.82,0.002005558546610539
610.02,0.004013534447149207
610.21,0.003368029760849421
610.41,0.0065674334858216365
610.61,0.0023549922860322016
610.8,0.002229336762081192
611.0,0.0030263210666747545
611.19,-0.0013604464609011057
611.39,0.0027535152245882115
611.58,0.00047470710010140535
611.78,0.004277197979829404
611.98,0.003959021109246248
612.17,0.003456181645291133
612.37,-0.0007441258467138383
612.56,0.004179104477611943
612.76,0.0030724463155491853
612.95,0.003137527160243611
613.15,0.0026258174488064823
613.34,0.002363426767657234
613.54,0.004625821080950803
613.73,0.002409044493514758
613.93,0.0033508484612145353
614.13,0.002751222384532934
614.32,0.002128549222813506
614.52,0.0032324762460599035
614.71,0.003954502558840792
614.91,0.005820170046197507
615.1,0.004243607444384127
615.3,0.0019939073525219067
615.49,0.0034486152145281586
615.69,0.0030690715143002903
615.88,0.002939408130007631
616.08,0.0006322719262436718
616.27,0.001515715475263143
616.47,-0.00046082852591537997
616.66,0.001795632422701923
616.86,0.0033084378884731137
617.06,0.0020253491665642065
617.25,0.0017017558496175342
617.45,0.0015907249538695673
617.64,0.0043117093635358945
617.84,-0.0007878622225566498
618.03,0.0012076993762171215
618.23,-0.0008624156772850521
618.42,0.0033646764712835153
618.62,0.0010966951260760163
618.81,0.0023244715608319966
619.01,0.0031131954367744825
619.2,0.0024331304883158985
619.4,0.004218443995873835
619.59,0.0011983982036240333
619.79,0.00019851618542625671
619.98,0.0011047898318034951
620.18,0.001897972558080145
620.37,0.003167536468133165
620.57,0.0014281492720320064
620.76,0.003246396878157311
620.96,-4.3898405353093714e-05
621.15,0.003460124533270351
621.35,0.0007789814071072841
621.54,0.002120045281125313
621.74,0.0018277502638344518
621.93,0.0011228385358185526
622.13,0.0016166108632785666
622.32,0.004972314377305823
622.51,0.0029450211939386533
622.71,0.0017798544568670836
622.9,0.0015481094222431551
623.1,0.0006220591084937606
623.29,0.002691698137399758
623.49,0.004245035130229791
623.68,0.00037165817852808736
623.88,0.0011250891884787295
624.07,0.001106695819999548
624.27,0.0007844006455143666
624.46,0.003869547805943334
624.66,0.0002060301763732304
624.85,0.0011164177805256825
625.05,0.001556851769823638
625.24,0.0024576820036062833
625.43,0.0018204481248530393
625.63,0.0021273048180555066
625.82,0.005766935539497972
626.02,0.004225842058738937
626.21,0.005680605050914058
626.41,0.0018846208961527762
626.6,0.0006317373019129477
626.8,0.002713516993975076
626.99,0.003648606992947036
627.19,0.0009463556700770916
627.38,0.003241737207413897
627.57,0.002354110353122721
627.77,0.0042238074339379416
627.96,0.00020970164675315336
628.16,0.001667274992569187
628.35,0.003966654190594068
628.55,-0.0010788141407352195
628.74,0.0025036142435573908
628.93,0.0014339672038328516
629.13,0.002530702490022215
629.32,0.001250054765635709
629.52,0.0008174380999422891
629.71,0.007294222303251677
629.91,0.0034714005161899475
630.1,0.0020562689732174545
630.29,0.0016072455317165761
630.49,0.004572467831762527
630.68,0.0027398512920580047
630.88,0.004004697544117096
631.07,0.0018059437158648589
631.27,-0.0016767977702820994
631.46,0.002407756019941785
631.65,0.0012595203678813886
631.85,0.002211529122006389
632.04,0.005311129793244046
632.24,0.003059058346085876
632.43,0.0040666235000410824
632.62,0.002257005411721771
632.82,0.0005642620446736238
633.01,0.0012734861326761761
633.21,0.0024035427786238627
633.4,0.0029272208892522737
633.59,0.003215456517761127
633.79,0.0011731989360072488
633.98,0.002072062030392152
634.18,0.0025128013178952443
634.37,0.0018142664271448212
634.56,0.000752163788375927
634.76,0.0019748894716293424
634.95,0.0021461332848773506
635.14,0.00325622219774284
635.34,0.001107227316929851
635.53,0.002487778547641598
635.73,-0.0011285690632099087
635.92,0.0035449571183921377
636.11,0.00254015221657566
636.31,-0.0003170090375043307
636.5,-0.0012861341114036022
636.7,0.0019132348477345238
636.89,-4.7265102888408726e-05
637.08,0.0034149679369793965
637.28,0.0025969333174848484
637.47,0.00129006107828327
637.66,0.0019269713685435277
637.86,0.004714663730137916
638.05,0.0005739713103678907
638.24,0.0009251446432345456
638.44,0.0023422811507637833
638.63,0.004479374477430258
638.83,-0.0005888427439487856
639.02,0.003760719224096007
639.21,0.002285342854680793
639.41,0.0046247680586219845
639.6,0.0029246842769789765
639.79,0.003546868409016348
639.99,-0.0007799185608446637
640.18,0.001669870367979597
640.37,0.0020447956562740107
640.57,0.002410096269574462
640.76,-0.0012290540401434307
640.95,0.004958027187787207
641.15,0.002180434369259655
641.34,0.003692808001226235
641.53,0.001952023200592053
641.73,0.002427111618440511
641.92,0.0009559730252063621
642.11,0.0012368598094542364
642.31,0.0033949101442209487
642.5,0.004083498510842595
642.69,0.00031873946962413213
642.89,0.0025825477200329063
643.08,0.00022272357540392912
643.27,0.003322672859114283
643.47,0.002186595715069515
643.66,0.0016745633661626055
643.85,0.005288930163280887
644.05,0.0018461718130341517
644.24,0.0009452719678315314
644.43,0.002135403218126288
644.63,0.001412965311882283
644.82,0.0055997617094789
645.01,0.003049360977814223
645.2,0.004588513574720567
645.4,0.003952478679999676
645.59,0.004222940119500154
645.78,0.0026162461115773637
645.98,0.0017993138474701777
646.17,0.0023633765745691908
646.36,0.0020801928149267773
646.56,0.00023122616847468845
646.75,0.00329215441643133
646.94,-0.0007028704854507787
647.13,0.00013738870758879824
647.33,0.002374834866640667
647.52,0.003257388779531243
647.71,0.002209790200317062
647.91,0.002935345566567998
648.1,0.0012570577330197382
648.29,0.00446267563816262
648.49,0.0028307217688886637
648.68,0.0036695327122806152
648.87,0.0019043934903272843
649.06,0.0035202521794169537
649.26,0.00032175300372266923
649.45,0.0015395866080509758
649.64,4.3678387033857726e-05
649.83,0.0031682819059267167
650.03,0.004386779559148862
650.22,0.004130882491176801
650.41,0.0037479305773821495
650.61,0.0030445183660983625
650.8,0.0024903612292821037
650.99,0.0025718576072530663
651.18,0.002940281929650339
651.38,0.0024959968741531235
651.57,0.0028447280851665482
651.76,0.005042803615620652
651.95,0.00042115905818941276
652.15,0.0017339847848322461
652.34,0.005368898829676166
652.53,0.003596291330869903
652.72,4.435260933849638e-05
652.92,0.003843249002295842
653.11,0.0024877867217299537
653.3,0.0009779361348241718
653.49,0.002202945836567419
653.69,0.004027437193026026
653.88,4.4348435160390994e-05
654.07,0.006238639530304244
654.26,0.0023161506481851296
654.46,0.005778744001539288
654.65,0.0017731004603845886
654.84,0.002993703607260582
655.03,0.0038279813837143943
655.23,0.000140150231453485
655.42,0.0017550737353130101
655.61,0.004033174026318283
655.8,0.00014069976287446208
655.99,0.001969812817593814
656.19,0.0038010173658959826
656.38,-0.00014502501084274856
656.57,0.002502840736139235
656.76,-0.0008988164734838924
656.96,0.0017515787233157167
657.15,0.0017616016131948287
657.34,0.005332267264824396
657.53,0.002136967763497502
657.72,0.005093238995057523
657.92,0.0011010466675988831
658.11,0.002509722232169261
658.3,0.004980434373635352
658.49,0.0008097544638789374
658.68,0.0009907982716339358
658.88,0.00023649263860723769
659.07,0.0026216823462975685
659.26,0.0018708889608564996
659.45,0.0013750071347934263
659.64,0.0023291571929461804
659.84,0.003047921236893751
660.03,0.0029948431464166493
660.22,0.001320388239977129
660.41,-0.0006368624401691384
660.6,0.0030801381608663715
660.8,0.0015904281165739736
660.99,0.0038175282052816425
661.18,0.0018872088519264526
661.37,0.004151037724273643
661.56,0.004586382783809589
661.76,0.0005355296268298621
661.95,0.0030247787078258796
662.14,0.0024644471908399587
662.33,0.003917655075732863
662.52,0.001405454617231094
662.71,0.0024894244284286286
662.91,0.005799222239815488
663.1,0.0010091314085997724
663.29,0.004100539804270164
663.48,0.001310370189200664
663.67,0.0013052914668792348
663.86,0.0019001002879461088
664.06,0.004719933672234499
664.25,0.004879073270532963
664.44,0.0054466473326756845
664.63,0.004183758569608087
664.82,0.0026755588036114653
665.01,0.003451357075282008
665.21,0.0038107406946843144
665.4,0.0017099361123931857
665.59,0.0062790130793497195
665.78,4.628695580585446e-05
665.97,0.0007322236578396797
666.16,-0.0005455417314578774
666.35,4.692768729968806e-05
666.55,0.0008371211138296357
666.74,0.004256712154036237
666.93,0.0014282027259750105
667.12,0.004074806217852455
667.31,0.0011281167807813371
667.5,0.0029160745003112584
667.69,0.0031078173559646225
667.89,0.0019509322342084634
668.08,0.001348812198880832
668.27,0.003969529425005675
668.46,0.0007496357391094425
668.65,0.002161284938027358
668.84,0.0011434095116325553
669.03,0.002740416168634816
669.22,0.0026254697321764038
669.42,0.002026959884287699
669.61,-0.0020375004328840466
669.8,0.0014541792562395462
669.99,0.0012544645296264615
670.18,0.003544474146474023
670.37,0.0048546609969510246
670.56,4.721923747780458e-05
670.75,0.0022594427672332734
670.94,0.00303031278651767
671.14,0.003007284437418418
671.33,0.0002458813091193372
671.52,0.00044452312110305066
671.71,-0.0006483733687515433
671.9,0.0023293097853500913
672.09,0.001918069075290859
672.28,-5.234653118766769e-05
672.47,0.00274123653206479
672.66,-0.0004499766433886812
672.85,0.0035712384385637296
673.05,0.0034980286858063594
673.24,0.0029520015997665243
673.43,0.0018433487418382049
673.62,0.004571593482956795
673.81,0.004180368259659287
674.0,0.002885361647182429
674.19,0.003583505192103283
674.38,-0.0015680135407794263
674.57,0.0034744063906163875
674.76,0.003500159795461813
674.95,0.0017426834742155003
675.15,0.0021687071794780537
675.34,0.0033101909657858967
675.53,0.0002485771940736631
675.72,0.001453594982839056
675.91,-0.000664474693398925
676.1,0.0005524550835129791
676.29,0.0019714757003692048
676.48,0.003527741343633964
676.67,0.0012704385046568738
676.86,0.004369199332020468
677.05,0.0033752216776949374
677.24,0.0008701400094071228
677.43,0.0018860751822257196
677.62,0.0009539457595064013
677.81,0.005923853248789814
678.0,0.0007500120066919743
678.2,0.00477780913098165
678.39,0.002352422021265899
678.58,0.00035795136090140345
678.77,-0.0017832878880974918
678.96,0.004274276256462372
679.15,0.004199842410284791
679.34,0.004351795507260429
679.53,-0.0008764118788370702
679.72,0.004675958412415763
679.91,0.0034665551010889233
680.1,0.00291908617666096
680.29,0.002954834523666866
680.48,-0.00015798909986732227
680.67,0.00015056310232143674
680.86,0.0002515631150617505
681.05,0.004195169060327983
681.24,0.00246475237444817
681.43,0.0011491365980728129
681.62,0.004532112452696561
681.81,-0.0009799768786127128
682.0,0.003717202261777713
682.19,0.002305102257317606
682.38,0.002944749212656287
682.57,0.0021114211522772113
682.76,0.003331245846091058
682.95,0.002188825731115102
683.14,0.0026388292109934238
683.33,0.004498044643977072
683.52,0.0033636836192296768
683.71,0.003051018253602071
683.9,0.0036086183582010344
684.09,0.0018795499475299973
684.28,0.00409347584334444
684.47,0.002016808851752817
684.66,0.0027659268185151386
684.85,0.0036608006985257716
685.04,0.0041733790274628485
685.23,0.00035688410955935754
685.42,0.002857278615157087
685.61,-0.0002601763944140865
685.8,0.0012905531287631092
685.99,0.0014030373792385726
686.18,0.002185483832582203
686.37,0.004411003786357536
686.56,0.003375923498514366
686.75,0.0012685001805609612
686.94,0.0031260644247521163
687.13,0.0005629136499343308
687.32,0.004520496345635995
687.51,0.005745651081263652
687.7,0.002734779866757991
687.89,0.005244596450898493
688.08,0.0007748245080312074
688.27,0.003267201353933623
688.46,0.002665616632303393
688.65,0.005746836355770275
688.84,0.0010049606813427355
689.03,0.002065808972396476
689.22,0.003575041484696867
689.41,0.005126804226084651
689.6,0.00400099708058186
689.79,0.007083986233114779
689.98,0.006177395688543578
690.17,0.0008961913579753651
690.36,0.0059868958713337975
690.55,0.0035146032615367222
690.74,0.001319500713413355
690.93,0.0036607368307255924
691.12,0.003395147604905564
691.31,-0.0003691007374113468
691.49,0.0026241272356480184
691.68,0.0010036827112317587
691.87,0.0006730711311598302
692.06,0.002660326865920056
692.25,0.0029056329406017445
692.44,0.001730630189008707
692.63,0.002302921573733812
692.82,0.002477050741767559
693.01,0.0019308293090488818
693.2,0.005861614804368942
693.39,0.0019712160233950945
693.58,0.0020389844177593963
693.77,0.0064853520757946394
693.96,0.0015428612847666362
694.15,0.004365634891453637
694.33,0.006624401002261538
694.52,0.00423716869244751
694.71,0.0005836300407159698
694.9,0.001018468985433925
695.09,0.0009041303206917656
695.28,0.002619632650719373
695.47,0.002455284656860333
695.66,0.0023588191782156465
695.85,0.004043868123391863
696.04,0.0022612066865650877
696.23,0.001628983406033492
696.42,0.001314771056530609
696.6,0.001209474176455801
696.79,0.003342146147554859
696.98,0.003662681657811591
697.17,0.004316253104069236
697.36,-0.0002671298437233375
697.55,0.0046189614770586526
697.74,0.004371617437782473
697.93,0.0031350793297902223
698.12,0.0045406910449511916
698.31,0.004682647468522423
698.49,0.0036456377697659764
698.68,0.005443125333867137
698.87,0.0005774090694603032
699.06,0.005594858881987105
699.25,0.0037773634761397155
699.44,0.0008101107437378326
699.63,-0.0008103762228724291
699.82,0.006013485399915696
700.0,0.00081372830563902
700.19,0.0027576790320200033
700.38,0.005410449559733395
700.57,0.004632312409394885
700.76,0.0011330688338343504
700.95,0.004191919765989366
701.14,0.002115868938864174
701.33,0.001577335921580963
701.51,0.004303695891505921
701.7,0.005467245244291377
701.89,0.002564748601573286
702.08,0.003165384685225234
702.27,0.001245995641945633
702.46,0.00048481832184214227
702.65,0.0014686579760285257
702.83,0.0012543063929507158
703.02,0.0009170500039524703
703.21,0.003581067115949697
703.4,0.0041125326639792
703.59,0.005102538551438325
703.78,-0.0016682413907035207
703.97,-0.000170157702158356
704.15,0.0002720571201150049
704.34,0.001354026598596925
704.53,5.200292645476635e-05
704.72,0.0033289254184735557
704.91,0.0023170873253498866
705.1,0.00416559394670455
705.28,0.003337311106654889
705.47,0.0022374214337189005
705.66,0.0007198669266564086
705.85,0.004681845091874325
706.04,0.004096292570394302
706.23,0.0024091211611568506
706.41,0.002052934937354505
706.6,0.001841086011565997
706.79,0.0011682107033142153
706.98,0.0018543514082987027
707.17,0.0008422577373558991
707.35,0.003223836923950445
707.54,0.002991615427613196
707.73,-0.0014140079757682103
707.92,0.005304360653115236
708.11,0.0015295222295328937
708.3,0.0014864845018609876
708.48,0.0030366783184667223
708.67,0.004719302053318085
708.86,0.001593839846630061
709.05,0.001940498568697529
709.24,0.0008302769255369161
709.42,0.0031573400477171256
709.61,0.0017193168303968544
709.8,0.002701772097203434
709.99,0.001954391102752207
710.18,0.0008263282420851364
710.36,0.0036901305564621743
710.55,0.0025822429540384544
710.74,0.0068404183907144235
710.93,5.240194935252028e-05
711.12,0.0033104541742713955
711.3,0.0019629548350645126
711.49,0.002559810524029729
711.68,-0.0009687970531571666
711.87,0.0028351160989002564
712.05,0.004315108204515556
712.24,0.0029922917685749634
712.43,0.005521667717896704
712.62,-0.0002833531438696322
712.81,0.004934600717916015
712.99,0.002412640311262536
713.18,0.0019920506637913153
713.37,0.0016501819384038769
713.56,0.002078110234945846
713.74,0.002686271854005143
713.93,0.005718725358504415
714.12,0.0053097003320524165
714.31,5.3296901578528474e-05
714.49,0.0037222823565795623
714.68,0.0020919965142897463
714.87,0.0005117882160248635
715.06,0.004075693167314867
715.24,0.003100424608366888
715.43,0.0003846882131930162
715.62,0.0035402806569731515
715.81,0.001073047516076359
715.99,0.004828760386415348
716.18,0.004716674296641138
716.37,0.0041099984120176545
716.56,0.004205401445987826
716.74,0.004226356642141103
716.93,0.003534341440497608
717.12,0.00387736282657042
717.31,0.0044669203560004
717.49,0.002967819216597998
717.68,0.0025818690549747622
717.87,0.001545135916261477
718.06,0.003304662308604109
718.24,0.000406682060179678
718.43,0.002391366373211995
718.62,0.0035863386365647403
718.8,0.002785746031325879
718.99,-0.001025651673810752
719.18,5.586208631673586e-05
719.37,0.001510295668583546
719.55,0.0032768315523222557
719.74,-0.000298893159938448
719.93,0.001366846869860667
720.11,0.0027016893018379923
720.3,0.0013582691502533651
720.49,0.0011462942219021915
720.68,0.003150784228010772
720.86,0.0015004832101252151
721.05,-0.0017055615494893615
721.24,0.0016192402930976309
721.42,0.0029210751514532215
721.61,0.0034592458013759236
721.8,-0.001043087750911872
721.98,0.003572931543887579
722.17,0.003232348255546585
722.36,0.0020036835571487443
722.55,-0.0010080735166629702
722.73,0.0031933548364420027
722.92,0.002049777909074608
723.11,0.0023825379729368735
723.29,0.003458825555018055
723.48,-0.001751621843969043
723.67,0.0031251227474599873
723.85,0.005415981919538726
724.04,0.0030921167834125295
724.23,0.0037533203215865812
724.41,0.003320800070616468
724.6,0.0030131514782956144
724.79,0.0021414824596405336
724.97,0.0005445093698979673
725.16,0.0002984399021534202
725.35,0.004557172899148548
725.53,0.003037542237537438
725.72,0.0047270822697950765
725.91,0.004335555556532598
726.09,0.0017726801046070784
726.28,0.0036207785756680014
726.47,0.0011669138916822089
726.65,0.003243040287471134
726.84,0.0018092486199026393
727.03,0.002813661051805689
727.21,0.0005702747825225281
727.4,-6.448915595100627e-05
727.59,-0.00019087114939911025
727.77,0.0004219577176503868
727.96,0.008671811058894044
728.15,0.002645714885991368
728.33,0.0054892774160835035
728.52,0.00241265007748739
728.7,0.007523583566193584
728.89,0.005289453700319736
729.08,0.0047375604155232565
729.26,0.0065000198293605595
729.45,0.0022915810391862636
729.64,0.003151025384866984
729.82,0.0025654861643615206
730.01,0.0006755037299264189
730.2,0.0037977606168951303
730.38,0.004161290827495382
730.57,0.0008004509934001774
730.75,0.003094305123137702
730.94,0.0031379513140142347
731.13,0.004252219448340222
731.31,0.005275920723445018
731.5,0.0014532545565158397
731.68,0.0033887627907490834
731.87,0.001084598198968278
732.06,0.0023035841256810424
732.24,0.0019345143721239272
732.43,0.000565085533401197
732.62,0.003364214250937747
732.8,0.0017029608782821836
732.99,0.0015757493672232364
733.17,0.0017300806277628792
733.36,0.00403815220727551
733.55,0.0004499042146933639
733.73,-0.0018828265613265787
733.92,0.0024872318575206304
734.1,0.0037402539063124195
734.29,0.003085332132398532
734.48,0.0030472328090536257
734.66,0.0013505206533161109
734.85,5.978871307762214e-05
735.03,0.0038839251531722747
735.22,0.0027692400479710924
735.4,0.00031704819363292047
735.59,0.003369781680824578
735.78,0.003727009835430208
735.96,0.002454622585339292
736.15,0.005036219196013254
736.33,0.001879264606342418
736.52,0.002888157076539635
736.7,0.0027522017844817184
736.89,0.003163916745690953
737.08,0.00408851454065313
737.26,0.005462870345318421
737.45,0.00018640841125797916
737.63,0.0046255925059866315
737.82,-0.0017462184226275685
738.0,6.1885193046377e-05
738.19,0.0024153373687733383
738.38,0.0007201373800540462
738.56,0.004031427532682492
738.75,0.003660159662902991
738.93,0.0031849176383014137
739.12,0.003949878370231043
739.3,0.002557133969160393
739.49,0.0009923957733591717
739.67,0.0015206822804035177
739.86,0.004022353478022836
740.04,0.0008477431606824407
740.23,0.0009684685839888926
740.42,0.0031077540487724543
740.6,0.004259375036863158
740.79,-0.000992264320630796
740.97,0.0015009834760028613
741.16,-6.992118883144051e-05
741.34,0.005283632296172321
741.53,-0.001407690017712746
741.71,0.006727936238636783
741.9,0.0015659365346399063
742.08,0.007376896641564215
742.27,0.002488889664394924
742.45,0.0013932889516637434
742.64,0.0015440160782960004
742.82,0.007271562150699645
743.01,0.0031558069023421703
743.19,0.0023859735995484534
743.38,-0.00035124482063780116
743.57,0.002692567310452071
743.75,0.004318538222444459
743.94,0.00371084738327018
744.12,0.0016966562609650195
744.31,-0.0034103406489699654
744.49,0.0013093607107247786
744.68,0.0033478787007888214
744.86,0.0026417880800843003
745.05,0.0026504184703760826
745.23,0.0035024164744649113
745.42,0.004899698048219871
745.6,0.0023077113037535766
745.79,0.0052595093514449945
745.97,0.0017003574821369335
746.16,0.0009048799638249266
746.34,0.006946723959439574
746.52,0.004148865465776396
746.71,0.0056442851918415676
746.89,0.005895938458926432
747.08,0.004840854633470089
747.26,0.0071483131349816785
747.45,0.002654031131544928
747.63,0.004888219346760203
747.82,-0.0014573768312435248
748.0,0.004504592168985836
748.19,-0.006705081460168116
748.37,0.007162623875719216
748.56,6.661835564540266e-05
748.74,0.004281788272115713
748.93,0.007661272493592428
749.11,0.005433426930187455
749.3,0.005164819323015926
749.48,0.005621503210348121
749.67,0.002061583068268998
749.85,0.0032344463618821043
750.03,0.0030644845797744074
750.22,0.0020745871581868895
750.4,0.0010637507842409244
750.59,0.0036312392212809854
750.77,0.0010747686039237132
750.96,0.0008014716304862793
751.14,0.0042653369657851626
751.33,0.0034976522080247085
751.51,0.0036546851556608965
751.69,0.0006483349059236377
751.88,-0.0003658811411952442
752.06,0.0069225551923885
752.25,0.00399612161144638
752.43,0.005076411030903976
752.62,0.0016855883517335084
752.8,-0.0015434759796221036
752.99,0.00281845612336018
753.17,0.004467612577666373
753.35,0.0018290350745304154
753.54,0.0038771636169368726
753.72,0.0005120197294731879
753.91,0.004246602315752996
754.09,0.0006647204564378207
754.28,0.006598621991243475
754.46,0.005704958433016752
754.64,0.001698566950648886
754.83,0.008012275294646761
755.01,0.004864988092177706
755.2,0.0012285198135988593
755.38,0.0023051909942657027
755.56,0.0071370725767453845
755.75,0.0008223110671391905
755.93,0.008116137462489065
756.12,0.002762477008498321
756.3,0.0029375133973511968
756.48,0.00407282717520463
756.67,7.05479529515222e-05
756.85,0.001441921978494394
757.04,0.002642162427982448
757.22,-0.0013136410906489859
757.4,0.004696933824299971
757.59,0.006149629974192072
757.77,0.0022581396588935007
757.96,0.0011495124395841892
758.14,0.008537178700068955
758.32,0.007805064196666931
758.51,0.005871878397947301
758.69,0.0059055020284115725
758.87,0.000227339807422623
759.06,-0.0008528810677604792
759.24,0.0017822223737369
759.43,0.0036803338189681928
759.61,0.00132892952610543
759.79,-0.0030032854139018473
759.98,0.007249267862664004
760.16,0.005691983896945849
760.34,0.003823347089439801
760.53,0.004759290898804256
760.71,0.0031939020098965564
760.9,-0.0008737735476854603
761.08,-0.00039276046918952737
761.26,-0.00023945240334150987
761.45,0.007674997052459394
761.63,0.003045961779453916
761.81,-0.0022593642789976395
762.0,0.003572772027576878
762.18,0.0016450035912050293
762.36,0.0013218789203813584
762.55,0.005333236867954671
762.73,-0.0002367454574117143
762.91,0.003145319741012687
763.1,0.004323813244331972
763.28,0.005093413922946862
763.46,0.0035831350482226887
763.65,0.0029531065447889705
763.83,0.005097292272329625
764.01,0.0023273847306029237
764.2,0.0052680331045553185
764.38,0.002799742870742393
764.56,0.008479930757221914
764.75,0.004173390523228528
764.93,0.005772584460817948
765.11,0.004385291156463319
765.3,0.000220623734043219
765.48,0.003815644195085525
765.66,0.0011198763768629394
765.85,0.0009667962714660806
766.03,0.004348409908621301
766.21,0.00227168172582318
766.4,-0.0014084424668000437
766.58,0.004458460944124242
766.76,0.005505234914509526
766.95,0.0012223155899476407
767.13,0.004078589620825219
767.31,0.004680556066860352
767.49,0.0037089668371956892
767.68,-0.000373998039037303
767.86,0.004717959867811415
768.04,0.00307369715457726
768.23,0.00425609726322505
768.41,-0.0009223428015336752
768.59,0.0040052526244145886
768.78,0.002461959257286153
768.96,-0.002346014404885831
769.14,0.004426039011266701
769.32,0.0018982988302525528
769.51,6.714040801892791e-05
769.69,0.005454225558618268
769.87,-0.0031222876901701477
770.06,0.006760699360995199
770.24,0.006716748605184289
770.42,0.003256512901031459
770.6,0.0054870898621601875
770.79,0.005328814511913979
770.97,0.0015860724042798644
771.15,-0.0007733127116610169
771.33,0.0008916636143255057
771.52,-0.0004881774955648448
771.7,0.0033952578185006918
771.88,0.0025064516113286785
772.07,-0.0011389209792510738
772.25,0.0017193454882678404
772.43,0.0006092853519076371
772.61,0.010606410521325868
772.8,0.0031638894747943523
772.98,0.003030724962801216
773.16,0.005848038112658818
773.34,0.0038347812478954782
773.53,-0.00020696986859604257
773.71,-0.0012712712376442125
773.89,0.005769393336587693
774.07,0.00263356986647271
774.26,0.0036548031924134054
774.44,0.005556536000771811
774.62,-0.0005988488213523087
774.8,0.005694360379173896
774.99,0.006269329299687922
775.17,0.005797746210251906
775.35,0.002870303538566373
775.53,0.004768617362100112
775.71,-0.0008602413510197007
775.9,-0.0005984531483436485
776.08,0.0013848129170553724
776.26,0.002358913238908815
776.44,0.0046941518037567544
776.63,0.0012786040926014378
776.81,0.005401585380432257
776.99,-0.0011430422665308399
777.17,0.0007417127859873392
777.35,0.0008583125832250754
777.54,-0.004745096965338255
777.72,0.005871735259320808
777.9,0.002755407808586555
778.08,0.0010105162779722586
778.27,0.0035553455555281835
778.45,0.003459132554487083
778.63,-0.0007383051645334863
778.81,0.0019639383236470824
778.99,0.004696690262025625
779.18,0.0066975449477681154
779.36,-0.0012981151603091313
779.54,0.007745894784312434
779.72,0.004189940680015853
779.9,6.622513208375655e-05
780.08,0.0030226381366896876
780.27,0.0024540057083295283
780.45,0.00020737599397241185
780.63,0.0014546453958299553
780.81,-0.0011894304729980164
780.99,0.003426636089031093
781.18,0.00020557939461141267
781.36,0.0031229675340354525
781.54,0.0034425437275922236
781.72,0.007161242309634526
781.9,0.0017502313364609035
782.08,0.002613554755117305
782.27,0.0077833031366048655
782.45,0.007134101711655311
782.63,0.005596244681736155
782.81,0.003592648668744913
782.99,0.005388076507893328
783.17,0.0021093628340021165
783.36,0.0016754942287656514
783.54,0.003990896762916072
783.72,-7.664021797103056e-05
783.9,0.0019844266225800783
784.08,0.008081531864830472
784.26,0.004916551518673588
784.45,0.004962384935283404
784.63,0.005289048749432219
784.81,-0.0020649983061633084
784.99,0.003901560128160278
785.17,0.004002095716836333
785.35,0.006956812392275766
785.53,0.006429177278331688
785.72,0.0013239448496858855
785.9,0.0011550214515900375
786.08,0.007006132278361581
786.26,-0.00039063693825101847
786.44,0.004981617155120242
786.62,0.00481266074633455
786.8,-0.0018620415993455776
786.99,0.005553249757703514
787.17,0.005010167507612036
787.35,0.0034122083773745894
787.53,0.003780515714488507
787.71,0.004454211787651277
787.89,0.004012681560126822
788.07,0.0033010268507879083
788.25,0.0015409204205021486
788.43,0.00487896091769486
788.62,0.003984586450531802
788.8,0.006789132911895563
788.98,0.0007394764411610619
789.16,0.005000634598299283
789.34,0.00040363162709373534
789.52,-8.914769347019773e-05
789.7,-0.0022337721884968685
789.88,-0.00041095129671793663
790.06,0.0032949179861860643
790.25,-0.0009190929144932575
790.43,0.0019300544397607017
790.61,0.005971112676064873
790.79,0.005005752368919007
790.97,0.0030282191116351143
791.15,0.0007664772569610447
791.33,0.0009404813211505721
791.51,0.0025239898237347964
791.69,0.007728116328685302
791.87,0.008319425280333727
792.05,0.0026580705287897965
792.24,0.004393505727193146
792.42,0.005376505977821689
792.6,0.005462358797494402
792.78,0.004029760320355145
792.96,0.001957389190227669
793.14,0.0020000489193526907
793.32,0.004707627194391045
793.5,0.0021039702349200866
793.68,0.007457016523919996
793.86,0.001821566572282284
794.04,0.0014860566241210722
794.22,-0.0007971134237319401
794.4,-0.0016762820330282545
794.58,-0.0007944565986277728
794.76,0.00564559789843603
794.95,0.005160005517105869
795.13,0.005367986875015453
795.31,0.003795197920620667
795.49,0.004596473029719019
795.67,0.004687270103063898
795.85,0.002764460390315333
796.03,0.006185984932353102
796.21,0.007860310861147957
796.39,0.00934904090133292
796.57,0.0013518975708151615
796.75,0.0030010584646037054
796.93,0.008129322175104935
797.11,0.006480571757167509
797.29,0.006712300256390933
797.47,0.0013412192115284222
797.65,0.007494016975603655
797.83,0.004164058714094416
798.01,0.009582960239288238
798.19,0.0010140398855688396
798.37,0.006289843845585524
798.55,0.0008297758003197681
798.73,-0.0038862070632681516
798.91,0.0002761578542602318
799.09,0.009565336545639362
799.27,0.004156356724122911
799.45,0.002409678748885349
799.63,0.006929527957921269
799.81,0.00047785686413215486
799.99,0.007202364557497369
800.17,0.00437123546187379
800.35,0.00994060984792987
800.53,8.685384222171526e-05
800.71,0.0033030188245550996
800.89,0.0035689934743369637
801.07,0.002346212122750144
801.25,-0.0023880388256854995
801.43,0.005382850577791256
801.61,0.008455016304853544
801.79,0.0018602134052644187
801.97,0.02099674264811816
802.15,0.0018145943558052278
802.33,0.0052371893821483015
802.51,0.0030297288177858752
802.69,0.009438611121640583
802.87,0.003598894610208533
803.05,0.0063327947850378595
803.23,0.004299859168626668
803.41,0.0023327483784509433
803.59,0.013981078336429384
803.77,0.012057084640252862
803.95,0.005495925013043564
804.13,0.0013221495697318226
804.31,0.00697308054733917
804.49,0.006813206657789054
804.67,0.004492024445471922
804.85,0.003831808184481786
805.03,0.008442792163727392
805.21,0.008372153819899577
805.39,0.0019131962584769643
805.57,0.006015184431149163
805.75,0.0013432821333022795
805.93,0.006481600152909171
806.11,0.011644820728804527
806.29,0.00419022487024735
806.47,0.008727314120479371
806.65,0.0011335865829854772
806.83,-0.003648430007120158
807.0,0.006940678642476364
807.18,0.010265221845313064
807.36,0.003446964992114671
807.54,0.010385540440024325
807.72,0.004790824195080958
807.9,-0.0005350243044113165
808.08,0.01201139395367592
808.26,0.01267915742232646
808.44,0.005217220585742878
808.62,0.0030636839600190467
808.8,0.011529591450605801
808.98,0.001576715921642465
809.16,0.008512244816125381
809.34,0.0035041642082417964
809.51,0.008720738929260587
809.69,0.006682538555016572
809.87,0.0005340331473675049
810.05,-0.00033165994632570653
810.23,0.004936049437928812
810.41,0.005245585869637754
810.59,0.0035702450986125327
810.77,0.010174387697803605
810.95,0.006715463641285959
811.13,-0.00011746759053194366
811.31,0.00032295737357483086
811.48,0.014518603131857578
811.66,0.006876744436470884
811.84,0.007953647781819503
812.02,0.013933673244250473
812.2,0.005517164195445327
812.38,0.0023308380848213765
812.56,-0.0007971986714980664
812.74,0.006570373893008691
812.92,0.0012391028602013448
813.1,0.003144197339732001
813.27,0.003344036800198174
813.45,-0.00012207791560678045
813.63,-0.003786252648110861
813.81,0.012686989196412497
813.99,0.003333253240248607
814.17,-0.00012341709183993818
814.35,0.00384171045467093
814.53,0.004970798950377795
814.7,0.008596693083897256
814.88,0.007051122511068632
815.06,0.010484857890866912
815.24,0.0026924775268044716
815.42,0.007779534431859899
815.6,-0.0022136928056237233
815.78,0.007215735565436067
815.95,0.005023032160292195
816.13,0.011269210045198106
816.31,-0.0038868639225435476
816.49,0.0003469480027586276
816.67,0.007019512926510601
816.85,0.006342735245318806
817.03,0.008129072726589722
817.2,0.00594615335534189
817.38,-0.0033334662820018427
817.56,0.004513464362968683
817.74,0.004024762087250945
817.92,0.00985307524365585
818.1,0.00556428949981964
818.27,-0.00036683564123300716
818.45,0.011011391184441029
818.63,0.005950491005163283
818.81,0.0071523914199238675
818.99,0.004629992795785319
819.17,0.012158929617167425
819.34,0.005396852664746871
819.52,0.01150159453717479
819.7,0.007697725031918626
819.88,0.0070647875337073816
820.06,0.011850456213669633
820.24,0.004698297907770638
820.41,-0.002413282620083348
820.59,0.0026405999268868685
820.77,0.005991421936592861
820.95,0.00814127047831205
821.13,0.014313413732003823
821.3,-0.0009074972594692751
821.48,0.0029807220469681137
821.66,0.018361768578776496
821.84,0.005136887177331277
822.02,0.006363647418574227
822.19,0.0024476788883280305
822.37,0.002470664958876998
822.55,0.008152171381023872
822.73,0.005617105209914497
822.91,0.007885337775994051
823.08,0.0041394895367448375
823.26,0.0011768013913333367
823.44,0.0071549495818237965
823.62,0.013986838736649134
823.8,0.006461098073257446
823.97,0.006317159146907603
824.15,0.006413829100206138
824.33,0.008077257908723467
824.51,0.015174434957939017
824.69,0.01242562661390126
824.86,0.014088234243091831
825.04,0.004446308806293786
825.22,0.008770148656302868
825.4,0.0006613788449264068
825.57,0.006784237115841745
825.75,0.011193899916525812
825.93,0.0034042093583846068
826.11,0.0009563991028679197
826.28,0.0029384895699266747
826.46,0.01135724704611643
826.64,0.010223270418056046
826.82,0.012960980616215935
826.99,-0.001259928567354129
827.17,0.0036269673970467584
827.35,0.0157210359715164
827.53,0.010640854626761986
827.7,0.0049683964160441366
827.88,0.009024576550163596
828.06,0.003937260360671984
828.24,0.0007120713190732614
828.41,0.0077944239811472416
828.59,0.0063703490690235134
828.77,0.002415882658886612
828.95,0.0029973691933050974
829.12,0.009918431432619779
829.3,0.010496086719113406
829.48,0.008167521349239888
829.66,0.00428083011712429
829.83,0.017430831607765016
830.01,0.012916830999539344
830.19,0.012333554778891436
830.36,0.00428083011712429
830.54,0.005078148279420494
830.72,0.003449503018450364
830.9,0.0070643871522345775
831.07,-0.0016144907106385054
831.25,0.012021187438719124
831.43,0.0013700819514023345
831.6,-0.007865969292018417
831.78,0.011100467050378189
831.96,0.0063212613643305925
832.14,0.00820438838341553
832.31,0.003574178493734272
832.49,0.008323050631608604
832.67,0.007627066387878324
832.84,0.01318789086453456
833.02,0.012431755727215181
833.2,0.004867504512711997
833.37,0.002678671970171777
833.55,0.005241487304932322
833.73,0.005857425584459298
833.91,-0.0011043056664051182
834.08,0.01453000196553307
834.26,-0.005540994604551722
834.44,-0.003962957779651343
834.61,0.0074077437885642725
834.79,0.010593931914205672
834.97,0.0004687705946739075
835.14,0.007189707221126956
835.32,0.006091145360706135
835.5,0.0017623687348139211
835.67,0.0021389140879416024
835.85,0.01134119078361085
836.03,0.008112533225849932
836.2,0.005250763320103685
836.38,0.006636866270235108
836.56,0.011110885563252057
836.73,0.007440620428009586
836.91,0.012179520290991924
837.09,0.0004924643324579881
837.26,0.00479263485316526
837.44,0.0024875294174007425
837.62,0.010513287309913074
837.79,0.009355182099593441
837.97,0.006406121852414232
838.14,-0.0055087270464711045
838.32,0.010132891392669652
838.5,0.0150808557530564
838.67,-0.00017777175799336693
838.85,0.005308415090660239
839.03,-0.0021934621534118173
839.2,-0.0005192025537435592
839.38,0.00466378993642552
839.56,0.008566941905228454
839.73,0.01464506765419887
839.91,0.006042329898523207
840.08,0.006776202547491642
840.26,0.0076944792852345805
840.44,-0.000895309875280646
840.61,0.019203869434485817
840.79,0.01086911960007008
840.97,0.0023107621918716285
841.14,0.002642369252338008
841.32,0.01881152659999217
841.49,-0.0009013733442233112
841.67,0.007596476782321311
841.85,0.0026461126859254206
842.02,-0.007709578813536383
842.2,0.01200773760286587
842.37,0.0023391615165672328
842.55,0.016383015094954715
842.73,0.004522702872640336
842.9,0.004912074521876125
843.08,0.006567613161829328
843.25,0.010454020141984495
843.43,0.012415480029383618
843.61,0.007456360441852588
843.78,0.00017732008440978931
843.96,0.013271331655890704
844.13,0.007277679854688424
844.31,0.01046334950491931
844.49,0.01083185646934853
844.66,-0.007792370931602712
844.84,-0.002851300522715709
845.01,0.014886536455259685
845.19,0.015557051972528012
845.37,0.006023514253502994
845.54,0.008562190670816884
845.72,0.008701441790042735
845.89,0.015313933544255231
846.07,0.006412850910669661
846.24,0.012191196532009396
846.42,0.014470001755410033
846.59,-0.0056587886353478695
846.77,-0.001026093124884129
846.95,0.014146213402536608
847.12,0.008289719204152012
847.3,0.017303614164723622
847.47,0.01091834902812007
847.65,-0.00185417823380317
847.82,0.024053352964368814
848.0,0.0059960205381961425
848.17,0.013165280016131209
848.35,0.008797982462992921
848.53,0.00229644873302766
848.7,0.017314105355815578
848.88,0.005328509446692637
849.05,0.0006170017936800475
849.23,0.007493647294063573
849.4,0.002223648450098041
849.58,0.016341003215185102
849.75,0.021362040986335415
849.93,0.018942623675507374
850.1,0.0206089631682029
850.28,0.015754331042096763
850.45,0.004498969919803675
850.63,0.013828391225324772
850.8,0.014212175635973741
850.98,0.015078281372565526
851.16,0.0151103973815387
851.33,0.0044778070897330555
851.51,0.02225810315352944
851.68,0.012158253108816144
851.86,-0.007524787945515144
852.03,0.009643611289277659
852.21,0.004292475207817442
852.38,0.0077461520427545665
852.56,0.02474768466882461
852.73,0.013302462571095047
852.91,-0.002497785794960533
853.08,0.000680658158162341
853.26,0.020358992116346317
853.43,0.00021288870471038347
853.61,0.011922099744249848
853.78,0.019631055208705717
853.96,0.007602788740766341
854.13,0.01666511749744389
854.31,0.019248482635283087
854.48,0.01444647176836771
854.66,0.010439732146587426
854.83,0.0025875135882740398
855.0,0.0025961080568105777
855.18,0.015882173220658963
855.35,0.01698430058818972
855.53,0.020904940900512564
855.7,0.02024877507515904
855.88,0.00802506892025232
856.05,0.02212624551296777
856.23,-0.005828771673809669
856.4,0.009323194309286182
856.58,0.008048597427753355
856.75,0.024328459857952806
856.93,0.012644123544925853
857.1,0.00723029282416354
857.28,0.007385269480644666
857.45,0.012350026958386074
857.62,0.01546392693563788
857.8,0.016453861927546158
857.97,0.018872710209598163
858.15,0.025540013621807515
858.32,0.027740957611695077
858.5,0.000760923154203237
858.67,0.00023150561710386634
858.85,0.011899399467855228
859.02,0.0326586893954117
859.19,0.022953230217390114
859.37,0.013819692357385265
859.54,0.014941827867877639
859.72,0.005574332410980173
859.89,0.003949953311818122
860.07,0.014710386260803593
860.24,0.011694800709138888
860.41,0.024936627706268207
860.59,0.01759210475590796
860.76,0.021073589927532044
860.94,0.00790141982013126
861.11,0.009330569573928985
861.29,0.02547803216944264
861.46,-0.002407040258178467
861.63,0.008773089472484247
861.81,0.002401983423802266
861.98,0.0019365571826203743
862.16,0.012514840395027841
862.33,0.009355551403525352
862.5,0.017075771594672686
862.68,0.00783907396359909
862.85,0.019371610271420883
863.03,0.006553219996260022
863.2,0.0062609286649876455
863.37,-0.0026399609143197204
863.55,0.008883995794509337
863.72,0.015332559656137317
863.9,0.006556965825233957
864.07,-0.00031503487886156486
864.24,0.022587624048728196
864.42,0.01771097511765852
864.59,0.02452898001242344
864.77,0.022995563509710215
864.94,0.01018450370202623
865.11,0.03136891777958692
865.29,0.027900103380696796
865.46,0.010655627146429298
865.63,0.0044886465552825576
865.81,0.026629089939558488
865.98,0.0002822588464447471
866.16,0.02421717951464817
866.33,0.013040752077147793
866.5,0.0228491349063067
866.68,0.027670151405139957
866.85,0.019885662111827043
867.02,0.01647478087915836
867.2,-0.008681820624429015
867.37,0.008924748596287701
867.54,0.0020353454076069417
867.72,0.01987483104462696
867.89,-0.0020739563094993732
868.06,0.0026846594283813875
868.24,0.015348999529623961
868.41,0.03444543857190598
868.59,0.023071596373261564
868.76,0.031165248449067463
868.93,0.017015616401120287
869.11,0.00614338504525763
869.28,0.029308454031796254
869.45,0.00849131255966028
869.63,0.00418450917498415
869.8,0.03904245572911314
869.97,0.020630492759637926
870.15,0.0261124958255835
870.32,0.014066746679216502
870.49,0.03404788463344414
870.66,-0.0054480573344270556
870.84,0.022261455369069077
871.01,0.012899366827680404
871.18,-0.008828078971520558
871.36,0.01453241368564315
871.53,0.0010073618695060254
871.7,-0.004345359084673425
871.88,0.009167394917664825
872.05,-0.016457061766473324
872.22,-0.00034527385854103964
872.4,0.009574263010216856
872.57,0.048266807855125334
872.74,0.018198623664418784
872.92,0.025959861932238943
873.09,0.005556827110709483
873.26,0.013205563267407194
873.43,0.0045428948770590396
873.61,0.004455319264859966
873.78,0.003136663125408513
873.95,0.00961906449781808
874.13,0.007635029336242944
874.3,0.0141766516074118
874.47,0.01624263855124091
874.64,0.01462384066956823
874.82,0.0215882708230863
874.99,0.005412081684129366
875.16,0.025620773066100635
875.34,0.02620759305276869
875.51,0.010803683403469131
875.68,0.010256199591942957
875.85,0.008753510050478879
876.03,-0.013194698292785263
876.2,0.02716722891049742
876.37,0.00503021202944872
876.54,0.0288643902387698
876.72,0.022630430194566696
876.89,0.028571886545967505
877.06,0.02101095805236648
877.23,0.029834882961896743
877.41,0.022926396556983024
877.58,0.020509005754982264
877.75,0.02442639353858312
877.92,0.008814042768422042
878.1,0.008868556808543211
878.27,0.015412320852404925
878.44,0.031444321940463094
878.61,0.029798871207201878
878.79,0.018427021972608752
878.96,0.00964396851269989
879.13,0.026531986531986566
879.3,0.0028629322953597084
879.48,0.014084343673064631
879.65,0.03164098882054923
879.82,0.006076777464722832
879.99,-0.02792525724459543
880.16,0.009158871525932935
880.34,0.019470579283303674
880.51,0.016678118173387144
880.68,0.02721314840792665
880.85,0.01766493736331059
881.03,0.008140487563573438
881.2,0.03570616060533542
881.37,0.010442898076135933
881.54,0.01092556936176653
881.71,-0.0013381317162404766
881.89,0.0013118687233176194
882.06,0.018959619092390457
882.23,0.022156505766293355
882.4,0.020712500266403644
882.57,0.005961671654057386
882.75,-0.02250279818506384
882.92,0.04645644966607539
883.09,0.03138108882521493
883.26,0.020419637107713867
883.43,0.026013678955377456
883.61,0.049602679347225107
883.78,-0.006538397858229506
883.95,-0.005837232862173731
884.12,0.027026135490234273
884.29,-0.007764224314367545
884.47,0.003962194985894876
884.64,0.015775780587702265
884.81,-0.013154509303257162
884.98,0.036497709954132596
885.15,0.03314146000241888
885.32,0.059835679732387015
885.5,0.007669935481349553
885.67,0.00044943820224722843
885.84,0.024018778132430644
886.01,0.012399061048407692
886.18,0.03732604931678332
886.35,0.011003874992667572
886.53,0.0293172488900059
886.7,0.013658910886046762
886.87,0.0032981643066848864
887.04,0.007271466931805091
887.21,0.026157074637717114
887.38,0.02859975355271567
887.55,-0.0034546024389985846
887.73,0.005253359767070003
887.9,0.022258761082475143
888.07,0.024774858181695794
888.24,0.028176183915902226
888.41,0.02972473868859957
888.58,0.0005026533188549132
888.75,-0.005656204344642021
888.93,0.03161439757751837
889.1,0.0404411377818936
889.27,0.006579982077869867
889.44,0.06986151699942161
889.61,0.031366058303618743
889.78,0.0004840646651270611
889.95,0.01652955212458355
890.12,-0.0016152387322845901
890.3,0.0005091709065185961
890.47,0.02210175918006143
890.64,0.014911542638561
890.81,0.003920198569229126
890.98,0.00786882513174698
891.15,0.0434021147488495
891.32,0.04850412674537736
891.49,0.05221395839740016
891.66,0.032834812632527105
891.84,0.07037929944432388
892.01,0.011145868830239002
892.18,0.02387093936085554
892.35,-0.0027177379760390187
892.52,0.022965645276914914
892.69,0.016789697426308457
892.86,0.038131019672883355
893.03,0.026759970577013136
893.2,0.022410364448994902
893.37,0.02164741074892127
893.55,0.03378657573499033
893.72,0.009263520609858317
893.89,0.032607984356174236
894.06,0.007015094736924241
894.23,-0.013367143935570737
894.4,0.07962580448325483
894.57,-0.004030717270452455
894.74,0.0016596399108907717
894.91,0.05143630681026421
895.08,0.03900202900728944
895.25,0.013028504193715804
895.42,0.0150437252200321
895.59,0.007727098966140835
895.76,0.038697439381390614
895.94,-0.008075459945273693
896.11,0.04297087776330071
896.28,0.0017546493918788944
896.45,0.007839428972333268
896.62,0.05101824765476807
896.79,0.042833183360159566
896.96,0.03940242131160735
897.13,0.028607003345156146
897.3,0.03246928921557393
897.47,0.022082317374719985
897.64,0.009061836014362862
897.81,0.05923010291325759
897.98,0.05493860900401279
898.15,0.04117516879689677
898.32,0.024889895778208375
898.49,-0.014978132700321188
898.66,0.03700338538822763
898.83,0.05193828133798856
899.0,0.02769195306508744
899.17,0.04056513474527149
899.34,0.005476277541094158
899.51,0.029395202162405723
899.68,0.04556523346348456
899.85,0.010730249278954636
900.02,0.0434989925810961
900.19,0.008094378928518449
900.36,0.03260780996112759
900.53,0.021355193318868194
900.7,0.005997847916194242
900.87,-0.022752142761649587
901.04,0.049860092746952335
901.21,0.019149643341088696
901.38,0.07222753133061666
901.55,0.018661199270807775
901.72,0.04550829387824886
901.89,0.02441620770691534
902.06,0.033412362318024295
902.23,-0.0021307850814962074
902.4,-0.04946540344382468
902.57,-0.00492521801997193
902.74,-0.006166037329258503
