Wavelength [nm],#30-Rouge-BP.csv
400.08,0.02899670149768527
400.29,0.06504281981442235
400.5,0.06432259381519272
400.71,0.09227909780479233
400.92,0.07385411445438488
401.13,0.04714993236579601
401.34,0.0935189386196272
401.54,0.03355566640782097
401.75,0.06106826798247661
401.96,0.010103466894971668
402.17,0.06829270871328064
402.38,0.024149160969546356
402.59,0.0561438713450849
402.8,0.032310787675661194
403.01,0.05323365465315414
403.22,0.05806273942827361
403.43,0.026839414719284468
403.63,0.0477745425300499
403.84,0.012324759519741666
404.05,0.027314221537486912
404.26,0.06471299576986966
404.47,0.11500957474422459
404.68,0.03963571772383216
404.89,0.030470643897823158
405.1,0.006355943036842026
405.31,0.07277326349248991
405.52,0.02143375383247132
405.72,0.0491870884453151
405.93,0.05548376182442757
406.14,0.00817619495611947
406.35,0.04011775333244687
406.56,0.03296001381066447
406.77,-0.003174975950573298
406.98,0.05162241272041727
407.19,0.016871269287081925
407.39,0.07930951516037879
407.6,0.034899025826045885
407.81,0.05462738910968511
408.02,0.08345011777835523
408.23,0.009072840449929063
408.44,0.03226324305370734
408.65,0.028330764387903568
408.86,0.048791593847168
409.06,0.08295892916880163
409.27,0.03941434846266476
409.48,0.06412368252785275
409.69,0.023502594273060853
409.9,0.020812176215757653
410.11,0.03973759832806019
410.32,0.04632457086424891
410.52,0.0028686077439882872
410.73,0.01419650717605393
410.94,-0.012961382763180731
411.15,0.024525332708798184
411.36,0.039217635806127076
411.57,0.07841303292565979
411.78,0.0050155550803175205
411.98,0.0453968135764316
412.19,0.04467742920543153
412.4,0.032583925581543376
412.61,0.05567408504352941
412.82,0.035342212311806495
413.03,0.08180333961058758
413.23,0.038989336070897364
413.44,0.05290604479079914
413.65,0.03968268692048254
413.86,0.07858546946007842
414.07,0.006758660590509363
414.28,0.04204315031286676
414.48,0.044844890329112354
414.69,0.04530402851694253
414.9,0.05043155104637958
415.11,0.0148199175566108
415.32,0.01815246274764829
415.53,0.04493283312945939
415.73,-0.0016359807993594233
415.94,0.06657156964942122
416.15,0.041659548134564975
416.36,0.01725690898195924
416.57,0.04618847352594063
416.78,0.06237546982891367
416.98,0.06948069250732772
417.19,0.014537058115711118
417.4,0.06713184016192303
417.61,0.022401531215402264
417.82,0.08334936713636282
418.02,0.043853882296135384
418.23,0.018743543789079508
418.44,0.015403583065630869
418.65,0.03098333973409415
418.86,0.027055833727723622
419.07,0.00664075333237362
419.27,0.0050552498546056895
419.48,0.05335471481459488
419.69,0.02857202640636937
419.9,0.034521738242214
420.11,0.037771637867653265
420.31,0.03570432862030889
420.52,0.03962958761717183
420.73,0.04318501856220629
420.94,0.0014194538052815166
421.15,0.003162928511260389
421.35,0.014644244617788998
421.56,0.0192485674022335
421.77,0.029262729069740253
421.98,0.0437674785709878
422.19,0.039723661485319556
422.39,0.04803789585354639
422.6,0.040480612914892085
422.81,0.06936346402946947
423.02,0.05932461865820799
423.22,0.04656241218551839
423.43,0.022623493067329633
423.64,0.06771498972466188
423.85,0.030902834882828533
424.06,0.06619640586386433
424.26,0.018060646451182973
424.47,0.04971355151812587
424.68,0.054995260594659215
424.89,0.058267419594992216
425.09,0.008529012571628516
425.3,0.04373328561344909
425.51,0.0539168045959474
425.72,0.03226207496736499
425.93,0.02485546773185617
426.13,0.020854574103253348
426.34,-0.002215366386305661
426.55,0.04663983006974799
426.76,0.010102610078533652
426.96,0.024054443649058156
427.17,0.04599788963600866
427.38,-0.012128306583983893
427.59,0.023370391791444456
427.79,0.058349298796842704
428.0,0.05283433041166198
428.21,0.03673876931214733
428.42,0.004638708359129383
428.62,0.048358748212903944
428.83,0.028883162288831653
429.04,0.023009026642195445
429.25,0.030412084860602054
429.45,0.06250335955911271
429.66,0.012714464612471256
429.87,0.027365972637257947
430.08,0.013994093495642183
430.28,0.018368552366996676
430.49,0.03313797573503419
430.7,0.029520091072931163
430.91,0.020333866363785844
431.11,0.04308362171407168
431.32,0.037074838910250235
431.53,0.016856079117832642
431.74,0.02043366348180299
431.94,0.05344919311934743
432.15,0.04077021486350572
432.36,0.01824746092437837
432.56,0.029424145131603956
432.77,0.0316065072716598
432.98,0.0095165943383538
433.19,0.0066677803228281885
433.39,0.0003717820278865211
433.6,0.04006794855172745
433.81,0.017654555145795538
434.02,0.017804099941638802
434.22,0.011567518429765208
434.43,0.01159352315335207
434.64,0.03698862612521754
434.84,0.03918823799242337
435.05,0.022108787668203955
435.26,0.00552821465549138
435.47,0.01976244249717356
435.67,0.0358390050719839
435.88,0.011786448801406474
436.09,0.028366539220172248
436.29,0.03821723926851696
436.5,0.016289736709666176
436.71,0.008494237289941456
436.92,0.026894090843938862
437.12,0.010039203551527369
437.33,0.008173465072469367
437.54,0.030839003373968988
437.74,0.03790387002421072
437.95,0.02288032093644823
438.16,0.004298470088717199
438.36,0.009841214703846246
438.57,0.03719514741245277
438.78,0.03848236588816884
438.99,0.017775305429416677
439.19,0.031469757127016516
439.4,0.012442964696873898
439.61,0.013259519639423397
439.81,0.020403118419242246
440.02,0.01966556239886898
440.23,0.02249387949590052
440.43,0.02530217108951932
440.64,0.0345526275558517
440.85,0.023035005612724445
441.05,0.015117159803406771
441.26,0.011928683431093585
441.47,0.0196282303448177
441.67,0.012227048589699306
441.88,0.011776577568314494
442.09,0.020013862613720353
442.29,0.027680369041047596
442.5,0.029663648346469475
442.71,0.03815485872961106
442.91,0.04803700907587851
443.12,0.01496439506002961
443.33,0.01758334707218995
443.53,0.02912109404546567
443.74,0.029791076447283793
443.95,0.027463312856607896
444.15,0.02867759844258822
444.36,0.030060209651836988
444.57,0.01661230064223396
444.77,0.015070084554144934
444.98,0.022557629355800246
445.19,0.02500598201975778
445.39,0.03293453231837421
445.6,0.01292806760486594
445.81,0.020512831489968363
446.01,0.008359580257550991
446.22,0.006489872810977741
446.43,0.015148176592526694
446.63,0.025562418676348668
446.84,0.02491555423006855
447.05,0.013602543212971323
447.25,0.025005693463903463
447.46,0.014502094747019037
447.67,0.0145683256103562
447.87,0.015157190835903793
448.08,0.0095959797057289
448.28,0.004673980309423372
448.49,0.029601267088004205
448.7,0.0027041432347470677
448.9,0.038573280488631345
449.11,0.012102613832834662
449.32,0.024491333015518528
449.52,0.033731951185900895
449.73,0.03373071455992366
449.93,0.031900924099031336
450.14,0.030731795424426757
450.35,0.03477895543408936
450.55,0.039821092731787654
450.76,0.025842389222670938
450.97,0.012933292202965964
451.17,0.0020955528676501163
451.38,0.031189304641013042
451.58,0.021472970826494436
451.79,0.026563010817245932
452.0,0.02509420688746397
452.2,0.020685519342161982
452.41,0.02370979291943381
452.62,0.030853645367470747
452.82,0.014727751859948067
453.03,0.040031073862314644
453.23,0.010030687849291621
453.44,0.02185279856807471
453.65,0.013057913095335796
453.85,0.036007963821268085
454.06,0.011098694718612714
454.26,0.02362831876116929
454.47,0.017977439560872496
454.68,0.013139114698310264
454.88,0.011462153974873922
455.09,0.030123317881971933
455.29,0.008886689373429226
455.5,0.0239262886334514
455.71,0.024891541798713904
455.91,0.0013065083896095706
456.12,0.026039200833254447
456.32,0.017758673263625922
456.53,0.030205332011854158
456.73,0.040293906320131086
456.94,0.029724374656979954
457.15,0.0065864338839442815
457.35,-0.000806116623262798
457.56,0.04083913518006475
457.76,0.00989154567964405
457.97,0.017081762992144794
458.18,0.024263696017091427
458.38,0.018536609670640216
458.59,-0.0017578219493008833
458.79,0.01811360530241451
459.0,0.007373979731178775
459.2,0.015812845418794304
459.41,0.026675638694812098
459.62,0.011905407746652661
459.82,0.022920780573312274
460.03,0.0076309671613435616
460.23,0.005714266877854473
460.44,0.014667458535124175
460.64,0.025758980398052352
460.85,0.015823584290349496
461.06,0.004447687726037319
461.26,0.007111665214350337
461.47,0.015828261521385795
461.67,0.03251267235903817
461.88,0.013051386019269568
462.08,0.0036242189258562122
462.29,-0.0012166523887403218
462.49,0.018509615790104045
462.7,0.010246489088321698
462.91,0.02016226120604716
463.11,0.026896520245970418
463.32,0.02384412746050518
463.52,0.002903884490286774
463.73,0.001084121175395674
463.93,0.012865354970498243
464.14,0.02334343037281971
464.34,0.004363971078759875
464.55,0.032177424425764656
464.75,0.009315932171447433
464.96,-0.006042400025133016
465.16,0.01774506679843397
465.37,0.022022177785857133
465.58,0.01893191139572818
465.78,0.014988287199240561
465.99,0.01826890465478458
466.19,0.0059654500440369925
466.4,0.013520930422869478
466.6,0.018066927862350573
466.81,0.018342905417397307
467.01,0.01829707055540075
467.22,0.009746127218548074
467.42,0.005797785221781138
467.63,0.009769885281181268
467.83,0.012122937184133806
468.04,0.03049439843158746
468.24,0.02681664929647393
468.45,0.0001597652548377906
468.65,0.008106184179958545
468.86,0.019120963084257023
469.06,0.00533219936797136
469.27,0.019737338908578032
469.47,0.01868319767404629
469.68,0.0158687654692519
469.88,0.004712736973906929
470.09,0.009152585842194907
470.29,0.01823932626629201
470.5,0.0011534328672189729
470.7,0.003423678778719338
470.91,0.0024435955325850123
471.11,0.018016120876832943
471.32,0.009574704965486541
471.52,0.014963484200297762
471.73,0.017551430644513945
471.93,0.009535752599508535
472.14,0.008161386737053418
472.34,0.01371099663407954
472.55,0.00913136662888402
472.75,0.016429406065524513
472.96,0.010942939357184166
473.16,0.006881464109424875
473.37,0.007335969410412929
473.57,0.006934974911864717
473.78,0.00884384777849352
473.98,0.004337963789449914
474.19,0.015584841039386505
474.39,0.014534669916620667
474.6,0.007757008681308535
474.8,0.01191515385151017
475.01,0.005498060493901156
475.21,0.015270932545871729
475.42,0.012575181950296941
475.62,0.010145259231484693
475.83,0.004365005600438513
476.03,0.008987480551197137
476.24,0.013478166702763951
476.44,0.0037292437412574223
476.64,0.009070249713449025
476.85,0.009292372083812441
477.05,0.009645606266262033
477.26,0.014169271301065661
477.46,0.004392545424454468
477.67,0.01740927803733896
477.87,0.008237101036166239
478.08,0.007795330055846248
478.28,0.012512843832118554
478.49,0.015830983079052466
478.69,0.010052481469306764
478.9,0.011337048127136486
479.1,0.006951627094800247
479.3,0.007882126420667528
479.51,0.001059413223147549
479.71,0.00960350466510554
479.92,0.006383503362268213
480.12,0.004465394225922723
480.33,0.01363970125881843
480.53,0.009443356258552976
480.74,0.006281331606111086
480.94,0.009239498475310456
481.14,0.00997563810031235
481.35,0.004100641808339125
481.55,0.006897845812765557
481.76,0.015217615499183365
481.96,0.006383928675784792
482.17,0.0022367376670157733
482.37,0.00751601016169912
482.57,0.01396609411147633
482.78,0.010903831543461024
482.98,0.003575427383931123
483.19,0.012362583824877989
483.39,0.001515008946357604
483.6,0.007129218807950666
483.8,0.012022528835948516
484.0,0.0076218806055030125
484.21,0.01025022761966778
484.41,0.007736841762596519
484.62,0.012102786210987763
484.82,0.003001515063753416
485.02,0.018143755855212423
485.23,0.007345381269586833
485.43,0.012986538387206733
485.64,0.008141753535253241
485.84,0.012828638848025866
486.05,0.00783192034844424
486.25,0.005054199229816692
486.45,0.003741249050518965
486.66,0.007524670365131443
486.86,0.00452795879777137
487.07,0.008565380058490434
487.27,0.00856094688501676
487.47,0.0015700617557624006
487.68,0.008529222440457531
487.88,0.009626914972040573
488.09,0.006896364087757074
488.29,0.005470325835922281
488.49,0.002843205888166361
488.7,0.004797709304061599
488.9,0.013258077215456241
489.1,0.007527060634053023
489.31,0.006801276185231285
489.51,0.013887570583469065
489.72,0.0036190802029126955
489.92,0.008616471475676471
490.12,0.004674027990815818
490.33,0.008375198969244536
490.53,0.008133623362682547
490.74,0.009446196974696824
490.94,0.006894033116604204
491.14,0.005079956771074573
491.35,0.0045339305462711735
491.55,0.006175836210903078
491.75,0.010006143008016178
491.96,0.007193061227225076
492.16,0.006506792434233948
492.36,0.009209821295529871
492.57,0.005490131204830495
492.77,0.007752347336844569
492.98,0.00720739955711917
493.18,0.008300544673329116
493.38,0.005813552457273845
493.59,0.004338498380800957
493.79,0.0016969891995469318
493.99,-0.0024052390023885585
494.2,0.0008846711099917878
494.4,0.0065876800838464014
494.6,0.002356312110905403
494.81,0.007305234676546452
495.01,0.0016950662566520204
495.22,0.0051011216170596405
495.42,0.004239824622555366
495.62,0.013451230377463385
495.83,0.005646062156496871
496.03,0.008321538734489467
496.23,0.009641832089150138
496.44,0.005497389557426588
496.64,0.003195397639190146
496.84,0.0035581229377895274
497.05,0.009541853665846119
497.25,0.003669401800340684
497.45,0.0053415010047016195
497.66,0.0005419153253092488
497.86,0.007814732198801981
498.06,0.007289064822969785
498.27,0.002799742870742393
498.47,0.005938318115062901
498.67,0.005675333031506085
498.88,0.00510662445263627
499.08,0.007836103908194537
499.28,0.0042974339755569085
499.49,0.006995065659324094
499.69,0.00903478663356517
499.89,0.007123029184610981
500.1,0.003893211319287869
500.3,0.0121201252808444
500.5,0.002181546061639663
500.7,0.007364560469129951
500.91,0.0011025241273364998
501.11,0.005999762163903206
501.31,0.005584825059389369
501.52,0.007629354861241081
501.72,0.008703054769547077
501.92,0.0005199967021970863
502.13,0.0032726013539883937
502.33,0.004596707120561509
502.53,0.00874387629845215
502.74,0.00682850922422237
502.94,0.005548438985547007
503.14,0.008620927898215386
503.34,0.004322483496644736
503.55,0.01310517855421499
503.75,0.006319896036795032
503.95,0.00753304713228304
504.16,0.007385883597716494
504.36,0.005870098186274797
504.56,0.004257326910016234
504.76,0.004617615127663948
504.97,0.005118893185346921
505.17,0.005854812514343021
505.37,0.0036912295114868137
505.58,0.0046291761686913496
505.78,0.005465072844643238
505.98,0.005117416184860114
506.18,0.003355202569390994
506.39,0.002914687391966818
506.59,0.006985022806838451
506.79,0.004273381389325683
507.0,0.009176744985713808
507.2,0.0047263123370906825
507.4,0.0036229752193816184
507.6,0.004243624418950085
507.81,0.006290572600851455
508.01,0.002558174176041247
508.21,0.005471876410293496
508.41,0.006711173594096242
508.62,0.005290714465834565
508.82,0.0021294177000605557
509.02,0.010860360604794892
509.23,0.0023490810919043568
509.43,0.010648024310249686
509.63,0.0025208182276512457
509.83,0.00019877440271694522
510.04,0.0037231592007663803
510.24,0.0030418017672347313
510.44,0.010227185761784227
510.64,0.010757567863537192
510.85,0.0020563942577784206
511.05,0.006112157928761284
511.25,0.004689187383465781
511.45,0.005784231185453896
511.66,0.005681420181100268
511.86,0.00688285185141496
512.06,0.0041363398899844275
512.26,0.009762823098911116
512.46,0.005073705114076536
512.67,0.0024223057803716393
512.87,0.003322851561308517
513.07,0.010011475906560836
513.27,0.005136491747582137
513.48,0.007550490738512257
513.68,0.005489850477096858
513.88,0.0021061675891211593
514.08,0.009140630139534466
514.29,0.006992930886480172
514.49,0.005863528074721296
514.69,0.00577535440487564
514.89,0.0016840141861894698
515.09,0.007260375234772981
515.3,0.0008109839412557363
515.5,0.004743510288686116
515.7,0.004058156571026286
515.9,0.0025403358099859216
516.11,0.0043579271981767555
516.31,0.003754707790121103
516.51,0.0022607292183512264
516.71,0.0022585178229383653
516.91,-0.0011477037044097511
517.12,0.004234120545124239
517.32,0.0049788542287008165
517.52,0.004313937022031663
517.72,0.005035433982590291
517.92,0.003171546670953438
518.13,0.004235131621500094
518.33,0.007515361117710371
518.53,0.003874167453130819
518.73,0.007454511426378202
518.93,0.004645601919374912
519.14,0.006147673924522259
519.34,0.003403351343582301
519.54,0.0035931049372426157
519.74,-0.0001784396980884234
519.94,0.005073985297408598
520.15,0.003332512310085749
520.35,0.0036334731376737096
520.55,0.004718316385948304
520.75,0.005173796976071978
520.95,0.002118387978942362
521.16,0.002014793403822761
521.36,0.0015540483062118405
521.56,0.006830227545591397
521.76,0.005225318872263022
521.96,0.0016326812213251019
522.16,0.0036372251682926845
522.37,0.0033761365216985863
522.57,0.0022000210532219806
522.77,0.002860176893923027
522.97,0.006804075358051082
523.17,0.002471138080328804
523.37,0.005432534931480069
523.58,0.005833071077732565
523.78,0.0038100395316947385
523.98,0.006990629901513142
524.18,0.00524226976735318
524.38,0.00782948439836625
524.58,0.006804794819782848
524.79,0.00224527421264495
524.99,0.004253092190893257
525.19,0.0038904672308718736
525.39,0.0015586480558742245
525.59,0.005679028783686511
525.79,0.004302757599819628
526.0,0.00580359147244905
526.2,0.004038512608479059
526.4,0.005437847277530196
526.6,0.004024632279505828
526.8,0.004771566909923797
527.0,0.0029298040134900696
527.2,0.004523763455485551
527.41,0.005039690859244956
527.61,0.0015573061970567226
527.81,0.0028063931917412226
528.01,0.002488102155970195
528.21,0.0042905969337461965
528.41,0.005396736914638479
528.61,0.0030553534308550207
528.82,-0.0004884636827833774
529.02,0.001739770064632519
529.22,0.005456660365185181
529.42,0.0024588857347320196
529.62,0.005057793976064158
529.82,0.0038975511815473153
530.02,0.004271607572488437
530.22,0.006182543054347429
530.43,0.005365585225845215
530.63,0.004104704309690062
530.83,0.004596715763967001
531.03,0.0016293265134723486
531.23,0.004252690341125996
531.43,0.003350329422892454
531.63,0.0019903324494732733
531.83,0.0046327443211984995
532.03,0.008175427426277568
532.24,0.003827084550198228
532.44,0.0011189031597194905
532.64,0.006445018530451576
532.84,0.007035874622153471
533.04,0.0035488867251041154
533.24,0.002083938887038813
533.44,0.0032511407393533915
533.64,0.00625864630736018
533.84,0.0032773667474369377
534.04,0.006436209699989399
534.25,0.0022120359476247766
534.45,0.0057462301155886695
534.65,0.005174419207444102
534.85,0.00526319213578906
535.05,0.00652018013398736
535.25,0.001551795365134792
535.45,0.007647055838613596
535.65,0.0017607861127464574
535.85,0.0031555558465598014
536.05,0.001553294447561162
536.25,0.0031214651112552996
536.46,0.00712792109180357
536.66,0.0014209444556796272
536.86,0.004033730459137428
537.06,0.005841122847187698
537.26,0.00452810419817043
537.46,0.006309977294950975
537.66,0.003740715071770067
537.86,0.002406048745692553
538.06,-0.00016332265139144716
538.26,-0.0004795669803468915
538.46,0.004596715763967001
538.66,0.003927772984871163
538.86,0.0012200221356164253
539.07,0.002398088899347449
539.27,0.005220114505487613
539.47,0.007272975974916929
539.67,0.005576833361070051
539.87,0.0021781439274334803
540.07,0.005487061555635065
540.27,0.0033018711642691665
540.47,0.0023970656570365834
540.67,0.005108018509164596
540.87,0.007595133004964308
541.07,0.003313360340355763
541.27,0.003471198130544279
541.47,0.00273605475664337
541.67,0.004234441331975497
541.87,0.00636296005224917
542.07,0.004547984569131719
542.27,0.0027009491274839637
542.47,0.006334494893668383
542.67,0.007601323240063557
542.87,0.003736774353927596
543.08,4.998403181884677e-05
543.28,0.004534873046983778
543.48,0.0027942474725900653
543.68,0.009631465653271113
543.88,0.002674011859909123
544.08,0.006142403653225045
544.28,0.004531002657507703
544.48,0.005139851644237591
544.68,0.0013234213514777356
544.88,0.0034730544912131033
545.08,0.004562152028200572
545.28,0.007146312817381335
545.48,0.00577486235936096
545.68,0.007284029633965541
545.88,0.0033442770585804696
546.08,0.00633516967548589
546.28,0.003109936423379529
546.48,0.006681553270856049
546.68,0.007224630010509592
546.88,0.0032318307285258414
547.08,0.003683818223963697
547.28,0.008374673483258427
547.48,0.008264938739432987
547.68,0.003051423914296436
547.88,0.006594583789495055
548.08,0.0047786622391931995
548.28,0.005018380192970165
548.48,0.001112602139819427
548.68,0.0028870060533754045
548.88,0.006537059712071263
549.08,0.0070868838382308254
549.28,0.002799862879388273
549.48,0.003502833323482991
549.68,0.004752193110241035
549.88,0.00526154541912554
550.08,0.005659658775984334
550.28,0.004018943711114047
550.48,0.007364940686870666
550.68,0.006106206554726322
550.88,0.0035935706472439645
551.08,0.006941822650124103
551.28,0.0018154803621989893
551.48,0.0046662145009324545
551.68,0.005237521272414195
551.88,0.0038708056827306816
552.08,0.0023487108032801533
552.28,0.003670650245957022
552.48,0.004898818939288459
552.68,0.003434541260818071
552.88,0.004419392080347002
553.08,0.006330427133436039
553.28,0.005649680256893577
553.48,0.0032944065159689526
553.68,0.00491142355361982
553.88,0.005380939613064229
554.08,0.0006621890076624769
554.28,0.0038060352254397404
554.47,0.005767755549795658
554.67,0.004319257128235373
554.87,0.005137480747988512
555.07,0.003602207710145389
555.27,0.005261038934776578
555.47,0.0053986953788402415
555.67,0.0024166066990189542
555.87,0.003927049051211
556.07,0.0037156874278273843
556.27,0.005818414624953162
556.47,0.006894336220277667
556.67,0.004745122741806045
556.87,0.005692584210267918
557.07,0.0016712770651805394
557.27,0.007869515920815947
557.47,0.004340676369066683
557.67,0.0071526443900610005
557.87,0.004357600002066792
558.07,0.0052358856308987916
558.26,0.003489176924900231
558.46,0.007939641979105443
558.66,0.006691640971137119
558.86,0.008546716140056526
559.06,0.003270186527787895
559.26,0.0035759187384161633
559.46,0.004644581148227898
559.66,0.006494224115409718
559.86,0.0059226531737295845
560.06,0.004590979366560343
560.26,0.002277533934234799
560.46,0.0053986953788402415
560.66,0.006441817129691079
560.86,0.0031344368528663353
561.05,0.0032154592813571437
561.25,0.00501578806070137
561.45,0.0036473151637874414
561.65,0.0042831022490096805
561.85,0.003869169667656207
562.05,0.004334650593082444
562.25,0.0019193926024843283
562.45,0.005007825284681541
562.65,-0.00015070050915496342
562.85,0.0038882268544553067
563.05,0.0023267697624769277
563.24,0.0030472834354910174
563.44,0.00376818957428795
563.64,0.003312843901145169
563.84,0.005572192350134863
564.04,0.00541545746006713
564.24,0.00465377148894095
564.44,0.0055579334641124075
564.64,0.0062785610069238315
564.84,0.002219715207021226
565.03,0.004485902640192003
565.23,0.00688701893077722
565.43,0.005254397310201028
565.63,0.006891059631883545
565.83,0.0047261866756106745
566.03,0.005386355102646726
566.23,0.0041469845588310225
566.43,0.005804635211697329
566.63,0.004370433766346709
566.82,0.007508610054169792
567.02,0.006120379841629756
567.22,0.006456428067459585
567.42,0.005255210482749411
567.62,0.003772287626188405
567.82,0.004205615444926974
568.02,0.007775394634904717
568.22,0.003796598112461378
568.41,0.004138498622661955
568.61,0.00569036901106603
568.81,0.0020794424349089963
569.01,0.005695912223732493
569.21,0.009879689987630495
569.41,0.005100993517013865
569.61,0.0033442948591107208
569.8,0.0061739604775555845
570.0,0.005990448809378038
570.2,0.007081242041186657
570.4,0.004413622910197913
570.6,0.0077476427955478705
570.8,0.002086515044476087
571.0,0.006074915917664903
571.19,0.007153785981533742
571.39,0.005821981395142845
571.59,0.00177651109826442
571.79,0.0035997239647208427
571.99,0.0060707835110430835
572.19,0.004273009462972267
572.38,0.006414611108777632
572.58,0.005768244290000879
572.78,0.007438805231928598
572.98,0.004889925276254121
573.18,0.007013250577417455
573.38,0.007066258847526917
573.57,0.005672856037510233
573.77,0.008276761062623329
573.97,0.00995540573513049
574.17,0.005783691785065893
574.37,0.009481632648820073
574.57,0.006837734493271534
574.76,0.008074390003129718
574.96,0.0067967684477239975
575.16,0.007840609274195621
575.36,0.010796403523825675
575.56,0.009948705284867077
575.75,0.011589454131161974
575.95,0.00918819824088435
576.15,0.008729900801675688
576.35,0.006785558546960149
576.55,0.007753647028133805
576.74,0.009318333681104329
576.94,0.011332373643163815
577.14,0.007868286929075602
577.34,0.012497908644146431
577.54,0.008443948080448049
577.74,0.00915332666888057
577.93,0.010775715747460815
578.13,0.012720934230868359
578.33,0.01298069806110623
578.53,0.0100006115445419
578.72,0.010986371695290391
578.92,0.007369042151267997
579.12,0.015258255954464436
579.32,0.012546439747142927
579.52,0.011655632494453248
579.71,0.011935464113025061
579.91,0.01196049446722977
580.11,0.014507982350966056
580.31,0.012714186063200558
580.51,0.014365820551796367
580.7,0.01418948070454081
580.9,0.01275807224752578
581.1,0.01854096469471004
581.3,0.014131407193716517
581.49,0.013841252178046643
581.69,0.011013533844476711
581.89,0.0188441065611028
582.09,0.017556063478043834
582.29,0.019775481907028446
582.48,0.01792288121723017
582.68,0.014200125669635511
582.88,0.017454863539746807
583.08,0.01610564851446733
583.27,0.014428252816398559
583.47,0.018233720663163356
583.67,0.019326230090521736
583.87,0.015078379791570834
584.06,0.01960150318213688
584.26,0.016944833211694505
584.46,0.0222549893119282
584.66,0.020508509386022028
584.85,0.02406292561372935
585.05,0.0236319467475644
585.25,0.02217374102066197
585.45,0.01947322972111019
585.64,0.022151780502443395
585.84,0.024139669413932748
586.04,0.021831865510474578
586.24,0.02476908787647764
586.43,0.023136505826935275
586.63,0.02568639391683928
586.83,0.024490416127172676
587.03,0.027253599897296633
587.22,0.02135913228211211
587.42,0.029545499719203047
587.62,0.02476908787647764
587.82,0.02901073896067417
588.01,0.027495665593671052
588.21,0.028410467345041882
588.41,0.027968435943839392
588.6,0.03137565478394973
588.8,0.03134932852513672
589.0,0.0264174067596782
589.2,0.032531734622909744
589.39,0.032851732211558765
589.59,0.030511918225005423
589.79,0.0354696680592097
589.98,0.028841293346440925
590.18,0.037960133496772
590.38,0.03589724256821488
590.58,0.03568611521038262
590.77,0.0386843926135066
590.97,0.03890051986623318
591.17,0.03636864843639845
591.36,0.03738537911474903
591.56,0.03913411599121801
591.76,0.0425019778939097
591.96,0.03662392286244705
592.15,0.04336656635339811
592.35,0.04267775174423073
592.55,0.04415401343183121
592.74,0.04455118342188115
592.94,0.043915864709395236
593.14,0.041979165102297246
593.33,0.046708463639700465
593.53,0.04874936785286277
593.73,0.04964285464172247
593.92,0.049866248378830975
594.12,0.05211033634880825
594.32,0.05280293091071119
594.51,0.05190538612114234
594.71,0.05385604909799081
594.91,0.049958033182987006
595.11,0.05305266198407805
595.3,0.05310511971151831
595.5,0.054897517226866935
595.7,0.058101730994898175
595.89,0.0573479834300834
596.09,0.06154238413539345
596.29,0.058070320351644694
596.48,0.06297025709919832
596.68,0.06585513354803636
596.88,0.06620998818020471
597.07,0.06533586859271906
597.27,0.07031620050481704
597.47,0.07005024386321763
597.66,0.07010338545502989
597.86,0.06701617818023212
598.06,0.07446410811649609
598.25,0.07083570034639297
598.45,0.07976922535049043
598.64,0.08021193486634362
598.84,0.08159148155485597
599.04,0.07668565092820886
599.23,0.08129950535515712
599.43,0.08162734081581445
599.63,0.0862849476398446
599.82,0.08573028885431011
600.02,0.08651759935907664
600.22,0.09400752156457103
600.41,0.09481341322684765
600.61,0.0983574649270808
600.81,0.1030095986179415
601.0,0.10101938416516905
601.2,0.10072132551790937
601.39,0.1018072618434369
601.59,0.1030005246612351
601.79,0.10471039169579073
601.98,0.10919113440109154
602.18,0.11104781407599613
602.38,0.11581482006891244
602.57,0.12055785620421143
602.77,0.12319047903221682
602.96,0.12791063546002343
603.16,0.12045778463125853
603.36,0.12792692870312447
603.55,0.13079661132128276
603.75,0.13506372902275593
603.95,0.1362587110396359
604.14,0.1377048976846721
604.34,0.14551575418163448
604.53,0.15324618446675486
604.73,0.14721473175683608
604.93,0.16049387667119505
605.12,0.15902129127755874
605.32,0.1717686259267817
605.51,0.1720662284571545
605.71,0.18006555048151465
605.91,0.17916316631968052
606.1,0.18787610952617115
606.3,0.18999283830457636
606.49,0.1950224294467183
606.69,0.1979965358893448
606.89,0.20382506584057528
607.08,0.2183178371046508
607.28,0.2153764257530296
607.47,0.22969461498116817
607.67,0.23238762303057975
607.87,0.2401134496505375
608.06,0.24822881259596433
608.26,0.2496923237838847
608.45,0.2586084535649135
608.65,0.27050436658552246
608.84,0.27083237251729225
609.04,0.2855634157792241
609.24,0.28808103419329567
609.43,0.2873678575992321
609.63,0.29682380701784167
609.82,0.3097398488463142
610.02,0.31029437771800994
610.21,0.31984945741497184
610.41,0.3351541838481677
610.61,0.33828396937966004
610.8,0.3499611652747348
611.0,0.360430323086538
611.19,0.36221311896453545
611.39,0.3592879445507685
611.58,0.37173935365554117
611.78,0.3868062964163271
611.98,0.38644223966406105
612.17,0.394595908961914
612.37,0.40452670802930935
612.56,0.41371583640240356
612.76,0.4130739435840761
612.95,0.4308065649757025
613.15,0.4284961483774395
613.34,0.42693539028107663
613.54,0.42074504953443953
613.73,0.42336027465846504
613.93,0.4209417493487176
614.13,0.41334319998220104
614.32,0.41829133499204463
614.52,0.41805514039283576
614.71,0.41556253939121046
614.91,0.412978291239658
615.1,0.40959204690318884
615.3,0.40117935418181194
615.49,0.387466830746847
615.69,0.3788851875451212
615.88,0.3781630085278904
616.08,0.3789177952126939
616.27,0.3616691938430368
616.47,0.34944624121929774
616.66,0.34936075906908687
616.86,0.3405122184262473
617.06,0.33068328070243863
617.25,0.32233097790707654
617.45,0.30746130230209906
617.64,0.29512138672282007
617.84,0.29926659514737547
618.03,0.2817007577315425
618.23,0.2731276637433319
618.42,0.25925752980973776
618.62,0.25517796770240175
618.81,0.24415056937071872
619.01,0.24847083740736461
619.2,0.23186608011779286
619.4,0.22927327138577758
619.59,0.22073434434094205
619.79,0.20512327797322777
619.98,0.1993256209464612
620.18,0.20049949401942302
620.37,0.18982147178049313
620.57,0.17970951849581215
620.76,0.17078390736245416
620.96,0.17246907028851405
621.15,0.16465528858230935
621.35,0.15639065044799566
621.54,0.15019148071734836
621.74,0.1445748410629683
621.93,0.14165245254020856
622.13,0.14192995203925024
622.32,0.13740856797165482
622.51,0.13014031035464196
622.71,0.1242155922883907
622.9,0.12357832453860461
623.1,0.11960157069176147
623.29,0.11103530636069113
623.49,0.10912774829794696
623.68,0.11034241289579129
623.88,0.10410274512749258
624.07,0.08974933709068139
624.27,0.09610948600457056
624.46,0.09496431623362017
624.66,0.0954999350720041
624.85,0.09111787553298142
625.05,0.08668496081190351
625.24,0.08343189959050633
625.43,0.08499501199043694
625.63,0.0814693754928837
625.82,0.07325557888978504
626.02,0.07313378219038426
626.21,0.07480306256600293
626.41,0.07065654013530534
626.6,0.07089783648984005
626.8,0.06288163059916511
626.99,0.06533829394941101
627.19,0.05976759831311879
627.38,0.06054122310638748
627.57,0.05874055558483937
627.77,0.06322075067865618
627.96,0.056809610745515306
628.16,0.05732524490892823
628.35,0.057997771501190856
628.55,0.05910990864305748
628.74,0.0516053780799757
628.93,0.05671639360536434
629.13,0.053967006657418624
629.32,0.05204273490728994
629.52,0.04552475148546789
629.71,0.05098725829342546
629.91,0.04876035735277556
630.1,0.046911610057030345
630.29,0.04546204318310361
630.49,0.04701081223918016
630.68,0.043831670601542826
630.88,0.04310823581367338
631.07,0.04176899342834504
631.27,0.043143645263841617
631.46,0.041585732918473325
631.65,0.03999063264991126
631.85,0.039025165708524774
632.04,0.040319034005943666
632.24,0.036951600739683475
632.43,0.03714480787021809
632.62,0.03499784543239335
632.82,0.03701201448450318
633.01,0.036914004074016044
633.21,0.036263376925674606
633.4,0.035110606795116246
633.59,0.03495457164721504
633.79,0.03191571012055598
633.98,0.030586811142581053
634.18,0.03384424314519548
634.37,0.033098965348499515
634.56,0.033604633967716686
634.76,0.03185588080481409
634.95,0.032928934059794565
635.14,0.028880144110072455
635.34,0.028541043578512705
635.53,0.030651764101130793
635.73,0.030218627448756714
635.92,0.030218877599314853
636.11,0.029037967493112066
636.31,0.027981137154396332
636.5,0.02465116915927461
636.7,0.02704139017073594
636.89,0.024533803712207616
637.08,0.026938173913348903
637.28,0.023745156305717347
637.47,0.02562709699059503
637.66,0.02553035294664559
637.86,0.022613576138251136
638.05,0.02558623081431502
638.24,0.024779956364699585
638.44,0.023047549994286733
638.63,0.02506962009758147
638.83,0.02610795709850739
639.02,0.025343183162259593
639.21,0.019870960912278145
639.41,0.025200768068964607
639.6,0.02147911201310746
639.79,0.019272298838128272
639.99,0.020801227343793433
640.18,0.02300518781732822
640.37,0.02179096866097799
640.57,0.02043718406172781
640.76,0.02148279275325425
640.95,0.021068750677337305
641.15,0.021689056358129916
641.34,0.019022014728563352
641.53,0.02004380197478427
641.73,0.022781999598284832
641.92,0.021223520680182528
642.11,0.021344336156368146
642.31,0.01906879019377093
642.5,0.023182763890682606
642.69,0.020152591979457988
642.89,0.02090542197981404
643.08,0.020501267449516802
643.27,0.018081514449317528
643.47,0.018448979486884447
643.66,0.01962483910658213
643.85,0.019073482315689602
644.05,0.018079248165912165
644.24,0.01719446786968301
644.43,0.017783899812444513
644.63,0.016299528934908
644.82,0.02044835449450592
645.01,0.016077227319783755
645.2,0.013952600075935635
645.4,0.01986378093750767
645.59,0.02094341639418641
645.78,0.019248497765696076
645.98,0.016769551873457016
646.17,0.016095725929755552
646.36,0.014762476078781605
646.56,0.01959969937232361
646.75,0.015636147661855917
646.94,0.0196491423670381
647.13,0.018720806999098075
647.33,0.01813171831594326
647.52,0.020550136016291368
647.71,0.018309254804558032
647.91,0.015247088727018234
648.1,0.019266717441281646
648.29,0.018733302224316767
648.49,0.01825182296009087
648.68,0.01714979003771864
648.87,0.017440041387346145
649.06,0.020994112186452727
649.26,0.015801239999399842
649.45,0.0185513629830121
649.64,0.016079314616088653
649.83,0.01632558974137218
650.03,0.02005680843875266
650.22,0.017339451893249935
650.41,0.014097861531162681
650.61,0.014483300342900393
650.8,0.019048099267917052
650.99,0.018206407990169225
651.18,0.019476973280704676
651.38,0.015130984719777803
651.57,0.014047670939747582
651.76,0.016831395989843154
651.95,0.0153978868860963
652.15,0.014219350594839517
652.34,0.01601865420991632
652.53,0.013224735086655661
652.72,0.017362861562640615
652.92,0.013814312763474005
653.11,0.015739079549338404
653.3,0.015733987933524533
653.49,0.011400962138704226
653.69,0.012941216199391403
653.88,0.01679654664490547
654.07,0.01586275472902313
654.26,0.019542074240067334
654.46,0.0148974525711167
654.65,0.016843936428046827
654.84,0.014313591907111359
655.03,0.01811035650819779
655.23,0.019192357734665117
655.42,0.016672687805706677
655.61,0.013244537691406683
655.8,0.012764461372754957
655.99,0.013612856844692845
656.19,0.014413865959999288
656.38,0.01873279534172841
656.57,0.012619636569431473
656.76,0.014004775365438966
656.96,0.012182596709487967
657.15,0.01692544085495484
657.34,0.015152415755849483
657.53,0.014784998192112276
657.72,0.013284907874562076
657.92,0.01952985410872707
658.11,0.017963663423705846
658.3,0.017984124203914084
658.49,0.016773092357740244
658.68,0.01414312627317238
658.88,0.014208491497108563
659.07,0.014646337214192172
659.26,0.0175327146346513
659.45,0.016292621205187093
659.64,0.014036227758226435
659.84,0.015928689303290985
660.03,0.013557749742841938
660.22,0.013964383717162618
660.41,0.013409901860024307
660.6,0.01521621344734316
660.8,0.016943147838959345
660.99,0.014649803626738775
661.18,0.016231809074291465
661.37,0.019007161216854897
661.56,0.013378253031958024
661.76,0.0127706739610426
661.95,0.012347693627843319
662.14,0.011752848070537279
662.33,0.013888158625509297
662.52,0.016556276352274076
662.71,0.013492416541361017
662.91,0.014142568209250818
663.1,0.008526137751463868
663.29,0.012210627507269806
663.48,0.014247520356224752
663.67,0.01622709074058648
663.86,0.015074082147657418
664.06,0.020300093207743987
664.25,0.015136018402333218
664.44,0.01477457392991093
664.63,0.013230508999148712
664.82,0.016408248863053924
665.01,0.015127381011131076
665.21,0.013220900745793492
665.4,0.013943882973760917
665.59,0.015380290411027153
665.78,0.014387469873728482
665.97,0.012002897871192802
666.16,0.012479311474513763
666.35,0.01817176178359602
666.55,0.01605530757891422
666.74,0.011974098481579187
666.93,0.013271315561800568
667.12,0.01262309862699283
667.31,0.014306105591589183
667.5,0.014492815522784572
667.69,0.01782172871940804
667.89,0.018082435086361103
668.08,0.010660478578016995
668.27,0.012796978204104591
668.46,0.012388659963857239
668.65,0.013133182440474147
668.84,0.01350327551508107
669.03,0.014212342960733145
669.22,0.014130585634231647
669.42,0.01806740362858231
669.61,0.012254635072497818
669.8,0.014015136043295
669.99,0.012822168888483643
670.18,0.014136560562486232
670.37,0.012766947810682995
670.56,0.01247272728583463
670.75,0.012917560177963222
670.94,0.01038949052754487
671.14,0.010310537352844179
671.33,0.012384615632396352
671.52,0.011877672100720433
671.71,0.009381944784309582
671.9,0.011360249087999364
672.09,0.012655428971737099
672.28,0.009748206063010271
672.47,0.011721953833657163
672.66,0.013460341832137629
672.85,0.01575350378654128
673.05,0.014558997613835596
673.24,0.013469385549136076
673.43,0.009926800926592365
673.62,0.008794196560799016
673.81,0.014562939579555541
674.0,0.015147875240097454
674.19,0.010352227198808047
674.38,0.011154798204975006
674.57,0.010227437114984618
674.76,0.015380176231566456
674.95,0.013313211923155448
675.15,0.012067225925951497
675.34,0.010140324667871643
675.53,0.009603329414714689
675.72,0.009589824618327442
675.91,0.011243351134421221
676.1,0.008933354884287724
676.29,0.011995298760698256
676.48,0.010282097826259018
676.67,0.011661137736860566
676.86,0.007685958510502532
677.05,0.012210547726651543
677.24,0.009190230341394172
677.43,0.011382197433688943
677.62,0.009515183244176424
677.81,0.01038159381718089
678.0,0.011993331140231305
678.2,0.01125497834841431
678.39,0.009067550384192881
678.58,0.00860752469400723
678.77,0.005846827537068276
678.96,0.008299850235615545
679.15,0.009364675933835638
679.34,0.011831708950501141
679.53,0.011968511271558683
679.72,0.008892125961242187
679.91,0.011648444744303845
680.1,0.01050612860575372
680.29,0.0123991053739163
680.48,0.010899760934611475
680.67,0.009258710480406739
680.86,0.007580947847341106
681.05,0.008747304106273253
681.24,0.010320946772145368
681.43,0.012068276514912655
681.62,0.00881237978244541
681.81,0.007144693641618501
682.0,0.008303670384357765
682.19,0.012563120946837269
682.38,0.007288765865464216
682.57,0.010053273407706117
682.76,0.0059986043234972995
682.95,0.010242266961932624
683.14,0.007715249421719644
683.33,0.006877895488295597
683.52,0.007714450201496838
683.71,0.007399082348446174
683.9,0.00947097572024566
684.09,0.005949773008198649
684.28,0.011871564910484831
684.47,0.012892598687826086
684.66,0.008094818031031455
684.85,0.0075825833350967285
685.04,0.007782567360696648
685.23,0.004983433550582687
685.42,0.010345989988861968
685.61,0.004987022638307074
685.8,0.008741291930413618
685.99,0.008276983930445316
686.18,0.007783749505254648
686.37,0.009811653463293631
686.56,0.005039389513956028
686.75,0.006964494068929287
686.94,0.009486688486259307
687.13,0.0076620652824394295
687.32,0.008680026288827738
687.51,0.008438703802577033
687.7,0.00738379415309342
687.89,0.011998916019549031
688.08,0.008138082158257443
688.27,0.006174035888054012
688.46,0.0061191354834192364
688.65,0.009228410464456563
688.84,0.0070530453591083715
689.03,0.005566960184804611
689.22,0.006352086068403361
689.41,0.005126804226084651
689.6,0.010193958290844109
689.79,0.005719081064565608
689.98,0.008757077983965918
690.17,0.011263850532786718
690.36,0.00704706343119799
690.55,0.006034692779105017
690.74,0.0045994133607154195
690.93,0.008333400183896352
691.12,0.006955221227880029
691.31,0.010195232091371437
691.49,0.004125391854366536
691.68,0.004924639934068761
691.87,0.008577822025626094
692.06,0.0066292144540544195
692.25,0.00808836594006186
692.44,0.00835003554613874
692.63,0.010883416765531414
692.82,0.009547939188689012
693.01,0.005798504143104725
693.2,0.007129648458955207
693.39,0.00698697231583526
693.58,0.008531490500246167
693.77,0.007645876778690068
693.96,0.008046426203253474
694.15,0.00520778702941815
694.33,0.0070485579616969525
694.52,0.0055253482931041115
694.71,0.008690753972502243
694.9,0.006825250758823222
695.09,0.004426207417093557
695.28,0.008614405707664712
695.47,0.006011966737572031
695.66,0.00676758702275636
695.85,0.008248432268517385
696.04,0.0059471743629393985
696.23,0.0069988338433138435
696.42,0.009116175779619044
696.6,0.00848452392646367
696.79,0.00918297533901831
696.98,0.004937721416807673
697.17,0.004849502754291993
697.36,0.0059653931957507015
697.55,0.007487800934799837
697.74,0.0016308722872671042
697.93,0.011432535717825262
698.12,0.0046476032250559116
698.31,0.003605464186561949
698.49,0.00755871614812482
698.68,0.007815739868963095
698.87,0.006276334086382071
699.06,0.0059147404414288856
699.25,0.006865600403899411
699.44,0.007315959181651639
699.63,0.006939499781434606
699.82,0.00894048244367208
700.0,0.0047346685477359235
700.19,0.006763537882939041
700.38,0.00273048202782925
700.57,0.0036506874709426114
700.76,0.005028552478291285
700.95,0.004845694629913654
701.14,0.008418523801277968
701.33,0.007572231830348763
701.51,0.0063753373477106285
701.7,0.008972487250799802
701.89,0.006498542318744995
702.08,0.006172751265207315
702.27,0.005264907894392399
702.46,0.009050852098428654
702.65,0.0036490954517878257
702.83,0.004643962239438402
703.02,0.003948182586018711
703.21,0.00898499934741826
703.4,0.003673525625259332
703.59,0.007737737654712299
703.78,0.008859803188478049
703.97,0.008177578980198852
704.15,0.009299443015517557
704.34,0.00873692790228201
704.53,0.00932202077814639
704.72,0.009774567575692679
704.91,0.009223707813308524
705.1,0.007413939296448908
705.28,0.00968966670619489
705.47,0.004204748239961979
705.66,0.0042795868708117015
705.85,0.005894437815762837
706.04,0.0035347138473596756
706.23,0.003194537441875769
706.41,0.008499190619906397
706.6,0.003964828381754154
706.79,0.004068872662625489
706.98,0.008158903215329525
707.17,0.0076062726911817645
707.35,0.006281085180573566
707.54,0.0043477818994867665
707.73,0.007953439636312119
707.92,0.003963499310477333
708.11,0.007547140528581649
708.3,0.005348565730995131
708.48,0.005358025447340455
708.67,0.0037192432968683655
708.86,0.008312292772096753
709.05,0.005383615032571375
709.24,0.0034973966401167307
709.42,0.008258548453302287
709.61,0.008164856140631407
709.8,0.0073388279559344705
709.99,0.007771289966533521
710.18,0.0049185825984104465
710.36,0.006115583375733816
710.55,0.008303147803629233
710.74,0.006395304852738273
710.93,0.005167792241871402
711.12,0.0067926333606342475
711.3,0.004434734075594579
711.49,0.008483393193370804
711.68,0.0053923301183109226
711.87,0.006542479440928279
712.05,0.004539437345395467
712.24,0.00593131675882633
712.43,0.0017268009055968708
712.62,0.0063276827960304805
712.81,0.009361654171258619
712.99,0.00994117749296398
713.18,0.008947207171218339
713.37,0.007921939790304252
713.56,0.006240805829230739
713.74,0.006692007507563763
713.93,0.008274147116997475
714.12,0.008217824451176069
714.31,0.005934671017755196
714.49,0.006588114014741513
714.68,0.005829479673412257
714.87,0.007494012324914291
715.06,0.007986975790647898
715.24,0.011113542445206688
715.43,0.004263461595957788
715.62,0.005790133263301954
715.81,0.006851121075867684
715.99,0.007216352758388989
716.18,0.006195211976237032
716.37,0.004805209582410662
716.56,0.0025910980208192096
716.74,0.007123405528903173
716.93,0.005158194218967289
717.12,0.004919937978862647
717.31,0.004118588277748476
717.49,0.0026182695447094615
717.68,0.004420216030567483
717.87,0.0080829793686191
718.06,0.003304662308604109
718.24,0.004741533532726953
718.43,0.006479926347092274
718.62,0.006999520325619739
718.8,0.0055155636748963986
718.99,0.008354454144372482
719.18,0.005153384069753414
719.37,0.007444315742839386
719.55,0.006616736855880774
719.74,0.00572913987221999
719.93,0.008039494116643604
720.11,0.003663520101787998
720.3,0.0063313486731001
720.49,0.007560840012068093
720.68,0.005174239352562869
720.86,0.0043880586292066705
721.05,0.00451621212473107
721.24,0.006787838013708852
721.42,0.008770095541442303
721.61,0.0047957427894501576
721.8,0.005316623985563072
721.98,0.010483302988345348
722.17,0.004331320308186556
722.36,0.0067479371336079345
722.55,0.007856680942393557
722.73,0.010431452223566954
722.92,0.004513562844873977
723.11,0.006298122271338201
723.29,0.008075254255360528
723.48,0.004638176682656346
723.67,0.008278199036026964
723.85,0.00890443895401861
724.04,0.0041846850918574015
724.23,0.007448597323361112
724.41,0.004046097244609955
724.6,0.00522949867767695
724.79,0.008392653617306463
724.97,0.005902867063053138
725.16,0.005129082859862271
725.35,0.010759687765629113
725.53,0.007926951420343773
725.72,0.004112716271196184
725.91,0.006902331070074559
726.09,0.006550059596068647
726.28,0.0025150556419048713
726.47,0.005479132716622523
726.65,0.0037330879569463203
726.84,0.006560156504727752
727.03,0.00944988354857293
727.21,0.0073300725666632
727.4,0.0055456287100457925
727.59,0.0043038075875099354
727.77,0.005405868666644225
727.96,0.005718499671780521
728.15,0.0060959150321727665
728.33,0.011414127196898695
728.52,0.009351526191716766
728.7,0.006299663950416291
728.89,0.0067495792728697246
729.08,0.007077326111156151
729.26,0.0022881745268915144
729.45,0.007378132292281683
729.64,0.010449869949559569
729.82,0.005949169023208391
730.01,0.0057375625818010196
730.2,0.011649723719752082
730.38,0.008636970419281919
730.57,0.002532165983013002
730.75,0.008910852810141211
730.94,0.00775424070849526
731.13,0.003617014178786982
731.31,0.005403139559520802
731.5,0.004493741982377755
731.68,0.0071012516641040324
731.87,0.0033891966650562775
732.06,0.007790914412989797
732.24,0.008186490603819468
732.43,0.009032730863353412
732.62,0.004126751194892653
732.8,0.010299161797653692
732.99,0.010293956567129791
733.17,0.003913354605548551
733.36,0.009042340826692703
733.55,0.0056342926783101
733.73,0.005633562513897447
733.92,0.011045735566772278
734.1,0.009705121175917937
734.29,0.009389332814500476
734.48,0.006942086698326759
734.66,0.005090780875588335
734.85,0.007418820847913493
735.03,0.0014621458285286756
735.22,0.006767449251089677
735.4,0.008912884663220523
735.59,0.00871637373209618
735.78,0.005371024670685273
735.96,0.01127911094866878
736.15,0.007460470521388447
736.33,0.00837237373588742
736.52,0.003916372434027091
736.7,0.008904887428999055
736.89,0.008594152218671625
737.08,0.00408851454065313
737.26,0.011127121547325217
737.45,0.0017068447436702089
737.63,0.007885694718399882
737.82,0.007159913399452229
738.0,0.007022315989574948
738.19,0.008430397596986267
738.38,0.005721801602861995
738.56,0.007618195382082478
738.75,0.009922258151247944
738.93,0.010343140582536095
739.12,0.013153360753848117
739.3,0.00846693370206201
739.49,0.009094970412080763
739.67,0.007088410817873387
739.86,0.00600242832200291
740.04,0.010017883186741471
740.23,0.009912697942715345
740.42,0.011449394571408573
740.6,0.007014025692142551
740.79,0.0034888070403832194
740.97,0.009482694917224697
741.16,0.007467297574590931
741.34,0.008630141405659025
741.53,0.008352358229455882
741.71,0.008671173926263822
741.9,0.004705666293964938
742.08,0.00613525551158146
742.27,0.007339679880804729
742.45,0.009775996852535853
742.64,0.011369749001763834
742.82,0.00876745431732188
743.01,0.006920527351051965
743.19,0.012764983319799557
743.38,0.009371691466149848
743.57,0.010574780796767134
743.75,0.0066513090121658545
743.94,0.01128079451163706
744.12,0.011219855233673175
744.31,0.010354052273885517
744.49,0.006009731936615609
744.68,0.008546613170160136
744.86,0.009154261780554434
745.05,0.0042838557541696526
745.23,0.008040076231101128
745.42,0.006004751132008633
745.6,0.009593204775485751
745.79,0.008768541701693883
745.97,0.008244796548083045
746.16,0.006218471924829077
746.34,0.007359635924529204
746.52,0.011501334875791172
746.71,0.011496638837714934
746.89,0.004230074928903686
747.08,0.009071509255845628
747.26,0.006037274738713649
747.45,0.0031992523800721687
747.63,0.006541915700151545
747.82,0.009477679529456991
748.0,0.0067242028887874285
748.19,0.005991591372149026
748.37,0.008297943917027713
748.56,0.006004297138207666
748.74,0.007232688984264396
748.93,0.0073850473780722025
749.11,0.008681798299202747
749.3,0.006580954811524088
749.48,0.005621503210348121
749.67,0.01018185284201756
749.85,0.00971162324472908
750.03,0.008059866546804887
750.22,0.010676156583629899
750.4,0.010603193300982068
750.59,0.0049143010108085965
750.77,0.009849889444240627
750.96,0.009444297194743911
751.14,0.0035416925885800644
751.33,0.014217341835735286
751.51,0.008389621127703407
751.69,0.007318412763487119
751.88,0.00556628564023215
752.06,0.008089165993924606
752.25,0.005887176149061569
752.43,0.009494366576947919
752.62,0.006240746838795072
752.8,0.0106239872092404
752.99,0.009187448419857807
753.17,0.008426283337666816
753.35,0.011068642889738259
753.54,0.009442913915798275
753.72,0.0036096064451876307
753.91,0.006931377803817172
754.09,0.006611374901802665
754.28,0.008675936299252824
754.46,0.00852249844640567
754.64,0.006881086997627126
754.83,0.008453550972896472
755.01,0.008910252368225765
755.2,0.009494814916056369
755.38,0.004689169032511185
755.56,0.009787455595226563
755.75,0.008637780354821014
755.93,0.0067751498159759815
756.12,0.008445594266098361
756.3,0.0061056647392570265
756.48,0.0077654352623041335
756.67,0.008155020240800096
756.85,0.00433452808954922
757.04,0.00914502626658696
757.22,0.008389905961913833
757.4,0.010091948121365095
757.59,0.010044638478761001
757.77,0.0033504438538243335
757.96,0.011150326008812012
758.14,0.009320819880356603
758.32,0.004093611818350223
758.51,0.014647284263286984
758.69,0.009589607641647848
758.87,0.011353094294882526
759.06,0.010716780781820598
759.24,0.004423421162786934
759.43,0.006502769133928623
759.61,0.014192741618291945
759.79,0.010222455546784377
759.98,0.005689320137746757
760.16,0.010686153809879098
760.34,0.009916648448208911
760.53,0.013974482649741254
760.71,0.011930972206710735
760.9,0.00924085167054474
761.08,0.007528374569457991
761.26,0.010411390497289123
761.45,0.0011830032562492195
761.63,0.009303322759968877
761.81,0.00909283643354958
762.0,0.0096615421343439
762.18,0.006672125524341369
762.36,0.003194400397405643
762.55,0.007344540013189791
762.73,0.013545739500896018
762.91,0.006064592078392582
763.1,0.00448120751982291
763.28,0.010723812161682097
763.46,0.0015985450000576657
763.65,0.0012847895645627275
763.83,0.002203805138267825
764.01,0.00533604762345394
764.2,0.004656736766011489
764.38,0.013713015178586526
764.56,0.007104093473351269
764.75,0.007971356234429029
764.93,0.009223720977177921
765.11,0.00453409024611263
765.3,0.006069040664352551
765.48,0.010257137022094746
765.66,0.0041177158835350195
765.85,0.0063451715270705705
766.03,0.005676338822495398
766.21,0.010200648493564982
766.4,0.004799550829673108
766.58,0.012213267171337855
766.76,0.002860692770686387
766.95,0.005118154578545071
767.13,0.004227057332569282
767.31,0.005112990293044193
767.49,0.011280895180438283
767.68,0.0059855646332983865
767.86,0.004136773275033494
768.04,0.005793628193357133
768.23,0.01046595771539058
768.41,0.0019031260560571045
768.59,0.010476404937871782
768.78,0.008803139061414155
768.96,0.009150732574269614
769.14,0.009629632252767355
769.32,0.006125752033004554
769.51,0.006336311941510972
769.69,0.010983418032347975
769.87,0.004361631007711752
770.06,0.0037541962495397634
770.24,0.005053886019143861
770.42,0.009500034187146936
770.6,0.007433299079651068
770.79,0.003943671515829748
770.97,0.00559576689261609
771.15,0.007758786809710237
771.33,0.0044741786806649815
771.52,0.00850404202008943
771.7,0.005337686663069952
771.88,0.008477029237379766
772.07,0.007941704154347575
772.25,0.003787320880848421
772.43,0.01082939765059961
772.61,0.0062811926438234664
772.8,0.009769023946158122
772.98,0.006807123731881515
773.16,0.00571351146017068
773.34,0.006932644962240855
773.53,0.007374458165058719
773.71,0.006466734589375556
773.89,0.00685613262519369
774.07,0.010207819946141483
774.26,-0.00033643140556063644
774.44,0.005164044171802244
774.62,0.0036325722388146366
774.8,0.00958255665061456
774.99,0.007348591499742564
775.17,0.008254926021897582
775.35,0.008083878838471979
775.53,0.00893614037463218
775.71,0.005596071422308362
775.9,0.0009872813257424745
776.08,0.007732783911623157
776.26,0.006274408098304084
776.44,0.006149857737829175
776.63,0.007353551756271746
776.81,0.00566852000593402
776.99,0.010382834793030291
777.17,0.004808698081933667
777.35,0.007887983289861086
777.54,0.009812554977931966
777.72,0.007627668335629073
777.9,0.0070625784051751945
778.08,0.010072565480433112
778.27,0.0050327537235951994
778.45,0.006582659394395341
778.63,0.005404470661136188
778.81,0.005221059003580788
778.99,0.0014266999220240667
779.18,0.006832927591226236
779.36,0.0025163538498253796
779.54,0.0034937690915164276
779.72,0.004327445521126042
779.9,0.00653101130832046
780.08,0.002177980671117835
780.27,0.007089181406953173
780.45,0.008100846590946547
780.63,0.003677339563006739
780.81,0.0025760124330851354
780.99,0.004546853443434318
781.18,0.004257855872257292
781.36,0.005763517320296895
781.54,0.01033572771366619
781.72,0.0068829803259769125
781.9,0.00497808803254714
782.08,0.005018941273653694
782.27,0.00678308469218612
782.45,0.007278308813803219
782.63,0.004723450279759914
782.81,0.005648004926095373
782.99,0.0035187755095707337
783.17,0.00721105320806141
783.36,0.005327010343510474
783.54,0.0077680608066973125
783.72,0.0032569485827555395
783.9,0.00949716378010752
784.08,0.005814462381053612
784.26,-0.00023147606020119848
784.45,0.004962384935283404
784.63,0.007130253656883524
784.81,0.00709324996472318
784.99,0.006046013174170697
785.17,0.00745878508333414
785.35,0.0063310762942242705
785.53,0.007204314446939636
785.72,-8.264114348357105e-05
785.9,0.0037831540371531035
786.08,0.007636304493320577
786.26,0.010422726957004937
786.44,0.0038735788668742732
786.62,0.00481266074633455
786.8,0.010735933452201892
786.99,0.003987684974576473
787.17,0.005010167507612036
787.35,0.005319249279857687
787.53,0.011511887621635564
787.71,0.009480583031068673
787.89,0.005488461254884619
788.07,0.005719807727221848
788.25,0.0017036153984359107
788.43,0.0030579109376740053
788.62,0.0072411351297846
788.8,0.009244739143364423
788.98,0.010001076791921568
789.16,0.002210763377479736
789.34,0.009713597803115901
789.52,0.011880901107311392
789.7,0.00635208549746719
789.88,0.008852113067140562
790.06,0.007017755304404045
790.25,0.007226569857938261
790.43,0.008996631936984243
790.61,0.005634439047843388
790.79,0.008232944363625483
790.97,0.002508240783633533
791.15,0.008823429661991553
791.33,0.007644425097557167
791.51,0.012465611187617838
791.69,0.003557446414830389
791.87,0.00461975211705873
792.05,0.006953255410233424
792.24,0.008878219665358941
792.42,0.003155601576879003
792.6,0.008933694368881856
792.78,0.006433411993431343
792.96,0.008782778903407852
793.14,0.0026974632806948625
793.32,0.006421284861067369
793.5,0.008514798490384674
793.68,0.010266266079132676
793.86,0.008779938363343405
794.04,0.006748779445849176
794.22,0.0025470907892562603
794.4,0.009230625147521052
794.58,0.003591145752812314
794.76,0.010489106622365713
794.95,0.01058767884145816
795.13,0.009595965676821977
795.31,0.005739529507361826
795.49,0.011995230209882456
795.67,0.010884734174651295
795.85,0.003479196487509158
796.03,0.013902489563611465
796.21,0.010753373559566334
796.39,0.005251024343910376
796.57,0.006599369027681688
796.75,-0.0019183442074459471
796.93,0.004107730779574584
797.11,0.006480571757167509
797.29,0.004562714612220814
797.47,0.0112147106627896
797.65,0.010271552375858495
797.83,0.008982021958127454
798.01,0.01086138902009683
798.19,0.005832896093913034
798.37,0.005914007931760102
798.55,0.008995357127360245
798.73,0.014855021392184148
798.91,0.008347529467528503
799.09,0.00804917173361585
799.27,0.01081504378911763
799.45,0.012070634794315473
799.63,0.008778821201947486
799.81,0.010533022552479055
799.99,0.008325650586661053
800.17,0.011634520500591883
800.35,0.0027415557289519397
800.53,0.003404538013805127
800.71,0.004248292896231356
800.89,0.008399471497052027
801.07,0.006296943698353057
801.25,0.01171667972786094
801.43,0.009497696940649093
801.61,0.007871525729905439
801.79,0.0110913369727482
801.97,0.0204106301412222
802.15,0.005263219557646976
802.33,0.009985460554548548
802.51,0.009100457241798572
802.69,0.012023375885875563
802.87,0.011392411273405964
803.05,0.006917878517254716
803.23,0.007904566034066073
803.41,0.007823375323779485
803.59,0.018742537917903368
803.77,0.011854346508637892
803.95,0.010297393087814627
804.13,0.008064450933111292
804.31,0.009602811643873003
804.49,0.00384846996124514
804.67,0.011488566442341095
804.85,0.011703544192506427
805.03,0.00426823294869898
805.21,0.006555246121279686
805.39,0.007771224452871655
805.57,0.007443910038742994
805.75,0.005079682241720604
805.93,0.011630430997887875
806.11,0.009376532188853945
806.29,0.012377766700707803
806.47,0.010371215755437117
806.65,0.010457168537718033
806.83,0.011337610424342441
807.0,0.00922166685190062
807.18,-0.002060511682066695
807.36,0.010562211357143672
807.54,0.010175609498242403
807.72,0.005217220585742878
807.9,0.009620543715595396
808.08,0.009671700806956961
808.26,0.00884158990636919
808.44,0.00862839171103823
808.62,0.0013700142789148109
808.8,0.005814666176337355
808.98,0.0072747562239285895
809.16,0.014822094764262047
809.34,0.007759056760725819
809.51,0.012926420987261178
809.69,0.009230595318022087
809.87,0.016093287117830108
810.05,0.010515571239385915
810.23,0.013722486087483525
810.41,0.011950288728301171
810.59,0.017876175884666824
810.77,0.00601453663968776
810.95,0.015090172401354993
811.13,0.012322909616280537
811.31,0.01261586786700474
811.48,0.010305248824815564
811.66,0.008406307206315704
811.84,0.012097169587083392
812.02,0.00545809748837658
812.2,0.0030371571236135204
812.38,0.015909110926594222
812.56,0.017727715615423568
812.74,0.013258634391933678
812.92,0.009618729434843647
813.1,0.009212624141222744
813.27,0.005885937007756212
813.45,0.02481171350057178
813.63,0.014310304622359417
813.81,0.012686989196412497
813.99,0.002181569918363061
814.17,0.01598125403519319
814.35,0.008972940229898568
814.53,0.010295524781960231
814.7,0.00836098140845358
814.88,0.01815845090059758
815.06,0.01425713386745641
815.24,0.013724121103231911
815.42,0.004990439658653602
815.6,0.011957618103310688
815.78,0.016157672358264704
815.95,0.017291552108993895
816.13,0.013880503848199985
816.31,0.016101513550732676
816.49,0.01378885032968544
816.67,0.015832244522029696
816.85,0.010416083087332207
817.03,0.01080061538085209
817.2,0.009347950923913195
817.38,0.01761038063203798
817.56,0.007690029155133976
817.74,0.02259544856452497
817.92,0.012531122003508269
818.1,0.015469027652211875
818.27,0.011390894017299116
818.45,0.018518405600034156
818.63,0.011300072511495575
818.81,0.015161184155964569
818.99,0.020672219051406003
819.17,0.025453895775189295
819.34,0.018215846982183797
819.52,0.013272190452793976
819.7,0.024876073987577876
819.88,0.01735160662167726
820.06,0.014910532220233754
820.24,0.018687971716887075
820.41,0.010756371421413452
820.59,0.009953728271291491
820.77,0.01237308974645038
820.95,0.019925234150586908
821.13,0.00683045273677558
821.3,0.010922344691696086
821.48,0.025846944736534653
821.66,0.0215334591487966
821.84,0.014634387061079905
822.02,0.000642632041240711
822.19,0.012268142153157961
822.37,0.017339695319061103
822.55,0.014109993281843003
822.73,0.01660476150593754
822.91,0.020193124847812896
823.08,0.022333609555955303
823.26,0.011441387622094339
823.44,0.011843095150430085
823.62,0.008122472814023094
823.8,0.01702223442113672
823.97,0.015198939685410326
824.15,0.020623532314394608
824.33,0.01682483954662088
824.51,0.018130255207724193
824.69,0.018437424127596382
824.86,0.019995113013966552
825.04,0.012544630589322849
825.22,0.022544732421569503
825.4,0.024748276516044946
825.57,0.0235642298918412
825.75,0.018938395245850927
825.93,0.01596060661105903
826.11,0.019416388418948407
826.28,0.018934128774687208
826.46,0.017531002528655585
826.64,0.02031445202806737
826.82,0.011008657040153066
826.99,0.014597758548049924
827.17,0.02107658267905995
827.35,0.00948604109428443
827.53,0.014725498694949934
827.7,0.02004032410679854
827.88,0.020575097026715783
828.06,0.01855085689293912
828.24,0.010220866488182425
828.41,0.016873800141457018
828.59,0.011756643895753486
828.77,0.014678923552445182
828.95,0.00786358932644142
829.12,0.016248508302274638
829.3,0.016710076605147683
829.48,0.01768150195979874
829.66,0.014042782763034835
829.83,0.01385351667429814
830.01,0.01975094083909702
830.19,0.017091959814584824
830.36,0.015521866497263706
830.54,0.018739067657412675
830.72,0.00615588638381969
830.9,0.01729773387452134
831.07,0.02233081198273536
831.25,0.014457633338993553
831.43,0.025271012791473098
831.6,0.01555127731947452
831.78,0.013604010171769636
831.96,0.017437617669763813
832.14,0.02680055610122649
832.31,0.014790979486300116
832.49,0.013668170523575203
832.67,0.016042289128935888
832.84,0.01163532304021822
833.02,0.010588704571496143
833.2,0.013676770991891277
833.37,0.016275633639570197
833.55,0.013515230532722392
833.73,0.01473652991735727
833.91,0.02080169664577005
834.08,0.009097774349908576
834.26,0.010264428133652486
834.44,0.02229064193544351
834.61,0.018138470882741956
834.79,0.01122694923223881
834.97,0.020223611596628072
835.14,0.017748115104369886
835.32,0.01664359504499857
835.5,0.01690182296826463
835.67,0.008088400522660731
835.85,0.005419108066174908
836.03,0.011427665133517546
836.2,0.022898992698252647
836.38,0.028034375025510722
836.56,0.011110885563252057
836.73,0.005221548036759528
836.91,0.021196137245739464
837.09,0.011538595838495794
837.26,0.011416311160298936
837.44,0.012143023959088119
837.62,0.0121835889856222
837.79,0.017868802054048637
837.97,0.021869337836830302
838.14,0.013821569993202519
838.32,0.017697002677616255
838.5,0.022869343219918556
838.67,0.012933802392783689
838.85,0.008396453815801341
839.03,-0.0015215255378211961
839.2,0.0076316667134967145
839.38,0.009510644524561188
839.56,0.016968916973828213
839.73,0.016092522567670485
839.91,0.020221962631355686
840.08,0.01652051450568023
840.26,0.014145002713499577
840.44,0.02105570151922498
840.61,0.005806941698508267
840.79,0.020539393570460456
840.97,0.014808658871644174
841.14,0.013959902650893037
841.32,0.017756106944129844
841.49,0.016564498199176596
841.67,0.019979408444573986
841.85,0.019646463037869873
842.02,0.015925400646909033
842.2,0.02456392103928551
842.37,0.00920711656409811
842.55,0.01564622334596217
842.73,0.010687771743738738
842.9,0.010746228720355414
843.08,0.002300902838973906
843.25,0.008618127786032704
843.43,0.02177988466805467
843.61,0.016926501589930323
843.78,0.0016825104192469593
843.96,0.020354810969200894
844.13,0.01961195566974689
844.31,0.013129537554752092
844.49,0.0020815228919619975
844.66,0.01688051197256082
844.84,0.014191112061696
845.01,0.014886536455259685
845.19,0.010944277518670276
845.37,0.025879683769002935
845.54,0.01046733634593061
845.72,0.02186712576626873
845.89,0.017253819411977345
846.07,0.023933000483169608
846.24,0.02846098858912924
846.42,0.011295992099227778
846.59,0.009531255034976906
846.77,0.018044934997073533
846.95,0.012550980738139417
847.12,0.012744114095435936
847.3,-0.005104470918584919
847.47,0.012980654388778701
847.65,0.021073420450746474
847.82,0.00019058786900940996
848.0,0.010968112140339388
848.17,0.0031254185156594618
848.35,0.0030613854206125585
848.53,0.018666006368455477
848.7,0.0019128462320930522
848.88,0.012592004008293248
849.05,0.009423985831587189
849.23,0.016929749178043955
849.4,0.01238430376119684
849.58,0.014685011638106288
849.75,0.012646435753389293
849.93,0.007694832099812553
850.1,0.021442132914550667
850.28,0.022901779300227628
850.45,0.02512221094002354
850.63,0.02333067316994879
850.8,0.012150720545291965
850.98,0.018053875688660494
851.16,0.012554455506231275
851.33,0.015168552288511696
851.51,0.009717406555321724
851.68,0.018796974526095606
851.86,0.021237104168822102
852.03,0.0356938020127343
852.21,0.023327393751864628
852.38,0.021047141961752495
852.56,0.01894792250079841
852.73,0.01646206127283445
852.91,-0.0015942276284035607
853.08,0.02196245895664592
853.26,0.020806725666567365
853.43,0.014669819369621936
853.61,0.010049853604494756
853.78,0.017319954443049672
853.96,0.031604953850291995
854.13,0.014316013621422494
854.31,0.025140243137011978
854.48,0.019495884348967596
854.66,0.019731377854131208
854.83,0.0016416506329286382
855.0,0.031066247693628545
855.18,0.029168238384507345
855.35,0.015069024018463837
855.53,0.026194747211953806
855.7,0.0021317207943103993
855.88,0.00802506892025232
856.05,0.008609401432832436
856.23,0.01650230188786603
856.4,0.02416658772466179
856.58,0.021730685739094688
856.75,-0.0046859659829649285
856.93,-0.010190652883899391
857.1,0.021220001833183882
857.28,0.008405953008170996
857.45,0.013359377978357064
857.62,0.043883524921000915
857.8,0.021014354066985666
857.97,0.0198800277555842
858.15,0.004123310624484605
858.32,0.03725735933164586
858.5,0.006967377047655391
858.67,0.023813268629575127
858.85,0.01646220367759833
859.02,0.02185328113865832
859.19,0.017791863234914624
859.37,0.013819692357385265
859.54,0.00602015023002677
859.72,0.0087684191377115
859.89,0.008708154171793513
860.07,0.0034652330605192856
860.24,0.005449586179654774
860.41,0.01890417714652071
860.59,0.012999028882039477
860.76,0.045026044642071154
860.94,0.021005638820855998
861.11,0.026420284815780345
861.29,0.022849871522650417
861.46,0.01991591609963887
861.63,0.010903614804085571
861.81,0.01744384904799911
861.98,0.029273118780189743
862.16,0.014114438385748638
862.33,0.028097473403999196
862.5,0.027162793322891555
862.68,0.0031837734308769734
862.85,0.012066069259116281
863.03,0.028832935016470405
863.2,0.012838022398251867
863.37,0.009601573492192322
863.55,0.03529844318353168
863.72,0.011278046666486118
863.9,0.022561801818843537
864.07,0.0026638663566323647
864.24,0.026593412474757997
864.42,0.0025988362733148037
864.59,0.019331088254052695
864.77,-0.0032210134980793143
864.94,0.020677247479036553
865.11,0.02100306791040295
865.29,0.017908750150631408
865.46,0.0025793465517062715
865.63,0.02311318002346979
865.81,0.014990293658156106
865.98,0.03622178219528436
866.16,0.018961616747222576
866.33,0.03429833587856307
866.5,0.039636679389551434
866.68,0.005639407744386852
866.85,0.01642439899980289
867.02,0.01587507037969443
867.2,0.028366919232629396
867.37,0.01817560657454264
867.54,0.0020353454076069417
867.72,0.01798025919741941
867.89,0.035540549968393856
868.06,0.023099302161334448
868.24,0.011130788389297992
868.41,0.029051279010855177
868.59,0.020672754375405854
868.76,0.001525944386323831
868.93,0.008963444386762734
869.11,0.01435707607794145
869.28,0.020284761041387985
869.45,0.019206918209047297
869.63,0.016470544451396684
869.8,0.03523165251323388
869.97,-0.006246448202112306
870.15,0.021808700036933935
870.32,0.007180863640150712
870.49,0.019402598770932086
870.66,0.0015785809315695756
870.84,0.037760613276032313
871.01,0.026149039756167915
871.18,0.01923117548887749
871.36,0.03754470622320368
871.53,0.032504045456896516
871.7,0.026270867898689713
871.88,0.023458249798660045
872.05,0.030507950988413232
872.22,0.028385269254889642
872.4,0.025452831939912778
872.57,0.03428052581520765
872.74,0.03162168935650681
872.92,0.024644480246799695
873.09,0.020644025643990274
873.26,0.0009977970397874885
873.43,0.022093266970199747
873.61,0.007209246459148043
873.78,0.026988424880324848
873.95,0.02461401737852884
874.13,0.0018018774146337912
874.3,0.04038761212597397
874.47,0.028530570325398814
874.64,0.026640623100427155
874.82,0.03646636373598651
874.99,0.0017901300515151247
875.16,0.03501063959696846
875.34,0.04320093551087667
875.51,0.008563993630043024
875.68,0.0049268098974380335
875.85,0.01943669008072776
876.03,0.03949744797801338
876.2,0.002585696409767263
876.37,0.02757249628815652
876.54,0.012045023503447288
876.72,0.020402384062791393
876.89,0.03896943516091892
877.06,0.03707249702181984
877.23,0.03991653485757647
877.41,0.029927720148533305
877.58,0.043652466747052046
877.75,0.038855584102515335
877.92,0.005740597939796995
878.1,0.027423279613999502
878.27,0.019584302543708295
878.44,0.0036545387725101385
878.61,0.02264164976528779
878.79,0.03646762808505872
878.96,0.0323431305247178
879.13,0.027402709263174414
879.3,0.03255435862899664
879.48,0.01569663419853795
879.65,0.0051874727866735035
879.82,0.01421035539054343
879.99,0.03677499498165763
880.16,0.03390993919933832
880.34,0.021959232635376507
880.51,0.026956744115825604
880.68,0.04450713688067462
880.85,0.04316944903980755
881.03,0.026189924098378427
881.2,0.008600797147052686
881.37,0.027739664347114237
881.54,0.04596806468995904
881.71,0.03454898664072269
881.89,0.014687156195773187
882.06,0.01807659444710908
882.23,0.014913220623821454
882.4,0.039333351601009627
882.57,0.029914402457574076
882.75,0.03479261723047853
882.92,0.030519788657708963
883.09,0.003160049119934542
883.26,0.0022456044009924164
883.43,0.020531579587396466
883.61,0.017102955812888072
883.78,0.031673586184705865
883.95,0.009362085323299116
884.12,0.04811793462663824
884.29,0.03411215718379046
884.47,0.017254514447826882
884.64,0.057311848562900156
884.81,0.013102399338203478
884.98,0.036497709954132596
885.15,0.048589387803132114
885.32,0.03941750100989197
885.5,-0.0004787603039313356
885.67,0.015709752122823606
885.84,0.022132824080512637
886.01,0.04461344395922384
886.18,0.022195613942587383
886.35,0.03018905685507945
886.53,0.051674625115188104
886.7,0.05046972665202205
886.87,0.0023480195634119454
887.04,0.020897152679799923
887.21,0.033506832564979626
887.38,0.032481472819238286
887.55,-0.0014966422391176116
887.73,0.047501286572329576
887.9,0.02700047417130892
888.07,0.050980524180652145
888.24,0.025207272054138183
888.41,0.002492480834745295
888.58,0.05383762379276874
888.75,0.0035512278416263182
888.93,0.037641693858156224
889.1,0.01313661731227269
889.27,0.020815274044000697
889.44,0.05199445009432575
889.61,0.00974936034865168
889.78,0.030274364896073942
889.95,0.04563224905150914
890.12,0.027968333719723817
890.3,-0.016779319110233514
890.47,0.0025437943636626597
890.64,0.05818948741803844
890.81,0.03667112174552432
890.98,0.02577352786291503
891.15,0.024098569979207455
891.32,0.06237121906859495
891.49,0.021606168635178117
891.66,0.05161471918335182
891.84,0.06190895137547945
892.01,0.054787439743005636
892.18,0.06278269006970526
892.35,0.052093199469596556
892.52,0.046471701928202526
892.69,0.04826110887734273
892.86,0.025584902538181832
893.03,0.023479386208171606
893.2,0.04102069345724472
893.37,0.04832975409213251
893.55,0.03915442809201816
893.72,0.01691821747048855
893.89,0.04544947128949935
894.06,0.057965193587758916
894.23,0.019097707357559675
894.4,0.008563288764651844
894.57,0.01767188071377803
894.74,0.03437361781211582
894.91,0.03594051718989513
895.08,0.055495129195951516
895.25,0.04596541256929951
895.42,0.06194640497145914
895.59,0.06026621767310811
895.76,0.045063681504692664
895.94,0.04758514827256351
896.11,0.0841594728975384
896.28,0.03157081876488132
896.45,0.08537090216619245
896.62,0.02338966499155246
896.79,0.05222868585478377
896.96,0.0511744504622004
897.13,0.0091060147046574
897.3,0.07453584185837507
897.47,0.06751125617638336
897.64,0.07091966510036958
897.81,0.03302828880341463
897.98,0.020348126719192342
898.15,0.03885355903611444
898.32,0.06379703210625991
898.49,0.06272926261831353
898.66,0.08922136070765539
898.83,-0.0006622367383713891
899.0,0.032621271427241624
899.17,0.01183205935352832
899.34,0.03242150154860146
899.51,0.04567631490032666
899.68,0.05584178545849414
899.85,-0.01713650426248326
900.02,0.01100914857909529
900.19,0.02435512681493618
900.36,0.01928284866582632
900.53,0.054482803136001005
900.7,0.046240850024850344
900.87,0.03781460593486802
901.04,0.014315290461226812
901.21,-0.016388413059596495
901.38,0.017166850697418835
901.55,0.04058335382060576
901.72,0.08115321236412339
901.89,0.01814638899037881
902.06,0.05476555019023289
902.23,0.027138681520327744
902.4,0.014179595216639522
902.57,0.013219265083166452
902.74,0.0632716729600408
