Wavelength [nm],#39-Inconnu.csv
400.08,0.06816095136773691
400.29,0.10703191473293631
400.5,0.06155431746553352
400.71,0.11710565239474674
400.92,0.09637437914850318
401.13,0.11157218536622175
401.34,0.045006955212420714
401.54,0.12934230893840676
401.75,0.09557724435065511
401.96,0.07366239729925628
402.17,0.038901311511806834
402.38,0.08220261031696711
402.59,0.029705324323938822
402.8,0.07976063018190663
403.01,0.05593099466838732
403.22,0.05806273942827361
403.43,0.05578611768089215
403.63,0.08144588119588972
403.84,0.0669787253961196
404.05,0.06067107265074182
404.26,0.0634049020576597
404.47,0.060548625497715336
404.68,0.06687169613610326
404.89,0.0562343610529859
405.1,0.08169662260629464
405.31,0.04414747162715739
405.52,0.017529899127015754
405.72,0.06787934751912936
405.93,0.07377314956226715
406.14,0.05745151775447786
406.35,0.07581058587785389
406.56,0.04135862411255696
406.77,0.07466838889164891
406.98,0.07019529080667593
407.19,0.05319067462552094
407.39,0.08849018951063142
407.6,0.02542564203047333
407.81,0.06491715902413751
408.02,0.045556582596065015
408.23,0.023645298678606576
408.44,0.02756549180639524
408.65,0.02712372185919289
408.86,0.06928657851712762
409.06,0.06176927669773414
409.27,0.09451965311408947
409.48,0.08766774082903885
409.69,0.07902655059375208
409.9,0.048210375664708476
410.11,0.06855699813814241
410.32,0.09087758964963122
410.52,0.07716012008902293
410.73,0.01533484839178597
410.94,0.03313341933814048
411.15,0.06221931868140903
411.36,0.04695696440147473
411.57,0.10584121646953897
411.78,0.06334609751078368
411.98,0.06149855407032311
412.19,0.02203945359418583
412.4,0.06575247670446188
412.61,0.03339223761197224
412.82,0.07240124257223768
413.03,0.05858724200276426
413.23,0.030835306195135283
413.44,0.05174253870331855
413.65,0.03143076586287122
413.86,0.022508928818627358
414.07,0.04435770182998535
414.28,0.02590428641922072
414.48,0.058141713201560905
414.69,0.03890383206007287
414.9,0.047175887792824306
415.11,0.03632592767231888
415.32,0.02230843115929846
415.53,0.019092271255256456
415.73,0.03795860391172637
415.94,0.07368921563248663
416.15,0.028994255819162748
416.36,0.07068963567910218
416.57,0.057361984485700644
416.78,0.03349374612727405
416.98,0.05730377681494815
417.19,0.04768718765921931
417.4,0.06290114555948277
417.61,0.03596479705766456
417.82,0.021470205421311794
418.02,0.044886437498839346
418.23,0.04512686112256858
418.44,0.01859686874217477
418.65,0.046235438269234326
418.86,0.05690752973835028
419.07,0.05589823663820633
419.27,0.03897382088228959
419.48,0.026936706855932413
419.69,0.05183976230082759
419.9,0.04493375871215091
420.11,0.05737085765890378
420.31,0.05382261889675403
420.52,0.022428923514792812
420.73,0.08894131416762682
420.94,0.05351930838935379
421.15,0.06056762275604156
421.35,0.06481125233657592
421.56,0.05510785195791052
421.77,0.029262729069740253
421.98,0.04918522656775274
422.19,0.05727709993128683
422.39,0.03590504550658179
422.6,0.021934459960042594
422.81,0.07117757033740423
423.02,0.03538378180539462
423.22,0.06915125928082694
423.43,0.046720546985787974
423.64,0.06960987795692881
423.85,0.05600433407180245
424.06,0.042374885605289445
424.26,0.01100268164580064
424.47,0.04213399858905808
424.68,0.06408184462740288
424.89,0.00946361984271734
425.09,0.031041977772091084
425.3,0.04649706224462409
425.51,0.039163070554558664
425.72,0.062276503093377164
425.93,0.033585499354668556
426.13,0.044844525554444056
426.34,0.0503483766059831
426.55,0.04402310499217182
426.76,0.05149511659660208
426.96,0.02950665346107459
427.17,0.07180498008769463
427.38,0.0649691552107217
427.59,0.013161719928637254
427.79,0.04471453751245309
428.0,0.022751936186987003
428.21,0.03260814653904333
428.42,0.04109572329997899
428.62,0.04036176290376868
428.83,0.03474840634748409
429.04,0.03778558050970672
429.25,0.024236365655892513
429.45,0.027111288401528877
429.66,0.05671389816766214
429.87,0.05251255875559292
430.08,0.03161564503349423
430.28,0.03631428267107352
430.49,0.030740797162476425
430.7,0.03113890660074946
430.91,0.07683708696366927
431.11,0.07296058267750388
431.32,0.0321827551113184
431.53,0.042381591301540504
431.74,0.03895974076819915
431.94,0.029937113781767118
432.15,0.04156231212621132
432.36,0.029615976678769355
432.56,0.0332483210767119
432.77,0.045663832166103445
432.98,0.05224931445934932
433.19,0.044449037489630285
433.39,0.017729178077915325
433.6,0.02903424681094271
433.81,0.028937236365407383
434.02,0.06291235609246724
434.22,0.03399790757281138
434.43,0.014590965084653504
434.64,0.03848398540142062
434.84,0.023064775929748555
435.05,0.04810158569713819
435.26,0.019586967573308096
435.47,0.0309608913643041
435.67,0.04175410320037664
435.88,0.010355292318859633
436.09,0.0391464962554514
436.29,-0.00036430414191502316
436.5,0.047461100984894145
436.71,0.05218269136006353
436.92,0.04367177893283647
437.12,0.018364031552495604
437.33,0.026698960696115773
437.54,-0.00035862142994803425
437.74,0.03448733547173988
437.95,0.05632340519011146
438.16,0.030203980206489067
438.36,0.02548245925179373
438.57,0.045389231264261684
438.78,0.025995123886716487
438.99,0.03977506802190669
439.19,0.040087753812402406
439.4,0.013790245781871342
439.61,0.030284027582152463
439.81,0.033369324661211244
440.02,0.026764758457863348
440.23,0.036197236325397245
440.43,0.017409880976883847
440.64,0.01742576878056129
440.85,0.025707960453729303
441.05,0.025880906690801234
441.26,0.02549044659968642
441.47,0.05026484814654215
441.67,0.014110913086985321
441.88,0.02452784753517495
442.09,0.02637327946892009
442.29,0.02131285344865105
442.5,0.013969037876686633
442.71,0.03228199151696961
442.91,0.013384510093063646
443.12,0.04174206199043657
443.33,0.044817344888309095
443.53,0.04474167050265496
443.74,0.023515468921069586
443.95,0.04104261500422175
444.15,0.03176312068387606
444.36,0.04184336567269063
444.57,0.023515468921069586
444.77,0.024701081119782368
444.98,0.03082487126755991
445.19,0.0288071282886866
445.39,0.026409124304328156
445.6,0.022400926840903695
445.81,0.02467832977646303
446.01,0.04621318827024773
446.22,0.02012507106310406
446.43,0.03536856427118255
446.63,0.014126770717639976
446.84,0.05074958452465084
447.05,0.00029853127172045375
447.25,0.01957900901194003
447.46,0.03612744063031329
447.67,-0.0022877425042034973
447.87,0.028248756879172745
448.08,0.03231701311247982
448.28,0.00905316455696205
448.49,0.025937080557184838
448.7,0.0359674980692461
448.9,0.046473752899281025
449.11,0.019788230840718055
449.32,-0.00031999164103465943
449.52,0.006975630136297143
449.73,0.020462539297164403
449.93,0.036239396270162434
450.14,0.024525770831684435
450.35,0.018439790416359216
450.55,0.021210720210538228
450.76,0.03436094422009917
450.97,0.04286184544229294
451.17,0.01115094712474948
451.38,0.026608639414729414
451.58,0.05208873828559329
451.79,0.009414972252664239
452.0,0.024503354891638192
452.2,0.011300882267086872
452.41,0.016074003590312063
452.62,0.023490172187913248
452.82,0.039012631215512725
453.03,0.042404297412716827
453.23,0.032838538156658464
453.44,0.012196293095169522
453.65,0.020290295919327135
453.85,0.03377391506998481
454.06,0.01597814194861956
454.26,0.014726924516256873
454.47,0.017977439560872496
454.68,0.018508325173292255
454.88,0.023194027276513703
455.09,0.0078585116295424
455.29,0.010505273985230922
455.5,0.009719285826498938
455.71,0.013822199135954207
455.91,0.027740957611695077
456.12,0.02496478186009753
456.32,0.021040103085685078
456.53,0.032927944779928685
456.73,0.02540280053269599
456.94,0.018345875852317672
457.15,0.008170825536441979
457.35,0.01606732686037493
457.56,0.03459392065058064
457.76,0.0032874359278920588
457.97,0.018102446519671123
458.18,0.005863220928885714
458.38,0.027935704638512106
458.59,0.024145413625718332
458.79,0.0315232829234741
459.0,0.02469907454079886
459.2,0.028474332810734606
459.41,0.014653351623354738
459.62,0.01968951088601926
459.82,0.015029176579961945
460.03,0.023846147436485006
460.23,0.019918348779599408
460.44,0.024775901803693982
460.64,0.015542916322150135
460.85,0.028676634495512842
461.06,0.009613289346326749
461.26,0.019982439924534683
461.47,0.018265536752883105
461.67,0.016860703458881052
461.88,0.035971697537633025
462.08,0.012840937446016257
462.29,0.013698155984181807
462.49,0.026481587377093167
462.7,0.011678147975850645
462.91,0.012566619820047526
463.11,0.019458229258641956
463.32,0.01158746179633215
463.52,0.023097100150924532
463.73,0.0265286187475639
463.93,0.020465193982701423
464.14,0.018200877132132497
464.34,0.01728348422089401
464.55,0.02450306039037424
464.75,0.008919023490426378
464.96,0.015168084638480784
465.16,0.00798885967485862
465.37,0.011106344301036191
465.58,0.025711650219416234
465.78,0.011570744633624973
465.99,0.007878179615850509
466.19,0.018689709217251414
466.4,0.012344215826952424
466.6,0.011160489208506947
466.81,0.00729087540199205
467.01,0.01983881053097138
467.22,0.020459847635039826
467.42,0.016290684586195057
467.63,0.006817279646537009
467.83,0.01810154525386315
468.04,0.008308915558168409
468.24,0.016825793604840773
468.45,0.011009167598630666
468.65,0.01743109122283498
468.86,0.010538718503149538
469.06,0.02980254373556458
469.27,0.012621094544937945
469.47,0.009069426388559806
469.68,0.01791761606161293
469.88,0.005412411675506995
470.09,0.01215111534031873
470.29,0.015895422884253826
470.5,0.016770794362641697
470.7,0.019771715544160295
470.91,0.014218031782036468
471.11,0.014708664227714835
471.32,0.011145811080706263
471.52,0.018746024420968618
471.73,0.021591870822185985
471.93,0.012352238611073913
472.14,0.01371099663407954
472.34,0.019877229852997457
472.55,0.017806889372596103
472.75,0.022763347332811844
472.96,0.009708931795558694
473.16,0.008412636690199737
473.37,0.010774037526434799
473.57,0.006934974911864717
473.78,0.01348762477279633
473.98,0.010786915305316613
474.19,0.0183446256173529
474.39,0.018854360142000762
474.6,0.013122010626401061
474.8,0.015281712100738414
475.01,0.01171016800927145
475.21,0.014720343187496482
475.42,0.006621949284609502
475.62,0.0114989993036517
475.83,0.01655537284621435
476.03,0.012637618744378732
476.24,0.008029275052406392
476.44,0.017129678124458307
476.64,0.0085439991822294
476.85,0.01226821477091989
477.05,0.014158613630111979
477.26,0.006892841896059528
477.46,0.011432194093170447
477.67,0.0068842052695675315
477.87,0.0074988159997167346
478.08,0.012596707602152339
478.28,0.010568014376347246
478.49,0.013375471559788623
478.69,0.007628515948908397
478.9,0.013909863947009089
479.1,0.005772234727929463
479.3,0.015417795054548052
479.51,0.016934417804278745
479.71,0.01096021219296156
479.92,0.010333802811015043
480.12,0.01501471278515045
480.33,0.004166311698532672
480.53,0.009888050599177644
480.74,0.006738634260687197
480.94,0.006565982392941157
481.14,0.013195578566161291
481.35,0.010316687735527378
481.55,0.01259651189285121
481.76,0.0025494602483265506
481.96,0.004001156322489312
482.17,0.01099466825054229
482.37,0.009164654663091647
482.57,0.0038809401624780057
482.78,0.00454853382367174
482.98,0.012989173602936908
483.19,0.0070472096123850945
483.39,0.01043729562514726
483.6,0.013962742403199589
483.8,-0.0009311820242669357
484.0,0.01257485584704073
484.21,0.006068186327919897
484.41,0.007133520020660522
484.62,0.010901938706381994
484.82,0.007463660452648857
485.02,0.015565143496852374
485.23,0.002953949026694064
485.43,0.0106420883596229
485.64,0.009291956372282325
485.84,0.009740712791636505
486.05,0.007057847339158843
486.25,0.007918176779529367
486.45,0.009121238448124649
486.66,0.007896523242476841
486.86,0.00582318264320178
487.07,0.008196748483870055
487.27,0.006489957598221313
487.47,0.014914586640407863
487.68,0.01385181639625663
487.88,0.005223625968581696
488.09,0.010299994218454022
488.29,0.0030573199075659896
488.49,0.007070003946509924
488.7,0.009872497892567568
488.9,0.010974359039170134
489.1,0.008944879118861519
489.31,0.010337049498918607
489.51,0.01161582477761847
489.72,0.006978064850915651
489.92,0.004610529600051131
490.12,0.0032614667390731406
490.33,0.008029624896747321
490.53,0.003933024626261933
490.74,0.004590541077513966
490.94,0.006042312733342286
491.14,0.006976027539528866
491.35,0.007103096245136613
491.55,0.009393191656804056
491.75,0.00411732842699656
491.96,0.005160703113053582
492.16,0.005830256371880686
492.36,0.0075190530724847
492.57,0.009717051762443422
492.77,0.008419628878648977
492.98,0.01068913713382266
493.18,0.008629466549059354
493.38,0.014827771813497046
493.59,0.007944186123290238
493.79,0.005586481449418827
493.99,0.006037810904980858
494.2,0.008160960121166795
494.4,0.0056110335297751375
494.6,0.0018678298090174833
494.81,0.006180641157002161
495.01,0.010922142829275798
495.22,0.005749475398997041
495.42,0.005040661179879996
495.62,0.0074887500644882365
495.83,0.002940120593612358
496.03,0.008797316022798523
496.23,0.012308301657487872
496.44,0.00517843426222371
496.64,0.008034254932203786
496.84,0.010683481982410451
497.05,0.005597062578008959
497.25,0.01164254796512691
497.45,0.007355920772101351
497.66,0.008816091908839179
497.86,0.004718024122019215
498.06,0.008387022880520616
498.27,0.005831207400699097
498.47,0.008408036579373303
498.67,0.004160748618758951
498.88,0.0070900033641706555
499.08,0.005247982650934955
499.28,0.00476673604909553
499.49,0.008225745670900455
499.69,0.005844495436156749
499.89,0.009373770390932703
500.1,0.006644465300606393
500.3,0.005041248300847402
500.5,0.009869828453368984
500.7,0.006917963840666752
500.91,0.006857731921550398
501.11,0.0033313051495781135
501.31,0.006926212435658178
501.52,0.004516616467228543
501.72,0.004833126755133898
501.92,0.0006697988609647425
502.13,0.003855142206499213
502.33,0.005034889054330888
502.53,0.00874387629845215
502.74,0.009326499362288389
502.94,0.007473375002996067
503.14,0.004272138285252447
503.34,0.008010703389661866
503.55,0.007021282693254624
503.75,0.005883752611500282
503.95,0.005236002253665439
504.16,0.009288284233604697
504.36,0.00674036072069008
504.56,-0.002243241824794338
504.76,0.005204515118744335
504.97,0.007716493986429566
505.17,0.0035401555004066837
505.37,0.0034013942327992463
505.58,0.0030609895370464916
505.78,0.006317409591241173
505.98,0.005405955217289099
506.18,0.0072148424905938684
506.39,0.0049080037387485495
506.59,0.004019956047126181
506.79,0.0034319222750068034
507.0,0.004971808269003017
507.2,0.007605599765237961
507.4,0.01173053987498408
507.6,0.0007619587700652955
507.81,0.003108710310696865
508.01,0.007543998354000497
508.21,0.005887764948176005
508.41,0.0014205065318413596
508.62,0.005692833837429026
508.82,0.004193977525508707
509.02,0.008507572879914736
509.23,0.005441530031915974
509.43,0.004752644173420188
509.63,0.010845654742648274
509.83,0.004792455709515273
510.04,0.008466689254905025
510.24,0.0077795528789994
510.44,0.005484298508452143
510.64,0.008456374466394353
510.85,0.0120251969256882
511.05,0.0035582129734794965
511.25,0.0005910820320097364
511.45,0.006715643174439686
511.66,0.008687378032813556
511.86,0.007669894895780501
512.06,0.003347745200706336
512.26,0.005494001826835879
512.46,0.00032591261462090997
512.67,0.005569652258782456
512.87,0.003061941313026137
513.07,0.004705360274276558
513.27,0.00865007117502691
513.48,0.007550490738512257
513.68,0.006247572495780974
513.88,0.008243905153924105
514.08,0.008257736098161852
514.29,0.0058583538111949525
514.49,0.006242054463320843
514.69,0.005651076324176249
514.89,0.003059105075740173
515.09,0.00788122553168682
515.3,0.0038187020380085097
515.5,0.005376464047088122
515.7,0.006557696898367166
515.9,0.008124521538842681
516.11,0.006815089273205934
516.31,0.00042772907773189716
516.51,0.003117472949395331
516.71,0.00519305159404737
516.91,0.002345232220449234
517.12,0.004114752782063238
517.32,0.0043785760278252745
517.52,0.0055301164076160874
517.72,0.004442628592923103
517.92,0.0013743799882688591
518.13,0.0072200383012917604
518.33,0.003786024898879949
518.53,0.005544518591669107
518.73,0.004518333788898549
518.93,0.0020562916725056024
519.14,0.01164187017490947
519.34,0.0040962342974569825
519.54,0.0046543667189662625
519.74,0.003439897521031747
519.94,0.0053074264083195774
520.15,0.002279076327794589
520.35,0.0032871116567250447
520.55,0.0036690560892953267
520.75,0.0008692045878267044
520.95,0.0057883352935813506
521.16,0.002937358882534272
521.36,0.00605311152008333
521.56,0.0034417261042593993
521.76,0.008148811774865166
521.96,0.003550665673719437
522.16,0.006101528827235637
522.37,0.011796749487162835
522.57,0.0031039277264836977
522.77,0.0026355958526829196
522.97,0.006472013865359023
523.17,0.0066499603439102726
523.37,0.007189527251353793
523.58,0.005388402877387147
523.78,0.006020601964776521
523.98,0.006880491328964507
524.18,0.00877604500796649
524.38,0.00552898966195968
524.58,0.007785136654244567
524.79,0.005316301180001874
524.99,0.0013787256312133664
525.19,0.004109826299968797
525.39,0.0032819556751952613
525.59,0.0022156271205840796
525.79,0.003866717642560955
526.0,0.005912128198270835
526.2,0.007379580253662172
526.4,0.00619203805524196
526.6,0.0035950084823655314
526.8,0.002795818393808062
527.0,0.0042096031740246845
527.2,0.0029260592453242288
527.41,0.006207484649316264
527.61,0.0038172002011375382
527.81,0.00450266128752393
528.01,0.005699096166124137
528.21,0.0012469437366004422
528.41,0.002565797835647886
528.61,0.0032699809112789486
528.82,0.003070841977148905
529.02,0.0031128928018200946
529.22,0.002105117422617591
529.42,0.005287452221306503
529.62,0.005266486625466137
529.82,0.003470085266380079
530.02,0.007332464407383268
530.22,0.0075571176835945286
530.43,0.0030267697999119734
530.63,0.005278354218902983
530.83,0.006111953991574314
531.03,0.002577146773111457
531.23,0.0023133426270100332
531.43,0.0017534756460652148
531.63,0.006515964714332065
531.83,0.0015422035915748115
532.03,0.0078504521403753
532.24,0.004582333159333787
532.44,0.0027217290532372705
532.64,0.004927809789115006
532.84,0.003754573280429429
533.04,0.0020644947708746476
533.24,0.006686082884020509
533.44,0.0023975771690167213
533.64,-0.0003777134437108744
533.84,0.004998264786936346
534.04,0.0037753532717622685
534.25,0.0041570417255046505
534.45,0.007012123509605957
534.65,0.005494676396238787
534.85,0.008774027928250982
535.05,0.004363722960412338
535.25,0.0040181586673152135
535.45,0.004066121212334127
535.65,0.004112602637218462
535.85,0.007224308679839149
536.05,0.008959532104314364
536.25,0.004074706379210963
536.46,0.0034819927320585997
536.66,0.005956583981232154
536.86,0.0073708418248709705
537.06,0.00712792109180357
537.26,0.0025024036497892847
537.46,0.0012379278741063496
537.66,0.0020533912061141252
537.86,0.008937467767535717
538.06,0.0007981674045648146
538.26,0.0023795511725393666
538.46,0.005462566179742608
538.66,0.004897029125333501
538.86,0.006218708000766678
539.07,0.005279480812025842
539.27,0.004250858365025275
539.47,0.00036871141664275873
539.67,0.005576833361070051
539.87,0.0029229459099999085
540.07,0.002502136882417977
540.27,0.0059025185976305
540.47,0.00602393688967781
540.67,0.0039243918818231294
540.87,0.003284077978921581
541.07,0.007227905292106493
541.27,0.006357518410578102
541.47,0.004776987001324949
541.67,0.00648730458688053
541.87,0.0049720607823750705
542.07,0.0019779707599298217
542.27,0.0037613415260724977
542.47,0.005908440437625364
542.67,0.003772542577395278
542.87,0.005843707262135426
543.08,0.007156873929969705
543.28,0.004107772273862244
543.48,0.006488774977455033
543.68,0.004679622981537468
543.88,0.0044587004702650755
544.08,0.006569915255051811
544.28,0.005917895484155694
544.48,0.002806988367342817
544.68,-0.0007989388199142998
544.88,0.005398297060619368
545.08,0.005421491920698079
545.28,0.005641174580179747
545.48,0.0033364769716733183
545.68,0.0017270010715025252
545.88,0.0007939265573976069
546.08,0.0020741712607152464
546.28,0.0037430834945618857
546.48,0.006049939167382664
546.68,0.004481282192492082
546.88,0.006307620993355885
547.08,0.006676079630134352
547.28,0.007004734137379827
547.48,0.005421178474560928
547.68,0.007552804283636315
547.88,0.0013379028613833117
548.08,0.008141606569535947
548.28,0.003432667879210555
548.48,0.005043974730057347
548.68,0.004673570228869989
548.88,0.0010957206668877472
549.08,0.006340573109879877
549.28,0.0045979539200172925
549.48,0.005386570878637088
549.68,0.005901802043958073
549.88,0.0007788632196938062
550.08,0.004932346091703444
550.28,0.003496612550903806
550.48,0.006633371365414369
550.68,0.006106206554726322
550.88,0.004636054879669949
551.08,0.0070462561528425675
551.28,0.004413295580910735
551.48,0.0060302603802796905
551.68,0.005341293698736705
551.88,0.003044399631238599
552.08,0.005902418905185704
552.28,0.005429852463013391
552.48,0.0030796211676966645
552.68,0.005178941260670428
552.88,0.0073676038264585035
553.08,0.0025617688292644946
553.28,0.004733040609481106
553.48,0.005729355034252416
553.68,0.002842202142835083
553.88,0.003081000646434779
554.08,0.008950778265329827
554.28,0.001197104875621596
554.47,0.00795128170891031
554.67,0.006506421939982973
554.87,0.003891306402370126
555.07,0.0041247026195789785
555.27,0.0064875974564353
555.47,0.003177476345070521
555.67,0.003240289963174992
555.87,0.0027021181830632784
556.07,0.004428847279346477
556.27,0.002679959518372057
556.47,0.004748516800648675
556.67,0.005664102314528292
556.87,0.007026674044643655
557.07,0.006135802302413191
557.27,0.003400002119292029
557.47,0.003523054259741343
557.67,0.004716707308212858
557.87,0.00025355053793681126
558.07,0.005337610154302933
558.26,0.005614796760814614
558.46,0.003487764798797502
558.66,0.0022621722575190016
558.86,0.004499555067049307
559.06,0.005183682178588342
559.26,0.009322192780495309
559.46,0.0036451279713509304
559.66,0.006393493528784494
559.86,0.004605860274937908
560.06,0.003379405348140496
560.26,0.006027608217497021
560.46,0.0035813343512104702
560.66,0.008508040326391068
560.86,0.004628390639179354
561.05,0.004799857518144178
561.25,0.000643104748143526
561.45,0.004447357468182674
561.65,0.003888993047445861
561.85,0.0034770693604992122
562.05,0.004529592413818013
562.25,0.0056652753759268565
562.45,0.0070914746334072775
562.65,0.0033980305393695367
562.85,0.0040852426323717515
563.05,4.671369178306551e-05
563.24,0.004747373332330886
563.44,0.005433310091172927
563.64,0.005787241011618989
563.84,0.006854943044662373
564.04,0.007900924629549168
564.24,0.008014157135500907
564.44,0.003097417662113477
564.64,0.00014327576029860592
564.84,0.00666483082088956
565.03,-0.0003481267692451785
565.23,0.0037597196398684294
565.43,0.0006359004884663102
565.63,0.004446423603013625
565.83,0.0036753120406933884
566.03,0.0061631694304001994
566.23,0.0012177179186471743
566.43,0.003950157307615476
566.63,0.006041118064636326
566.82,0.005937590837793329
567.02,0.0032275508317577166
567.22,0.0010326170048005556
567.42,0.004118359294729697
567.62,0.004441281677091771
567.82,0.0036251465527351503
568.02,0.004876695817010778
568.22,0.005047022388268851
568.41,0.005405250043200644
568.61,0.004814496770789979
568.81,0.0029510733566952756
569.01,0.004916600702011111
569.21,0.002308008204836528
569.41,0.0028650469517306244
569.61,0.0023741247966743446
569.8,0.0035476217218439274
570.0,0.006757579468217028
570.2,0.003707901279338621
570.4,0.004898943363103149
570.6,0.004822945338666994
570.8,0.0034469969598892075
571.0,0.0020879353436138565
571.19,0.005179544156084415
571.39,0.0009917366634244762
571.59,0.0037000557343598735
571.79,0.005232852068519507
571.99,0.005196187993991791
572.19,0.006002536224495619
572.38,0.002361523858055862
572.58,0.005291303027547651
572.78,0.0033099350205493708
572.98,0.004986810689039998
573.18,0.006239067359857699
573.38,0.004277119125188509
573.57,0.005291303027547651
573.77,0.0022465936991396184
573.97,0.0038939082192231255
574.17,0.004157748808668213
574.37,0.004570926249003783
574.57,0.006933405648796698
574.76,0.0032564656117163478
574.96,0.004229123172742051
575.16,0.0022314291234843847
575.36,0.003116996661322623
575.56,0.005910426720427378
575.75,0.0060062830247702625
575.95,0.003759353417249862
576.15,0.0023102468259151117
576.35,0.005052368052907341
576.55,0.003470980052905148
576.74,0.0037351625747126162
576.94,0.003269747888550836
577.14,0.003956622323256974
577.34,0.006082494274011908
577.54,0.003385475585334347
577.74,0.003270678603522971
577.93,0.005027196904346787
578.13,0.0030490925175127794
578.33,0.0026689758450098955
578.53,0.005116364087266396
578.72,0.0043094864409126046
578.92,0.003752731328652346
579.12,0.005594544708001252
579.32,0.0036436357318188747
579.52,0.0033758096756778444
579.71,0.004515705395475813
579.91,0.0037625786470832936
580.11,0.0007109037993478342
580.31,0.004393830611520962
580.51,0.005132272173445926
580.7,0.002912152417884078
580.9,0.003717222770826597
581.1,-0.0005164923015091821
581.3,0.003280951547847014
581.49,0.005487951658759135
581.69,0.004614102098230952
581.89,0.00518836200037077
582.09,0.004469364179859654
582.29,0.005331260461567147
582.48,0.005341850895701717
582.68,0.0033474561743270753
582.88,0.0026939774373007847
583.08,0.0019454767409384612
583.27,-0.0007914992116721227
583.47,0.007920064782440213
583.67,0.0010737355661017442
583.87,0.003426950588570909
584.06,-0.0015541179729431237
584.26,0.005200875799596449
584.46,0.00444884035853669
584.66,0.005931074494228424
584.85,0.0006024522048444695
585.05,0.0036010040387137432
585.25,0.004263804746682915
585.45,0.00430946756717414
585.64,0.00023547856476672057
585.84,0.005503447822879382
586.04,-0.0006027599431313392
586.24,0.0037903378221542943
586.43,0.005533656581034285
586.63,0.0031324049565048524
586.83,0.002292070339572094
587.03,0.00843045852161447
587.22,0.002836254911381686
587.42,0.004445923761351898
587.62,0.004352268627180812
587.82,0.004918806146703642
588.01,0.0049590879414931075
588.21,0.008591694008789352
588.41,0.0043400745193381786
588.6,0.0045742796824923765
588.8,0.0019360929433477672
589.0,0.005076312296958406
589.2,0.001719457528729343
589.39,0.00466442005910061
589.59,0.0024969386290554932
589.79,0.006587036741281199
589.98,0.005653909188350751
590.18,0.006835314286373447
590.38,0.0031690475033044705
590.58,0.004523881755870818
590.77,0.0022950798656081153
590.97,0.003576232947688694
591.17,0.005974275582002711
591.36,0.003945133672435959
591.56,0.0023594359611894314
591.76,0.00517625829129435
591.96,0.0037385183691141465
592.15,0.0010664485390925826
592.35,0.005032362508848532
592.55,0.004965535210538363
592.74,0.0011685412648085763
592.94,0.004450091500517444
593.14,0.004125930486931887
593.33,0.0033436918856687603
593.53,0.0029477176835096645
593.73,0.004400996585450937
593.92,0.004648096586062339
594.12,0.0038558257617588676
594.32,0.0035299650964180545
594.51,0.002073666100256299
594.71,0.004005651996511755
594.91,0.0044970406302197825
595.11,0.0030039603558430178
595.3,0.004893119208352555
595.5,0.0033232783867595955
595.7,0.004711005608819667
595.89,0.005765194741052043
596.09,0.005338973167457697
596.29,0.0050012731894700825
596.48,0.00802556536016557
596.68,0.0071385230755386
596.88,0.0024703741413360197
597.07,0.004908223587804782
597.27,0.00340360421511155
597.47,0.0026129546026081685
597.66,0.004241927803670659
597.86,0.001247858731062623
598.06,0.003032009923307988
598.25,0.0076088201709490185
598.45,0.0028280945199867964
598.64,0.00433198300470419
598.84,0.004949448368746393
599.04,0.004394071316673135
599.23,0.004725828308005509
599.43,0.004700475742684216
599.63,0.004203109855745656
599.82,0.0038210100869496087
600.02,0.005180125329405386
600.22,0.003668509558083847
600.41,0.003985112615630542
600.61,0.006118536432369855
600.81,0.006094659002196245
601.0,0.004204664480014959
601.2,0.0032289213909411454
601.39,0.0030824986624837917
601.59,0.005671053666439572
601.79,0.0008726445970108727
601.98,0.003775486885459899
602.18,0.002511890943740159
602.38,0.002679777884840993
602.57,0.004558101459434293
602.77,0.003267888046786421
602.96,0.005034731689275263
603.16,0.006166464165665289
603.36,0.0033183328044505606
603.55,0.0036732891654874885
603.75,0.002052828035972307
603.95,0.002347476206152241
604.14,0.0021313311559458294
604.34,0.00851887945696792
604.53,0.0017905443512840982
604.73,0.0063861200344552255
604.93,-0.0006994748090480522
605.12,0.0032371723639171364
605.32,0.002561068076388713
605.51,0.008668008759742548
605.71,0.0052402332686551705
605.91,0.004807491077616909
606.1,0.001316945981645253
606.3,0.005164513387962236
606.49,0.003531585316926352
606.69,0.004773378247440126
606.89,0.004123823669593026
607.08,0.005382865631686157
607.28,0.004145340735200361
607.47,0.005860971576031702
607.67,0.003643275677548572
607.87,0.0024255548469072482
608.06,0.00013096780081366897
608.26,0.0038472153388120424
608.45,0.0038955592867698503
608.65,0.001309438601390684
608.84,0.002861678142489922
609.04,0.005303285622794311
609.24,0.0054648513387111
609.43,0.0035319515601518136
609.63,0.0018228285006971368
609.82,0.004950811325000974
610.02,0.001453838638833656
610.21,0.005294057812963029
610.41,0.0030399321400100847
610.61,0.0055577049913739926
610.8,0.0016166705653561542
611.0,0.002762943025392615
611.19,0.0045969035267927946
611.39,0.005465801680811914
611.58,0.0035114592920715833
611.78,0.004012471960150167
611.98,0.00361075503271102
612.17,0.0033686195841054105
612.37,0.0032693205167516224
612.56,0.003230703624733479
612.76,0.003161577075824952
612.95,0.005348845866631713
613.15,0.003142859534110367
613.34,0.0034818534192629993
613.54,0.00284245295900728
613.73,0.004947443871393856
613.93,0.0024170204657352648
614.13,0.004361054735823832
614.32,0.0007079132071354077
614.52,0.003064429795119342
614.71,0.004890555567969604
614.91,0.00233510053285056
615.1,0.004832165643141984
615.3,0.0035230280256283593
615.49,0.004030712986014999
615.69,0.0012177605978923058
615.88,0.0037680821591548988
616.08,0.002663335138519915
616.27,0.002746588607073716
616.47,0.005207032537132379
616.66,0.0016283729777325368
616.86,0.0059068264533925765
617.06,0.0010321748582210958
617.25,0.00461127692091934
617.45,0.004368395795172933
617.64,0.002668252582754407
617.84,0.005165271128403701
618.03,0.0052970060883298685
618.23,0.002495908166136561
618.42,0.004419402880097689
618.62,0.0050857955285880194
618.81,0.004202256925324702
619.01,0.0029513500265036445
619.2,0.0034238449163668965
619.4,0.003808657347312466
619.59,0.004262460824175058
619.79,0.004616729395276936
619.98,0.0038111561647715154
620.18,0.003838704038158414
620.37,0.000532809547094118
620.57,0.005106581924517154
620.76,0.0012724645013172894
620.96,0.0018655329132027025
621.15,0.004377902382410842
621.35,0.0018481947778956293
621.54,0.002619443039763502
621.74,0.003942521979377176
621.93,0.00587383972102035
622.13,0.0018656878002773329
622.32,0.0033837482041412827
622.51,0.004439482815931251
622.71,0.0031890674176903075
622.9,0.002889100797148226
623.1,0.0037027042649534565
623.29,0.005095649658804081
623.49,-0.00012858241966699546
623.68,0.0016184921322385545
623.88,0.0012921251267415258
624.07,0.005707240686689245
624.27,0.007244310860984726
624.46,0.004202618257232829
624.66,0.0025404390452075823
624.85,0.0024424061083703342
625.05,0.004843976772438603
625.24,0.002374289400530176
625.43,0.004194441792780001
625.63,0.006637275151151004
625.82,0.00717813718396892
626.02,0.005900397104465433
626.21,0.0023970778364335874
626.41,0.004149062139393166
626.6,0.0024919709747581896
626.8,0.0038834525362982154
626.99,0.0032289492585493218
627.19,0.004246285131117299
627.38,0.0018092500599395575
627.57,0.005353389354809777
627.77,0.0036261538844256
627.96,0.004792003133009759
628.16,0.0026948067448712
628.35,0.002942367606506925
628.55,0.0031404239370986034
628.74,0.003438076877122445
628.93,0.0014339672038328516
629.13,0.004333978596057816
629.32,0.005569160219858008
629.52,0.0034929722986899604
629.71,0.005633886935625073
629.91,0.0029567532794105658
630.1,0.0047721197029014385
630.29,0.0041306366664194015
630.49,0.005443891741565764
630.68,0.004568089015573219
630.88,0.003300129287007974
631.07,0.006393313660785321
631.27,0.005707413151048627
631.46,0.003108927866000515
631.65,0.0036094979670157853
631.85,0.001169633746916246
632.04,0.002989176962809888
632.24,0.00349026117552096
632.43,0.004241640348560537
632.62,0.004303307913013745
632.82,0.006842343804644266
633.01,0.0031215129888937988
633.21,0.005553294792303001
633.4,0.001702852947181362
633.59,0.004626083856847968
633.79,0.004308412541230349
633.98,0.005691581267543065
634.18,0.0043662105527496236
634.37,0.0038526462435503677
634.56,0.0034158775867008536
634.76,0.0042599064559317055
634.95,0.004075539601253928
635.14,0.005131143313279153
635.34,0.002261400816608094
635.53,-0.0005912423810356771
635.73,0.004366198141473896
635.92,0.0074966490414918
636.11,0.003967643948644961
636.31,0.003995089429832913
636.5,0.004025259049827431
636.7,0.0033389457880466608
636.89,0.0014722918784084364
637.08,0.004924003792067252
637.28,0.003918697254249379
637.47,0.004766780494327807
637.66,0.004529625610995847
637.86,0.004273803818608034
638.05,0.0038557216708148545
638.24,0.003487328124428939
638.44,0.004288930358274488
638.63,0.0024381001271566462
638.83,0.0006738437350863039
639.02,0.004939593304752001
639.21,0.0023750653957909837
639.41,4.234010872035293e-05
639.6,0.00310482435208702
639.79,0.004715043240893234
639.99,0.004889704515797549
640.18,0.004834006430382994
640.37,0.0015898147114651634
640.57,0.006871345268642716
640.76,0.00022450415463402094
640.95,0.002500459197855836
641.15,0.000601164970160634
641.34,0.002597864663559298
641.53,0.0024065905064762794
641.73,0.007011545848135178
641.92,0.0034209450372980578
642.11,0.006103052715328379
642.31,0.0031231087560784636
642.5,0.003899851728344134
642.69,0.00463443885833798
642.89,0.0006776944554021942
643.08,0.005630335275167362
643.27,0.004780336226047937
643.47,0.006475576050493233
643.66,0.0035783804901464945
643.85,0.0032434804890524973
644.05,0.005363338356157721
644.24,0.002479918247450838
644.43,0.0026812810063001793
644.63,0.002052265590171731
644.82,0.0029579875330017005
645.01,0.0036870887008476965
645.2,0.004406686652366877
645.4,0.0038615569528139167
645.59,0.006858232575836575
645.78,0.003535155042744143
645.98,0.0019841316008774226
646.17,0.003940741027529786
646.36,0.007079048991920651
646.56,0.004909601338486506
646.75,0.0027352825406978896
646.94,0.007045831655634435
647.13,0.004713205271829776
647.33,0.003027486843830715
647.52,0.002595917573753533
647.71,0.004375215264045379
647.91,0.006945989171866181
648.1,0.0032166580121570443
648.29,0.0011482075278300438
648.49,0.005060278567616694
648.68,0.005157009382673776
648.87,0.004602200610168882
649.06,0.005587052825410432
649.26,0.0009705937759965628
649.45,0.007895634923970517
649.64,0.003473265326195866
649.83,0.003262938796829202
650.03,0.001366051100430057
650.22,0.0046060108869348275
650.41,0.0015640001926394685
650.61,0.0028569973500852143
650.8,0.0011732684307543236
650.99,0.004912359161581833
651.18,0.0027534266601469
651.38,0.0070219626696007694
651.57,0.0034048752278956
651.76,0.004759877398639312
651.95,0.005695981437829574
652.15,0.0027666090247576596
652.34,0.0052754799228319545
652.53,0.00397021147672566
652.72,0.0030562672099127782
652.92,0.007451824458722225
653.11,0.0035215755238838043
653.3,0.00695507104062685
653.49,0.004830950494320792
653.69,0.006208468226498405
653.88,0.005314702928113898
654.07,0.00766796356971794
654.26,0.0017482630572439582
654.46,0.005872751306380293
654.65,0.004460892862260657
654.84,0.0063230825189813985
655.03,0.004584663509514839
655.23,0.004331635882160044
655.42,0.001850090385442906
655.61,0.004223099050340725
655.8,0.005783138664260441
655.99,0.004664070939567143
656.19,0.0025800701825035672
656.38,0.0027957409737286378
656.57,0.001651895292217458
656.76,0.0007047345471597064
656.96,0.004027437193026026
657.15,0.00500418358942024
657.34,0.007881728892302063
657.53,0.003658535333857174
657.72,0.0054742468499182
657.92,0.003980547830275162
658.11,0.009336003003890942
658.3,0.0023227459411696255
658.49,0.0033906534048026215
658.68,0.004018672343930556
658.88,0.0022461637072957842
659.07,0.002526248577504754
659.26,-0.00024297708100537525
659.45,0.006410889591677912
659.64,0.004327925338237931
659.84,0.005372270361657162
660.03,0.0015674233360889077
660.22,0.004162836835623479
660.41,0.005118409043937898
660.6,0.0022971655617388368
660.8,0.004776841643861504
660.99,0.005268279377798223
661.18,0.0018872088519264526
661.37,0.0039555624151607315
661.56,0.006422048000455966
661.76,-0.0017157369306652816
661.95,0.004082016482260847
662.14,0.007205401806518799
662.33,0.0041112570864081325
662.52,0.004124832877367014
662.71,0.004464320448698544
662.91,0.005799222239815488
663.1,0.00014178452288468444
663.29,0.003328150499222579
663.48,0.006368504089089781
663.67,0.004502819882673645
663.86,0.0018025152371334324
664.06,0.005693693643203842
664.25,0.003399706184215618
664.44,0.004366571621416866
664.63,0.0014889818459151356
664.82,0.00803228187644363
665.01,0.0018945538838354657
665.21,0.0027211432150821995
665.4,0.002786523436193546
665.59,0.003509059108839196
665.78,0.0033860144846371513
665.97,0.004358440578657641
666.16,0.0027106715700350326
666.35,0.006420495721162134
666.55,0.0031099671443292815
666.74,0.0033546799858818668
666.93,-5.2186378503184285e-05
667.12,0.005745162205845401
667.31,0.007127051985701327
667.5,0.004598165076226184
667.69,0.0037990749367975345
667.89,0.0013497582148735826
668.08,0.0019495648685025199
668.27,0.0041656949534300955
668.46,0.003057373300912885
668.65,0.002966561818940884
668.84,0.007622371529569277
669.03,0.006531139804284699
669.22,0.003418926001283662
669.42,0.006185593447623339
669.61,0.0031235484996149604
669.8,0.0045692965394292994
669.99,0.003568005401397898
670.18,0.005942682391608863
670.37,0.0038531057040735598
670.56,0.002752773409297436
670.75,0.001957797934854124
670.94,0.0035275545257762646
671.14,0.0015268953329402235
671.33,0.0046237854912848176
671.52,0.005813132207184255
671.71,0.004515750828864086
671.9,0.002230068694112187
672.09,0.0061539083004944215
672.28,0.0032145043335449785
672.47,0.00653309494829268
672.66,0.005610947835233497
672.85,0.004578037227652783
673.05,0.007354146293743157
673.24,0.008461107478007717
673.43,0.0006458002700227739
673.62,0.007286124032998222
673.81,0.005289186555958887
674.0,0.00602699736106975
674.19,0.0063111991351037094
674.38,0.0021680502258310023
674.57,0.004784695934150522
674.76,0.00492170022371365
674.95,0.0038373481072132495
675.15,0.004693839512762096
675.34,0.004533498494517672
675.53,0.004775070204061256
675.72,0.003261646012947586
675.91,0.002694142847781116
676.1,0.004086569457333654
676.29,0.005312750053812222
676.48,0.0038347575473896486
676.67,0.006771396921705888
676.86,0.005273770017061031
677.05,0.004830451850464261
677.24,0.0037462206179952385
677.43,0.0036219254862566315
677.62,-0.0007583017374276032
677.81,0.0021752986799154993
678.0,0.005568577349637401
678.2,0.006011555648587871
678.39,0.00666213126911456
678.58,0.0036577806941437345
678.77,0.005846827537068276
678.96,0.004777473003856518
679.15,0.006731623549280304
679.34,0.004659189210407308
679.53,0.004672594922133895
679.72,0.005292958541512313
679.91,0.006159328907716619
680.1,0.007020190192386777
680.29,0.0011905201890048838
680.48,0.0028389711898512303
680.67,0.006086209708264667
680.86,0.00808993289819384
681.05,0.0034870591642920524
681.24,-0.0009597426194198391
681.43,0.004154404465092952
681.62,0.008099001894153935
681.81,0.0035451560693641657
682.0,0.005551789510809734
682.19,0.0026128428180031958
682.38,0.005633902378680243
682.57,0.0032459714744813403
682.76,0.005280469348811004
682.95,0.0029024217895419714
683.14,0.005332439935052235
683.33,0.008223028574214763
683.52,0.002742145536048654
683.71,0.006467354328122438
683.9,0.004132043122669305
684.09,0.004932217243031486
684.28,0.001500779487630977
684.47,0.001291756196014599
684.66,0.005064664204306491
684.85,0.0024223430238191537
685.04,0.004998336360773431
685.23,0.003955311452577503
685.42,0.00795376274448402
685.61,0.0029292975274360306
685.8,0.006464677296575962
685.99,0.004631709244199316
686.18,0.003508710264304781
686.37,0.0008798097668223964
686.56,0.002440223864828431
686.75,0.00615078065630524
686.94,0.0031260644247521163
687.13,0.0019004349720005088
687.32,0.006184308322912693
687.51,0.006781440589461106
687.7,0.005110942724218321
687.89,0.0025428686234382778
688.08,0.004508307260258595
688.27,0.0016061530487219715
688.46,0.005909831310624337
688.65,0.005535831864334742
688.84,0.007371365605306563
689.03,0.0036572413416729012
689.22,0.009235940059175489
689.41,-0.00037323895701588
689.6,0.0038942218873014764
689.79,0.007503957054206831
689.98,0.005424988352378729
690.17,0.00893641684048213
690.36,0.00450266128752393
690.55,0.0034095995316380436
690.74,0.005022627895851169
690.93,0.0031297523587743696
691.12,0.006092173076855917
691.31,0.004860766999609833
691.49,0.003160293170904632
691.68,0.004500752666735031
691.87,0.0029612884953474326
692.06,0.004644770659987238
692.25,0.003963333552736462
692.44,0.004147238493992688
692.63,0.004340789181785743
692.82,0.0035324072263827016
693.01,0.006216631152191844
693.2,0.005650275861937898
693.39,0.004105580403156867
693.58,0.0010965238573984136
693.77,0.002792773475672818
693.96,0.003675177651483632
694.15,0.006997360322592742
694.33,0.004609655444943325
694.52,0.006920876193815429
694.71,0.0035704651734793334
694.9,0.00424445885953909
695.09,0.0017579671925467455
695.28,0.004974722065947899
695.47,0.002664501249843374
695.66,0.0017289952004241158
695.85,0.002362042465341653
696.04,0.004051533843661181
696.23,0.004577136587285449
696.42,0.006691414852172638
696.6,0.00373992626341506
696.79,0.005678477824140239
696.98,0.004512708163808979
697.17,0.0036763535238019283
697.36,0.0033244936027532275
697.55,0.005575241296305714
697.74,0.00047132626204906376
697.93,0.004305233435795163
698.12,0.0022955352627520697
698.31,0.008668225611776175
698.49,0.00512626202103689
698.68,0.004256818066319158
698.87,0.002054908147921502
699.06,0.004528587017181173
699.25,0.004309818118856904
699.44,0.008508698061935837
699.63,0.002741650279101629
699.82,0.0038453394415776344
700.0,0.003754433487211698
700.19,0.005031274596055133
700.38,0.005946443066114224
700.57,0.006268353973482007
700.76,0.0058942155103928265
700.95,0.005172582061875797
701.14,0.005919195148941464
701.33,0.0041932904999523665
701.51,0.00288625700041849
701.7,0.007272975974916929
701.89,0.008793255320428493
702.08,0.007139404808772984
702.27,0.005699384894656914
702.46,0.005906358686770315
702.65,0.006810729791638811
702.83,0.009017711718777353
703.02,0.0013500689442476474
703.21,0.00424277310347646
703.4,0.005100298501098903
703.59,0.0032359391866192593
703.78,0.0050997872673417734
703.97,0.0030576338150197645
704.15,0.002143588342332607
704.34,0.005588337640416312
704.53,0.0029212941662640785
704.72,0.004202910795723607
704.91,0.004259574337588254
705.1,0.0034076466984308664
705.28,0.007389675885671786
705.47,0.005734891311484373
705.66,0.0062819293393990535
705.85,0.007878680454853132
706.04,0.005331765761070479
706.23,0.004428763025862641
706.41,0.008388048280552054
706.6,0.005194363438178877
706.79,0.006746406778912818
706.98,0.011423760401113344
707.17,0.008169940604000586
707.35,0.007639862183517176
707.54,0.008755322933075873
707.73,0.0073891355632952314
707.92,0.008097821783610869
708.11,0.005049261234636883
708.3,0.005789946442896176
708.48,0.0062423481631018775
708.67,0.006608301926611999
708.86,0.008862985634839926
709.05,0.008493526677360655
709.24,0.012054405724393636
709.42,0.005707944250509706
709.61,0.00638677633091153
709.8,0.007890858415307213
709.99,0.007211972768093011
710.18,0.005582191412949686
710.36,0.008100044773319706
710.55,0.01138363503033196
710.74,0.010401326694523627
710.93,0.01061679494477195
711.12,0.00881454385594171
711.3,0.0075806349271783004
711.49,0.009394713604038662
711.68,0.012321415072945806
711.87,0.011524248931778435
712.05,0.005324589338475155
712.24,0.009322499439885598
712.43,0.01311140134249637
712.62,0.006551785709247433
712.81,0.009815710935704014
712.99,0.01387399542370354
713.18,0.01373600345502055
713.37,0.011456930579557191
713.56,0.011528554286835874
713.74,0.009553247260105636
713.93,0.009940726524710342
714.12,0.012132606919227138
714.31,0.014304318798468146
714.49,0.013810009793309628
714.68,0.012851417729945457
714.87,0.010927893034204174
715.06,0.012568764006552307
715.24,0.011677846518223576
715.43,0.009472100138527626
715.62,0.014902036318933607
715.81,0.0125158990756631
715.99,0.01392435037488636
716.18,0.012791764700587942
716.37,0.014422297439513924
716.56,0.012276918571830907
716.74,0.018595719120480973
716.93,0.016177195215725842
717.12,0.014998164451020849
717.31,0.016194100323815186
717.49,0.015784640519177665
717.68,0.015680091256072892
717.87,0.01897938512254847
718.06,0.019090217907303288
718.24,0.014465659808981651
718.43,0.01991376626127033
718.62,0.016297498030286805
718.8,0.021894469536319516
718.99,0.018696622097753995
719.18,0.021749967271640275
719.37,0.022339917153726498
719.55,0.02057276973146458
719.74,0.022513074981367013
719.93,0.0274616637813868
720.11,0.020495559100913094
720.3,0.020066520688581557
720.49,0.020874048255808644
720.68,0.022076040981174508
720.86,0.024721402205238583
721.05,0.027642427479852294
721.24,0.029145028154027156
721.42,0.022019917241213487
721.61,0.02751619158671213
721.8,0.027575615063225378
721.98,0.029880836867525053
722.17,0.030096109542301425
722.36,0.026333189077452284
722.55,0.02594078003886887
722.73,0.02683780630105018
722.92,0.02868211983414398
723.11,0.028935093996470873
723.29,0.030185518030685008
723.48,0.03140299315267213
723.67,0.03171242691974821
723.85,0.026969662882575154
724.04,0.03392682237730114
724.23,0.03787304463797141
724.41,0.032695335617352696
724.6,0.03527331626929062
724.79,0.033765054198421116
724.97,0.03987972607192343
725.16,0.033146812014573604
725.35,0.03605621898578514
725.53,0.03833669145974903
725.72,0.03667411419693745
725.91,0.03831477425961189
726.09,0.04097169131659944
726.28,0.04010963538985131
726.47,0.03886802704687466
726.65,0.04060917508495409
726.84,0.043567228449681264
727.03,0.04413353697507341
727.21,0.04559307889198776
727.4,0.041523558502851346
727.59,0.0442565074711459
727.77,0.049896390796686785
727.96,0.046080421962332
728.15,0.046882209617388586
728.33,0.04881474143829458
728.52,0.04813488733017739
728.7,0.05133990581102065
728.89,0.04945825226995691
729.08,0.051779165454037254
729.26,0.04911398406610619
729.45,0.0530330313444552
729.64,0.060304689603307225
729.82,0.058834878891111324
730.01,0.060062096601918684
730.2,0.062375898050907305
730.38,0.055631606133040565
730.57,0.0578233517227939
730.75,0.06606475616939309
730.94,0.07058706857782032
731.13,0.06103957054639992
731.31,0.06926699526956437
731.5,0.07037096954271926
731.68,0.06752520849939837
731.87,0.07047861867784026
732.06,0.07064578861307189
732.24,0.07245680626564963
732.43,0.07146581732598617
732.62,0.07618649239863128
732.8,0.0814706488212737
732.99,0.07763894841568332
733.17,0.07840152561235385
733.36,0.07794616874020636
733.55,0.07990065741961984
733.73,0.08027908160577743
733.92,0.08232402019009197
734.1,0.0840755939416378
734.29,0.08314614079509322
734.48,0.08237242368724977
734.66,0.09266445987292765
734.85,0.08608433677202108
735.03,0.09017574635231525
735.22,0.09060086802615677
735.4,0.08819985389016288
735.59,0.09655324314584392
735.78,0.09452721381336383
735.96,0.09246440389130009
736.15,0.10213386438604069
736.33,0.10304190484465353
736.52,0.09966892760004642
736.7,0.10888602915240578
736.89,0.10323539903347762
737.08,0.10542049453782122
737.26,0.11071256128493306
737.45,0.11776681811780373
737.63,0.11116573280765163
737.82,0.10254587595766917
738.0,0.1136613689477108
738.19,0.10754812918362538
738.38,0.11628490547545875
738.56,0.11727081249231061
738.75,0.11797676610971086
738.93,0.11992902638336521
739.12,0.11568793209808904
739.3,0.12114711527605285
739.49,0.13063358999290464
739.67,0.12838535395560982
739.86,0.12771102873197812
740.04,0.12805068552215843
740.23,0.1285209568301748
740.42,0.12452496610047596
740.6,0.13726964953463958
740.79,0.13330808029328925
740.97,0.12999345290681996
741.16,0.13745126326659426
741.34,0.14115190214133247
741.53,0.14432453723453118
741.71,0.14913949820330402
741.9,0.14981578517059577
742.08,0.15154522784511743
742.27,0.14855157284740125
742.45,0.1452299118221836
742.64,0.1436806457657211
742.82,0.15346102388878155
743.01,0.15643371088552668
743.19,0.159573344494404
743.38,0.15993830482154714
743.57,0.15605001917577496
743.75,0.15677197042129565
743.94,0.15987605295735727
744.12,0.15923757640947994
744.31,0.15731327772295872
744.49,0.1612602286035392
744.68,0.15096457587056902
744.86,0.15568492004113244
745.05,0.16041323613010505
745.23,0.16740818707780944
745.42,0.1634748155719072
745.6,0.16931363857884496
745.79,0.17467559122146134
745.97,0.1619027721172761
746.16,0.16800336400066596
746.34,0.16054997497278198
746.52,0.16808170194092067
746.71,0.160799707431275
746.89,0.16748470087113276
747.08,0.15741736649849758
747.26,0.16658232299944398
747.45,0.15695164446475404
747.63,0.16130033277169126
747.82,0.15703173118144118
748.0,0.1614033249249609
748.19,0.1710483381922719
748.37,0.1733450949222505
748.56,0.16165630522394703
748.74,0.1653166557065153
748.93,0.1590326357986756
749.11,0.17011173198548446
749.3,0.1697197630876644
749.48,0.17438955229309483
749.67,0.17728845713336952
749.85,0.17336829248466265
750.03,0.1739065478522168
750.22,0.17310245923407871
750.4,0.17120753895596727
750.59,0.16658008649128755
750.77,0.1678020645699451
750.96,0.1727790515023246
751.14,0.16882206834222444
751.33,0.1707248104003097
751.51,0.1581857773341392
751.69,0.16580526272689766
751.88,0.16298573584006154
752.06,0.16499831880053106
752.25,0.16517215450972553
752.43,0.1729587217805738
752.62,0.1650835315005225
752.8,0.16381674663528037
752.99,0.15277927474089523
753.17,0.16120165118657281
753.35,0.15406257336319298
753.54,0.15576355993060198
753.72,0.1549488431272361
753.91,0.15757711352297377
754.09,0.15096641156303428
754.28,0.16224881549851541
754.46,0.1553311623019334
754.64,0.15317622432375572
754.83,0.14304263283905871
755.01,0.144501517917244
755.2,0.1391451275756531
755.38,0.14459888015204292
755.56,0.14363179802852605
755.75,0.1445067079714435
755.93,0.1399799227029423
756.12,0.14349440699275193
756.3,0.14686210292964458
756.48,0.1422379131008444
756.67,0.13660830214772743
756.85,0.13678543949048075
757.04,0.1358752564235772
757.22,0.141929196351945
757.4,0.13479385001638466
757.59,0.13826831844917015
757.77,0.13801594674315415
757.96,0.12808291543362962
758.14,0.12482952985475577
758.32,0.12765404724647728
758.51,0.12951107889353677
758.69,0.12272235084811182
758.87,0.12353778537676988
759.06,0.13011569106949733
759.24,0.11783960445728843
759.43,0.12034099350399931
759.61,0.11851512017078014
759.79,0.11787383545934667
759.98,0.12018948314667269
760.16,0.11462731512280236
760.34,0.11709625696399377
760.53,0.11315493624033436
760.71,0.10476234304786139
760.9,0.10928081671960284
761.08,0.11112439556510299
761.26,0.0995338847687425
761.45,0.10109637119304483
761.63,0.09737567856071695
761.81,0.0995994229363233
762.0,0.09901424345114994
762.18,0.09826000324366906
762.36,0.10212595176685536
762.55,0.09398529088485652
762.73,0.0945371960536482
762.91,0.09441099176225783
763.1,0.09057587621336549
763.28,0.0855928914443236
763.46,0.09426363417207066
763.65,0.08727894663622453
763.83,0.09098817351500621
764.01,0.08581778000721864
764.2,0.08290266809962152
764.38,0.07904107579915348
764.56,0.08032921113713337
764.75,0.08089229788947866
764.93,0.0789966983731513
765.11,0.07774324235357341
765.3,0.08104874489908757
765.48,0.07961553653151962
765.66,0.07756478379700098
765.85,0.07745924435117438
766.03,0.0797452626852506
766.21,0.07025523012331308
766.4,0.07042690853524643
766.58,0.06708217915633982
766.76,0.0745571686698915
766.95,0.06355573940750653
767.13,0.0711859953291417
767.31,0.059311413308085544
767.49,0.06908965580096346
767.68,0.07091226261365577
767.86,0.07184501133366121
768.04,0.06892465914608996
768.23,0.06274431780106317
768.41,0.06250943305137932
768.59,0.06182359177291256
768.78,0.06291454005663977
768.96,0.05896996948394321
769.14,0.06729107087480163
769.32,0.06319637027015657
769.51,0.05862690177768325
769.69,0.06514114944170048
769.87,0.060352430154828184
770.06,0.058417889185093136
770.24,0.05895834818328774
770.42,0.054314642529709134
770.6,0.057756708846200974
770.79,0.05491693377172944
770.97,0.059795775148747135
771.15,0.06524555571599852
771.33,0.05655843618360043
771.52,0.06218067543661033
771.7,0.053898407777301434
771.88,0.058412769382534306
772.07,0.056816833549893246
772.25,0.05452165051215866
772.43,0.057978182388565246
772.61,0.052236632592286475
772.8,0.051691408039915926
772.98,0.054012108345385244
773.16,0.05360499974594787
773.34,0.0606738459197976
773.53,0.05326917429736165
773.71,0.057430841932850585
773.89,0.05915546088935734
774.07,0.05605908382127923
774.26,0.054609564893215334
774.44,0.05815044108269389
774.62,0.058641046020984924
774.8,0.05664313910839638
774.99,0.05685974492724929
775.17,0.057398522254811124
775.35,0.05995226900163544
775.53,0.055719947095959906
775.71,0.05685128915342298
775.9,0.05662013245826396
776.08,0.05666506032808316
776.26,0.06716710401510638
776.44,0.054452827368414045
776.63,0.06499805514265444
776.81,0.05651956616401981
776.99,0.057290473988918615
777.17,0.05862847016495673
777.35,0.06558433720281702
777.54,0.05976266348052887
777.72,0.058144512223266845
777.9,0.05915242280766905
778.08,0.06201028031244755
778.27,0.0639947706128152
778.45,0.06837416861866741
778.63,0.06229191635103361
778.81,0.06873491226228805
778.99,0.06709900591705537
779.18,0.06477669899130191
779.36,0.06654494080565466
779.54,0.06645266241388312
779.72,0.06469207076849873
779.9,0.06555731987395993
780.08,0.0741146414889873
780.27,0.0590593331794001
780.45,0.07012097271002904
780.63,0.06980249103651605
780.81,0.06728584607836596
780.99,0.07288011206203103
781.18,0.06588040506680326
781.36,0.07636348002665547
781.54,0.06646594017169706
781.72,0.06295277003298606
781.9,0.06813180599945176
782.08,0.07152080384495386
782.27,0.07351194376983669
782.45,0.07217150478036169
782.63,0.07192861923193046
782.81,0.07332795025742123
782.99,0.07656530682863828
783.17,0.07571946680257192
783.36,0.07149248234268665
783.54,0.07909835101810457
783.72,0.08123393879105531
783.9,0.07342908390494889
784.08,0.0759424784125512
784.26,0.08032001429160429
784.45,0.0793877141529945
784.63,0.078323510078334
784.81,0.08219088578599239
784.99,0.08676935283470576
785.17,0.08256321768269559
785.35,0.09049258148215049
785.53,0.07820687909142772
785.72,0.07681072648311338
785.9,0.08711041660294679
786.08,0.08483240082579763
786.26,0.08580732096964645
786.44,0.08745132403742734
786.62,0.09341765952768771
786.8,0.08696983376413017
786.99,0.08993719156825103
787.17,0.0897037020493641
787.35,0.08922904898911398
787.53,0.08528206123566374
787.71,0.09411818912990354
787.89,0.0868203199882032
788.07,0.09344092751255939
788.25,0.09086046330613753
788.43,0.0891439099932053
788.62,0.09516794946961014
788.8,0.09011603769973885
788.98,0.09004776553778024
789.16,0.08935321151013735
789.34,0.08941997488906006
789.52,0.09550265047615178
789.7,0.0950175773698268
789.88,0.08929451412170121
790.06,0.09518131179492986
790.25,0.09283914797635115
790.43,0.09463682112952669
790.61,0.09333791919954029
790.79,0.09298919727723241
790.97,0.09523770927724884
791.15,0.0971070570788152
791.33,0.0947956941908429
791.51,0.10019605936363836
791.69,0.09548596243271576
791.87,0.09189840537795525
792.05,0.08907719034343557
792.24,0.10098734439537954
792.42,0.09318764921509405
792.6,0.10040338667494127
792.78,0.08609729601538535
792.96,0.09205253340420609
793.14,0.09179214794215726
793.32,0.09227553396155119
793.5,0.0982663940668889
793.68,0.09700184609632417
793.86,0.09262831844562991
794.04,0.09937270110826381
794.22,0.098472948477602
794.4,0.09402303258340437
794.58,0.0891981036529228
794.76,0.09946615577307394
794.95,0.09743045203109482
795.13,0.09697419424749013
795.31,0.08881551548630226
795.49,0.09500567662147225
795.67,0.09003520388892464
795.85,0.10586514241052462
796.03,0.09770731893099881
796.21,0.09465219181369926
796.39,0.09309111837909795
796.57,0.09381596358663569
796.75,0.09683410943147672
796.93,0.09696993209454817
797.11,0.09289739587611928
797.29,0.09806969013362098
797.47,0.09056167832565216
797.65,0.09137558606329983
797.83,0.10256169265953838
798.01,0.09030660611320206
798.19,0.0951670765716785
798.37,0.09235626811160705
798.55,0.09065117039776502
798.73,0.09436326332440603
798.91,0.09187684034902573
799.09,0.08802686556785622
799.27,0.09145914268738703
799.45,0.09689382887319196
799.63,0.08774364272186697
799.81,0.09948256518016317
799.99,0.0987501759343376
800.17,0.09823522673146144
800.35,0.0826889462081279
800.53,0.09279769485924706
800.71,0.09537271340582248
800.89,0.08626677722321884
801.07,0.0905792173112152
801.25,0.09024565329625463
801.43,0.0980648662745416
801.61,0.0932556465306448
801.79,0.08376188420613115
801.97,0.10383397695608022
802.15,0.07864230024127972
802.33,0.08714486710605256
802.51,0.09134903588971252
802.69,0.09294639581230918
802.87,0.08796371248932072
803.05,0.08551412654505251
803.23,0.08820942453635504
803.41,0.08591229187956319
803.59,0.0903628257892412
803.77,0.08605650267971679
803.95,0.07831819081373802
804.13,0.0916281254065114
804.31,0.08121241227256355
804.49,0.08765169391688642
804.67,0.08765092360825981
804.85,0.08215558146432696
805.03,0.08119939562565116
805.21,0.09578560198683432
805.39,0.08473359486888467
805.57,0.08418688553235447
805.75,0.08354408451850542
805.93,0.08289024989239314
806.11,0.08732317474351947
806.29,0.09138754536465118
806.47,0.08044252294551102
806.65,0.08546020559578882
806.83,0.08730850983384034
807.0,0.07619977518317649
807.18,0.08962564648651256
807.36,0.08213321891125891
807.54,0.07777337275202097
807.72,0.08068938173290255
807.9,0.08282526319314377
808.08,0.07667200455390898
808.26,0.07450663406830473
808.44,0.07663861602161431
808.62,0.0852066634935745
808.8,0.08349531712657883
808.98,0.07776162514850508
809.16,0.0817065042145107
809.34,0.07966674089770581
809.51,0.07664250416597014
809.69,0.08163787500009548
809.87,0.08178791499311666
810.05,0.0699583981370856
810.23,0.0719326288907835
810.41,0.0805617479819568
810.59,0.08073556873248112
810.77,0.07498048839266097
810.95,0.07988397175557331
811.13,0.07252544931353379
811.31,0.07100719271079681
811.48,0.08126700557499683
811.66,0.0765811049479705
811.84,0.07446807676105562
812.02,0.08575302570191873
812.2,0.06661552023784713
812.38,0.08291009658845695
812.56,0.07488385359824276
812.74,0.07412180493215105
812.92,0.07122030857816003
813.1,0.07736572514258033
813.27,0.07682806098233055
813.45,0.06567542721041998
813.63,0.07318138333768677
813.81,0.06532505016400174
813.99,0.07059155923836448
814.17,0.08203374575911167
814.35,0.07404626328846724
814.53,0.06886750892936704
814.7,0.07506738555901399
814.88,0.06883563667782339
815.06,0.05905291108945672
815.24,0.05972842197514208
815.42,0.06704779836249371
815.6,0.0732891931846006
815.78,0.06224303890591998
815.95,0.07274526227712558
816.13,0.06444464748814543
816.31,0.07324475738609883
816.49,0.06307582552841709
816.67,0.05799044701951293
816.85,0.054504083259712566
817.03,0.06544580603621872
817.2,0.06304775539921739
817.38,0.06122286185303855
817.56,0.05533850103761338
817.74,0.06828911134413343
817.92,0.06779626877500818
818.1,0.0672212844984613
818.27,0.05962158098393088
818.45,0.0686458889557689
818.63,0.06406639918759136
818.81,0.07413502157590064
818.99,0.07030285652973249
819.17,0.07311509520960732
819.34,0.05994041672129222
819.52,0.06461947200575036
819.7,0.062264245244012716
819.88,0.06441380394913945
820.06,0.0740720016804734
820.24,0.07388359383649193
820.41,0.059382786343863174
820.59,0.06568480979244395
820.77,0.06725543291122504
820.95,0.051767008328861525
821.13,0.05663084832570837
821.3,0.06647116776673344
821.48,0.06742189508120108
821.66,0.06408697429656639
821.84,0.059483692067670645
822.02,0.0557724165864546
822.19,0.06317949118398682
822.37,0.05203409949282401
822.55,0.05503763938312225
822.73,0.06343310619613099
822.91,0.0488221078192176
823.08,0.06594598548435686
823.26,0.058026817438625033
823.44,0.04986916476245887
823.62,0.04943959635979746
823.8,0.06428331957789646
823.97,0.05287922075784612
824.15,0.06297937843361025
824.33,0.0536707137183706
824.51,0.04070197347881099
824.69,0.059973479676762684
824.86,0.05624186910797053
825.04,0.04979691079125654
825.22,0.054955517751608646
825.4,0.04508832343832282
825.57,0.05712421544384011
825.75,0.048810020087533504
825.93,0.05472165899974963
826.11,0.048070700193162896
826.28,0.04615477794770075
826.46,0.05794103841436641
826.64,0.05787607246533174
826.82,0.059258939705706795
826.99,0.06467466522827325
827.17,0.05830242861402143
827.35,0.05228077866074024
827.53,0.055571939376829416
827.7,0.05558732337744572
827.88,0.05848449756514348
828.06,0.053331216639734905
828.24,0.054018953327715544
828.41,0.048651616702541235
828.59,0.042656966849099115
828.77,0.04519393228757929
828.95,0.04478961268965234
829.12,0.05480443105380877
829.3,0.046892313194457025
829.48,0.05692667197835399
829.66,0.05782366129620941
829.83,0.04634746065328892
830.01,0.051841543563976536
830.19,0.04891379349078435
830.36,0.044807724434995345
830.54,0.055943273623008404
830.72,0.04344383497335263
830.9,0.04227913910833902
831.07,0.04540006701659555
831.25,0.05587721364365884
831.43,0.057138920578234116
831.6,0.049136538907010446
831.78,0.0577289576862939
831.96,0.037817604229724716
832.14,0.05283519090616183
832.31,0.06557816175819546
832.49,0.05297052267038843
832.67,0.04970318009316615
832.84,0.038028976053595995
833.02,0.05021430441945547
833.2,0.049857686888520464
833.37,0.052007184073105575
833.55,0.04692842433725922
833.73,0.042642286392179464
833.91,0.04020415583655377
834.08,0.05287513807582361
834.26,0.05009409343392709
834.44,0.054237793395980616
834.61,0.05190870026735996
834.79,0.05363910954045904
834.97,0.04889999369623896
835.14,0.047183676475835025
835.32,0.04731165193997346
835.5,0.05136824005292901
835.67,0.045768481275881887
835.85,0.045886673301987174
836.03,0.039274773157925505
836.2,0.04428050136793312
836.38,0.043596199574802076
836.56,0.055260684898628856
836.73,0.054675161327475116
836.91,0.05125152709489792
837.09,0.039656021490228385
837.26,0.04254758980382721
837.44,0.0431071961100166
837.62,0.03356345043469903
837.79,0.05158273707369121
837.97,0.05476979737814109
838.14,0.02881921424812171
838.32,0.031449932286610076
838.5,0.0472083665538628
838.67,0.05025135959114915
838.85,0.04785472641482655
839.03,0.041146449552183266
839.2,0.05314068678892157
839.38,0.046554461733883785
839.56,0.05302739330990218
839.73,0.027672161875443396
839.91,0.042356023482606385
840.08,0.04401339467342661
840.26,0.06037375394939872
840.44,0.04265266434285148
840.61,0.05304873950432383
840.79,0.04436971156892246
840.97,0.03909028670663083
841.14,0.03694864236670794
841.32,0.03921630661333044
841.49,0.040802850545119326
841.67,0.05040604052896627
841.85,0.04762620632544512
842.02,0.040992803104957204
842.2,0.0496762879121248
842.37,0.03848629334567712
842.55,0.0451178933056639
842.73,0.046590231640135316
842.9,0.046480423186041064
843.08,0.03785682219610242
843.25,0.037625227010071004
843.43,0.03690699985360022
843.61,0.046429633628172505
843.78,0.044580434962106306
843.96,0.03593846545848331
844.13,0.030824933683436403
844.31,0.044362026138507524
844.49,0.04202869791916138
844.66,0.04534922301582643
844.84,0.04221641275606192
845.01,0.03977837741772249
845.19,0.03439254765911377
845.37,0.043010496684336215
845.54,0.04514098763300042
845.72,0.03929229573480313
845.89,0.0420843585188204
846.07,0.04184248671283622
846.24,0.03969489262856914
846.42,0.022008274688842887
846.59,0.041079807273343746
846.77,0.046448593902116864
846.95,0.053628221846367057
847.12,0.04635454827512372
847.3,0.03889685979045731
847.47,0.042677851582263004
847.65,0.02066399904566523
847.82,0.0365914159805746
848.0,0.04743011722272319
848.17,0.03449998570463367
848.35,0.042807807785676506
848.53,0.03881315422744356
848.7,0.026725985931423786
848.88,0.03609154523700111
849.05,0.032909276599339565
849.23,0.04738262343998064
849.4,0.041646991057161374
849.58,0.041180876871367296
849.75,0.03422793442544636
849.93,0.05101965890989631
850.1,0.04768697992450525
850.28,0.03719667581648936
850.45,0.03242627546801807
850.63,0.03861695281999612
850.8,0.03894963672415508
850.98,0.041008460412821676
851.16,0.05387551582370132
851.33,0.0536552350041148
851.51,0.03609611319293106
851.68,0.04225379020048303
851.86,0.0615896095232654
852.03,0.02895668372218517
852.21,0.036017339447896084
852.38,0.045875656477215296
852.56,0.04303924227567648
852.73,0.04670393456091159
852.91,0.040421227116495644
853.08,0.045557498972355975
853.26,0.04722300512960922
853.43,0.03590343628371078
853.61,0.03298486881649464
853.78,0.04274206286526617
853.96,0.03899023542245373
854.13,0.045794005560109194
854.31,0.034657702409035575
854.48,0.038316422149385354
854.66,0.03366884641544688
854.83,0.03332805963699959
855.0,0.04482681518475723
855.18,0.04197980122107543
855.35,0.04044643856733181
855.53,0.033889010937686516
855.7,0.04217994604671266
855.88,0.055772388785583986
856.05,0.035643089593103104
856.23,0.04208999034395277
856.4,0.02991241743383944
856.58,0.04420840225058402
856.75,0.04350748710872893
856.93,0.03299685905757444
857.1,0.038207505629851445
857.28,0.04004714236148721
857.45,0.04162120653754479
857.62,0.04946594595384008
857.8,0.049390749601275936
857.97,0.03750808481033988
858.15,0.02992070287125993
858.32,0.03778604831608757
858.5,0.048343736337336414
858.67,0.03167385630039888
858.85,0.0331924857799897
859.02,0.049638616656024155
859.19,0.038437331164816575
859.37,0.04775390093164146
859.54,0.03383479227744418
859.72,0.031127026224830788
859.89,0.03514260339387902
860.07,0.03238134128982179
860.24,0.027307837032849173
860.41,0.05016323913793956
860.59,0.03494372472385556
860.76,0.04346392803025339
860.94,0.03793192169679212
861.11,0.05525917928640452
861.29,0.037041939015328436
861.46,0.04117587453565538
861.63,0.03860044411490278
861.81,0.03946943799771591
861.98,0.03373623087775209
862.16,0.050905192172326974
862.33,0.04737487889020087
862.5,0.028283573514915873
862.68,0.03926235255947337
862.85,0.04971770370714769
863.03,0.04082970464273754
863.2,0.05768184330687156
863.37,0.04574324650189455
863.55,0.02209121948902051
863.72,0.04313493444231697
863.9,0.03685183395599495
864.07,0.02709085648768259
864.24,0.03574950030568326
864.42,0.02584828064922821
864.59,0.030881958828209908
864.77,0.030569241311960524
864.94,0.029421200626545154
865.11,0.04058300655219489
865.29,0.027900103380696796
865.46,0.041806995154646684
865.63,0.057959081351045896
865.81,0.03704274977028694
865.98,0.05658751209296014
866.16,0.02888879086347092
866.33,0.04887496477096212
866.5,0.015323683931059063
866.68,0.05208259708327178
866.85,0.0458451354520082
867.02,0.038664069359323684
867.2,0.030159600193454802
867.37,0.031126807744099552
867.54,0.04601146120926938
867.72,0.056503220090639614
867.89,0.03436509664720969
868.06,0.04471480623152004
868.24,0.024990624993226174
868.41,0.059618183190143066
868.59,0.050658279348602245
868.76,0.03548764695821758
868.93,0.03250056258257712
869.11,0.03665138030951182
869.28,0.05573498350370618
869.45,0.038116810531494974
869.63,0.035222914083815816
869.8,0.02633977834284894
869.97,0.040952082267302736
870.15,0.02918663567461891
870.32,0.03222043832766267
870.49,0.021949605007890706
870.66,0.04054448404300544
870.84,0.0319484290609211
871.01,0.039398712684655425
871.18,0.043375185140847906
871.36,0.028745888488254066
871.53,0.033188755969665876
871.7,0.03359213956862438
871.88,0.038429621578750274
872.05,0.033191666002978175
872.22,0.064298448146678
872.4,0.047947471256982004
872.57,0.0715772779216548
872.74,0.037374431795973106
872.92,0.05884440406822007
873.09,0.04229087571348011
873.26,0.051863489654869595
873.43,0.049471847435499254
873.61,0.04369878178346507
873.78,0.04663105220790301
873.95,0.03532469800760795
874.13,0.0499253807679093
874.3,0.05422117462188178
874.47,0.04226414113181059
874.64,0.055180481373717095
874.82,0.0357578831210865
874.99,0.024970620500246267
875.16,0.015508609109781442
875.34,0.04689514039307406
875.51,0.0317074546221128
875.68,0.05517534130277016
875.85,0.06369557877747312
876.03,0.04175568281819046
876.2,0.053238551259756677
876.37,0.06566118348390419
876.54,0.02959566705334904
876.72,0.028571886545967505
876.89,0.04639625560016994
877.06,0.058487882314424325
877.23,0.06705944380748344
877.41,0.029927720148533305
877.58,0.059330295161034795
877.75,0.06049936994841366
877.92,0.05107390916201645
878.1,0.0359275275665003
878.27,0.05546334508891727
878.44,0.07558103638368249
878.61,0.04490856091790939
878.79,0.05860837195033822
878.96,0.03402454993301543
879.13,0.05961945031712477
879.3,0.023481978360385354
879.48,0.04391171839432106
879.65,0.06130099164640989
879.82,0.03129086903476669
879.99,0.05456756434387722
880.16,0.04748310534281869
880.34,0.04684576615610484
880.51,0.051796756810051886
880.68,0.02980724667883885
880.85,0.059623972702063655
881.03,0.057991312278749124
881.2,0.03488478595508443
881.37,0.008622185837085586
881.54,0.08626693431738042
881.71,0.06605962714927571
881.89,0.045004474466672474
882.06,0.04191825986970625
882.23,0.05475128890741691
882.4,0.032562132933880175
882.57,0.05939468652344077
882.75,0.05506637960828583
882.92,0.05531015022627896
883.09,0.04230536225951702
883.26,0.05767640415649284
883.43,0.07535257326720636
883.61,0.06365661384856004
883.78,0.03341049455029384
883.95,0.03797256661360095
884.12,0.07929711595871368
884.29,0.04412607449856737
884.47,0.032319143171349825
884.64,0.027514234580692975
884.81,0.05112964633618096
884.98,0.04481970670116984
885.15,0.0522241943444764
885.32,0.041273699075573336
885.5,0.06561621662112477
885.67,0.05099922806415648
885.84,0.04665022675544674
886.01,0.028966457973970284
886.18,0.04961952805831752
886.35,0.07623349332486797
886.53,0.0293172488900059
886.7,0.054245194935711824
886.87,0.04795496724051311
887.04,0.056907893585214836
887.21,0.04728762867859684
887.38,0.06450565676804985
887.55,0.034725621458680384
887.73,0.04174020564433963
887.9,0.02700047417130892
888.07,0.026646691467335535
888.24,0.05390675338452396
888.41,0.040819362258688346
888.58,0.025036739736855274
888.75,0.05981886897993284
888.93,0.058737230840388704
889.1,0.04921759078998604
889.27,0.04928585797626236
889.44,0.06565750125704611
889.61,0.04063035742717606
889.78,0.037465127020785256
889.95,0.07272786343175021
890.12,0.10404037716774543
890.3,0.063179947217245
890.47,0.07357008764426873
890.64,0.07158504175454337
890.81,0.04909388570894663
890.98,0.028933181286062332
891.15,0.024098569979207455
891.32,0.05383762379276874
891.49,0.08387718918590573
891.66,0.06309132874218915
891.84,0.05026222278081836
892.01,0.0303055828895024
892.18,0.07834739035324516
892.35,0.041345956833197424
892.52,0.04136168961270522
892.69,0.06019854080704539
892.86,0.07995141012188843
893.03,0.05847228614248125
893.2,0.06400992340861214
893.37,0.05722386853986959
893.55,0.09712723354791875
893.72,0.059565814265428424
893.89,0.05294033866727234
894.06,0.04387261305454932
894.23,0.04924364070118077
894.4,0.05784858192432811
894.57,0.051939140688878796
894.74,0.042270095236549454
894.91,0.07800051758803977
895.08,0.0642914492965713
895.25,0.05050843441420761
895.42,0.07534717061472401
895.59,0.06981878471073852
895.76,0.07158969035178453
895.94,0.03026851460479193
896.11,0.06841089240503576
896.28,0.03395611231472151
896.45,0.04418230703195476
896.62,0.05702446127720625
896.79,0.04635649679564364
896.96,0.04999724754714109
897.13,0.032263438715249664
897.3,0.05031570548827745
897.47,0.10815820141997691
897.64,0.09032604285284228
897.81,0.061725513780861684
897.98,0.05864473210595784
898.15,0.06787368104589359
898.32,0.013947263685943881
898.49,0.04240578999651676
898.66,0.08193513159331663
898.83,0.07949093366370091
899.0,0.02769195306508744
899.17,0.03681734230287021
899.34,0.10590847611453046
899.51,0.06446221421331236
899.68,0.07896402744726572
899.85,0.06013040328423091
900.02,0.04479858634117614
900.19,0.04812083526431594
900.36,0.10189760869669422
900.53,0.058623754363142606
900.7,0.05160658363933782
900.87,0.055709327140657315
901.04,0.10864572729642147
901.21,0.054687699741773885
901.38,0.022672918760738618
901.55,0.061215969867474455
901.72,0.06531102637040137
901.89,0.059527192519519934
902.06,0.11455447623241695
902.23,0.07731490998059737
902.4,0.03313767992401184
902.57,0.04532104288102667
902.74,0.10411738489492274
