Wavelength [nm],#22-BP520-âˆ†28.csv
400.08,0.027646210122855903
400.29,0.04264863585788157
400.5,0.025566724919964007
400.71,0.06590088355296579
400.92,0.04711130013011939
401.13,0.0696228113194329
401.34,-0.02152376488889105
401.54,0.06214869402889135
401.75,0.03374866169100196
401.96,0.010103466894971668
402.17,0.009509914310333037
402.38,0.06146923555003113
402.59,0.023095687568652302
402.8,0.08551212624326972
403.01,0.022214244477972583
403.22,0.03755612272497042
403.43,-0.0007288738155799956
403.63,0.02218432514401164
403.84,0.03574788775247507
404.05,0.0326513177156077
404.26,0.008464966144840845
404.47,0.05374100684190168
404.68,0.007663047413774789
404.89,0.01691079276352698
405.1,0.06179531102191092
405.31,0.026723076578694112
405.52,0.027940178341563933
405.72,0.0142948715075285
405.93,0.08161145859276982
406.14,0.023337832740229745
406.35,0.04649147342984098
406.56,0.05575624177294409
406.77,0.018169172473906984
406.98,0.021441485830246944
407.19,0.04066674175019714
407.39,0.0714403657173051
407.6,0.05739831234053071
407.81,0.04562384043453925
408.02,0.0005580095670953724
408.23,0.03214589931200179
408.44,0.09803176051607675
408.65,0.05609274254824918
408.86,0.03673572051189763
409.06,-0.0017996807154683154
409.27,0.019376055862146687
409.48,0.0511744504622004
409.69,0.03919414714629968
409.9,0.04582792353871275
410.11,0.02475151042681743
410.32,0.061978334221275126
410.52,0.028406315112593943
410.73,0.04607006121655103
410.94,0.021890784679281648
411.15,0.03252102670298836
411.36,0.04585134603071078
411.57,0.032333684571942786
411.78,0.021841673089105836
411.98,0.0005419650577338038
412.19,0.025435149935872686
412.4,0.02373897861543177
412.61,0.040819520089157964
412.82,0.04881822331559966
413.03,0.019119876069464612
413.23,0.0611217028765373
413.44,0.007529307379056099
413.65,0.03349374612727405
413.86,0.013712608718007582
414.07,0.0004921537172633657
414.28,0.01207097451038125
414.48,0.03376420460207189
414.69,0.01970324268946389
414.9,0.04066456128571377
415.11,-0.0005415182403235445
415.32,0.060751138967062496
415.53,0.03976472075461881
415.73,0.03474823217839509
415.94,0.010647208353907247
416.15,0.0490476353185496
416.36,0.03506781788100689
416.57,0.02892032022449334
416.78,0.03246225599507263
416.98,0.03802366030201383
417.19,0.01353250873560481
417.4,0.03645930429423115
417.61,0.03179148449081463
417.82,0.028811800879029712
418.02,0.03765855107991164
418.23,0.03700891732764886
418.44,0.055851868301853604
418.65,0.05335308425229974
418.86,0.02263336024466782
419.07,0.014850333883345739
419.27,0.01636144019716699
419.48,0.008223951218546499
419.69,0.0033653125207063
419.9,0.03357519092676519
420.11,0.025638787520688662
420.31,0.03469775693828416
420.52,0.03102925556598232
420.73,0.032000146303103494
420.94,0.00913795078069963
421.15,0.03323205406805052
421.35,0.04493375871215091
421.56,0.058693780413478225
421.77,0.01717500443171978
421.98,0.02932015057961462
422.19,0.061407320742102665
422.39,0.031238564603903094
422.6,0.039504499601478955
422.81,0.06119998564376306
423.02,0.06730489760914578
423.22,0.003267121919510341
423.43,0.03322619679145131
423.64,0.03739677800839071
423.85,0.013869674718881947
424.06,0.045233468036318426
424.26,0.018942892051855766
424.47,0.017500451569587763
424.68,0.04287981521766767
424.89,0.05103722703909964
425.09,0.04274871967633162
425.3,0.011489224916407392
425.51,0.03363042028903789
425.72,0.05863839059325448
425.93,0.023109461407293693
426.13,0.004861273135792876
426.34,0.030198941792272407
426.55,0.013494645753783147
426.76,0.009221918450489641
426.96,0.020419637107713867
427.17,0.017610090139154093
427.38,0.04972895927455897
427.59,0.020818223825742655
427.79,0.04301019235190439
428.0,0.03134690596546557
428.21,0.03178202198442253
428.42,0.04957409886761843
428.62,0.02676688787823874
428.83,0.028883162288831653
429.04,0.03952399861176687
429.25,0.01629615524983739
429.45,0.028684269341865937
429.66,0.023521343029535683
429.87,0.021977418469043306
430.08,0.027610746956709675
430.28,0.039006142216685045
430.49,0.02115208287224536
430.7,0.015760159086475642
430.91,0.04027617951668588
431.11,0.031132837328698804
431.32,0.04196692270918207
431.53,0.05226243472749194
431.74,0.023521343029535683
431.94,0.021594117887787007
432.15,-0.014676593525887018
432.36,0.03530023455596485
432.56,0.0263648043755176
432.77,0.011301482424130085
432.98,0.02630444867160204
433.19,0.04523614701393866
433.39,0.01536226043472958
433.6,0.007702423445425541
433.81,0.028937236365407383
434.02,0.022169415053009296
434.22,0.009324479515460591
434.43,0.03482369812093818
434.64,0.03698862612521754
434.84,0.018667468094473602
435.05,0.031241392381072743
435.26,0.014407427024638778
435.47,0.04813184629390426
435.67,0.013657387090511137
435.88,0.02609801362687488
436.09,0.011837271766077545
436.29,0.007903169446034688
436.5,0.0315129611231496
436.71,0.0033108613833168037
436.92,0.029690372192088463
437.12,0.028076330886958545
437.33,0.016723693821844632
437.54,0.004388843214126296
437.74,0.01535474197790316
437.95,0.029423533073034514
438.16,0.014262127826321764
438.36,0.023442296919452755
438.57,0.031732424844580165
438.78,0.03501368755443207
438.99,0.013245942542727557
439.19,0.03478437123678032
439.4,0.013116605239372619
439.61,0.001001873920658471
439.81,0.034017634973309695
440.02,0.024183232618229033
440.23,0.028366746708541973
440.43,0.014121426763285736
440.64,0.019963081191715425
440.85,0.029049154004985374
441.05,0.01848083070571754
441.26,0.003533306231488497
441.47,0.03161647209331857
441.67,0.05430002236242031
441.88,0.023252720538488907
442.09,0.03527646306619972
442.29,0.016218840974733813
442.5,0.00509817108941807
442.71,0.015315930680449856
442.91,0.010115406415439602
443.12,0.018152212551744724
443.33,0.03286095560318362
443.53,0.02191159721907061
443.74,0.0015508425793198661
443.95,0.029403213163409877
444.15,0.019421031718724703
444.36,0.0201375519500655
444.57,0.015357179136991118
444.77,0.031121745496873993
444.98,0.01619821250060051
445.19,0.025639506397912584
445.39,0.03423961392118342
445.6,0.029347690280664713
445.81,0.02467832977646303
446.01,0.008359580257550991
446.22,0.002771182378579654
446.43,0.031205543278518107
446.63,0.03639619042670427
446.84,0.01590368319707473
447.05,0.011701970078506912
447.25,0.012343429742655456
447.46,0.01326636069654508
447.67,0.04179735871849109
447.87,0.009206478998054268
448.08,0.007848207905209598
448.28,-0.002833192686357219
448.49,0.03143336035341389
448.7,0.007542449392492382
448.9,0.014871863256682306
449.11,0.02274423738221167
449.32,0.04567173211257613
449.52,0.013664710398698082
449.73,0.017578153370477606
449.93,0.03376026931523038
450.14,0.02903924326276976
450.35,0.023281024495686666
450.55,0.029352758188584852
450.76,0.021583111723956817
450.97,0.03135086342716718
451.17,0.026846963837055045
451.38,0.019737641575303975
451.58,0.021472970826494436
451.79,0.04485425195279974
452.0,0.0156405749542515
452.2,0.013509032167104544
452.41,0.017164830637329456
452.62,0.017259541035979983
452.82,0.017618808926086717
453.03,0.0038394147186812623
453.23,0.022520701112849654
453.44,0.011060233627768912
453.65,0.02362831876116929
453.85,0.004731281303302275
454.06,0.018146785161955933
454.26,0.034755061567309814
454.47,0.007547035307668806
454.68,0.02656214088576524
454.88,0.02472427162020585
455.09,0.01926243678322582
455.29,0.015361027820636005
455.5,0.029188141524915272
455.71,0.019356870467334055
455.91,0.011351599094002063
456.12,0.007236868803008394
456.32,0.024321532907744234
456.53,0.005701817099183434
456.73,0.021808395687453033
456.94,0.025586738728011853
457.15,0.013980261595600198
457.35,0.015012736642647573
457.56,0.03043044429759123
457.76,0.01039955412208651
457.97,0.012999028882039477
458.18,-0.004870389539234286
458.38,0.004190622614414693
458.59,0.016673326440616636
458.79,0.025563426203003174
459.0,0.015017403911893518
459.2,0.02263056939906985
459.41,0.004554630483330556
459.62,0.014824446423915135
459.82,0.004178221089105242
460.03,0.016433493596420348
460.23,0.0020486973548235216
460.44,0.029108091775938184
460.64,0.003933752599533981
460.85,-0.00024272846610468544
461.06,0.010082889493625787
461.26,0.01492606414553369
461.47,0.015340806475086332
461.67,0.010502091093192221
461.88,0.021761104396247684
462.08,0.004594399822715164
462.29,0.027169595804885666
462.49,0.015227039254284995
462.7,0.03649356869301905
462.91,-0.0007257526054518349
463.11,0.023396148016639376
463.32,0.017278056568983912
463.52,0.015019813886669429
463.73,0.009858085855453683
463.93,0.019198554147334224
464.14,0.01305832389144528
464.34,0.007698038986407393
464.55,0.011286100107201864
464.75,0.02519227941228962
464.96,0.016831652063077945
465.16,0.00994010109957369
465.37,0.009489183784766422
465.58,0.012550980738139417
465.78,0.017266648909650954
465.99,0.013650804637480548
466.19,0.018689709217251414
466.4,0.015482121416064568
466.6,0.0314735440727529
466.81,0.012027459694308589
467.01,0.012900980640903541
467.22,0.015485620298811512
467.42,0.015541191774451206
467.63,0.016044172254800322
467.83,0.015639765460445182
468.04,0.00978794774972968
468.24,0.013495508374296389
468.45,0.00795777318943892
468.65,0.009487651890014312
468.86,0.008035563833659855
469.06,0.0222201835089864
469.27,0.010842033454027924
469.47,0.0012359831189041517
469.68,0.014502865074344546
469.88,0.016257369550308008
470.09,0.01548281478267853
470.29,0.014890892863380316
470.5,0.019429068659734927
470.7,0.009962893484895721
470.91,0.007676678310118992
471.11,0.018346866541744757
471.32,0.00611827151200315
471.52,0.012441790719850524
471.73,0.01848383991628442
471.93,0.011100467050378189
472.14,0.012786061651241853
472.34,0.003228400161919086
472.55,0.00448376515903826
472.75,0.00949223229659077
472.96,0.013410954480435111
473.16,0.004125353464030124
473.37,0.00702341776350185
473.57,0.010776047606344265
473.78,0.005070778970622484
473.98,0.009945747716290523
474.19,0.0183446256173529
474.39,0.01943031883871811
474.6,0.014251484720104752
474.8,0.01892881687073568
475.01,0.0032391123064937763
475.21,0.008663860245368771
475.42,0.01122217452627707
475.62,0.002835062841782857
475.83,0.009400157288911143
476.03,0.007683859767917996
476.24,0.0012181604894594435
476.44,0.010944862255288667
476.64,0.007228372854180342
476.85,0.007060490068481857
477.05,0.002876095220487115
477.26,0.013416537224685715
477.46,0.013443522284232155
477.67,0.01690808409601651
477.87,0.009959766121215081
478.08,0.010676156583629902
478.28,0.0025455928712906015
478.49,0.00011570935576388129
478.69,0.004962153876470193
478.9,0.009232017001786172
479.1,0.013320345875902478
479.3,0.006940167841432464
479.51,0.008167624229624203
479.71,0.004176674553681461
479.92,0.014051731703953234
480.12,0.0058413922988654705
480.33,0.0032640841213625997
480.53,0.0032176354898076306
480.74,0.005824028951534975
480.94,0.011913014557679756
481.14,0.006970360332186672
481.35,0.010538689375784102
481.55,0.00821292260047763
481.76,0.009439158718090784
481.96,0.004434387659452126
482.17,0.007363331179323977
482.37,0.00607344622298066
482.57,0.0017798664231033546
482.78,0.008785398970197929
482.98,0.004803307325540573
483.19,0.011135959006610397
483.39,0.006584490013851726
483.6,0.006727246831759554
483.8,0.014901131249329727
484.0,0.002867024373626804
484.21,0.007263055268419292
484.41,0.012563415698084498
484.62,0.009901232452543854
484.82,0.006105616203854592
485.02,0.00782930642177223
485.23,0.00830004045282439
485.43,0.009469863345830984
485.64,0.012167463464855036
485.84,0.01031969892720951
486.05,0.004929146563624006
486.25,0.004481403719874157
486.45,-0.0006780279546571322
486.66,0.003806141591677458
486.86,0.010263950113248895
487.07,0.003404538013805127
487.27,8.871798448993655e-05
487.47,0.0091690273150744
487.68,0.004307854820341004
487.88,0.0076087408454552545
488.09,0.003114552831427131
488.29,0.006584020879779031
488.49,0.01148057583347712
488.7,0.00932877054379907
488.9,0.001488145076135531
489.1,0.0071726060128509
489.31,0.008745951507759312
489.51,0.008120831230156018
489.72,0.012988879484184099
489.92,0.0009529304962192974
490.12,0.010853983467190033
490.33,0.004746671208023789
490.53,0.005333224205068805
490.74,0.006151287615894171
490.94,0.010471258726304257
491.14,0.00749313774910731
491.35,0.008302040237940485
491.55,0.009393191656804056
491.75,0.006641106104576396
491.96,0.003975160879786877
492.16,0.011242544870706786
492.36,0.010224282229356974
492.57,0.007011822605571149
492.77,0.006918245409589058
492.98,0.013010295518291652
493.18,0.008300544673329116
493.38,0.006633026944203226
493.59,0.004010708586029204
493.79,0.00801741410558876
493.99,0.004382310923143717
494.2,0.008969436677964017
494.4,0.006750454509524945
494.6,0.00740396256374724
494.81,0.009554421715635034
495.01,0.009627114538381233
495.22,0.006884094517387491
495.42,0.001677147639116551
495.62,0.010228268046125467
495.83,0.004691023957831749
496.03,0.002929396133653491
496.23,0.002426679139530389
496.44,0.005497389557426588
496.64,0.006005056712552905
496.84,0.010841823294513138
497.05,0.003545771212333637
497.25,0.003982074198959752
497.45,0.006891054671932182
497.66,0.010689490380581803
497.86,0.006730884371928013
498.06,0.006191106765418954
498.27,0.007650086118673119
498.47,0.011649542063780707
498.67,0.008855960298275069
498.88,0.008005409015648064
499.08,0.008445073615785026
499.28,0.010085492882533248
499.49,0.006072055650641824
499.69,0.013440426858557751
499.89,0.014325401044840492
500.1,0.011077041159397347
500.3,0.014680570145949697
500.5,0.026452398317883208
500.7,0.041157038689512
500.91,0.06455737929431025
501.11,0.1062151478130011
501.31,0.14255538048061556
501.52,0.206251709526803
501.72,0.2700720391276064
501.92,0.3533040806000277
502.13,0.4328964800807175
502.33,0.5269095721736609
502.53,0.5939113892519022
502.74,0.6784939751712677
502.94,0.7531639737624936
503.14,0.7783566893926556
503.34,0.8106240939546974
503.55,0.8452952195355793
503.75,0.8863119471398352
503.95,0.9058211599766783
504.16,0.9366354249738775
504.36,0.9284934284222109
504.56,0.9289271151660711
504.76,0.9493798757693166
504.97,0.9666641230527727
505.17,0.9732367782763611
505.37,0.9563797905575211
505.58,0.9458262799977231
505.78,0.9399102593648456
505.98,0.9577290317491537
506.18,0.9641196436954844
506.39,0.9531570658506293
506.59,0.950158639705789
506.79,0.9589087465840948
507.0,0.9393087467221409
507.2,0.9336392802274627
507.4,0.965436171731379
507.6,0.9618409444882227
507.81,0.9445249226803483
508.01,0.9650992307542853
508.21,0.9441323064111163
508.41,0.9266089517774387
508.62,0.9258759958360877
508.82,0.9514140254411202
509.02,0.9540514397258698
509.23,0.9210753248788339
509.43,0.9443958464367218
509.63,0.9451379626388721
509.83,0.9335267293251536
510.04,0.9512094051574311
510.24,0.9404397003092442
510.44,0.9596177028144868
510.64,0.9549236822794962
510.85,0.9436430355840834
511.05,0.9591368807154914
511.25,0.9430231159200788
511.45,0.9540946948285575
511.66,0.9558254889617787
511.86,0.946874594505326
512.06,0.9459812637844508
512.26,0.9411420097335081
512.46,0.9580611662548086
512.67,0.9569862647950522
512.87,0.9568193539092661
513.07,0.9542347526715481
513.27,0.9722817622946024
513.48,0.9421060539563466
513.68,0.9318050183184295
513.88,0.9732752676865872
514.08,0.9442515476733292
514.29,0.9384807096956459
514.49,0.9540721315165882
514.69,0.9474303718641578
514.89,0.9526218684418439
515.09,0.9528153774345484
515.3,0.955886801247626
515.5,0.9812645687513006
515.7,0.9788788842339695
515.9,0.9588011186226568
516.11,0.9480310221131328
516.31,0.9457825691314352
516.51,0.9514103912536415
516.71,0.9528029151813302
516.91,0.945919716197873
517.12,0.9492687006990743
517.32,0.9683053109937714
517.52,0.9677712462820127
517.72,0.9269663759930024
517.92,0.9610613885418341
518.13,0.9509281341842251
518.33,0.9642705530002376
518.53,0.9491736010701921
518.73,0.9506722156903419
518.93,0.9552755502813483
519.14,0.9689458472804201
519.34,0.9325593924895309
519.54,0.9423381098596818
519.74,0.9552960272605475
519.94,0.9564632328151025
520.15,0.9703867440533708
520.35,0.960745698825818
520.55,0.9601281087271869
520.75,0.9645161978806809
520.95,0.9619242966106205
521.16,0.9521419157918404
521.36,0.9646996578603929
521.56,0.9522221296772189
521.76,0.950413062690479
521.96,0.9484400650150464
522.16,0.9357040772621248
522.37,0.9393937461564613
522.57,0.964747639742793
522.77,0.9649653575665432
522.97,0.9695610298365612
523.17,0.9466650316358681
523.37,0.9435566217240566
523.58,0.9518646673126085
523.78,0.9585519543797166
523.98,0.9516491666511495
524.18,0.9691898971209028
524.38,0.9487318315886536
524.58,0.9577363742476503
524.79,0.961721842442587
524.99,0.9563317388048632
525.19,0.9624895991844261
525.39,0.9579943767790497
525.59,0.9444773420883892
525.79,0.9581401641031674
526.0,0.9507243264769096
526.2,0.9466506940527213
526.4,0.9562569348927177
526.6,0.9669189676201971
526.8,0.9823280271614092
527.0,0.9582998773525805
527.2,0.9559033637995475
527.41,0.9612504787839975
527.61,0.950282331910222
527.81,0.9441291695951571
528.01,0.9756407350953838
528.21,0.9673894300305812
528.41,0.938348437835316
528.61,0.9760690359327321
528.82,0.9680741068078801
529.02,0.9451807153384345
529.22,0.9663764562858542
529.42,0.94489533437266
529.62,0.9387487074005191
529.82,0.9795885025507645
530.02,0.9608421418708282
530.22,0.9427965481213323
530.43,0.9596022790066077
530.63,0.9519870491685622
530.83,0.9641754390472842
531.03,0.9596649822842468
531.23,0.9519472733057933
531.43,0.9453876008325084
531.63,0.9577607655279846
531.83,0.950657918696008
532.03,0.9686940474580815
532.24,0.9583534338390963
532.44,0.9568305559345878
532.64,0.9646707107374485
532.84,0.953320842203216
533.04,0.9451835256902403
533.24,0.9430618463629241
533.44,0.9589222531775478
533.64,0.9708856475436882
533.84,0.9698842843087604
534.04,0.9571069943769787
534.25,0.9447834470835214
534.45,0.9548498022800501
534.65,0.9394713913178045
534.85,0.9376560674429489
535.05,0.9323950676084231
535.25,0.9164653472870197
535.45,0.9077638050806803
535.65,0.8647705498428597
535.85,0.8140151665419414
536.05,0.7693332648643098
536.25,0.6896670094322118
536.46,0.6191077195937019
536.66,0.5434826077536898
536.86,0.45249843851223226
537.06,0.3709701247569413
537.26,0.30219946899186306
537.46,0.24286172900753433
537.66,0.1904009177099586
537.86,0.14802457119990078
538.06,0.11681796748995374
538.26,0.09302418594552592
538.46,0.06964372824910953
538.66,0.05152901899424374
538.86,0.042911189351337684
539.07,0.02598281529571504
539.27,0.020728212752885014
539.47,0.01704516581124345
539.67,0.012186096072442325
539.87,0.013350173665929907
540.07,0.010071053018075595
540.27,0.010887092844906387
540.47,0.00602393688967781
540.67,0.0058612354538364365
540.87,0.007810685756266445
541.07,0.005705582255314543
541.27,0.008174831179488288
541.47,0.004776987001324949
541.67,0.00809649262609841
541.87,0.005934991046134062
542.07,0.006368411017316397
542.27,0.006730440242120392
542.47,0.007399631033775931
542.67,0.0029217024301356606
542.87,0.007634600234112081
543.08,0.006096144094424801
543.28,0.009126206358040272
543.48,0.007016564621007171
543.68,0.005971408026337549
543.88,0.007713132642090635
544.08,0.0062492815536817365
544.28,0.005064422975449238
544.48,0.002382831407907404
544.68,0.004294725591426585
544.88,0.002296517365464831
545.08,0.002628637270081182
545.28,0.009834059669527027
545.48,0.0006860580720128391
545.68,0.0017270010715025252
545.88,0.00621342137241119
546.08,0.00580254487363956
546.28,0.0040596570301530644
546.48,0.001523371425823403
546.68,0.0020544745073227465
546.88,0.0038682011281458506
547.08,0.00688981258771797
547.28,0.001735736653231359
547.48,0.0026827426639433895
547.68,0.005194938375886854
547.88,0.004985395750277175
548.08,0.006355042394041363
548.28,0.007344091586484259
548.48,0.003237668404812897
548.68,0.004988846259839622
548.88,0.005595289492712577
549.08,0.0035685618331477826
549.28,0.006290274899432841
549.48,0.006747048001803935
549.68,0.007887490202196592
549.88,0.009327233925586879
550.08,0.003581622535181793
550.28,0.0027653489266094696
550.48,0.002034935630546219
550.68,0.005490156682756111
550.88,0.0044275580331847525
551.08,0.003391083557696321
551.28,0.0012959173184566401
551.48,0.004036654864310653
551.68,0.006171473109316789
551.88,0.004180707952040213
552.08,0.00443912733381283
552.28,0.0034636852792445075
552.48,0.0016646895675697135
552.68,0.0062050589076424025
552.88,0.004622717028354692
553.08,0.001096179488753338
553.28,0.0015757262683937048
553.48,0.0040045998338016295
553.68,0.004497579271462873
553.88,0.004440055490352182
554.08,0.0022994412067078793
554.28,0.005684465077308804
554.47,0.0016086581038629903
554.67,0.005152462770805887
554.87,0.0031643713674260675
555.07,0.0034977087282586712
555.27,0.005261038934776578
555.47,0.0017639733235806992
555.67,0.006843904243857657
555.87,0.00127303217022427
556.07,0.003308167512673617
556.27,0.004401047802626211
556.47,0.001887424241143353
556.67,0.004949340424633211
556.87,0.0007667140525728889
557.07,0.002483008926495567
557.27,0.0024857833871621366
557.47,0.00863319244302472
557.67,0.0015702885774923397
557.87,0.0009717591941595578
558.07,0.0038117423032408082
558.26,0.004400156854577824
558.46,0.0032854067451471413
558.66,0.0023628420010103224
558.86,0.0037913018792730437
559.06,0.004982261583767243
559.26,0.0013580585818242122
559.46,0.0001470418522815434
559.66,0.006292762942159269
559.86,0.0023774415231366092
560.06,0.0046919438680953305
560.26,0.006534375012532456
560.46,0.0010572218128357882
560.66,0.004080419190605378
560.86,0.002935243014691266
561.05,0.006384255754931211
561.25,0.005115167226895867
561.45,0.0033472992996392294
561.65,0.006155120956437824
561.85,0.0014185427479249928
562.05,0.004627063324185797
562.25,0.0033980305393695367
562.45,0.003420282923747646
562.65,0.003792333989205592
562.85,0.002213592742165526
563.05,0.004210294342615336
563.24,0.003947331027935654
563.44,0.005727154888270276
563.64,0.0029169403634693577
563.84,0.0034013834824729227
564.04,0.0037253397848193426
564.24,0.0039816943596289595
564.44,0.006640560416991937
564.64,0.0025779127629276637
564.84,0.0016270331251721144
565.03,0.0035980196874382344
565.23,0.005127913079641025
565.43,0.0023064206154767403
565.63,0.00024164963335736143
565.83,0.004152982329292155
566.03,0.004512438983924069
566.23,0.0041469845588310225
566.43,0.005023802409978653
566.63,0.003289402749806369
566.82,0.0018136653948051151
567.02,0.004095399534719328
567.22,0.0019201497241447603
567.42,0.0011814937256787662
567.62,0.0023387289456811935
567.82,0.003044677660543327
568.02,0.0012050106476784554
568.22,0.003700411629706957
568.41,0.0030666320360522963
568.61,0.0013110078096857786
568.81,0.0025636818359013737
569.01,0.003552805538998694
569.21,0.0011280058490764292
569.41,0.000629100386447384
569.61,0.003247277852867083
569.8,0.0018940010238032545
570.0,0.006182231474087785
570.2,0.003707901279338621
570.4,0.0001428029246318324
570.6,0.0024831873731622927
570.8,-0.0019949307017632745
571.0,0.0016017182004368997
571.19,0.000638787957550964
571.39,0.005348427990072417
571.59,0.003026815111726465
571.79,0.004080055759955744
571.99,0.005584897112681254
572.19,0.002159143421110392
572.38,0.003712552941629785
572.58,0.005100526522566359
572.78,0.0031178945456014997
572.98,0.004793039863468244
573.18,0.004593928022543216
573.38,0.003988587429774191
573.57,0.006054409047472816
573.77,0.0018637259300295418
573.97,0.005144693420918296
574.17,-0.00033750530254890096
574.37,0.004667214609784495
574.57,0.00511565369381858
574.76,0.006657353417419903
574.96,0.0033732414144147355
575.16,0.002611712523532604
575.36,0.0011971449456968598
575.56,0.005333529782650278
575.75,0.004302942687227028
575.95,0.003473624742321731
576.15,0.0010829600364314722
576.35,0.005726386578372321
576.55,0.001948254017268292
576.74,0.0041136826497222235
576.94,0.005166836301400949
577.14,0.0008082093478419818
577.34,0.0024030654440818145
577.54,0.006248761903323235
577.74,0.0031757971831139777
577.93,0.004931388256961553
578.13,4.424849006250214e-05
578.33,0.0047313202882291626
578.53,0.0022046011800444607
578.72,0.002918468679583899
578.92,0.0019909388766088235
579.12,0.004159340067437413
579.32,0.00440132117993156
579.52,0.004327513447950879
579.71,0.0015668269308088032
579.91,0.0010934897754076964
580.11,0.00023514246998168864
580.31,0.0031646871925228395
580.51,0.0031536546637994036
580.7,0.0034855758900869628
580.9,0.0009861328247403858
581.1,0.003313682879103505
581.3,0.002519516063926347
581.49,0.004830950494320792
581.69,0.004431261191195359
581.89,0.00518836200037077
582.09,0.00136244995798859
582.29,0.0021214334736868595
582.48,0.0028824013591623207
582.68,0.0002332118843690026
582.88,0.0013692825306710135
583.08,0.004036240358506482
583.27,0.0015285849389484079
583.47,0.0031382788741049364
583.67,0.004911439543031076
583.87,0.004366581975909612
584.06,0.005685805711239811
584.26,0.00243197527154081
584.46,0.002949375183514247
584.66,0.0017260451985187308
584.85,0.0026505887722868
585.05,0.0035074015026910765
585.25,0.0017320336503612685
585.45,0.0006133005421522284
585.64,0.0005213433726494598
585.84,0.0010796982532859057
586.04,-0.0006950835046688122
586.24,0.0016362697362193076
586.43,0.0017480976034211686
586.63,0.005191275318029157
586.83,0.0021984064332952985
587.03,0.002466690957041905
587.22,0.0036739729834247706
587.42,0.003696682687983208
587.62,0.004071303224667553
587.82,0.004918806146703642
588.01,-0.00032726977938813865
588.21,0.00304995170149599
588.41,0.003219361724500176
588.6,0.0043855376043131
588.8,0.0008011771009636276
589.0,0.0021873431775509236
589.2,0.004419022591361462
589.39,0.004109915557740777
589.59,0.002402612098429399
589.79,0.0035024838820849518
589.98,0.003035978718888957
590.18,0.0036285147313626863
590.38,0.00041105353716033464
590.58,0.002332042705553474
590.77,0.005108686521373462
590.97,0.0030184810489748337
591.17,0.0016189843498179554
591.36,0.004874029379166878
591.56,0.002822593140408935
591.76,0.005269572590300888
591.96,0.004108017296005528
592.15,0.0035765654203810423
592.35,0.005126475981936988
592.55,0.0032011250536555093
592.74,0.0054786957771743175
592.94,-0.0002370549613445262
593.14,0.0033837102003560957
593.33,0.004718896063915009
593.53,0.0026667259646792774
593.73,0.0015270260941713928
593.92,0.0030824986624837917
594.12,0.001066547693143296
594.32,0.004722792946670961
594.51,0.002535070915264503
594.71,0.0055721154913826315
594.91,0.00394037541528794
595.11,0.0020788457231584513
595.3,0.0021887710176527356
595.5,0.0036877606400465735
595.7,0.002844197028886852
595.89,0.0047335389672714155
596.09,0.004874482167722691
596.29,0.001420489730430619
596.48,0.002642470561408983
596.68,0.0013508762563098852
596.88,0.00405686526675442
597.07,0.002476151188226189
597.27,0.003963542259376868
597.47,0.003754347368655155
597.66,0.0057345387419450895
597.86,0.0019889102178138286
598.06,0.004059138132621804
598.25,0.005834358245788848
598.45,0.0028280945199867964
598.64,0.0042387643906235525
598.84,0.004394071316673135
599.04,0.0030056286864899905
599.23,0.003991308624099977
599.43,0.0022790489970408914
599.63,0.0011527712894446817
599.82,-4.871961859498224e-05
600.02,0.0011646128342551402
600.22,0.005806161076755869
600.41,0.005111083284364638
600.61,0.0026607447866714706
600.81,0.004627640048693951
601.0,0.002170353273641138
601.2,0.002045540201724911
601.39,0.0005038667883544198
601.59,0.003272412675098639
601.79,0.0017940088126167277
601.98,0.0018164350289747095
602.18,0.00397488569531227
602.38,0.005503447822879382
602.57,0.002438963763540826
602.77,0.006585904398161966
602.96,0.0037165227599339034
603.16,0.001713555576096721
603.36,0.005469982733631867
603.55,0.0052553510078363315
603.75,0.0022355353175475593
603.95,0.0003199144949776776
604.14,0.0017681065972620352
604.34,0.0028378397844970433
604.53,0.003997548214533217
604.73,0.0014221872452851436
604.93,0.0050607487020614995
605.12,0.001959505307800568
605.32,0.0017220223349818059
605.51,0.0031966722318496404
605.71,0.0029203644096734895
605.91,0.0034331688870593924
606.1,0.003410048792144812
606.3,0.004432882215605526
606.49,0.005734739803558666
606.69,0.0038636646992202353
606.89,0.0005868806883630958
607.08,4.338083037532727e-05
607.28,0.002450496725344467
607.47,0.0039218187247495795
607.67,0.004183404006599413
607.87,0.002150665223001739
608.06,0.004581951740446799
608.26,0.007470577290839643
608.45,0.003345225341624419
608.65,0.0025762382624924807
608.84,0.001315868232625097
609.04,0.001312526487880748
609.24,0.001731010608955657
609.43,0.005053140211685346
609.63,0.005295523388161259
609.82,0.006825063093067615
610.02,0.0009242464026304385
610.21,0.0031929363015663656
610.41,0.0056855581493687486
610.61,0.004579098331408445
610.8,0.0020542892773026096
611.0,0.003465284468811654
611.19,0.00485972779095576
611.39,0.004940843011865391
611.58,0.0014291149318634614
611.78,0.002247631828955253
611.98,-0.0008296374431131445
612.17,0.0023178748498767394
612.37,0.0004773578291234759
612.56,0.0011614654002713738
612.76,0.0028941847949976516
612.95,0.0027837161672215147
613.15,0.002711991129690463
613.34,0.0021913611289486544
613.54,0.0030972198335706405
613.73,0.006301256872929374
613.93,0.002247233557466306
614.13,0.005123606902224785
614.32,0.005136954903073008
614.52,0.003652592373411307
614.71,0.003018449549711979
614.91,0.0011450767965857482
615.1,0.0007122582518369793
615.3,0.0023337119465455624
615.49,0.0022844196715544763
615.69,0.0015543625826937575
615.88,0.0020278666979456367
616.08,0.0030018456738992883
616.27,0.0025004139807116013
616.47,0.001039487637832556
616.66,0.0011265946428243776
616.86,0.002889342958647394
617.06,0.0027702298978215397
617.25,0.001951143370014832
617.45,0.0015907249538695673
617.64,3.872173350402748e-05
617.84,0.0015272451917057086
618.03,0.006298468956602379
618.23,0.00462557694489173
618.42,0.0033646764712835153
618.62,0.0015851563998529963
618.81,0.0009365432479460837
619.01,0.0022230456802848743
619.2,0.0021028923456322328
619.4,0.004792145303859751
619.59,0.0011155857003658975
619.79,0.002287126066446578
619.98,0.0032370784577782988
620.18,0.0014936534997305056
620.37,0.0019325082238961116
620.57,0.003635208863523095
620.76,0.0021771835073689664
620.96,0.0030277954549323177
621.15,0.0031263871335828995
621.35,-0.0015239396992060747
621.54,0.0013709486431680293
621.74,0.0027224613742563735
621.93,0.0007060840458885703
622.13,0.0016166108632785666
622.32,0.004387053155613624
622.51,-0.0005420559240440744
622.71,0.002525908377302908
622.9,0.0052358357032321
623.1,0.0033696615453361924
623.29,0.0034377520578355823
623.49,0.004497359219646913
623.68,0.0020341034501420436
623.88,0.003964700138946265
624.07,0.003653426014059916
624.27,0.002440787880250356
624.46,0.00012250522893651712
624.66,0.004874847914041934
624.85,0.002525280378860625
625.05,0.0026525601040286264
625.24,0.0013735781636168905
625.43,0.0010573787315908017
625.63,0.0017932329415299142
625.82,0.003940674587829688
626.02,0.0007092764627132944
626.21,0.004754481990419566
626.41,0.0029749074206759265
626.6,0.0026610831268350297
626.8,0.002629950169523423
626.99,0.003732538539826579
627.19,0.001936334508389154
627.38,0.0020620419094938528
627.57,0.002782578781935158
627.77,0.0037115329629273633
627.96,0.0021614226501587446
628.16,0.0011535091164181805
628.35,0.0026009387451445443
628.55,0.0024515687407175714
628.74,0.0025885653920633047
628.93,0.004481030076358209
629.13,-4.5406232885785125e-05
629.32,0.0032368432745779664
629.52,0.0026298967507068405
629.71,0.0016141276245290853
629.91,0.0029567532794105658
630.1,0.0017058366210001663
630.29,0.0026514073805591247
630.49,0.004746752613723175
630.68,0.0027398512920580047
630.88,0.004709265801226218
631.07,0.003041004854881906
631.27,0.0009849526781045578
631.46,0.00047953344328027705
631.65,0.0036965341743911335
631.85,0.0024720029657789248
632.04,0.002631953450435402
632.24,0.002282893253102725
632.43,0.0008288118024311638
632.62,0.0026833184328242657
632.82,0.0020465869046666922
633.01,0.0016254912481461995
633.21,0.0034534601165169087
633.4,0.003626859713292795
633.59,0.002245650222138924
633.79,0.005092215942536124
633.98,0.0036611192564584066
634.18,0.0037484074744648307
634.37,0.005536525222320167
634.56,0.00439257264608666
634.76,0.0051387591422018455
634.95,0.0001290266813927471
635.14,0.005220425271161835
635.34,0.0016399227783198092
635.53,0.004117848451058979
635.73,0.003915807386991617
635.92,0.002018167057194541
636.11,0.0033431163158646423
636.31,-0.00013733826803194555
636.5,0.0017236553466273166
636.7,0.0036062665893551865
636.89,0.0020086061071014406
637.08,0.0016396316368760375
637.28,0.0040068148500336815
637.47,0.004855927146021257
637.66,0.004888612403058235
637.86,0.003921115889384128
638.05,0.002968762113937297
638.24,-0.002608901537723238
638.44,0.0027847014251980344
638.63,0.005189382947090645
638.83,0.0051834383030687665
639.02,0.004758228061574156
639.21,0.003990071135774414
639.41,0.0025581829047447782
639.6,0.0013034236010065847
639.79,0.001749676359974985
639.99,0.0027864572454302764
640.18,0.0014890625929851172
640.37,0.0009528413887327769
640.57,0.002592188065454799
640.76,0.002132299285279426
640.95,0.002500459197855836
641.15,0.002923619968835665
641.34,0.003966543835642969
641.53,0.004043032807659495
641.73,0.003527375833567231
641.92,0.0035122402970051577
642.11,0.002889529098241681
642.31,0.0007674967255102585
642.5,0.0015124435558641328
642.69,0.0019715605121102867
642.89,0.0018568893335069207
643.08,0.0013042459153566157
643.27,0.0023205292943473963
643.47,0.0018291806871175381
643.66,0.001311931533022817
643.85,0.0027098849218624823
644.05,0.004190949508449865
644.24,0.0031118314214117287
644.43,0.0053196903158073214
644.63,0.004152823647408489
644.82,0.0031401788555173696
645.01,0.00323156889868093
645.2,0.0009519751276467544
645.4,0.0012248268644268778
645.59,-0.00013892325650495535
645.78,0.0022486825391106516
645.98,0.004756397901986097
646.17,0.0010643705544839941
646.36,0.004394478082053571
646.56,0.0018218737262787063
646.75,0.002920906499275703
646.94,0.0020978652281944793
647.13,0.003219061087587824
647.33,0.0010695309122605709
647.52,0.005336298283404045
647.71,0.0065406403277736965
647.91,0.002095908532900936
648.1,0.003123343713150506
648.29,0.000687864734728297
648.49,0.00403839836819968
648.68,0.0004156774957955746
648.87,0.0007880595097031745
649.06,0.001829233469058653
649.26,0.0018048176260629972
649.45,0.004904553363537792
649.64,0.002824424553921973
649.83,0.004304164596756541
650.03,0.004103586266143974
650.22,0.004130882491176801
650.41,0.0048873725172478965
650.61,0.0018256317620129001
650.8,0.0024903612292821037
650.99,0.00444425885071608
651.18,0.0010717292346159506
651.38,0.004853270725948772
651.57,0.005738821655933315
651.76,0.0006102928829129903
651.95,0.0046598556132574
652.15,0.005488982020924659
652.34,-0.0002362355809765465
652.53,0.00041797009109596295
652.72,0.002773900216108939
652.92,0.005552574218497813
653.11,0.00220584432114254
653.3,0.003312754457403343
653.49,-0.0005189161303914319
653.69,0.0029843353944088006
653.88,0.005785270293556176
654.07,0.004904603760184794
654.26,0.002221502716361601
654.46,0.00023231301592003932
654.65,0.0021570708035097415
654.84,0.0034693291660778413
655.03,0.0014633497405880042
655.23,0.003474286544515521
655.42,0.0028952735368717617
655.61,0.0006145235939143414
655.8,0.0027228328194409267
655.99,0.0037980594003614305
656.19,0.000795608914468498
656.38,0.004123828837728619
656.57,0.0018409942797556306
656.76,0.0051380814865861265
656.96,0.002320543340743294
657.15,-0.0008133899561606447
657.34,0.0018385605901327787
657.53,0.0008055961394327888
657.72,0.002426184011032785
657.92,0.0006211298071528365
658.11,0.000329104763424835
658.3,0.005075351817651985
658.49,0.00243476490816422
658.68,0.0023154931782637072
658.88,0.0029160540635253
659.07,0.0017627784271622394
659.26,0.0006217862997563009
659.45,0.0029902901870016577
659.64,0.0009966450960850134
659.84,0.0029510733566952756
660.03,0.0006158101292037465
660.22,0.006025130743115915
660.41,0.0018018119175033345
660.6,0.00405885390977579
660.8,0.003038797901704669
660.99,0.0030437942466061334
661.18,0.002081054800877331
661.37,0.0033691364878219976
661.56,0.002460875690850627
661.76,0.0021995092562827946
661.95,0.00023751548431551146
662.14,0.0023676930150097783
662.33,0.0005296198889156271
662.52,0.0011140926607879596
662.71,0.004746448451594247
662.91,0.0028263058599017504
663.1,0.0025510814276488176
663.29,0.004197088467401112
663.48,0.0030612626930084353
663.67,0.0017897654692723274
663.86,0.0037542162533869597
664.06,0.0038435496983620903
664.25,0.0018217146254771175
664.44,0.0034828733122051064
664.63,0.0043762426213004415
664.82,0.0053052228575472555
665.01,0.00238105488116251
665.21,0.00608898997021601
665.4,0.0022971655617388368
665.59,0.0031133513987662642
665.78,0.004368287287234591
665.97,0.006220551970429027
666.16,0.002315979048641953
666.35,0.0002461016883578895
666.55,0.00172649564750341
666.74,0.0015506156495731249
666.93,0.004586366148861826
667.12,0.002600962699035149
667.31,0.0019148623814265815
667.5,0.0030150210047768422
667.69,0.0005402891985852347
667.89,0.005958759029774337
668.08,0.0028506938729350516
668.27,0.00024238438494168872
668.46,0.003960401042488145
668.65,0.003167881039169265
668.84,0.005828197432294492
669.03,0.0018426132022966858
669.22,0.0007410110930466655
669.42,0.0031161258175422713
669.61,-0.0013427438458168725
669.8,0.0016551545648324335
669.99,0.0019585856645134205
670.18,0.0014460419319810383
670.37,0.0008484398254411656
670.56,0.0016505105985561044
670.75,0.0028627324319915725
670.94,0.0006435524380764152
671.14,0.00024389144239245466
671.33,0.004524287668962875
671.52,0.0014387099888958665
671.71,0.003324029860183556
671.9,0.0039171672451565566
672.09,0.00526733729987042
672.28,0.003907472698791298
672.47,0.006333523452701739
672.66,0.0007423363687992882
672.85,0.0026651195283835813
673.05,4.781819449448719e-05
673.24,0.0016498493012731515
673.43,0.004637628509407544
673.62,0.004471055314436742
673.81,0.001962731667060087
674.0,0.0030880478222719337
674.19,0.003987607998473717
674.38,0.0019661008330412494
674.57,0.004683904430801742
674.76,0.0028909281833538825
674.95,0.0006454781902642984
675.15,0.003986802459442564
675.34,0.004533498494517672
675.53,0.002863884266510939
675.72,0.0036634351307494816
675.91,0.004322563473807803
676.1,0.004086569457333654
676.29,0.0052114993158291
676.48,0.0029137089361225953
676.67,-0.0013781711035519104
676.86,0.0042686914781270725
677.05,0.0015042114555629505
677.24,0.0023081803137011804
677.43,0.0010692044509170552
677.62,0.0047813225173588825
677.81,0.0004529898239462195
678.0,0.0033600682341207474
678.2,0.004572184711380613
678.39,0.001450389853111528
678.58,0.004379618360790494
678.77,0.002693046494666425
678.96,0.003267882761674078
679.15,0.004301113655844612
679.34,0.0026098978560947844
679.53,0.003439482299695903
679.72,-0.00015720926550721038
679.91,0.0032594186544252545
680.1,0.003636779379412978
680.29,0.0038888832890761507
680.48,0.004492466522109742
680.67,0.002299676528611227
680.86,0.0036108644506897885
681.05,0.0020708393722201905
681.24,0.001457547964486991
681.43,0.004154404465092952
681.62,0.006060779356178293
681.81,0.00220818497109827
682.0,0.0026979871234265908
682.19,-0.002003265592280652
682.38,0.004909899603212255
682.57,0.0042773808583032764
682.76,0.004870106506133121
682.95,0.0033101909657858967
683.14,0.0028460300359210247
683.33,0.0012904195929390604
683.52,0.0022241971333978013
683.71,0.0010840368773630722
683.9,0.0022477139705835325
684.09,0.001777794371013281
684.28,0.005960217219458134
684.47,0.0031561773107700165
684.66,0.0048556880783254585
684.85,0.001080680542886984
685.04,0.005101456027437254
685.23,0.003852499242776984
685.42,0.003793367536870197
685.61,0.0042668188495022085
685.8,0.0021184129956131658
685.99,0.003381900780343544
686.18,-0.001173475571021264
686.37,0.0012952443573559422
686.56,0.003271956872549262
686.75,0.0018787852400289962
686.94,0.005280469348811004
687.13,0.0036495013162408953
687.32,0.005664367080013725
687.51,0.0022239667533923077
687.7,-5.462870504326596e-05
687.89,0.0028546064496836874
688.08,0.0021230266130022085
688.27,0.004720618620993817
688.46,0.0021423562003161437
688.65,0.0035312891956971824
688.84,0.0025965619123336924
689.03,0.0041877187980983764
689.22,0.0025069474140405235
689.41,0.002694092818174801
689.6,0.0025061443746564895
689.79,0.0010994020325530301
689.98,0.005854935401615785
690.17,0.0028004552880427566
690.36,0.00185224238786345
690.55,0.0038296144512327593
690.74,0.0025891443188206056
690.93,0.002386374098042658
691.12,0.003071504548271521
691.31,0.005279156418571527
691.49,0.006591755156546956
691.68,0.003547006315234139
691.87,0.004105397177441234
692.06,0.002555882455705994
692.25,0.00745374557278103
692.44,0.001625560262705056
692.63,0.0036972520424009224
692.82,0.007120619274074185
693.01,0.0019308293090488818
693.2,0.003008539081549848
693.39,0.00026372451958567647
693.58,0.004761648258802235
693.77,0.004480809407157079
693.96,0.004101640924827031
694.15,0.0016286404430689671
694.33,-0.0007983457878581977
694.52,0.004344516992502228
694.71,0.004530519323296129
694.9,0.003384194893111046
695.09,0.002078156019492363
695.28,0.008400306669916664
695.47,0.005279708662131387
695.66,0.0041433204486249825
695.85,0.0012057873254321346
696.04,0.0036302803949326886
696.23,0.0019448569611676303
696.42,0.00163104422098014
696.6,0.003212748745298548
696.79,0.005359887140969505
696.98,0.0024938952120651826
697.17,0.0036763535238019283
697.36,0.0007892299934756522
697.55,0.000687588886820733
697.74,0.002685005037465323
697.93,0.0061136534178028
698.12,0.0043268666847417515
698.31,0.001774252607229144
698.49,0.003751396644856756
698.68,0.004148971951087523
698.87,0.006487405383305099
699.06,0.0053816045090259185
699.25,0.0016475449052709603
699.44,0.006773805145158822
699.63,0.003172198946007575
699.82,0.0035201175478269254
700.0,0.0065862236620594615
700.19,0.00394861004175269
700.38,0.003266475534210079
700.57,0.005286729035029734
700.76,0.0019987318659358913
700.95,0.0034291824247443636
701.14,0.0016812030862839121
701.33,0.0040842923925202244
701.51,0.003867560848094404
701.7,0.002705539420981709
701.89,0.0037667411262646416
702.08,0.011328236830890882
702.27,0.0015718533921440193
702.46,0.003737742540799046
702.65,-0.0009298232473067044
702.83,0.003769212343570612
703.02,0.001241814209173853
703.21,0.0006033901720792647
703.4,0.0041125326639792
703.59,0.005871138289893234
703.78,0.0023066325830691124
703.97,0.007064547422551225
704.15,0.006106830930558117
704.34,0.0054797655624209424
704.53,-0.0011619279826953271
704.72,0.004749151656504888
704.91,0.005878313514453559
705.1,0.0011338049536098157
705.28,0.0011468436585376465
705.47,0.003330380770520611
705.66,0.0004973844301467028
705.85,0.0023668953462689817
706.04,0.0028608193797181243
706.23,0.006785011868019396
706.41,0.004386924063795707
706.6,0.005082587523958448
706.79,0.004961384034721265
706.98,0.004668883465008891
707.17,0.003435130136322481
707.35,0.005488465262189794
707.54,0.001861476701051887
707.73,0.004680476012814173
707.92,0.003851760865257507
708.11,0.005049261234636883
708.3,0.00170717485781151
708.48,0.0029261379789965445
708.67,0.005274890251345707
708.86,0.001153285556435524
709.05,0.0013851572035565862
709.24,0.005608866414159084
709.42,-0.0005022225041157071
709.61,0.005053216473621623
709.8,0.0019289294540815944
709.99,0.006764519009340601
710.18,0.004254973783871207
710.36,0.0022569084359834765
710.55,0.006542869388370532
710.74,0.005727634545774047
710.93,0.0049453839682836245
711.12,0.0016255287615151767
711.3,0.0008394188166417553
711.49,0.0013067449593614246
711.68,0.0028933158723770305
711.87,0.0012131446367629963
712.05,-5.931004264270585e-05
712.24,0.0033314100366808905
712.43,0.005298440258349655
712.62,0.004534859490294857
712.81,0.002210260131243642
712.99,0.002525006537855095
713.18,0.00039578523585724455
713.37,0.004957108805769529
713.56,0.004890742393246449
713.74,0.0031440702144118426
713.93,0.0033855141877064034
714.12,0.0054215512597110185
714.31,0.003785707398382952
714.49,0.003378382557600128
714.68,0.00707530739311976
714.87,0.0013130270481925028
715.06,0.0009466670686484412
715.24,0.002084677276936491
715.43,0.007477302398820028
715.62,0.007140044827099236
715.81,0.004018732075969976
715.99,0.005283539885838899
716.18,0.007105081317526813
716.37,0.0030671816564281445
716.56,0.0022451758582830777
716.74,-0.0007565674430896585
716.93,0.0031863729879683905
717.12,0.004456571244510547
717.31,0.0072535769820157945
717.49,0.004132984789559786
717.68,0.0028116624269238525
717.87,0.004986106154344435
718.06,0.0051617864966863655
718.24,0.0007581565038997273
718.43,0.004377238360525273
718.62,0.003468642716252499
718.8,0.006227690016697403
718.99,-0.0009053939069109669
719.18,-0.0002997789822951254
719.37,0.008049827995314472
719.55,0.004350372542751779
719.74,0.0037197955281671772
719.93,0.001247692454739543
720.11,0.004505122051744253
720.3,0.0024239290480062366
720.49,0.005261285860876543
720.68,0.0005321952432962927
720.86,0.0019817457799721242
721.05,0.0019335890901490038
721.24,0.0040232392329168035
721.42,0.003637281729819231
721.61,0.004309743884695891
721.8,0.003726696051444336
721.98,0.004300339064356818
722.17,0.002621808226302157
722.36,0.002855216250359368
722.55,0.005847336598340744
722.73,0.0018663703154690946
722.92,0.004630885937054899
723.11,0.005074502178087786
723.29,0.004673675213002916
723.48,0.004035365500899234
723.67,0.0039839687955544835
723.85,0.004793043163381604
724.04,0.002120944953683755
724.23,0.003383792621409128
724.41,0.004771394418603443
724.6,0.00522949867767695
724.79,0.003122058327509699
724.97,0.003223688216475553
725.16,0.0036798899725496155
725.35,0.005773352284732972
725.53,0.002918288355029966
725.72,0.004972828669234633
725.91,0.0009131882051433164
726.09,0.006795053416143599
726.28,0.000672184085632987
726.47,0.0075736390030221035
726.65,-0.001534924489911932
726.84,0.0016842247281967152
727.03,0.0029388727970277124
727.21,0.007840245984334195
727.4,0.0015209789366133063
727.59,0.003429842277555399
727.77,0.000908192932186371
727.96,0.0012885325911102365
728.15,0.0048637006942508386
728.33,0.004501802452614305
728.52,0.004271277608084544
728.7,0.0032398649109730603
728.89,0.003220942472540584
729.08,0.007816199488724434
729.26,0.006376142026346764
729.45,0.0029118921676125342
729.64,0.007728266891538605
729.82,0.00269080775172622
730.01,0.00388558983111519
730.2,0.007661425000840614
730.38,0.0014261532991813866
730.57,0.0040164931169668515
730.75,0.004485218700464628
730.94,0.005446096011254747
731.13,0.0027277268014124457
731.31,0.0066753279202786415
731.5,0.002466750365136478
731.68,0.006589184233296453
731.87,0.006077894875492277
732.06,0.0034259925935396516
732.24,0.004560344389436054
732.43,0.00473571681531796
732.62,0.00488928813884756
732.8,0.0043576699857351495
732.99,0.004481818433858755
733.17,0.002500647914040175
733.36,0.001086964047106396
733.55,0.0048566344087675895
733.73,0.0023937396366457116
733.92,0.0017207986895279455
734.1,0.0031056935584820454
734.29,0.0025810120778303764
734.48,0.004475345901787108
734.66,0.006380525779820137
734.85,0.0038661846448892795
735.03,0.0009522975496563388
735.22,0.003414112500086993
735.4,0.0042942262616510645
735.59,0.004006280734547387
735.78,0.0028417710779851725
735.96,0.0010679172711018008
736.15,0.0013360461204405926
736.33,0.0048660948059331185
736.52,0.0009602532812506551
736.7,0.003393106539118941
736.89,0.004456829953543494
737.08,0.002919299386839652
737.26,-0.0011234682616662248
737.45,0.005001123463896706
737.63,6.14494086080822e-05
737.82,0.0004480459393341206
738.0,0.0036077650327873472
738.19,0.0017615264744023679
738.38,0.0011150056081704633
738.56,0.0062091080126753405
738.75,0.003926631939002776
738.93,0.005007010751379332
739.12,0.005764649544465396
739.3,0.004133080564600824
739.49,0.0015237121431114073
739.67,0.004834806409849868
739.86,0.0050783933948122095
740.04,0.005432813173711956
740.23,0.0035609988328951106
740.42,0.005491079912382774
740.6,0.004128201196135567
740.79,0.004938565421887754
740.97,0.004510481232529127
741.16,0.001516861708731164
741.34,0.0035434475592392356
741.53,0.0016673936766006575
741.71,0.006311528162716703
741.9,0.004432646314893196
742.08,0.006411175762688739
742.27,0.005588005635990077
742.45,0.005518113474315099
742.64,0.0070625784051751945
742.82,0.0019679444690389996
743.01,0.002617989695383628
743.19,0.006209819285956755
743.38,0.0028434342450209976
743.57,0.00421369622886375
743.75,0.004867425467084787
743.94,0.0067948999170492795
744.12,0.0014245648617447865
744.31,0.0035413729484317937
744.49,0.0025535766234605867
744.68,0.00047489386245204234
744.86,0.003998553434348912
745.05,0.003603256885922332
745.23,0.001989863222252839
745.42,0.0018608020678007758
745.6,0.003988979027999463
745.79,0.0002065027670865948
745.97,0.007017714223218149
746.16,0.004400664148696078
746.34,0.002542329665150186
746.52,0.006599688602447988
746.71,0.004283272716057064
746.89,0.0008983478688581948
747.08,0.0008831454706026503
747.26,0.004648476743378612
747.45,-0.00020838042322308573
747.63,0.00791999599464433
747.82,0.009754516399348144
748.0,0.002284981449184244
748.19,0.0003486256688969631
748.37,0.006453048849901406
748.56,0.0037423242686601375
748.74,0.00540594092436283
748.93,0.002412995298708156
749.11,0.006280828156887097
749.3,0.0027573889925520496
749.48,0.009466851164132224
749.67,0.002773887434387293
749.85,0.0032344463618821043
750.03,0.005918988560934681
750.22,0.005085136457091943
750.4,0.0044808645215810355
750.59,0.003488676800222362
750.77,0.005534256244084768
750.96,0.008565365781429576
751.14,0.0013707594569647705
751.33,0.003211793817952427
751.51,0.004228616788635746
751.69,0.0019533501389251886
751.88,0.005132224656225268
752.06,0.0028394173870121236
752.25,0.005014381747085328
752.43,0.0077271843585303415
752.62,0.008004033995076968
752.8,0.0106239872092404
752.99,0.000647208749554171
753.17,0.0012420289954437897
753.35,0.005642206553822541
753.54,0.0006548871281223764
753.72,0.00936226748865731
753.91,0.004544910703315682
754.09,0.002448716790047274
754.28,0.002443993375224777
754.46,-0.00319253634610614
754.64,0.003771574969440182
754.83,0.0024227833701504047
755.01,0.004265689680911328
755.2,0.0012285198135988593
755.38,0.003050184131217416
755.56,0.00021662802848897497
755.75,0.0017240959849486317
755.93,0.0039441758955594715
756.12,0.005005812768077284
756.3,0.0009762768523618741
756.48,0.006688424570233445
756.67,0.0062087583937254385
756.85,0.0011374371246991493
757.04,-0.0014410311450948035
757.22,0.0016128254807588486
757.4,0.0074715126056477486
757.59,0.0005408177276128143
757.77,0.002726270028149572
757.96,0.007150000581120883
758.14,0.006969896339493661
758.32,0.00038215944003351594
758.51,0.0021109901699445793
758.69,-0.0006951871953034219
758.87,0.005481168315389799
759.06,0.0034664593560831234
759.24,0.0022483162776869062
759.43,0.003837135780910439
759.61,0.006819581028867967
759.79,0.006992914149407508
759.98,0.010369163312498498
760.16,0.0036631023698167164
760.34,0.003667108593061106
760.53,0.0038221527546411717
760.71,0.007094379776331458
760.9,0.00781848249923112
761.08,0.0011604032638786136
761.26,0.007592049729475132
761.45,0.005774901307227148
761.63,0.0032023958039667905
761.81,0.006138154056311263
762.0,-0.0009938055524983884
762.18,0.00023112554751043366
762.36,0.0003856181818692159
762.55,0.005797383747624315
762.73,0.004099317226100831
762.91,0.003913549303481081
763.1,0.009675218611023833
763.28,0.002962992967749746
763.46,-0.0019126527774650673
763.65,-0.0006868577757046506
763.83,0.006315602644566172
764.01,0.006389079635951796
764.2,0.0025171995811080904
764.38,0.006740646759686108
764.56,0.0009892611005928478
764.75,0.0035657160094364477
764.93,0.0018712997031936295
765.11,0.005575683873657803
765.3,0.006968797115169371
765.48,0.005613270100297401
765.66,7.063254952771136e-05
765.85,0.005448775651136489
766.03,0.004643505222815544
766.21,0.007263994135142093
766.4,0.007312310021102717
766.58,0.003141607056484195
766.76,0.00462372086656848
766.95,0.0026652189190578004
767.13,0.004523992756057409
767.31,0.001076937515328347
767.49,0.00997036912103091
767.68,0.0006612796052964139
767.86,0.0038461799786445343
768.04,0.003932622745770904
768.23,0.006711158372220724
768.41,0.0017618526131775653
768.59,0.005271347642264909
768.78,0.0016164686167357528
768.96,0.0030475212149648715
769.14,0.005410502597496554
769.32,0.006266667139762954
769.51,0.007903604824883984
769.69,-0.0017762569070282701
769.87,0.005886132964687694
770.06,0.0074439955226896165
770.24,0.007963895544714609
770.42,0.0038114925709083905
770.6,0.0011776265948589529
770.79,0.002697042819353941
770.97,0.005180970911064066
771.15,0.0027234493872616283
771.33,-0.0007618048778311753
771.52,0.0038004195042087323
771.7,0.004227727323316089
771.88,0.006305910100633916
772.07,0.0051373934513244636
772.25,0.0029601307238161885
772.43,0.001018089843855316
772.61,0.0037130945290564164
772.8,0.0022202988360280995
772.98,0.0014122683474810881
773.16,0.002888451757919778
773.34,0.007471403869083529
773.53,0.002500683000566372
773.71,0.003798456717989429
773.89,0.006041078158739192
774.07,-0.001829827501903531
774.26,-0.00033643140556063644
774.44,0.009088962461497922
774.62,0.0032358765144239856
774.8,0.0010017097067455097
774.99,0.0027617271495103336
775.17,0.002658016450926874
775.35,0.003137666374458968
775.53,0.004768617362100112
775.71,0.0037514106299289156
775.9,0.007858797380115674
776.08,0.00244280808281667
776.26,0.004114135072430832
776.44,0.004826488706854247
776.63,0.005328569201714976
776.81,0.007270127758944596
776.99,0.005826092699715426
777.17,0.00047058043292425066
777.35,0.004041559695664024
777.54,0.003802515184838755
777.72,0.006276950584622716
777.9,0.0004672234291488404
778.08,0.0031745877293061935
778.27,0.0015406980536186166
778.45,0.0022368829214795037
778.63,0.001798928328677901
778.81,0.003321071940286126
778.99,0.0040154422745253
779.18,0.004125274722063821
779.36,0.003333740066282775
779.54,0.0037680997813742344
779.72,0.0033649116333547228
779.9,0.004985084179220379
780.08,0.004993505556357344
780.27,0.006808261667642649
780.45,0.0026036081394824172
780.63,0.003121666021212543
780.81,0.00020517801073648416
780.99,0.005246989289936333
781.18,0.0031399864991136016
781.36,0.005346588406676667
781.54,0.00414592984862018
781.72,0.008135159252436174
781.9,0.003153647291281006
782.08,0.008273287739908809
782.27,0.0029250992637138177
782.45,0.005403616485880418
782.63,0.005596244681736155
782.81,0.005354382603616736
782.99,0.004381529816488854
783.17,0.004441564147857794
783.36,0.0021136761625350302
783.54,0.0063153054052429896
783.72,6.829842553882032e-05
783.9,0.004488672341755892
784.08,0.00793039389924535
784.26,0.0076419778839602395
784.45,0.005115209019919361
784.63,0.0049821812648570005
784.81,-0.0032860980756148402
784.99,0.0026761583875828956
785.17,0.006987418351538985
785.35,0.005079604098121278
785.53,0.005809067543445329
785.72,0.0016365195148346535
785.9,0.00022744524492072
786.08,0.00543070174096409
786.26,0.00532499826352713
786.44,0.004823325971085104
786.62,0.00481266074633455
786.8,0.0003991334099065324
786.99,0.009936831150459229
787.17,0.008830928464382807
787.35,0.0032532883021676646
787.53,0.0010423214973739239
787.71,0.006724185897581714
787.89,0.008440020644400213
788.07,0.005719807727221848
788.25,0.006259074780581249
788.43,0.003223460935857719
788.62,0.0031704492807186025
788.8,0.00793508248658103
788.98,0.00834721958642862
789.16,0.0033595338801701378
789.34,0.004976948345139712
789.52,0.006148765061866687
789.7,-0.0010779836538478606
789.88,0.005764424945854396
790.06,0.010063713110218756
790.25,-0.0009190929144932575
790.43,0.0071458616400923635
790.61,0.00125768188096408
790.79,0.005515308999662135
790.97,-0.0007849552937098141
791.15,0.0019664488917528226
791.33,0.0035189212351531087
791.51,0.0056634492018031255
791.69,-0.00043944558594723594
791.87,0.004787919079025775
792.05,0.004891566667140483
792.24,0.00491097272005843
792.42,-0.0014570460250788832
792.6,0.003032423897523184
792.78,0.00231286626815786
792.96,0.004005006104181724
793.14,0.004789706364721377
793.32,0.006249919094399737
793.5,0.001766558221474582
793.68,0.0014873612190930512
793.86,0.003735118814824092
794.04,0.010608109515116452
794.22,0.0007869833087361548
794.4,0.0039530894149971945
794.58,0.006222507163676365
794.76,0.00815704686639957
794.95,0.004284574335758726
795.13,0.008891302543187556
795.31,0.004502227588526543
795.49,0.006942420428307426
795.67,-0.001687264370568854
795.85,8.420002583848822e-05
796.03,0.007621613700959309
796.21,0.002797451138915798
796.39,0.005251024343910376
796.57,0.006237474444449514
796.75,0.006645060443899745
796.93,0.00776372295732945
797.11,0.00392277992277993
797.29,0.009578414448617758
797.47,0.0049315797392597595
797.65,0.006383002815501719
797.83,0.00638773405749428
798.01,0.005017143164971847
798.19,-0.0026927725823882335
798.37,0.009484449113101607
798.55,0.005654892039025505
798.73,0.004253922467887898
798.91,0.0040302841860129154
799.09,0.0027425948915335494
799.27,0.0036014661353733508
799.45,0.002602897869793951
799.63,0.005080234713895051
799.81,0.004731965424586613
799.99,0.008512864924855
800.17,0.007164806630611518
800.35,0.0034993508993706695
800.53,0.010039906356971951
800.71,0.005571676596578115
800.89,0.005114746441605784
801.07,0.002346212122750144
801.25,-0.002578643130463154
801.43,0.004990960447995271
801.61,0.0012586325471602485
801.79,0.008145233706529972
801.97,0.022559709333174045
802.15,0.00373049724571731
802.33,-0.00010461568680197609
802.51,0.004400538461917775
802.69,0.004666737710745234
802.87,0.0018453533609891115
803.05,0.01218363210720643
803.23,0.001095675288236086
803.41,0.008230088430840858
803.59,0.0030694001288848398
803.77,0.0023256543227343184
803.95,0.008096720220211224
804.13,0.006225641470371438
804.31,0.006568506532487811
804.49,0.007603803110200764
804.67,0.005291629245114113
804.85,0.009342023390099034
805.03,-0.0010990574706232657
805.21,0.009179668352619528
805.39,0.0023171982029179775
805.57,0.003770044190644572
805.75,0.00030539321429718936
805.93,0.005657787217712579
806.11,0.004839955108952776
806.29,0.006646487419385486
806.47,0.00646694937241247
806.65,0.00983559640740253
806.83,0.0032201718573002
807.0,0.009014304287407507
807.18,0.009184017149928874
807.36,0.0021913332806389654
807.54,0.004507474070130535
807.72,0.00884158990636919
807.9,0.008351097713094557
808.08,0.003078020120748986
808.26,0.01310555381298838
808.44,0.00010046389779984901
808.62,0.0028519752498810174
808.8,0.00814296906585413
808.98,0.004531255337642677
809.16,0.0036746931892206055
809.34,0.007333567505477417
809.51,0.003043068150959789
809.69,0.014326708844033118
809.87,0.007449257134239773
810.05,0.009864737368243217
810.23,0.003618083940495605
810.41,0.013514719395322634
810.59,0.006171323423349677
810.77,0.002292564640320952
810.95,0.0009853997528176733
811.13,0.005436272233937914
811.31,0.01129877031413725
811.48,0.00032625178182132323
811.66,-0.0014265963141152777
811.84,0.006863247306750058
812.02,0.010365009768093044
812.2,0.0030371571236135204
812.38,0.006337541546328118
812.56,0.014339011782450098
812.74,0.01036038817573285
812.92,0.008033394677478886
813.1,0.009212624141222744
813.27,0.002419709451995251
813.45,0.010267001841134287
813.63,0.011103319789617849
813.81,0.0077958419383621705
813.99,0.008630996520922118
814.17,0.013413842696100952
814.35,0.00034314469883390446
814.53,0.004276269494084433
814.7,0.0031753245486926996
814.88,0.007051122511068632
815.06,0.013078297624772193
815.24,0.003631340809904679
815.42,0.0063849870452567506
815.6,-0.00012284365512520365
815.78,-0.0010383599356365205
815.95,0.008212847346954636
816.13,0.0036727189819199166
816.31,0.007400690415306555
816.49,0.00836492482934655
816.67,0.004399511641356275
816.85,0.006582343941907829
817.03,0.006186132614398908
817.2,0.00716108105840307
817.38,0.008493647269455938
817.56,0.007201326879416239
817.74,0.0106222428094404
817.92,0.01009653404000607
818.1,0.01447855383697265
818.27,0.009231311018793214
818.45,0.009316258897049033
818.63,0.005707328209420906
818.81,0.0059389379750692155
818.99,0.010896487426887149
819.17,0.009901293854484466
819.34,0.007407675302776193
819.52,0.011248652263514907
819.7,0.0006242872266471695
819.88,0.006036105624910393
820.06,0.0024152218600969307
820.24,0.01080288284265781
820.41,0.003411756667501775
820.59,0.0039014841241980106
820.77,0.006246688648987161
820.95,0.005884766796387078
821.13,0.008120618425608036
821.3,0.0034644008529179236
821.48,0.007138217081434757
821.66,0.010432542153726224
821.84,0.008566539913129393
822.02,0.008183970493180346
822.19,-0.0003950867935964231
822.37,0.013426792592696864
822.55,0.009447350055114987
822.73,0.0014313313828580995
822.91,0.0068150954219228475
823.08,0.003069247182673634
823.26,0.00512471917239526
823.44,0.013145357808376276
823.62,0.005989976114886352
823.8,0.005404984438469519
823.97,0.0012034067156484608
824.15,0.009966254903753255
824.33,0.015234370157912262
824.51,0.013562169367147103
824.69,0.007506883193605251
824.86,0.010866300368069255
825.04,0.011734798411019943
825.22,0.010930867678305478
825.4,0.0065492871645331605
825.57,0.01051312439939718
825.75,0.014512969343379433
825.93,0.0072257215657203
826.11,0.005640276989037595
826.28,0.009954120800084804
826.46,0.009673495550878479
826.64,0.014708240022505524
826.82,0.005430589679973445
826.99,0.00792083765735348
827.17,0.010606813509852035
827.35,0.008919223378172431
827.53,0.010349094336177133
827.7,0.010371540305182508
827.88,0.006655239016511865
828.06,0.006859979667125412
828.24,0.00330537909246667
828.41,0.021697218726621587
828.59,-0.001567348570368025
828.77,0.011256679582149766
828.95,0.00786358932644142
829.12,0.010206162199422273
829.3,0.02114864080945788
829.48,0.013816447336759205
829.66,0.015521866497263706
829.83,0.01772894118555392
830.01,0.011431154947461589
830.19,0.006385548484274702
830.36,0.013155332522497513
830.54,0.015251173348138075
830.72,0.003449503018450364
830.9,0.004957521650587303
831.07,0.00889808120352563
831.25,0.008671074325841785
831.43,0.016997613654525526
831.6,0.011545695662245465
831.78,0.013916953061943568
831.96,0.015893679294009196
832.14,0.004795090968483522
832.31,0.002016289466989016
832.49,0.007694212997259592
832.67,-0.0048399302655402895
832.84,0.002009402529456915
833.02,0.0019877991781406296
833.2,0.00392365453279993
833.37,0.010900090653994077
833.55,0.009378358918827358
833.73,0.017273416869613832
833.91,0.006093380807595293
834.08,0.008139145947151311
834.26,0.008051668950303898
834.44,0.016597090190001253
834.61,0.01056383999273418
834.79,0.006162810687973708
834.97,0.010027564627877536
835.14,0.007509658975164621
835.32,-0.0005041356919766378
835.5,0.005949877352576883
835.67,0.009410508619264983
835.85,0.009367163211132203
836.03,0.014079770659651637
836.2,0.009662820664640926
836.38,0.001773796098581559
836.56,0.004139864615560984
836.73,0.007440620428009586
836.91,0.011845571514890164
837.09,0.011538595838495794
837.26,0.013734597867795722
837.44,-0.0015078476343319649
837.62,0.003498020271934739
837.79,0.013441719677731936
837.97,0.007722140234066663
838.14,0.00348985950648041
838.32,0.003944073068622433
838.5,0.005020726108359446
838.67,0.023019628662612195
838.85,0.004965299676755672
839.03,0.004189935694699086
839.2,-0.0032361589761569836
839.38,0.014703703011849402
839.56,-0.0001851154578962939
839.73,0.011388294098887738
839.91,0.011575845111335883
840.08,0.006428191406127764
840.26,0.01306991547545541
840.44,0.002645175833510584
840.61,0.0026339851294609534
840.79,0.0056886156873609504
840.97,0.010880748486572804
841.14,0.004410733845862232
841.32,0.008960943145277137
841.49,0.016920944557205168
841.67,0.00653508263984251
841.85,0.011500461827563157
842.02,0.005540333914289077
842.2,0.019541447664717656
842.37,0.00956858788238921
842.55,0.017119806843947257
842.73,0.011775725073932574
842.9,0.004547439884471169
843.08,0.010123205097542179
843.25,0.004211986131748405
843.43,0.013856157666102242
843.61,0.0016285812738047495
843.78,0.009961057260851395
843.96,0.00866707010223908
844.13,0.014752998530481433
844.31,0.0020839013483019983
844.49,0.003983769321828635
844.66,0.01877842604211186
844.84,0.01646343373961756
845.01,0.010737896294849216
845.19,0.008637890291741406
845.37,0.0040768309676696675
845.54,0.013896598561135317
845.72,0.00831421579074197
845.89,0.009882253114633314
846.07,-0.0021525555469969807
846.24,0.00754268451568944
846.42,0.01605700658350116
846.59,0.021605392311388905
846.77,0.025348733001227534
846.95,0.01215217257204012
847.12,0.015578729026252978
847.3,0.018525873351085905
847.47,0.0034940497297489934
847.65,-0.003082442449046901
847.82,0.005852938908586218
848.0,0.014697180841946822
848.17,-0.00022120198449778736
848.35,-0.000626426963774818
848.53,0.012370022662521702
848.7,0.01560285434206863
848.88,0.03395522330711858
849.05,0.01613406890808787
849.23,0.015214094290047522
849.4,0.014416434823416598
849.58,0.012615022166757773
849.75,0.015551637497704668
849.93,0.006028492607117024
850.1,-0.005635883841751678
850.28,0.011970387846615716
850.45,0.003639668210627848
850.63,0.017959818157769997
850.8,0.022045704980564497
850.98,0.018478960590959777
851.16,0.0117024748811288
851.33,0.009181734977195656
851.51,0.00669034185920262
851.68,0.006847275974992574
851.86,0.012222182759850726
852.03,0.006499622753688065
852.21,0.017888845596422575
852.38,0.015726745994153322
852.56,0.0011025004453331668
852.73,0.01194834884177816
852.91,0.017832272952571337
853.08,0.0016059538450529313
853.26,0.007822452710156965
853.43,0.012410923953229507
853.61,0.024559761187596722
853.78,0.021942155974361763
853.96,-0.0025519734209560503
854.13,0.023712429125508076
854.31,0.01063744805583317
854.48,0.00664283414380425
854.66,0.018337630997999642
854.83,0.0016416506329286382
855.0,0.020152694166181657
855.18,0.023948712784424054
855.35,0.011717290021443538
855.53,0.03148455352339504
855.7,0.007852895830367865
855.88,0.020205507661408356
856.05,0.012338186006662873
856.23,0.008593380001439221
856.4,0.005971460312265884
856.58,0.022707977761333355
856.75,0.01793545077436076
856.93,0.0037087762466898877
857.1,0.016223677187105188
857.28,-0.00026985697580280446
857.45,0.01184535144840058
857.62,0.02256882643197864
857.8,0.005305992253360694
857.97,0.018872710209598163
858.15,0.010937716123632804
858.32,0.025097512689486526
858.5,-0.0007906903191598015
858.67,0.009074666746780589
858.85,0.019504073150760394
859.02,0.009504243130940173
859.19,0.0007593521927455147
859.37,0.0012901384222752839
859.54,0.014417023300945235
859.72,0.016753635954539818
859.89,0.026683579642811657
860.07,0.0018587826033358134
860.24,-0.003918235614571398
860.41,0.020549390935542755
860.59,0.007385269480644666
860.76,0.03357052282207419
860.94,0.008447428945161458
861.11,0.02375001680924107
861.29,0.013914125323556847
861.46,0.00025045454632359666
861.63,0.00397940747638127
861.81,0.017981058534577567
861.98,0.016999560511893292
862.16,0.014647637715988903
862.33,0.030239407346910493
862.5,0.02155889236276996
862.68,0.010166724229960147
862.85,0.026677151283725484
863.03,0.017978714878419195
863.2,0.011044269561907079
863.37,0.025340689157707808
863.55,-0.007194363485765135
863.72,0.024020801776818458
863.9,0.02541980824627382
864.07,0.004451207097928723
864.24,0.0088534923023403
864.42,0.0008551279451212983
864.59,-0.005503283480385311
864.77,0.015421885707459906
864.94,0.009018643282358416
865.11,0.02100306791040295
865.29,0.02261056343536806
865.46,-0.0060738112283541135
865.63,0.008694186370679674
865.81,0.024791385263547586
865.98,0.039815734530168324
866.16,0.014290005398399828
866.33,0.025187942820813665
866.5,0.010113756332810697
866.68,0.017547917831280423
866.85,0.002002469366368913
867.02,0.04166262185664333
867.2,-0.009876941264979287
867.37,0.02989336001366556
867.54,0.009657872146561766
867.72,0.029347690280664713
867.89,0.008505123581158099
868.06,0.020697579486869382
868.24,0.014143796346673685
868.41,0.029650630073194153
868.59,0.03626522736146798
868.76,0.018198052921617126
868.93,0.021970799179186474
869.11,0.024917535977106362
869.28,0.027374805533851625
869.45,-0.00033330385748196663
869.63,0.032636380341413175
869.8,0.01236683321795832
869.97,-0.005590913056703764
870.15,0.027342151765197664
870.32,-0.0022089768676662735
870.49,0.013671834737775196
870.66,0.017548213354289192
870.84,0.019032464138451735
871.01,0.007599497656285399
871.18,0.027714205907137367
871.36,0.01927023861984679
871.53,0.03044991391858844
871.7,0.005638193192510207
871.88,0.018694631504994973
872.05,0.009709159625534898
872.22,0.006184395030875024
872.4,-0.003657877764529745
872.57,0.016298163192456347
872.74,0.011806687620567344
872.92,0.0305636978312763
873.09,0.031795433255545645
873.26,0.0254133294950269
873.43,0.03753759441216357
873.61,0.009274691854864101
873.78,0.024182335262099397
873.95,0.03889492488396765
874.13,0.020030477169662393
874.3,0.022185556210305796
874.47,-0.00038221031967860294
874.64,0.002607058238709306
874.82,0.019462828978386273
874.99,0.022797449520677724
875.16,0.013341716833427329
875.34,0.018080342311934436
875.51,0.04290590348924334
875.68,0.016346930671377154
875.85,-0.014139018585768721
876.03,0.026700783883676565
876.2,0.018973384743587368
876.37,0.018244654525932606
876.54,0.012045023503447288
876.72,0.043425527424469534
876.89,0.027086522458117303
877.06,0.02101095805236648
877.23,0.014324649276235618
877.41,0.03848489342709476
877.58,0.015283062950321346
877.75,0.002782607692684801
877.92,0.032633240190266165
878.1,0.03901998136740968
878.27,0.023756284235011662
878.44,0.03307901506798974
878.61,0.005941466400821596
878.79,0.0348275729839269
878.96,0.00459971028780702
879.13,0.030014877456737955
879.3,-0.00043611507504439495
879.48,0.04471786365705772
879.65,0.02442639353858312
879.82,0.046744667093825826
879.99,0.014938659855297218
880.16,0.0019730776852668564
880.34,0.019470579283303674
880.51,0.014108461687777527
880.68,0.05401883054068601
880.85,0.01190585408152095
881.03,0.036503887832552706
881.2,0.020100042250566573
881.37,0.008622185837085586
881.54,0.01092556936176653
881.71,0.02667132651358443
881.89,0.01379547036427615
882.06,-0.0013499477490812068
882.23,0.011291578052585504
882.4,0.030869328267097818
882.57,0.02622936694934074
882.75,-0.0013475678777866565
882.92,0.021666088097505393
883.09,-0.00048137535816615334
883.26,-0.00048050050501580123
883.43,0.0360641944633426
883.61,0.027643406688889274
883.78,0.03688431128146978
883.95,0.04333703185553254
884.12,0.03527944819578365
884.29,0.04139500613999185
884.47,0.010165277401463146
884.64,0.028417192580153797
884.81,0.004048292910113603
884.98,0.0457443730063962
885.15,0.01496742729569743
885.32,0.024567916484441024
885.5,0.041170129265282095
885.67,0.018571060982931677
885.84,0.04004938757373372
886.01,0.019762348570879953
886.18,0.04110865816033231
886.35,0.059926088741817866
886.53,0.00789143000753962
886.7,0.023097581595271196
886.87,0.028952072375054292
887.04,0.0004586240578076752
887.21,0.02064475619227023
887.38,0.01598416593651717
887.55,0.010251118960168226
887.73,0.030218043788359752
887.9,0.03932892820227674
888.07,0.024774858181695794
888.24,0.017290173756100726
888.41,0.05796559868518918
888.58,0.025036739736855274
888.75,0.04038095658669968
888.93,0.012527959355498502
889.1,-0.0014908043678813709
889.27,0.033016952872112836
889.44,0.0004952572502259315
889.61,0.01798429290292485
889.78,0.03130161662817556
889.95,0.027568506131348428
890.12,0.05438223769473132
890.3,0.021039252801411727
890.47,0.01489619319507241
890.64,0.03345923325833705
890.81,0.05925796531538306
890.98,0.011028478554894283
891.15,0.05948840205688455
891.32,0.03570373383163804
891.49,0.05326939942368368
891.66,0.004664952806290034
891.84,0.02485117857428507
892.01,0.06436729677263733
892.18,0.04277093256229683
892.35,0.03167343846043821
892.52,-0.004628421226770542
892.69,0.02764190827149269
892.86,0.017220824448380818
893.03,0.045349948667115135
893.2,0.037736517749906516
893.37,0.03498858242052689
893.55,0.05955226704872392
893.72,0.05191111740479819
893.89,0.04116897564505764
894.06,0.020023630613733093
894.23,0.04924364070118077
894.4,0.03263285054030769
894.57,0.056508108685558896
894.74,0.0569349818819262
894.91,0.07246630700933654
895.08,0.0049162886173878045
895.25,0.026657569728440095
895.42,0.08204755343635645
895.59,0.044743296236958684
895.76,0.0036831077032293447
895.94,0.04140063624835937
896.11,-0.004274863714207228
896.28,0.06257963491280384
896.45,0.05145088264387906
896.62,0.06543316034861969
896.79,0.028739929618223265
896.96,0.07354130584832719
897.13,0.032263438715249664
897.3,0.03756826529348922
897.47,0.022082317374719985
897.64,0.03574560542401282
897.81,0.019303529031592128
897.98,0.025289624188452407
898.15,0.040014363916505605
898.32,-0.03590250473437215
898.49,0.0412102916069993
898.66,0.012715955007098441
898.83,0.04818110147539142
899.0,0.05603553364747399
899.17,0.050559247925008245
899.34,0.04711889646178726
899.51,0.026890415587340965
899.68,0.04813437146223695
899.85,0.033530320358312916
900.02,0.057794523941976456
900.19,-0.025677943604810682
900.36,0.0765801822356218
900.53,0.05724343728742874
900.7,0.03282651598863164
900.87,0.088745735520576
901.04,0.0785693561315768
901.21,0.014885076573006473
901.38,0.01854336771324878
901.55,0.03671473831181788
901.72,0.009863375392374337
901.89,0.030686026423451876
902.06,0.026294633027288097
902.23,0.0689522052372191
902.4,0.06834555152341758
902.57,0.07183990280099815
902.74,0.05374100684190168
